image_id,track_id,candidate_id,confidence,track_length,frame_index,opus_id,image_number,time,x,y,brightness,blob_size,artifact_score,area_px,peak_snr,mean_snr,integrated_snr,sharpness,elongation,flags,reason
N1357037371,T0635,1357037371-0019,0.8013,3,17,co-iss-n1357037371,1357037371,2001-01-01T10:37:20.472,680.24,43.28,19.31,3,0.00,3,19.31,13.64,40.92,1.42,1.73,,"3 frame(s); median area 9.0 px; net motion dx=-42.2, dy=54.2; flags: none"
N1357037761,T0635,1357037761-0002,0.8013,3,18,co-iss-n1357037761,1357037761,2001-01-01T10:43:50.469,639.14,17.59,61.57,15,0.00,15,61.57,33.16,497.40,1.86,4.94,,"3 frame(s); median area 9.0 px; net motion dx=-42.2, dy=54.2; flags: none"
N1357038121,T0635,1357038121-0090,0.8013,3,19,co-iss-n1357038121,1357038121,2001-01-01T10:49:50.467,638.03,97.50,32.52,9,0.00,9,32.52,23.14,208.22,1.41,1.39,,"3 frame(s); median area 9.0 px; net motion dx=-42.2, dy=54.2; flags: none"
N1357019483,T0209,1357019483-0070,0.7946,3,5,co-iss-n1357019483,1357019483,2001-01-01T05:39:12.596,440.63,189.61,30.17,4,0.00,4,30.17,20.36,81.43,1.48,2.45,,"3 frame(s); median area 7.0 px; net motion dx=-109.6, dy=-42.5; flags: none"
N1357019873,T0209,1357019873-0065,0.7946,3,6,co-iss-n1357019873,1357019873,2001-01-01T05:45:42.593,368.48,182.13,21.54,7,0.00,7,21.54,15.26,106.85,1.41,3.58,,"3 frame(s); median area 7.0 px; net motion dx=-109.6, dy=-42.5; flags: none"
N1357020233,T0209,1357020233-0112,0.7946,3,7,co-iss-n1357020233,1357020233,2001-01-01T05:51:42.591,330.98,147.15,44.48,8,0.00,8,44.48,26.03,208.23,1.71,4.37,,"3 frame(s); median area 7.0 px; net motion dx=-109.6, dy=-42.5; flags: none"
N1357028427,T0466,1357028427-0309,0.7925,3,11,co-iss-n1357028427,1357028427,2001-01-01T08:08:16.534,118.94,753.66,23.74,6,0.00,6,23.74,15.64,93.86,1.52,2.64,,"3 frame(s); median area 6.0 px; net motion dx=-2.7, dy=-7.4; flags: none"
N1357028817,T0466,1357028817-0298,0.7925,3,12,co-iss-n1357028817,1357028817,2001-01-01T08:14:46.531,131.47,736.88,35.31,18,0.00,18,35.31,17.89,321.94,1.97,1.98,,"3 frame(s); median area 6.0 px; net motion dx=-2.7, dy=-7.4; flags: none"
N1357029177,T0466,1357029177-0353,0.7925,3,13,co-iss-n1357029177,1357029177,2001-01-01T08:20:46.529,116.27,746.22,35.56,6,0.00,6,35.56,22.41,134.46,1.59,3.60,,"3 frame(s); median area 6.0 px; net motion dx=-2.7, dy=-7.4; flags: none"
N1357019483,T0237,1357019483-0292,0.7638,3,5,co-iss-n1357019483,1357019483,2001-01-01T05:39:12.596,355.93,736.07,34.67,4,0.00,4,34.67,28.06,112.25,1.24,2.45,,"3 frame(s); median area 5.0 px; net motion dx=9.4, dy=-56.2; flags: none"
N1357019873,T0237,1357019873-0231,0.7638,3,6,co-iss-n1357019873,1357019873,2001-01-01T05:45:42.593,319.23,691.70,27.80,5,0.00,5,27.80,15.67,78.35,1.77,3.95,,"3 frame(s); median area 5.0 px; net motion dx=9.4, dy=-56.2; flags: none"
N1357020233,T0237,1357020233-0311,0.7638,3,7,co-iss-n1357020233,1357020233,2001-01-01T05:51:42.591,365.35,679.83,28.28,6,0.00,6,28.28,18.63,111.76,1.52,3.60,,"3 frame(s); median area 5.0 px; net motion dx=9.4, dy=-56.2; flags: none"
N1357019483,T0216,1357019483-0134,0.7620,3,5,co-iss-n1357019483,1357019483,2001-01-01T05:39:12.596,686.90,351.95,31.45,7,0.00,7,31.45,23.45,164.16,1.34,1.73,,"3 frame(s); median area 5.0 px; net motion dx=-57.6, dy=-116.3; flags: none"
N1357019873,T0216,1357019873-0093,0.7620,3,6,co-iss-n1357019873,1357019873,2001-01-01T05:45:42.593,680.32,273.93,35.35,5,0.00,5,35.35,22.10,110.49,1.60,1.73,,"3 frame(s); median area 5.0 px; net motion dx=-57.6, dy=-116.3; flags: none"
N1357020233,T0216,1357020233-0140,0.7620,3,7,co-iss-n1357020233,1357020233,2001-01-01T05:51:42.591,629.31,235.65,32.19,4,0.00,4,32.19,16.23,64.91,1.98,1.00,,"3 frame(s); median area 5.0 px; net motion dx=-57.6, dy=-116.3; flags: none"
N1357032899,T0577,1357032899-0316,0.7618,3,14,co-iss-n1357032899,1357032899,2001-01-01T09:22:48.503,402.47,871.63,32.04,5,0.00,5,32.04,17.46,87.31,1.83,1.73,,"3 frame(s); median area 5.0 px; net motion dx=-23.2, dy=-5.1; flags: none"
N1357033289,T0577,1357033289-0341,0.7618,3,15,co-iss-n1357033289,1357033289,2001-01-01T09:29:18.500,339.21,913.36,41.41,5,0.00,5,41.41,23.28,116.38,1.78,1.73,,"3 frame(s); median area 5.0 px; net motion dx=-23.2, dy=-5.1; flags: none"
N1357033649,T0577,1357033649-0362,0.7618,3,16,co-iss-n1357033649,1357033649,2001-01-01T09:35:18.498,379.24,866.49,24.09,3,0.00,3,24.09,15.77,47.32,1.53,1.73,,"3 frame(s); median area 5.0 px; net motion dx=-23.2, dy=-5.1; flags: none"
N1357023955,T0363,1357023955-0334,0.7586,3,8,co-iss-n1357023955,1357023955,2001-01-01T06:53:44.565,286.58,914.83,28.80,3,0.00,3,28.80,16.41,49.23,1.75,1.73,,"3 frame(s); median area 4.0 px; net motion dx=-61.1, dy=-59.7; flags: none"
N1357024345,T0363,1357024345-0308,0.7586,3,9,co-iss-n1357024345,1357024345,2001-01-01T07:00:14.562,261.68,878.22,20.17,6,0.00,6,20.17,16.33,97.96,1.24,4.84,,"3 frame(s); median area 4.0 px; net motion dx=-61.1, dy=-59.7; flags: none"
N1357024705,T0363,1357024705-0382,0.7586,3,10,co-iss-n1357024705,1357024705,2001-01-01T07:06:14.560,225.49,855.16,44.45,4,0.00,4,44.45,26.48,105.92,1.68,1.00,,"3 frame(s); median area 4.0 px; net motion dx=-61.1, dy=-59.7; flags: none"
N1357028427,T0469,1357028427-0334,0.7550,3,11,co-iss-n1357028427,1357028427,2001-01-01T08:08:16.534,663.97,815.58,25.46,7,0.00,7,25.46,21.05,147.35,1.21,2.18,,"3 frame(s); median area 7.0 px; net motion dx=-50.8, dy=-14.9; flags: none"
N1357028817,T0469,1357028817-0336,0.7550,3,12,co-iss-n1357028817,1357028817,2001-01-01T08:14:46.531,582.42,828.66,38.74,4,0.00,4,38.74,28.09,112.36,1.38,1.00,,"3 frame(s); median area 7.0 px; net motion dx=-50.8, dy=-14.9; flags: none"
N1357029177,T0469,1357029177-0373,0.7550,3,13,co-iss-n1357029177,1357029177,2001-01-01T08:20:46.529,613.15,800.63,20.26,8,0.00,8,20.26,13.28,106.24,1.53,3.99,,"3 frame(s); median area 7.0 px; net motion dx=-50.8, dy=-14.9; flags: none"
N1357015011,T0086,1357015011-0130,0.7534,3,2,co-iss-n1357015011,1357015011,2001-01-01T04:24:40.627,312.81,321.28,32.78,5,0.00,5,32.78,20.55,102.77,1.59,5.21,,"3 frame(s); median area 5.0 px; net motion dx=2.4, dy=-28.5; flags: none"
N1357015401,T0086,1357015401-0088,0.7534,3,3,co-iss-n1357015401,1357015401,2001-01-01T04:31:10.624,366.65,272.10,50.78,4,0.00,4,50.78,22.82,91.28,2.23,3.60,,"3 frame(s); median area 5.0 px; net motion dx=2.4, dy=-28.5; flags: none"
N1357015761,T0086,1357015761-0182,0.7534,3,4,co-iss-n1357015761,1357015761,2001-01-01T04:37:10.622,315.24,292.77,20.15,5,0.00,5,20.15,11.66,58.29,1.73,2.89,,"3 frame(s); median area 5.0 px; net motion dx=2.4, dy=-28.5; flags: none"
N1357032899,T0559,1357032899-0160,0.7532,3,14,co-iss-n1357032899,1357032899,2001-01-01T09:22:48.503,779.93,446.57,24.13,5,0.00,5,24.13,20.20,101.01,1.19,3.52,,"3 frame(s); median area 4.0 px; net motion dx=46.5, dy=-5.2; flags: none"
N1357033289,T0559,1357033289-0153,0.7532,3,15,co-iss-n1357033289,1357033289,2001-01-01T09:29:18.500,801.19,430.78,22.10,3,0.00,3,22.10,12.57,37.70,1.76,1.73,,"3 frame(s); median area 4.0 px; net motion dx=46.5, dy=-5.2; flags: none"
N1357033649,T0559,1357033649-0186,0.7532,3,16,co-iss-n1357033649,1357033649,2001-01-01T09:35:18.498,826.43,441.38,25.12,4,0.00,4,25.12,14.09,56.35,1.78,1.00,,"3 frame(s); median area 4.0 px; net motion dx=46.5, dy=-5.2; flags: none"
N1357032899,T0561,1357032899-0186,0.7479,3,14,co-iss-n1357032899,1357032899,2001-01-01T09:22:48.503,677.45,511.78,25.32,5,0.00,5,25.32,16.12,80.59,1.57,3.40,,"3 frame(s); median area 5.0 px; net motion dx=-10.8, dy=68.7; flags: none"
N1357033289,T0561,1357033289-0208,0.7479,3,15,co-iss-n1357033289,1357033289,2001-01-01T09:29:18.500,620.53,555.75,26.25,7,0.00,7,26.25,23.29,163.01,1.13,1.53,,"3 frame(s); median area 5.0 px; net motion dx=-10.8, dy=68.7; flags: none"
N1357033649,T0561,1357033649-0230,0.7479,3,16,co-iss-n1357033649,1357033649,2001-01-01T09:35:18.498,666.61,580.43,29.88,5,0.00,5,29.88,21.98,109.92,1.36,1.73,,"3 frame(s); median area 5.0 px; net motion dx=-10.8, dy=68.7; flags: none"
N1357015011,T0076,1357015011-0027,0.7477,3,2,co-iss-n1357015011,1357015011,2001-01-01T04:24:40.627,924.50,71.30,36.28,4,0.00,4,36.28,24.10,96.40,1.51,1.00,,"3 frame(s); median area 4.0 px; net motion dx=-21.5, dy=-65.0; flags: none"
N1357015401,T0076,1357015401-0006,0.7477,3,3,co-iss-n1357015401,1357015401,2001-01-01T04:31:10.624,980.29,27.21,34.77,3,0.00,3,34.77,23.17,69.51,1.50,1.73,,"3 frame(s); median area 4.0 px; net motion dx=-21.5, dy=-65.0; flags: none"
N1357015761,T0076,1357015761-0007,0.7477,3,4,co-iss-n1357015761,1357015761,2001-01-01T04:37:10.622,902.98,6.32,10.28,32,0.00,32,10.28,7.64,244.38,1.35,2.25,,"3 frame(s); median area 4.0 px; net motion dx=-21.5, dy=-65.0; flags: none"
N1357032899,T0562,1357032899-0193,0.7423,3,14,co-iss-n1357032899,1357032899,2001-01-01T09:22:48.503,702.45,529.50,24.73,6,0.00,6,24.73,14.20,85.21,1.74,4.39,,"3 frame(s); median area 4.0 px; net motion dx=-44.0, dy=-43.1; flags: none"
N1357033289,T0562,1357033289-0210,0.7423,3,15,co-iss-n1357033289,1357033289,2001-01-01T09:29:18.500,645.65,560.09,11.80,3,0.00,3,11.80,9.93,29.78,1.19,4.39,,"3 frame(s); median area 4.0 px; net motion dx=-44.0, dy=-43.1; flags: none"
N1357033649,T0562,1357033649-0202,0.7423,3,16,co-iss-n1357033649,1357033649,2001-01-01T09:35:18.498,658.49,486.36,28.29,4,0.00,4,28.29,22.00,88.00,1.29,1.00,,"3 frame(s); median area 4.0 px; net motion dx=-44.0, dy=-43.1; flags: none"
N1357032899,T0576,1357032899-0312,0.7367,3,14,co-iss-n1357032899,1357032899,2001-01-01T09:22:48.503,685.21,864.53,23.53,3,0.00,3,23.53,16.68,50.03,1.41,1.73,,"3 frame(s); median area 3.0 px; net motion dx=-29.7, dy=-97.9; flags: none"
N1357033289,T0576,1357033289-0308,0.7367,3,15,co-iss-n1357033289,1357033289,2001-01-01T09:29:18.500,617.16,831.32,33.29,3,0.00,3,33.29,21.39,64.18,1.56,1.73,,"3 frame(s); median area 3.0 px; net motion dx=-29.7, dy=-97.9; flags: none"
N1357033649,T0576,1357033649-0335,0.7367,3,16,co-iss-n1357033649,1357033649,2001-01-01T09:35:18.498,655.47,766.60,35.34,5,0.00,5,35.34,30.24,151.19,1.17,1.73,,"3 frame(s); median area 3.0 px; net motion dx=-29.7, dy=-97.9; flags: none"
N1357015011,T0103,1357015011-0281,0.7353,3,2,co-iss-n1357015011,1357015011,2001-01-01T04:24:40.627,697.41,568.00,27.36,5,0.00,5,27.36,16.93,84.67,1.62,2.89,,"3 frame(s); median area 5.0 px; net motion dx=-95.8, dy=-4.3; flags: none"
N1357015401,T0103,1357015401-0183,0.7353,3,3,co-iss-n1357015401,1357015401,2001-01-01T04:31:10.624,638.41,544.60,33.88,6,0.00,6,33.88,25.41,152.47,1.33,2.45,,"3 frame(s); median area 5.0 px; net motion dx=-95.8, dy=-4.3; flags: none"
N1357015761,T0103,1357015761-0283,0.7353,3,4,co-iss-n1357015761,1357015761,2001-01-01T04:37:10.622,601.56,563.73,25.80,4,0.00,4,25.80,15.72,62.90,1.64,2.62,,"3 frame(s); median area 5.0 px; net motion dx=-95.8, dy=-4.3; flags: none"
N1357019483,T0210,1357019483-0079,0.7348,3,5,co-iss-n1357019483,1357019483,2001-01-01T05:39:12.596,134.03,223.30,21.50,4,0.00,4,21.50,16.26,65.05,1.32,3.60,,"3 frame(s); median area 4.0 px; net motion dx=-4.0, dy=22.6; flags: none"
N1357019873,T0210,1357019873-0089,0.7348,3,6,co-iss-n1357019873,1357019873,2001-01-01T05:45:42.593,77.95,261.79,50.40,5,0.00,5,50.40,29.61,148.06,1.70,2.62,,"3 frame(s); median area 4.0 px; net motion dx=-4.0, dy=22.6; flags: none"
N1357020233,T0210,1357020233-0148,0.7348,3,7,co-iss-n1357020233,1357020233,2001-01-01T05:51:42.591,130.01,245.93,46.39,4,0.00,4,46.39,34.30,137.22,1.35,2.45,,"3 frame(s); median area 4.0 px; net motion dx=-4.0, dy=22.6; flags: none"
N1357037371,T0682,1357037371-0327,0.7346,3,17,co-iss-n1357037371,1357037371,2001-01-01T10:37:20.472,181.45,820.37,26.00,4,0.00,4,26.00,19.72,78.87,1.32,1.00,,"3 frame(s); median area 4.0 px; net motion dx=44.5, dy=27.1; flags: none"
N1357037761,T0682,1357037761-0299,0.7346,3,18,co-iss-n1357037761,1357037761,2001-01-01T10:43:50.469,201.27,832.31,19.00,3,0.00,3,19.00,15.14,45.42,1.25,1.73,,"3 frame(s); median area 4.0 px; net motion dx=44.5, dy=27.1; flags: none"
N1357038121,T0682,1357038121-0368,0.7346,3,19,co-iss-n1357038121,1357038121,2001-01-01T10:49:50.467,225.97,847.42,29.14,4,0.15,4,29.14,15.98,63.91,1.82,6.17,,"3 frame(s); median area 4.0 px; net motion dx=44.5, dy=27.1; flags: none"
N1357037371,T0650,1357037371-0131,0.7340,3,17,co-iss-n1357037371,1357037371,2001-01-01T10:37:20.472,673.34,356.69,28.29,4,0.00,4,28.29,16.50,66.01,1.71,2.62,,"3 frame(s); median area 4.0 px; net motion dx=84.2, dy=-15.4; flags: none"
N1357037761,T0650,1357037761-0096,0.7340,3,18,co-iss-n1357037761,1357037761,2001-01-01T10:43:50.469,704.66,283.87,20.57,4,0.00,4,20.57,15.10,60.41,1.36,2.62,,"3 frame(s); median area 4.0 px; net motion dx=84.2, dy=-15.4; flags: none"
N1357038121,T0650,1357038121-0173,0.7340,3,19,co-iss-n1357038121,1357038121,2001-01-01T10:49:50.467,757.56,341.28,9.48,4,0.00,4,9.48,8.36,33.44,1.13,4.47,,"3 frame(s); median area 4.0 px; net motion dx=84.2, dy=-15.4; flags: none"
N1357028427,T0457,1357028427-0259,0.7247,3,11,co-iss-n1357028427,1357028427,2001-01-01T08:08:16.534,616.75,624.24,26.23,5,0.00,5,26.23,19.28,96.38,1.36,1.73,,"3 frame(s); median area 4.0 px; net motion dx=-104.1, dy=-34.5; flags: none"
N1357028817,T0457,1357028817-0249,0.7247,3,12,co-iss-n1357028817,1357028817,2001-01-01T08:14:46.531,551.76,617.77,34.55,4,0.00,4,34.55,22.58,90.31,1.53,2.62,,"3 frame(s); median area 4.0 px; net motion dx=-104.1, dy=-34.5; flags: none"
N1357029177,T0457,1357029177-0295,0.7247,3,13,co-iss-n1357029177,1357029177,2001-01-01T08:20:46.529,512.60,589.74,12.24,3,0.00,3,12.24,10.29,30.86,1.19,1.73,,"3 frame(s); median area 4.0 px; net motion dx=-104.1, dy=-34.5; flags: none"
N1357028427,T0472,1357028427-0343,0.7214,3,11,co-iss-n1357028427,1357028427,2001-01-01T08:08:16.534,708.25,846.12,23.17,4,0.00,4,23.17,19.64,78.58,1.18,2.45,,"3 frame(s); median area 4.0 px; net motion dx=12.2, dy=53.9; flags: none"
N1357028817,T0472,1357028817-0353,0.7214,3,12,co-iss-n1357028817,1357028817,2001-01-01T08:14:46.531,687.83,870.33,33.36,3,0.00,3,33.36,22.41,67.23,1.49,1.73,,"3 frame(s); median area 4.0 px; net motion dx=12.2, dy=53.9; flags: none"
N1357029177,T0472,1357029177-0410,0.7214,3,13,co-iss-n1357029177,1357029177,2001-01-01T08:20:46.529,720.43,900.07,40.25,5,0.00,5,40.25,22.69,113.43,1.77,1.73,,"3 frame(s); median area 4.0 px; net motion dx=12.2, dy=53.9; flags: none"
N1357019483,T0202,1357019483-0002,0.7212,3,5,co-iss-n1357019483,1357019483,2001-01-01T05:39:12.596,996.54,13.34,35.91,3,0.00,3,35.91,22.24,66.71,1.62,1.73,,"3 frame(s); median area 3.0 px; net motion dx=-99.9, dy=-8.7; flags: none"
N1357019873,T0202,1357019873-0009,0.7212,3,6,co-iss-n1357019873,1357019873,2001-01-01T05:45:42.593,937.39,50.38,27.52,3,0.00,3,27.52,23.68,71.03,1.16,1.73,,"3 frame(s); median area 3.0 px; net motion dx=-99.9, dy=-8.7; flags: none"
N1357020233,T0202,1357020233-0007,0.7212,3,7,co-iss-n1357020233,1357020233,2001-01-01T05:51:42.591,896.63,4.69,8.63,3,0.00,3,8.63,7.80,23.39,1.11,1.73,,"3 frame(s); median area 3.0 px; net motion dx=-99.9, dy=-8.7; flags: none"
N1357023955,T0320,1357023955-0028,0.7174,3,8,co-iss-n1357023955,1357023955,2001-01-01T06:53:44.565,874.18,82.58,26.66,3,0.00,3,26.66,21.41,64.22,1.25,1.73,,"3 frame(s); median area 3.0 px; net motion dx=65.8, dy=-72.9; flags: none"
N1357024345,T0320,1357024345-0025,0.7174,3,9,co-iss-n1357024345,1357024345,2001-01-01T07:00:14.562,950.33,83.66,22.06,3,0.00,3,22.06,21.94,65.81,1.01,1.73,,"3 frame(s); median area 3.0 px; net motion dx=65.8, dy=-72.9; flags: none"
N1357024705,T0320,1357024705-0033,0.7174,3,10,co-iss-n1357024705,1357024705,2001-01-01T07:06:14.560,939.99,9.73,8.04,4,0.00,4,8.04,7.72,30.90,1.04,3.60,,"3 frame(s); median area 3.0 px; net motion dx=65.8, dy=-72.9; flags: none"
N1357032899,T0558,1357032899-0151,0.7169,3,14,co-iss-n1357032899,1357032899,2001-01-01T09:22:48.503,809.27,429.28,23.53,3,0.00,3,23.53,17.53,52.59,1.34,1.73,,"3 frame(s); median area 3.0 px; net motion dx=7.0, dy=-90.1; flags: none"
N1357033289,T0558,1357033289-0134,0.7169,3,15,co-iss-n1357033289,1357033289,2001-01-01T09:29:18.500,773.79,382.62,19.42,3,0.00,3,19.42,15.54,46.62,1.25,1.73,,"3 frame(s); median area 3.0 px; net motion dx=7.0, dy=-90.1; flags: none"
N1357033649,T0558,1357033649-0167,0.7169,3,16,co-iss-n1357033649,1357033649,2001-01-01T09:35:18.498,816.25,339.19,22.30,3,0.00,3,22.30,13.36,40.08,1.67,1.73,,"3 frame(s); median area 3.0 px; net motion dx=7.0, dy=-90.1; flags: none"
N1357023955,T0328,1357023955-0110,0.7159,3,8,co-iss-n1357023955,1357023955,2001-01-01T06:53:44.565,542.97,317.89,25.15,5,0.00,5,25.15,15.02,75.09,1.67,2.14,,"3 frame(s); median area 5.0 px; net motion dx=-81.3, dy=75.9; flags: none"
N1357024345,T0328,1357024345-0117,0.7159,3,9,co-iss-n1357024345,1357024345,2001-01-01T07:00:14.562,511.27,341.95,17.59,3,0.00,3,17.59,11.62,34.85,1.51,4.39,,"3 frame(s); median area 5.0 px; net motion dx=-81.3, dy=75.9; flags: none"
N1357024705,T0328,1357024705-0194,0.7159,3,10,co-iss-n1357024705,1357024705,2001-01-01T07:06:14.560,461.65,393.77,30.95,5,0.00,5,30.95,17.14,85.72,1.81,1.73,,"3 frame(s); median area 5.0 px; net motion dx=-81.3, dy=75.9; flags: none"
N1357023955,T0329,1357023955-0112,0.7132,3,8,co-iss-n1357023955,1357023955,2001-01-01T06:53:44.565,426.78,321.36,10.94,5,0.00,5,10.94,8.63,43.15,1.27,4.39,,"3 frame(s); median area 4.0 px; net motion dx=64.0, dy=-10.9; flags: none"
N1357024345,T0329,1357024345-0108,0.7132,3,9,co-iss-n1357024345,1357024345,2001-01-01T07:00:14.562,460.50,322.05,17.61,4,0.00,4,17.61,13.19,52.76,1.34,2.62,,"3 frame(s); median area 4.0 px; net motion dx=64.0, dy=-10.9; flags: none"
N1357024705,T0329,1357024705-0168,0.7132,3,10,co-iss-n1357024705,1357024705,2001-01-01T07:06:14.560,490.77,310.46,38.22,4,0.00,4,38.22,21.99,87.97,1.74,1.00,,"3 frame(s); median area 4.0 px; net motion dx=64.0, dy=-10.9; flags: none"
N1357037371,T0648,1357037371-0125,0.7119,3,17,co-iss-n1357037371,1357037371,2001-01-01T10:37:20.472,928.41,344.41,19.73,4,0.00,4,19.73,16.74,66.97,1.18,1.00,,"3 frame(s); median area 5.0 px; net motion dx=6.4, dy=9.4; flags: none"
N1357037761,T0648,1357037761-0111,0.7119,3,18,co-iss-n1357037761,1357037761,2001-01-01T10:43:50.469,936.49,329.00,35.31,6,0.00,6,35.31,25.65,153.88,1.38,1.63,,"3 frame(s); median area 5.0 px; net motion dx=6.4, dy=9.4; flags: none"
N1357038121,T0648,1357038121-0181,0.7119,3,19,co-iss-n1357038121,1357038121,2001-01-01T10:49:50.467,934.79,353.78,13.25,5,0.00,5,13.25,11.95,59.75,1.11,5.21,,"3 frame(s); median area 5.0 px; net motion dx=6.4, dy=9.4; flags: none"
N1357019483,T0249,1357019483-0440,0.7073,3,5,co-iss-n1357019483,1357019483,2001-01-01T05:39:12.596,769.81,949.34,8.85,14,0.00,14,8.85,7.49,104.87,1.18,3.61,,"3 frame(s); median area 14.0 px; net motion dx=83.5, dy=-3.8; flags: none"
N1357019873,T0249,1357019873-0360,0.7073,3,6,co-iss-n1357019873,1357019873,2001-01-01T05:45:42.593,822.63,941.14,10.20,14,0.00,14,10.20,8.32,116.42,1.23,1.49,,"3 frame(s); median area 14.0 px; net motion dx=83.5, dy=-3.8; flags: none"
N1357020233,T0249,1357020233-0405,0.7073,3,7,co-iss-n1357020233,1357020233,2001-01-01T05:51:42.591,853.34,945.55,39.53,5,0.00,5,39.53,35.49,177.44,1.11,1.73,,"3 frame(s); median area 14.0 px; net motion dx=83.5, dy=-3.8; flags: none"
N1357019483,T0229,1357019483-0240,0.7062,3,5,co-iss-n1357019483,1357019483,2001-01-01T05:39:12.596,454.26,613.15,31.93,7,0.00,7,31.93,21.92,153.44,1.46,1.45,,"3 frame(s); median area 6.0 px; net motion dx=-10.3, dy=-21.6; flags: none"
N1357019873,T0229,1357019873-0207,0.7062,3,6,co-iss-n1357019873,1357019873,2001-01-01T05:45:42.593,431.70,592.71,30.81,4,0.00,4,30.81,14.30,57.21,2.15,1.00,,"3 frame(s); median area 6.0 px; net motion dx=-10.3, dy=-21.6; flags: none"
N1357020233,T0229,1357020233-0282,0.7062,3,7,co-iss-n1357020233,1357020233,2001-01-01T05:51:42.591,443.91,591.53,11.28,6,0.00,6,11.28,9.56,57.38,1.18,4.47,,"3 frame(s); median area 6.0 px; net motion dx=-10.3, dy=-21.6; flags: none"
N1357023955,T0341,1357023955-0187,0.7061,3,8,co-iss-n1357023955,1357023955,2001-01-01T06:53:44.565,787.72,526.59,19.36,3,0.00,3,19.36,15.56,46.67,1.24,1.73,,"3 frame(s); median area 3.0 px; net motion dx=-63.0, dy=-7.4; flags: none"
N1357024345,T0341,1357024345-0167,0.7061,3,9,co-iss-n1357024345,1357024345,2001-01-01T07:00:14.562,771.20,482.70,24.57,5,0.00,5,24.57,18.55,92.76,1.32,3.52,,"3 frame(s); median area 3.0 px; net motion dx=-63.0, dy=-7.4; flags: none"
N1357024705,T0341,1357024705-0248,0.7061,3,10,co-iss-n1357024705,1357024705,2001-01-01T07:06:14.560,724.69,519.15,29.06,3,0.00,3,29.06,17.89,53.66,1.62,1.73,,"3 frame(s); median area 3.0 px; net motion dx=-63.0, dy=-7.4; flags: none"
N1357037371,T0632,1357037371-0007,0.7045,3,17,co-iss-n1357037371,1357037371,2001-01-01T10:37:20.472,838.81,20.25,32.27,6,0.00,6,32.27,20.08,120.47,1.61,2.81,,"3 frame(s); median area 6.0 px; net motion dx=48.5, dy=-15.3; flags: none"
N1357037761,T0632,1357037761-0003,0.7045,3,18,co-iss-n1357037761,1357037761,2001-01-01T10:43:50.469,853.39,19.33,53.45,17,0.00,17,53.45,32.94,559.92,1.62,4.09,,"3 frame(s); median area 6.0 px; net motion dx=48.5, dy=-15.3; flags: none"
N1357038121,T0632,1357038121-0003,0.7045,3,19,co-iss-n1357038121,1357038121,2001-01-01T10:49:50.467,887.31,4.98,8.03,3,0.00,3,8.03,7.53,22.60,1.07,1.73,,"3 frame(s); median area 6.0 px; net motion dx=48.5, dy=-15.3; flags: none"
N1357037371,T0663,1357037371-0218,0.7029,3,17,co-iss-n1357037371,1357037371,2001-01-01T10:37:20.472,990.14,557.22,14.27,8,0.00,8,14.27,12.83,102.66,1.11,5.61,,"3 frame(s); median area 3.0 px; net motion dx=-72.3, dy=11.6; flags: none"
N1357037761,T0663,1357037761-0186,0.7029,3,18,co-iss-n1357037761,1357037761,2001-01-01T10:43:50.469,948.79,519.26,30.16,3,0.00,3,30.16,18.69,56.06,1.61,1.73,,"3 frame(s); median area 3.0 px; net motion dx=-72.3, dy=11.6; flags: none"
N1357038121,T0663,1357038121-0260,0.7029,3,19,co-iss-n1357038121,1357038121,2001-01-01T10:49:50.467,917.80,568.82,20.08,3,0.00,3,20.08,15.59,46.77,1.29,4.39,,"3 frame(s); median area 3.0 px; net motion dx=-72.3, dy=11.6; flags: none"
N1357037371,T0651,1357037371-0133,0.7024,3,17,co-iss-n1357037371,1357037371,2001-01-01T10:37:20.472,629.50,364.50,28.88,4,0.00,4,28.88,28.88,115.52,1.00,1.00,,"3 frame(s); median area 3.0 px; net motion dx=44.7, dy=10.3; flags: none"
N1357037761,T0651,1357037761-0148,0.7024,3,18,co-iss-n1357037761,1357037761,2001-01-01T10:43:50.469,606.31,422.62,9.49,3,0.00,3,9.49,8.33,24.98,1.14,1.73,,"3 frame(s); median area 3.0 px; net motion dx=44.7, dy=10.3; flags: none"
N1357038121,T0651,1357038121-0190,0.7024,3,19,co-iss-n1357038121,1357038121,2001-01-01T10:49:50.467,674.17,374.80,26.91,3,0.00,3,26.91,14.18,42.55,1.90,1.73,,"3 frame(s); median area 3.0 px; net motion dx=44.7, dy=10.3; flags: none"
N1357023955,T0347,1357023955-0241,0.7000,3,8,co-iss-n1357023955,1357023955,2001-01-01T06:53:44.565,952.28,694.36,12.92,5,0.00,5,12.92,10.66,53.32,1.21,1.73,,"3 frame(s); median area 4.0 px; net motion dx=-106.4, dy=-52.7; flags: none"
N1357024345,T0347,1357024345-0245,0.7000,3,9,co-iss-n1357024345,1357024345,2001-01-01T07:00:14.562,880.88,711.57,15.90,4,0.00,4,15.90,13.52,54.08,1.18,2.62,,"3 frame(s); median area 4.0 px; net motion dx=-106.4, dy=-52.7; flags: none"
N1357024705,T0347,1357024705-0296,0.7000,3,10,co-iss-n1357024705,1357024705,2001-01-01T07:06:14.560,845.86,641.61,25.58,3,0.00,3,25.58,18.29,54.88,1.40,1.73,,"3 frame(s); median area 4.0 px; net motion dx=-106.4, dy=-52.7; flags: none"
N1357037371,T0661,1357037371-0199,0.6993,3,17,co-iss-n1357037371,1357037371,2001-01-01T10:37:20.472,733.05,512.83,20.22,4,0.00,4,20.22,11.14,44.57,1.81,1.63,,"3 frame(s); median area 4.0 px; net motion dx=-67.2, dy=-18.4; flags: none"
N1357037761,T0661,1357037761-0171,0.6993,3,18,co-iss-n1357037761,1357037761,2001-01-01T10:43:50.469,711.17,485.52,22.19,3,0.00,3,22.19,14.10,42.31,1.57,1.73,,"3 frame(s); median area 4.0 px; net motion dx=-67.2, dy=-18.4; flags: none"
N1357038121,T0661,1357038121-0233,0.6993,3,19,co-iss-n1357038121,1357038121,2001-01-01T10:49:50.467,665.81,494.38,9.78,6,0.15,6,9.78,8.62,51.73,1.13,6.19,,"3 frame(s); median area 4.0 px; net motion dx=-67.2, dy=-18.4; flags: none"
N1357015011,T0125,1357015011-0416,0.6983,3,2,co-iss-n1357015011,1357015011,2001-01-01T04:24:40.627,889.47,802.44,13.40,6,0.00,6,13.40,12.11,72.66,1.11,2.45,,"3 frame(s); median area 6.0 px; net motion dx=55.7, dy=-110.3; flags: none"
N1357015401,T0125,1357015401-0266,0.6983,3,3,co-iss-n1357015401,1357015401,2001-01-01T04:31:10.624,931.18,738.50,15.30,5,0.00,5,15.30,9.60,47.98,1.59,1.73,,"3 frame(s); median area 6.0 px; net motion dx=55.7, dy=-110.3; flags: none"
N1357015761,T0125,1357015761-0340,0.6983,3,4,co-iss-n1357015761,1357015761,2001-01-01T04:37:10.622,945.21,692.18,21.94,6,0.00,6,21.94,13.31,79.87,1.65,5.29,,"3 frame(s); median area 6.0 px; net motion dx=55.7, dy=-110.3; flags: none"
N1357015011,T0109,1357015011-0337,0.6940,3,2,co-iss-n1357015011,1357015011,2001-01-01T04:24:40.627,336.51,672.75,35.77,3,0.00,3,35.77,24.16,72.47,1.48,1.73,,"3 frame(s); median area 4.0 px; net motion dx=-124.5, dy=-12.6; flags: none"
N1357015401,T0109,1357015401-0242,0.6940,3,3,co-iss-n1357015401,1357015401,2001-01-01T04:31:10.624,291.00,686.10,49.45,8,0.00,8,49.45,36.67,293.33,1.35,1.26,,"3 frame(s); median area 4.0 px; net motion dx=-124.5, dy=-12.6; flags: none"
N1357015761,T0109,1357015761-0329,0.6940,3,4,co-iss-n1357015761,1357015761,2001-01-01T04:37:10.622,211.96,660.13,36.02,4,0.00,4,36.02,24.47,97.90,1.47,2.45,,"3 frame(s); median area 4.0 px; net motion dx=-124.5, dy=-12.6; flags: none"
N1357028427,T0456,1357028427-0241,0.6938,3,11,co-iss-n1357028427,1357028427,2001-01-01T08:08:16.534,110.38,581.39,35.54,6,0.00,6,35.54,16.71,100.24,2.13,2.49,,"3 frame(s); median area 6.0 px; net motion dx=99.6, dy=-20.4; flags: none"
N1357028817,T0456,1357028817-0240,0.6938,3,12,co-iss-n1357028817,1357028817,2001-01-01T08:14:46.531,135.10,597.90,44.95,7,0.00,7,44.95,25.67,179.71,1.75,2.72,,"3 frame(s); median area 6.0 px; net motion dx=99.6, dy=-20.4; flags: none"
N1357029177,T0456,1357029177-0278,0.6938,3,13,co-iss-n1357029177,1357029177,2001-01-01T08:20:46.529,209.96,561.01,32.10,6,0.00,6,32.10,17.91,107.43,1.79,3.47,,"3 frame(s); median area 6.0 px; net motion dx=99.6, dy=-20.4; flags: none"
N1357041843,T0761,1357041843-0217,0.6915,3,20,co-iss-n1357041843,1357041843,2001-01-01T11:51:52.441,631.21,658.72,23.37,6,0.00,6,23.37,17.06,102.36,1.37,2.03,,"3 frame(s); median area 4.0 px; net motion dx=-0.6, dy=10.7; flags: none"
N1357042233,T0761,1357042233-0227,0.6915,3,21,co-iss-n1357042233,1357042233,2001-01-01T11:58:22.438,607.53,616.98,14.98,4,0.00,4,14.98,10.44,41.75,1.44,2.62,,"3 frame(s); median area 4.0 px; net motion dx=-0.6, dy=10.7; flags: none"
N1357042593,T0761,1357042593-0296,0.6915,3,22,co-iss-n1357042593,1357042593,2001-01-01T12:04:22.436,630.59,669.39,16.84,3,0.00,3,16.84,13.73,41.19,1.23,1.73,,"3 frame(s); median area 4.0 px; net motion dx=-0.6, dy=10.7; flags: none"
N1357028427,T0424,1357028427-0020,0.6885,3,11,co-iss-n1357028427,1357028427,2001-01-01T08:08:16.534,533.50,44.50,36.61,4,0.00,4,36.61,36.61,146.45,1.00,1.00,,"3 frame(s); median area 3.0 px; net motion dx=-68.7, dy=15.3; flags: none"
N1357028817,T0424,1357028817-0021,0.6885,3,12,co-iss-n1357028817,1357028817,2001-01-01T08:14:46.531,494.81,68.11,19.48,3,0.00,3,19.48,12.85,38.54,1.52,4.39,,"3 frame(s); median area 3.0 px; net motion dx=-68.7, dy=15.3; flags: none"
N1357029177,T0424,1357029177-0093,0.6885,3,13,co-iss-n1357029177,1357029177,2001-01-01T08:20:46.529,464.82,59.78,24.57,3,0.00,3,24.57,13.76,41.29,1.79,1.73,,"3 frame(s); median area 3.0 px; net motion dx=-68.7, dy=15.3; flags: none"
N1357019483,T0211,1357019483-0089,0.6866,3,5,co-iss-n1357019483,1357019483,2001-01-01T05:39:12.596,577.41,241.23,35.47,4,0.00,4,35.47,18.61,74.43,1.91,5.83,,"3 frame(s); median area 4.0 px; net motion dx=-91.3, dy=76.5; flags: none"
N1357019873,T0211,1357019873-0096,0.6866,3,6,co-iss-n1357019873,1357019873,2001-01-01T05:45:42.593,511.45,284.18,25.30,3,0.00,3,25.30,13.29,39.88,1.90,4.39,,"3 frame(s); median area 4.0 px; net motion dx=-91.3, dy=76.5; flags: none"
N1357020233,T0211,1357020233-0175,0.6866,3,7,co-iss-n1357020233,1357020233,2001-01-01T05:51:42.591,486.14,317.75,39.35,4,0.00,4,39.35,20.78,83.11,1.89,2.62,,"3 frame(s); median area 4.0 px; net motion dx=-91.3, dy=76.5; flags: none"
N1357023955,T0353,1357023955-0294,0.6837,3,8,co-iss-n1357023955,1357023955,2001-01-01T06:53:44.565,757.48,826.52,21.31,4,0.00,4,21.31,14.87,59.46,1.43,1.00,,"3 frame(s); median area 4.0 px; net motion dx=17.2, dy=-16.0; flags: none"
N1357024345,T0353,1357024345-0286,0.6837,3,9,co-iss-n1357024345,1357024345,2001-01-01T07:00:14.562,734.30,833.00,27.85,9,0.00,9,27.85,13.36,120.26,2.08,4.39,,"3 frame(s); median area 4.0 px; net motion dx=17.2, dy=-16.0; flags: none"
N1357024705,T0353,1357024705-0361,0.6837,3,10,co-iss-n1357024705,1357024705,2001-01-01T07:06:14.560,774.70,810.49,34.74,3,0.00,3,34.74,22.78,68.33,1.53,1.73,,"3 frame(s); median area 4.0 px; net motion dx=17.2, dy=-16.0; flags: none"
N1357037371,T0666,1357037371-0247,0.6821,3,17,co-iss-n1357037371,1357037371,2001-01-01T10:37:20.472,102.57,624.01,20.01,4,0.15,4,20.01,12.65,50.62,1.58,6.85,,"3 frame(s); median area 5.0 px; net motion dx=2.5, dy=60.4; flags: none"
N1357037761,T0666,1357037761-0245,0.6821,3,18,co-iss-n1357037761,1357037761,2001-01-01T10:43:50.469,107.29,641.04,60.51,5,0.00,5,60.51,29.14,145.72,2.08,4.39,,"3 frame(s); median area 5.0 px; net motion dx=2.5, dy=60.4; flags: none"
N1357038121,T0666,1357038121-0312,0.6821,3,19,co-iss-n1357038121,1357038121,2001-01-01T10:49:50.467,105.11,684.41,41.63,11,0.00,11,41.63,28.61,314.69,1.46,3.34,,"3 frame(s); median area 5.0 px; net motion dx=2.5, dy=60.4; flags: none"
N1357023955,T0365,1357023955-0348,0.6814,3,8,co-iss-n1357023955,1357023955,2001-01-01T06:53:44.565,999.53,932.19,8.01,6,0.00,6,8.01,7.49,44.96,1.07,2.29,,"3 frame(s); median area 6.0 px; net motion dx=-12.8, dy=-101.6; flags: none"
N1357024345,T0365,1357024345-0306,0.6814,3,9,co-iss-n1357024345,1357024345,2001-01-01T07:00:14.562,976.50,874.00,10.11,6,0.00,6,10.11,10.08,60.48,1.00,1.63,,"3 frame(s); median area 6.0 px; net motion dx=-12.8, dy=-101.6; flags: none"
N1357024705,T0365,1357024705-0371,0.6814,3,10,co-iss-n1357024705,1357024705,2001-01-01T07:06:14.560,986.75,830.55,28.88,5,0.00,5,28.88,21.06,105.28,1.37,1.73,,"3 frame(s); median area 6.0 px; net motion dx=-12.8, dy=-101.6; flags: none"
N1357032899,T0579,1357032899-0359,0.6787,3,14,co-iss-n1357032899,1357032899,2001-01-01T09:22:48.503,787.29,935.53,20.10,3,0.00,3,20.10,14.19,42.56,1.42,1.73,,"3 frame(s); median area 3.0 px; net motion dx=-13.8, dy=-31.0; flags: none"
N1357033289,T0579,1357033289-0344,0.6787,3,15,co-iss-n1357033289,1357033289,2001-01-01T09:29:18.500,752.17,924.33,25.14,3,0.00,3,25.14,16.84,50.51,1.49,1.73,,"3 frame(s); median area 3.0 px; net motion dx=-13.8, dy=-31.0; flags: none"
N1357033649,T0579,1357033649-0378,0.6787,3,16,co-iss-n1357033649,1357033649,2001-01-01T09:35:18.498,773.52,904.57,9.06,4,0.00,4,9.06,8.58,34.30,1.06,5.83,,"3 frame(s); median area 3.0 px; net motion dx=-13.8, dy=-31.0; flags: none"
N1357023955,T0338,1357023955-0175,0.6785,3,8,co-iss-n1357023955,1357023955,2001-01-01T06:53:44.565,848.01,502.53,9.86,4,0.00,4,9.86,9.09,36.35,1.08,2.62,,"3 frame(s); median area 4.0 px; net motion dx=14.2, dy=40.0; flags: none"
N1357024345,T0338,1357024345-0171,0.6785,3,9,co-iss-n1357024345,1357024345,2001-01-01T07:00:14.562,877.92,499.71,19.56,8,0.00,8,19.56,12.93,103.43,1.51,5.38,,"3 frame(s); median area 4.0 px; net motion dx=14.2, dy=40.0; flags: none"
N1357024705,T0338,1357024705-0255,0.6785,3,10,co-iss-n1357024705,1357024705,2001-01-01T07:06:14.560,862.25,542.50,25.21,4,0.00,4,25.21,16.77,67.06,1.50,1.00,,"3 frame(s); median area 4.0 px; net motion dx=14.2, dy=40.0; flags: none"
N1357037371,T0658,1357037371-0189,0.6772,3,17,co-iss-n1357037371,1357037371,2001-01-01T10:37:20.472,53.57,494.61,18.53,4,0.00,4,18.53,13.55,54.20,1.37,1.00,,"3 frame(s); median area 4.0 px; net motion dx=36.1, dy=-55.5; flags: none"
N1357037761,T0658,1357037761-0181,0.6772,3,18,co-iss-n1357037761,1357037761,2001-01-01T10:43:50.469,84.94,511.66,48.59,4,0.00,4,48.59,27.47,109.88,1.77,1.63,,"3 frame(s); median area 4.0 px; net motion dx=36.1, dy=-55.5; flags: none"
N1357038121,T0658,1357038121-0214,0.6772,3,19,co-iss-n1357038121,1357038121,2001-01-01T10:49:50.467,89.63,439.14,41.46,7,0.00,7,41.46,32.27,225.92,1.28,1.08,,"3 frame(s); median area 4.0 px; net motion dx=36.1, dy=-55.5; flags: none"
N1357041843,T0749,1357041843-0120,0.6752,3,20,co-iss-n1357041843,1357041843,2001-01-01T11:51:52.441,223.54,382.25,27.39,3,0.00,3,27.39,17.04,51.11,1.61,1.73,,"3 frame(s); median area 3.0 px; net motion dx=2.6, dy=38.9; flags: none"
N1357042233,T0749,1357042233-0150,0.6752,3,21,co-iss-n1357042233,1357042233,2001-01-01T11:58:22.438,191.24,448.19,19.42,5,0.00,5,19.42,13.86,69.30,1.40,5.21,,"3 frame(s); median area 3.0 px; net motion dx=2.6, dy=38.9; flags: none"
N1357042593,T0749,1357042593-0192,0.6752,3,22,co-iss-n1357042593,1357042593,2001-01-01T12:04:22.436,226.15,421.18,39.48,3,0.00,3,39.48,19.51,58.52,2.02,1.73,,"3 frame(s); median area 3.0 px; net motion dx=2.6, dy=38.9; flags: none"
N1357028427,T0435,1357028427-0098,0.6730,3,11,co-iss-n1357028427,1357028427,2001-01-01T08:08:16.534,836.48,249.79,18.19,3,0.00,3,18.19,12.75,38.26,1.43,1.73,,"3 frame(s); median area 4.0 px; net motion dx=72.9, dy=-98.3; flags: none"
N1357028817,T0435,1357028817-0064,0.6730,3,12,co-iss-n1357028817,1357028817,2001-01-01T08:14:46.531,857.51,170.60,23.73,4,0.00,4,23.73,17.96,71.83,1.32,1.00,,"3 frame(s); median area 4.0 px; net motion dx=72.9, dy=-98.3; flags: none"
N1357029177,T0435,1357029177-0129,0.6730,3,13,co-iss-n1357029177,1357029177,2001-01-01T08:20:46.529,909.34,151.52,10.75,5,0.00,5,10.75,9.27,46.35,1.16,3.40,,"3 frame(s); median area 4.0 px; net motion dx=72.9, dy=-98.3; flags: none"
N1357019483,T0226,1357019483-0219,0.6719,3,5,co-iss-n1357019483,1357019483,2001-01-01T05:39:12.596,99.71,548.08,37.40,5,0.00,5,37.40,25.15,125.77,1.49,1.73,,"3 frame(s); median area 3.0 px; net motion dx=-94.5, dy=-1.4; flags: none"
N1357019873,T0226,1357019873-0193,0.6719,3,6,co-iss-n1357019873,1357019873,2001-01-01T05:45:42.593,67.20,568.37,36.06,3,0.00,3,36.06,19.06,57.18,1.89,1.73,,"3 frame(s); median area 3.0 px; net motion dx=-94.5, dy=-1.4; flags: none"
N1357020233,T0226,1357020233-0264,0.6719,3,7,co-iss-n1357020233,1357020233,2001-01-01T05:51:42.591,5.26,546.72,15.70,3,0.00,3,15.70,11.38,34.15,1.38,1.73,,"3 frame(s); median area 3.0 px; net motion dx=-94.5, dy=-1.4; flags: none"
N1357037371,T0667,1357037371-0251,0.6702,3,17,co-iss-n1357037371,1357037371,2001-01-01T10:37:20.472,708.00,632.68,14.18,3,0.00,3,14.18,13.08,39.25,1.08,4.39,,"3 frame(s); median area 3.0 px; net motion dx=29.8, dy=25.1; flags: none"
N1357037761,T0667,1357037761-0233,0.6702,3,18,co-iss-n1357037761,1357037761,2001-01-01T10:43:50.469,757.75,620.82,25.01,3,0.00,3,25.01,14.59,43.78,1.71,1.73,,"3 frame(s); median area 3.0 px; net motion dx=29.8, dy=25.1; flags: none"
N1357038121,T0667,1357038121-0302,0.6702,3,19,co-iss-n1357038121,1357038121,2001-01-01T10:49:50.467,737.78,657.76,17.89,3,0.00,3,17.89,11.02,33.05,1.62,1.73,,"3 frame(s); median area 3.0 px; net motion dx=29.8, dy=25.1; flags: none"
N1357019483,T0236,1357019483-0285,0.6684,3,5,co-iss-n1357019483,1357019483,2001-01-01T05:39:12.596,529.38,722.78,29.62,3,0.00,3,29.62,15.95,47.86,1.86,1.73,,"3 frame(s); median area 3.0 px; net motion dx=66.1, dy=-14.2; flags: none"
N1357019873,T0236,1357019873-0235,0.6684,3,6,co-iss-n1357019873,1357019873,2001-01-01T05:45:42.593,550.80,696.69,20.00,3,0.00,3,20.00,13.18,39.53,1.52,4.39,,"3 frame(s); median area 3.0 px; net motion dx=66.1, dy=-14.2; flags: none"
N1357020233,T0236,1357020233-0327,0.6684,3,7,co-iss-n1357020233,1357020233,2001-01-01T05:51:42.591,595.50,708.59,12.55,4,0.00,4,12.55,10.42,41.68,1.20,5.83,,"3 frame(s); median area 3.0 px; net motion dx=66.1, dy=-14.2; flags: none"
N1357037371,T0654,1357037371-0153,0.6658,3,17,co-iss-n1357037371,1357037371,2001-01-01T10:37:20.472,635.39,413.47,23.87,3,0.00,3,23.87,17.00,51.01,1.40,1.73,,"3 frame(s); median area 5.0 px; net motion dx=-12.6, dy=-61.9; flags: none"
N1357037761,T0654,1357037761-0140,0.6658,3,18,co-iss-n1357037761,1357037761,2001-01-01T10:43:50.469,653.61,401.60,17.73,5,0.00,5,17.73,13.84,69.20,1.28,5.83,,"3 frame(s); median area 5.0 px; net motion dx=-12.6, dy=-61.9; flags: none"
N1357038121,T0654,1357038121-0179,0.6658,3,19,co-iss-n1357038121,1357038121,2001-01-01T10:49:50.467,622.81,351.60,29.54,5,0.00,5,29.54,19.36,96.81,1.53,1.73,,"3 frame(s); median area 5.0 px; net motion dx=-12.6, dy=-61.9; flags: none"
N1357023955,T0351,1357023955-0277,0.6630,3,8,co-iss-n1357023955,1357023955,2001-01-01T06:53:44.565,937.30,791.35,8.80,3,0.00,3,8.80,8.43,25.29,1.04,1.73,,"3 frame(s); median area 3.0 px; net motion dx=-45.0, dy=-110.9; flags: none"
N1357024345,T0351,1357024345-0263,0.6630,3,9,co-iss-n1357024345,1357024345,2001-01-01T07:00:14.562,876.66,759.33,15.90,3,0.00,3,15.90,15.77,47.30,1.01,1.73,,"3 frame(s); median area 3.0 px; net motion dx=-45.0, dy=-110.9; flags: none"
N1357024705,T0351,1357024705-0309,0.6630,3,10,co-iss-n1357024705,1357024705,2001-01-01T07:06:14.560,892.33,680.44,22.42,4,0.00,4,22.42,13.95,55.80,1.61,1.00,,"3 frame(s); median area 3.0 px; net motion dx=-45.0, dy=-110.9; flags: none"
N1357028427,T0431,1357028427-0074,0.6580,3,11,co-iss-n1357028427,1357028427,2001-01-01T08:08:16.534,466.36,205.85,35.08,3,0.00,3,35.08,24.02,72.07,1.46,1.73,,"3 frame(s); median area 4.0 px; net motion dx=-63.1, dy=28.4; flags: none"
N1357028817,T0431,1357028817-0103,0.6580,3,12,co-iss-n1357028817,1357028817,2001-01-01T08:14:46.531,417.92,260.40,43.92,9,0.00,9,43.92,22.32,200.92,1.97,3.10,,"3 frame(s); median area 4.0 px; net motion dx=-63.1, dy=28.4; flags: none"
N1357029177,T0431,1357029177-0161,0.6580,3,13,co-iss-n1357029177,1357029177,2001-01-01T08:20:46.529,403.26,234.30,41.74,4,0.00,4,41.74,39.82,159.29,1.05,2.45,,"3 frame(s); median area 4.0 px; net motion dx=-63.1, dy=28.4; flags: none"
N1357015011,T0114,1357015011-0386,0.6528,3,2,co-iss-n1357015011,1357015011,2001-01-01T04:24:40.627,742.33,761.16,24.50,3,0.00,3,24.50,16.02,48.05,1.53,1.73,,"3 frame(s); median area 3.0 px; net motion dx=-92.8, dy=-59.4; flags: none"
N1357015401,T0114,1357015401-0275,0.6528,3,3,co-iss-n1357015401,1357015401,2001-01-01T04:31:10.624,704.25,754.75,24.27,3,0.00,3,24.27,16.10,48.29,1.51,1.73,,"3 frame(s); median area 3.0 px; net motion dx=-92.8, dy=-59.4; flags: none"
N1357015761,T0114,1357015761-0348,0.6528,3,4,co-iss-n1357015761,1357015761,2001-01-01T04:37:10.622,649.54,701.79,26.24,4,0.00,4,26.24,16.79,67.18,1.56,2.62,,"3 frame(s); median area 3.0 px; net motion dx=-92.8, dy=-59.4; flags: none"
N1357041843,T0758,1357041843-0189,0.6512,3,20,co-iss-n1357041843,1357041843,2001-01-01T11:51:52.441,88.73,573.59,11.76,7,0.00,7,11.76,9.22,64.56,1.28,2.39,,"3 frame(s); median area 3.0 px; net motion dx=48.0, dy=39.9; flags: none"
N1357042233,T0758,1357042233-0203,0.6512,3,21,co-iss-n1357042233,1357042233,2001-01-01T11:58:22.438,158.51,574.32,22.68,3,0.00,3,22.68,15.45,46.34,1.47,1.73,,"3 frame(s); median area 3.0 px; net motion dx=48.0, dy=39.9; flags: none"
N1357042593,T0758,1357042593-0270,0.6512,3,22,co-iss-n1357042593,1357042593,2001-01-01T12:04:22.436,136.75,613.53,19.68,3,0.00,3,19.68,13.91,41.74,1.41,1.73,,"3 frame(s); median area 3.0 px; net motion dx=48.0, dy=39.9; flags: none"
N1357041843,T0765,1357041843-0266,0.6510,3,20,co-iss-n1357041843,1357041843,2001-01-01T11:51:52.441,285.83,814.20,21.81,4,0.00,4,21.81,11.77,47.10,1.85,2.45,,"3 frame(s); median area 4.0 px; net motion dx=55.8, dy=-10.7; flags: none"
N1357042233,T0765,1357042233-0292,0.6510,3,21,co-iss-n1357042233,1357042233,2001-01-01T11:58:22.438,370.31,818.63,38.09,4,0.00,4,38.09,18.96,75.86,2.01,1.00,,"3 frame(s); median area 4.0 px; net motion dx=55.8, dy=-10.7; flags: none"
N1357042593,T0765,1357042593-0349,0.6510,3,22,co-iss-n1357042593,1357042593,2001-01-01T12:04:22.436,341.64,803.52,40.18,8,0.00,8,40.18,19.62,156.95,2.05,3.11,,"3 frame(s); median area 4.0 px; net motion dx=55.8, dy=-10.7; flags: none"
N1357015011,T0095,1357015011-0175,0.6490,3,2,co-iss-n1357015011,1357015011,2001-01-01T04:24:40.627,694.62,391.52,31.40,5,0.00,5,31.40,29.02,145.09,1.08,3.40,,"3 frame(s); median area 5.0 px; net motion dx=66.8, dy=25.1; flags: none"
N1357015401,T0095,1357015401-0139,0.6490,3,3,co-iss-n1357015401,1357015401,2001-01-01T04:31:10.624,697.32,409.82,33.88,4,0.00,4,33.88,24.39,97.56,1.39,1.63,,"3 frame(s); median area 5.0 px; net motion dx=66.8, dy=25.1; flags: none"
N1357015761,T0095,1357015761-0221,0.6490,3,4,co-iss-n1357015761,1357015761,2001-01-01T04:37:10.622,761.44,416.59,28.70,6,0.00,6,28.70,21.54,129.22,1.33,1.73,,"3 frame(s); median area 5.0 px; net motion dx=66.8, dy=25.1; flags: none"
N1357023955,T0352,1357023955-0281,0.6485,3,8,co-iss-n1357023955,1357023955,2001-01-01T06:53:44.565,335.55,799.56,34.61,4,0.00,4,34.61,31.03,124.12,1.12,1.00,,"3 frame(s); median area 4.0 px; net motion dx=68.5, dy=-2.4; flags: none"
N1357024345,T0352,1357024345-0267,0.6485,3,9,co-iss-n1357024345,1357024345,2001-01-01T07:00:14.562,395.36,774.54,20.01,3,0.00,3,20.01,14.63,43.88,1.37,1.73,,"3 frame(s); median area 4.0 px; net motion dx=68.5, dy=-2.4; flags: none"
N1357024705,T0352,1357024705-0355,0.6485,3,10,co-iss-n1357024705,1357024705,2001-01-01T07:06:14.560,404.05,797.16,42.08,5,0.15,5,42.08,19.17,95.87,2.19,7.25,,"3 frame(s); median area 4.0 px; net motion dx=68.5, dy=-2.4; flags: none"
N1357023955,T0355,1357023955-0303,0.6467,3,8,co-iss-n1357023955,1357023955,2001-01-01T06:53:44.565,487.60,840.88,32.40,3,0.00,3,32.40,22.85,68.55,1.42,1.73,,"3 frame(s); median area 3.0 px; net motion dx=-51.4, dy=77.5; flags: none"
N1357024345,T0355,1357024345-0300,0.6467,3,9,co-iss-n1357024345,1357024345,2001-01-01T07:00:14.562,463.28,859.19,41.53,3,0.00,3,41.53,26.24,78.73,1.58,1.73,,"3 frame(s); median area 3.0 px; net motion dx=-51.4, dy=77.5; flags: none"
N1357024705,T0355,1357024705-0412,0.6467,3,10,co-iss-n1357024705,1357024705,2001-01-01T07:06:14.560,436.18,918.41,13.01,5,0.00,5,13.01,10.70,53.50,1.22,3.52,,"3 frame(s); median area 3.0 px; net motion dx=-51.4, dy=77.5; flags: none"
N1357032899,T0567,1357032899-0249,0.6454,3,14,co-iss-n1357032899,1357032899,2001-01-01T09:22:48.503,563.34,680.15,27.86,3,0.00,3,27.86,18.22,54.67,1.53,1.73,,"3 frame(s); median area 3.0 px; net motion dx=12.0, dy=-20.2; flags: none"
N1357033289,T0567,1357033289-0260,0.6454,3,15,co-iss-n1357033289,1357033289,2001-01-01T09:29:18.500,596.20,701.26,13.17,3,0.00,3,13.17,9.39,28.17,1.40,4.39,,"3 frame(s); median area 3.0 px; net motion dx=12.0, dy=-20.2; flags: none"
N1357033649,T0567,1357033649-0270,0.6454,3,16,co-iss-n1357033649,1357033649,2001-01-01T09:35:18.498,575.33,659.95,10.62,3,0.00,3,10.62,9.00,27.00,1.18,4.39,,"3 frame(s); median area 3.0 px; net motion dx=12.0, dy=-20.2; flags: none"
N1357023955,T0342,1357023955-0191,0.6422,3,8,co-iss-n1357023955,1357023955,2001-01-01T06:53:44.565,474.39,537.68,30.50,5,0.00,5,30.50,19.73,98.64,1.55,1.73,,"3 frame(s); median area 5.0 px; net motion dx=34.2, dy=10.2; flags: none"
N1357024345,T0342,1357024345-0194,0.6422,3,9,co-iss-n1357024345,1357024345,2001-01-01T07:00:14.562,503.84,555.73,26.42,3,0.00,3,26.42,15.54,46.62,1.70,1.73,,"3 frame(s); median area 5.0 px; net motion dx=34.2, dy=10.2; flags: none"
N1357024705,T0342,1357024705-0257,0.6422,3,10,co-iss-n1357024705,1357024705,2001-01-01T07:06:14.560,508.55,547.88,29.24,7,0.15,7,29.24,16.14,112.95,1.81,6.64,,"3 frame(s); median area 5.0 px; net motion dx=34.2, dy=10.2; flags: none"
N1357028427,T0467,1357028427-0314,0.6409,3,11,co-iss-n1357028427,1357028427,2001-01-01T08:08:16.534,862.73,761.75,15.99,3,0.00,3,15.99,10.99,32.96,1.46,1.73,,"3 frame(s); median area 3.0 px; net motion dx=-82.6, dy=-92.0; flags: none"
N1357028817,T0467,1357028817-0296,0.6409,3,12,co-iss-n1357028817,1357028817,2001-01-01T08:14:46.531,790.99,725.65,9.64,3,0.00,3,9.64,9.10,27.29,1.06,4.39,,"3 frame(s); median area 3.0 px; net motion dx=-82.6, dy=-92.0; flags: none"
N1357029177,T0467,1357029177-0329,0.6409,3,13,co-iss-n1357029177,1357029177,2001-01-01T08:20:46.529,780.16,669.73,30.17,4,0.00,4,30.17,20.38,81.50,1.48,1.63,,"3 frame(s); median area 3.0 px; net motion dx=-82.6, dy=-92.0; flags: none"
N1357008677,T0010,1357008677-0093,0.6375,2,0,co-iss-n1357008677,1357008677,2001-01-01T02:39:06.671,459.81,691.45,17.41,3,0.00,3,17.41,13.02,39.06,1.34,1.73,,"2 frame(s); median area 11.5 px; net motion dx=-70.1, dy=11.8; flags: none"
N1357009037,T0010,1357009037-0324,0.6375,2,1,co-iss-n1357009037,1357009037,2001-01-01T02:45:06.668,389.66,703.28,46.45,20,0.00,20,46.45,31.04,620.71,1.50,5.08,,"2 frame(s); median area 11.5 px; net motion dx=-70.1, dy=11.8; flags: none"
N1357019483,T0212,1357019483-0098,0.6375,2,5,co-iss-n1357019483,1357019483,2001-01-01T05:39:12.596,380.12,279.41,36.43,11,0.00,11,36.43,29.09,319.94,1.25,3.95,,"2 frame(s); median area 9.5 px; net motion dx=-38.8, dy=-42.3; flags: none"
N1357019873,T0252,1357019873-0017,0.6375,2,6,co-iss-n1357019873,1357019873,2001-01-01T05:45:42.593,567.53,62.63,45.87,14,0.00,14,45.87,29.87,418.14,1.54,4.29,,"2 frame(s); median area 8.5 px; net motion dx=21.2, dy=-50.4; flags: none"
N1357019873,T0259,1357019873-0075,0.6375,2,6,co-iss-n1357019873,1357019873,2001-01-01T05:45:42.593,692.25,223.48,36.18,17,0.00,17,36.18,22.15,376.49,1.63,1.60,,"2 frame(s); median area 10.0 px; net motion dx=3.9, dy=51.0; flags: none"
N1357019873,T0212,1357019873-0081,0.6375,2,6,co-iss-n1357019873,1357019873,2001-01-01T05:45:42.593,341.33,237.12,46.90,8,0.00,8,46.90,33.93,271.42,1.38,3.54,,"2 frame(s); median area 9.5 px; net motion dx=-38.8, dy=-42.3; flags: none"
N1357020233,T0252,1357020233-0044,0.6375,2,7,co-iss-n1357020233,1357020233,2001-01-01T05:51:42.591,588.70,12.27,33.16,3,0.00,3,33.16,25.48,76.43,1.30,1.73,,"2 frame(s); median area 8.5 px; net motion dx=21.2, dy=-50.4; flags: none"
N1357020233,T0259,1357020233-0157,0.6375,2,7,co-iss-n1357020233,1357020233,2001-01-01T05:51:42.591,696.13,274.53,30.58,3,0.00,3,30.58,21.67,65.00,1.41,1.73,,"2 frame(s); median area 10.0 px; net motion dx=3.9, dy=51.0; flags: none"
N1357028427,T0450,1357028427-0206,0.6375,2,11,co-iss-n1357028427,1357028427,2001-01-01T08:08:16.534,618.18,510.41,27.14,5,0.00,5,27.14,17.01,85.06,1.60,1.73,,"2 frame(s); median area 8.5 px; net motion dx=-61.1, dy=0.4; flags: none"
N1357028817,T0450,1357028817-0207,0.6375,2,12,co-iss-n1357028817,1357028817,2001-01-01T08:14:46.531,557.10,510.77,32.16,12,0.00,12,32.16,14.89,178.67,2.16,2.70,,"2 frame(s); median area 8.5 px; net motion dx=-61.1, dy=0.4; flags: none"
N1357033289,T0592,1357033289-0155,0.6375,2,15,co-iss-n1357033289,1357033289,2001-01-01T09:29:18.500,309.22,445.53,38.52,10,0.00,10,38.52,29.29,292.85,1.32,2.83,,"2 frame(s); median area 8.0 px; net motion dx=52.8, dy=-58.6; flags: none"
N1357033649,T0592,1357033649-0177,0.6375,2,16,co-iss-n1357033649,1357033649,2001-01-01T09:35:18.498,362.05,386.90,37.63,6,0.00,6,37.63,23.69,142.13,1.59,1.35,,"2 frame(s); median area 8.0 px; net motion dx=52.8, dy=-58.6; flags: none"
N1357037371,T0659,1357037371-0192,0.6375,2,17,co-iss-n1357037371,1357037371,2001-01-01T10:37:20.472,367.14,501.43,30.35,5,0.00,5,30.35,28.29,141.45,1.07,1.73,,"2 frame(s); median area 9.0 px; net motion dx=37.3, dy=27.2; flags: none"
N1357037761,T0700,1357037761-0110,0.6375,2,18,co-iss-n1357037761,1357037761,2001-01-01T10:43:50.469,100.09,331.57,31.68,19,0.00,19,31.68,14.85,282.12,2.13,2.23,,"2 frame(s); median area 12.0 px; net motion dx=11.6, dy=-51.4; flags: none"
N1357037761,T0659,1357037761-0187,0.6375,2,18,co-iss-n1357037761,1357037761,2001-01-01T10:43:50.469,404.44,528.66,31.53,13,0.15,13,31.53,14.97,194.63,2.11,7.20,,"2 frame(s); median area 9.0 px; net motion dx=37.3, dy=27.2; flags: none"
N1357038121,T0700,1357038121-0150,0.6375,2,19,co-iss-n1357038121,1357038121,2001-01-01T10:49:50.467,111.74,280.14,42.16,5,0.00,5,42.16,22.19,110.96,1.90,1.73,,"2 frame(s); median area 12.0 px; net motion dx=11.6, dy=-51.4; flags: none"
N1357042233,T0787,1357042233-0233,0.6375,2,21,co-iss-n1357042233,1357042233,2001-01-01T11:58:22.438,615.23,627.32,27.60,12,0.00,12,27.60,14.77,177.22,1.87,3.54,,"2 frame(s); median area 9.0 px; net motion dx=58.7, dy=14.6; flags: none"
N1357042593,T0787,1357042593-0286,0.6375,2,22,co-iss-n1357042593,1357042593,2001-01-01T12:04:22.436,673.95,641.90,30.98,6,0.00,6,30.98,26.06,156.38,1.19,2.03,,"2 frame(s); median area 9.0 px; net motion dx=58.7, dy=14.6; flags: none"
N1357028427,T0455,1357028427-0239,0.6363,3,11,co-iss-n1357028427,1357028427,2001-01-01T08:08:16.534,370.43,572.01,23.25,4,0.00,4,23.25,17.42,69.69,1.33,2.62,,"3 frame(s); median area 4.0 px; net motion dx=69.7, dy=60.7; flags: none"
N1357028817,T0455,1357028817-0239,0.6363,3,12,co-iss-n1357028817,1357028817,2001-01-01T08:14:46.531,380.50,593.28,40.53,5,0.00,5,40.53,18.54,92.70,2.19,1.73,,"3 frame(s); median area 4.0 px; net motion dx=69.7, dy=60.7; flags: none"
N1357029177,T0455,1357029177-0311,0.6363,3,13,co-iss-n1357029177,1357029177,2001-01-01T08:20:46.529,440.12,632.71,38.38,4,0.00,4,38.38,20.19,80.76,1.90,1.63,,"3 frame(s); median area 4.0 px; net motion dx=69.7, dy=60.7; flags: none"
N1357028817,T0488,1357028817-0067,0.6277,2,12,co-iss-n1357028817,1357028817,2001-01-01T08:14:46.531,702.54,174.78,19.17,3,0.00,3,19.17,13.97,41.90,1.37,1.73,,"2 frame(s); median area 39.0 px; net motion dx=28.8, dy=37.7; flags: none"
N1357029177,T0488,1357029177-0148,0.6277,2,13,co-iss-n1357029177,1357029177,2001-01-01T08:20:46.529,731.37,212.49,27.55,75,0.00,75,27.55,21.48,1610.74,1.28,1.43,,"2 frame(s); median area 39.0 px; net motion dx=28.8, dy=37.7; flags: none"
N1357019483,T0204,1357019483-0033,0.6250,2,5,co-iss-n1357019483,1357019483,2001-01-01T05:39:12.596,773.37,86.67,35.47,4,0.00,4,35.47,19.27,77.09,1.84,1.00,,"2 frame(s); median area 7.5 px; net motion dx=2.5, dy=16.4; flags: none"
N1357019873,T0204,1357019873-0035,0.6250,2,6,co-iss-n1357019873,1357019873,2001-01-01T05:45:42.593,775.92,103.06,35.76,11,0.00,11,35.76,29.59,325.52,1.21,5.24,,"2 frame(s); median area 7.5 px; net motion dx=2.5, dy=16.4; flags: none"
N1357028817,T0496,1357028817-0122,0.6250,2,12,co-iss-n1357028817,1357028817,2001-01-01T08:14:46.531,186.80,306.76,25.86,8,0.00,8,25.86,17.30,138.39,1.49,2.98,,"2 frame(s); median area 7.5 px; net motion dx=33.1, dy=25.1; flags: none"
N1357029177,T0496,1357029177-0190,0.6250,2,13,co-iss-n1357029177,1357029177,2001-01-01T08:20:46.529,219.94,331.85,43.42,7,0.00,7,43.42,24.81,173.67,1.75,5.04,,"2 frame(s); median area 7.5 px; net motion dx=33.1, dy=25.1; flags: none"
N1357032899,T0572,1357032899-0281,0.6247,3,14,co-iss-n1357032899,1357032899,2001-01-01T09:22:48.503,808.00,769.72,11.82,3,0.00,3,11.82,9.04,27.12,1.31,4.39,,"3 frame(s); median area 3.0 px; net motion dx=85.0, dy=-91.0; flags: none"
N1357033289,T0572,1357033289-0263,0.6247,3,15,co-iss-n1357033289,1357033289,2001-01-01T09:29:18.500,851.70,713.65,16.87,8,0.00,8,16.87,13.88,111.08,1.21,2.86,,"3 frame(s); median area 3.0 px; net motion dx=85.0, dy=-91.0; flags: none"
N1357033649,T0572,1357033649-0287,0.6247,3,16,co-iss-n1357033649,1357033649,2001-01-01T09:35:18.498,893.05,678.68,8.93,3,0.00,3,8.93,8.02,24.06,1.11,4.39,,"3 frame(s); median area 3.0 px; net motion dx=85.0, dy=-91.0; flags: none"
N1357019483,T0224,1357019483-0209,0.6176,3,5,co-iss-n1357019483,1357019483,2001-01-01T05:39:12.596,938.60,520.22,14.43,3,0.00,3,14.43,12.03,36.08,1.20,1.73,,"3 frame(s); median area 4.0 px; net motion dx=-26.4, dy=53.8; flags: none"
N1357019873,T0224,1357019873-0209,0.6176,3,6,co-iss-n1357019873,1357019873,2001-01-01T05:45:42.593,942.81,603.08,12.67,4,0.00,4,12.67,11.57,46.27,1.10,3.60,,"3 frame(s); median area 4.0 px; net motion dx=-26.4, dy=53.8; flags: none"
N1357020233,T0224,1357020233-0276,0.6176,3,7,co-iss-n1357020233,1357020233,2001-01-01T05:51:42.591,912.21,574.06,22.96,16,0.00,16,22.96,14.99,239.82,1.53,1.96,,"3 frame(s); median area 4.0 px; net motion dx=-26.4, dy=53.8; flags: none"
N1357015011,T0096,1357015011-0180,0.6136,3,2,co-iss-n1357015011,1357015011,2001-01-01T04:24:40.627,602.25,398.21,20.38,3,0.00,3,20.38,12.61,37.84,1.62,1.73,,"3 frame(s); median area 3.0 px; net motion dx=19.5, dy=22.0; flags: none"
N1357015401,T0096,1357015401-0152,0.6136,3,3,co-iss-n1357015401,1357015401,2001-01-01T04:31:10.624,639.50,439.64,19.29,4,0.00,4,19.29,13.91,55.65,1.39,1.00,,"3 frame(s); median area 3.0 px; net motion dx=19.5, dy=22.0; flags: none"
N1357015761,T0096,1357015761-0224,0.6136,3,4,co-iss-n1357015761,1357015761,2001-01-01T04:37:10.622,621.73,420.26,13.47,3,0.00,3,13.47,9.54,28.62,1.41,1.73,,"3 frame(s); median area 3.0 px; net motion dx=19.5, dy=22.0; flags: none"
N1357019873,T0256,1357019873-0040,0.6125,2,6,co-iss-n1357019873,1357019873,2001-01-01T05:45:42.593,122.13,117.24,46.36,11,0.00,11,46.36,22.47,247.16,2.06,3.55,,"2 frame(s); median area 7.0 px; net motion dx=-41.5, dy=38.6; flags: none"
N1357020233,T0256,1357020233-0115,0.6125,2,7,co-iss-n1357020233,1357020233,2001-01-01T05:51:42.591,80.66,155.83,23.77,3,0.00,3,23.77,16.13,48.40,1.47,1.73,,"2 frame(s); median area 7.0 px; net motion dx=-41.5, dy=38.6; flags: none"
N1357024345,T0382,1357024345-0160,0.6125,2,9,co-iss-n1357024345,1357024345,2001-01-01T07:00:14.562,686.03,462.57,26.88,9,0.00,9,26.88,21.75,195.79,1.24,1.96,,"2 frame(s); median area 7.0 px; net motion dx=-27.8, dy=-16.6; flags: none"
N1357024705,T0382,1357024705-0211,0.6125,2,10,co-iss-n1357024705,1357024705,2001-01-01T07:06:14.560,658.20,445.98,28.14,5,0.00,5,28.14,13.42,67.11,2.10,1.62,,"2 frame(s); median area 7.0 px; net motion dx=-27.8, dy=-16.6; flags: none"
N1357037761,T0709,1357037761-0332,0.6125,2,18,co-iss-n1357037761,1357037761,2001-01-01T10:43:50.469,316.48,917.16,53.13,7,0.00,7,53.13,25.69,179.84,2.07,2.18,,"2 frame(s); median area 7.0 px; net motion dx=65.9, dy=16.8; flags: none"
N1357038121,T0709,1357038121-0400,0.6125,2,19,co-iss-n1357038121,1357038121,2001-01-01T10:49:50.467,382.41,934.01,40.58,7,0.00,7,40.58,25.70,179.91,1.58,3.53,,"2 frame(s); median area 7.0 px; net motion dx=65.9, dy=16.8; flags: none"
N1357041843,T0743,1357041843-0041,0.6125,2,20,co-iss-n1357041843,1357041843,2001-01-01T11:51:52.441,337.09,119.37,33.52,6,0.00,6,33.52,15.50,92.98,2.16,4.47,,"2 frame(s); median area 7.0 px; net motion dx=4.6, dy=-75.9; flags: none"
N1357042233,T0743,1357042233-0005,0.6125,2,21,co-iss-n1357042233,1357042233,2001-01-01T11:58:22.438,341.73,43.48,17.44,8,0.00,8,17.44,11.30,90.40,1.54,3.15,,"2 frame(s); median area 7.0 px; net motion dx=4.6, dy=-75.9; flags: none"
N1357037371,T0639,1357037371-0042,0.6094,2,17,co-iss-n1357037371,1357037371,2001-01-01T10:37:20.472,987.73,99.30,19.80,11,0.15,11,19.80,13.30,146.33,1.49,6.53,,"2 frame(s); median area 8.0 px; net motion dx=-13.1, dy=38.5; flags: none"
N1357037761,T0639,1357037761-0037,0.6094,2,18,co-iss-n1357037761,1357037761,2001-01-01T10:43:50.469,974.66,137.81,20.84,5,0.00,5,20.84,14.06,70.32,1.48,4.39,,"2 frame(s); median area 8.0 px; net motion dx=-13.1, dy=38.5; flags: none"
N1357028427,T0453,1357028427-0223,0.6072,2,11,co-iss-n1357028427,1357028427,2001-01-01T08:08:16.534,465.35,543.02,29.43,11,0.00,11,29.43,14.76,162.40,1.99,3.52,,"2 frame(s); median area 7.0 px; net motion dx=-25.8, dy=2.6; flags: none"
N1357028817,T0453,1357028817-0221,0.6072,2,12,co-iss-n1357028817,1357028817,2001-01-01T08:14:46.531,439.59,545.59,18.81,3,0.00,3,18.81,15.14,45.42,1.24,1.73,,"2 frame(s); median area 7.0 px; net motion dx=-25.8, dy=2.6; flags: none"
N1357037371,T0680,1357037371-0314,0.6024,3,17,co-iss-n1357037371,1357037371,2001-01-01T10:37:20.472,497.16,781.43,21.24,3,0.00,3,21.24,16.37,49.12,1.30,1.73,,"3 frame(s); median area 4.0 px; net motion dx=60.8, dy=-24.7; flags: none"
N1357037761,T0680,1357037761-0290,0.6024,3,18,co-iss-n1357037761,1357037761,2001-01-01T10:43:50.469,509.35,818.42,12.35,4,0.15,4,12.35,9.27,37.07,1.33,6.17,,"3 frame(s); median area 4.0 px; net motion dx=60.8, dy=-24.7; flags: none"
N1357038121,T0680,1357038121-0338,0.6024,3,19,co-iss-n1357038121,1357038121,2001-01-01T10:49:50.467,557.95,756.72,10.08,4,0.00,4,10.08,8.57,34.29,1.18,3.60,,"3 frame(s); median area 4.0 px; net motion dx=60.8, dy=-24.7; flags: none"
N1357015401,T0146,1357015401-0063,0.6000,2,3,co-iss-n1357015401,1357015401,2001-01-01T04:31:10.624,378.49,194.87,51.67,8,0.00,8,51.67,25.04,200.33,2.06,4.39,,"2 frame(s); median area 6.5 px; net motion dx=73.1, dy=39.8; flags: none"
N1357015761,T0146,1357015761-0165,0.6000,2,4,co-iss-n1357015761,1357015761,2001-01-01T04:37:10.622,451.55,234.65,42.23,5,0.00,5,42.23,30.93,154.65,1.37,1.73,,"2 frame(s); median area 6.5 px; net motion dx=73.1, dy=39.8; flags: none"
N1357023955,T0323,1357023955-0042,0.6000,2,8,co-iss-n1357023955,1357023955,2001-01-01T06:53:44.565,229.27,122.39,38.89,6,0.00,6,38.89,17.93,107.56,2.17,1.63,,"2 frame(s); median area 6.5 px; net motion dx=-61.6, dy=17.9; flags: none"
N1357024345,T0323,1357024345-0039,0.6000,2,9,co-iss-n1357024345,1357024345,2001-01-01T07:00:14.562,167.65,140.26,47.12,7,0.00,7,47.12,29.69,207.84,1.59,1.46,,"2 frame(s); median area 6.5 px; net motion dx=-61.6, dy=17.9; flags: none"
N1357028427,T0433,1357028427-0090,0.6000,2,11,co-iss-n1357028427,1357028427,2001-01-01T08:08:16.534,243.98,229.98,36.15,6,0.00,6,36.15,25.73,154.40,1.40,3.56,,"2 frame(s); median area 6.5 px; net motion dx=-10.3, dy=-67.5; flags: none"
N1357028817,T0433,1357028817-0060,0.6000,2,12,co-iss-n1357028817,1357028817,2001-01-01T08:14:46.531,233.69,162.50,46.70,7,0.15,7,46.70,18.68,130.75,2.50,7.94,,"2 frame(s); median area 6.5 px; net motion dx=-10.3, dy=-67.5; flags: none"
N1357032899,T0560,1357032899-0174,0.5992,2,14,co-iss-n1357032899,1357032899,2001-01-01T09:22:48.503,774.04,477.30,23.83,7,0.00,7,23.83,15.58,109.04,1.53,5.08,,"2 frame(s); median area 7.0 px; net motion dx=39.3, dy=45.2; flags: none"
N1357033289,T0560,1357033289-0188,0.5992,2,15,co-iss-n1357033289,1357033289,2001-01-01T09:29:18.500,813.36,522.54,21.74,7,0.00,7,21.74,13.71,95.94,1.59,3.63,,"2 frame(s); median area 7.0 px; net motion dx=39.3, dy=45.2; flags: none"
N1357008677,T0007,1357008677-0063,0.5949,2,0,co-iss-n1357008677,1357008677,2001-01-01T02:39:06.671,860.00,680.65,8.34,3,0.00,3,8.34,7.89,23.67,1.06,4.39,,"2 frame(s); median area 7.5 px; net motion dx=-31.8, dy=-35.5; flags: none"
N1357009037,T0007,1357009037-0299,0.5949,2,1,co-iss-n1357009037,1357009037,2001-01-01T02:45:06.668,828.19,645.20,31.63,12,0.00,12,31.63,27.53,330.40,1.15,1.65,,"2 frame(s); median area 7.5 px; net motion dx=-31.8, dy=-35.5; flags: none"
N1357024345,T0394,1357024345-0391,0.5940,2,9,co-iss-n1357024345,1357024345,2001-01-01T07:00:14.562,1016.46,942.84,8.85,11,0.00,11,8.85,7.98,87.80,1.11,1.44,,"2 frame(s); median area 7.5 px; net motion dx=-33.0, dy=-65.5; flags: none"
N1357024705,T0394,1357024705-0393,0.5940,2,10,co-iss-n1357024705,1357024705,2001-01-01T07:06:14.560,983.50,877.37,30.83,4,0.00,4,30.83,24.14,96.55,1.28,1.00,,"2 frame(s); median area 7.5 px; net motion dx=-33.0, dy=-65.5; flags: none"
N1357008677,T0008,1357008677-0074,0.5875,2,0,co-iss-n1357008677,1357008677,2001-01-01T02:39:06.671,526.36,685.27,32.76,6,0.00,6,32.76,16.27,97.60,2.01,2.45,,"2 frame(s); median area 6.0 px; net motion dx=24.9, dy=-70.1; flags: none"
N1357009037,T0008,1357009037-0288,0.5875,2,1,co-iss-n1357009037,1357009037,2001-01-01T02:45:06.668,551.22,615.17,32.31,6,0.00,6,32.31,14.84,89.05,2.18,3.60,,"2 frame(s); median area 6.0 px; net motion dx=24.9, dy=-70.1; flags: none"
N1357015011,T0098,1357015011-0190,0.5875,2,2,co-iss-n1357015011,1357015011,2001-01-01T04:24:40.627,421.84,412.24,34.93,3,0.00,3,34.93,19.32,57.97,1.81,1.73,,"2 frame(s); median area 6.0 px; net motion dx=36.0, dy=-62.6; flags: none"
N1357015401,T0098,1357015401-0121,0.5875,2,3,co-iss-n1357015401,1357015401,2001-01-01T04:31:10.624,457.80,349.65,25.69,9,0.00,9,25.69,17.42,156.78,1.47,4.39,,"2 frame(s); median area 6.0 px; net motion dx=36.0, dy=-62.6; flags: none"
N1357019483,T0219,1357019483-0140,0.5875,2,5,co-iss-n1357019483,1357019483,2001-01-01T05:39:12.596,588.70,371.36,32.58,9,0.00,9,32.58,22.39,201.53,1.45,2.60,,"2 frame(s); median area 6.0 px; net motion dx=-17.9, dy=-53.6; flags: none"
N1357019483,T0244,1357019483-0341,0.5875,2,5,co-iss-n1357019483,1357019483,2001-01-01T05:39:12.596,539.23,870.38,20.05,7,0.00,7,20.05,9.37,65.57,2.14,5.19,,"2 frame(s); median area 6.0 px; net motion dx=51.5, dy=-40.2; flags: none"
N1357019873,T0219,1357019873-0108,0.5875,2,6,co-iss-n1357019873,1357019873,2001-01-01T05:45:42.593,570.83,317.71,18.54,3,0.00,3,18.54,13.44,40.32,1.38,4.39,,"2 frame(s); median area 6.0 px; net motion dx=-17.9, dy=-53.6; flags: none"
N1357019873,T0263,1357019873-0142,0.5875,2,6,co-iss-n1357019873,1357019873,2001-01-01T05:45:42.593,608.18,398.05,35.15,8,0.00,8,35.15,32.11,256.87,1.09,3.25,,"2 frame(s); median area 6.0 px; net motion dx=40.8, dy=12.7; flags: none"
N1357019873,T0244,1357019873-0279,0.5875,2,6,co-iss-n1357019873,1357019873,2001-01-01T05:45:42.593,590.74,830.19,38.40,5,0.00,5,38.40,19.08,95.41,2.01,1.73,,"2 frame(s); median area 6.0 px; net motion dx=51.5, dy=-40.2; flags: none"
N1357020233,T0263,1357020233-0209,0.5875,2,7,co-iss-n1357020233,1357020233,2001-01-01T05:51:42.591,648.98,410.72,30.01,4,0.00,4,30.01,19.48,77.93,1.54,5.83,,"2 frame(s); median area 6.0 px; net motion dx=40.8, dy=12.7; flags: none"
N1357024345,T0387,1357024345-0226,0.5875,2,9,co-iss-n1357024345,1357024345,2001-01-01T07:00:14.562,174.12,649.58,43.84,6,0.00,6,43.84,29.24,175.43,1.50,1.15,,"2 frame(s); median area 6.0 px; net motion dx=4.2, dy=78.3; flags: none"
N1357024705,T0387,1357024705-0335,0.5875,2,10,co-iss-n1357024705,1357024705,2001-01-01T07:06:14.560,178.31,727.87,24.61,6,0.00,6,24.61,13.64,81.86,1.80,4.39,,"2 frame(s); median area 6.0 px; net motion dx=4.2, dy=78.3; flags: none"
N1357037761,T0698,1357037761-0088,0.5875,2,18,co-iss-n1357037761,1357037761,2001-01-01T10:43:50.469,354.34,265.32,24.53,7,0.00,7,24.53,16.58,116.05,1.48,3.28,,"2 frame(s); median area 6.0 px; net motion dx=-29.2, dy=18.5; flags: none"
N1357038121,T0698,1357038121-0151,0.5875,2,19,co-iss-n1357038121,1357038121,2001-01-01T10:49:50.467,325.14,283.78,39.00,5,0.00,5,39.00,23.73,118.66,1.64,1.73,,"2 frame(s); median area 6.0 px; net motion dx=-29.2, dy=18.5; flags: none"
N1357042233,T0785,1357042233-0223,0.5875,2,21,co-iss-n1357042233,1357042233,2001-01-01T11:58:22.438,229.38,615.68,39.20,4,0.00,4,39.20,27.20,108.81,1.44,4.47,,"2 frame(s); median area 6.0 px; net motion dx=12.8, dy=-26.2; flags: none"
N1357042593,T0785,1357042593-0256,0.5875,2,22,co-iss-n1357042593,1357042593,2001-01-01T12:04:22.436,242.13,589.46,38.96,8,0.15,8,38.96,20.76,166.08,1.88,6.89,,"2 frame(s); median area 6.0 px; net motion dx=12.8, dy=-26.2; flags: none"
N1357024345,T0384,1357024345-0173,0.5845,2,9,co-iss-n1357024345,1357024345,2001-01-01T07:00:14.562,605.39,501.64,20.69,4,0.00,4,20.69,12.66,50.62,1.63,1.00,,"2 frame(s); median area 6.0 px; net motion dx=66.2, dy=-47.6; flags: none"
N1357024705,T0384,1357024705-0216,0.5845,2,10,co-iss-n1357024705,1357024705,2001-01-01T07:06:14.560,671.59,454.00,28.33,8,0.00,8,28.33,26.72,213.73,1.06,1.22,,"2 frame(s); median area 6.0 px; net motion dx=66.2, dy=-47.6; flags: none"
N1357028427,T0477,1357028427-0417,0.5803,2,11,co-iss-n1357028427,1357028427,2001-01-01T08:08:16.534,799.65,943.64,22.10,4,0.00,4,22.10,12.62,50.47,1.75,1.00,,"2 frame(s); median area 17.0 px; net motion dx=5.1, dy=-1.0; flags: none"
N1357028817,T0477,1357028817-0414,0.5803,2,12,co-iss-n1357028817,1357028817,2001-01-01T08:14:46.531,804.75,942.68,8.82,30,0.00,30,8.82,7.65,229.52,1.15,3.00,,"2 frame(s); median area 17.0 px; net motion dx=5.1, dy=-1.0; flags: none"
N1357028427,T0459,1357028427-0263,0.5779,3,11,co-iss-n1357028427,1357028427,2001-01-01T08:08:16.534,677.45,632.04,24.24,6,0.00,6,24.24,18.31,109.87,1.32,1.63,,"3 frame(s); median area 5.0 px; net motion dx=-26.2, dy=-50.9; flags: none"
N1357028817,T0459,1357028817-0259,0.5779,3,12,co-iss-n1357028817,1357028817,2001-01-01T08:14:46.531,674.79,637.46,28.18,3,0.00,3,28.18,17.32,51.97,1.63,1.73,,"3 frame(s); median area 5.0 px; net motion dx=-26.2, dy=-50.9; flags: none"
N1357029177,T0459,1357029177-0292,0.5779,3,13,co-iss-n1357029177,1357029177,2001-01-01T08:20:46.529,651.22,581.16,15.40,5,0.00,5,15.40,11.92,59.58,1.29,2.89,,"3 frame(s); median area 5.0 px; net motion dx=-26.2, dy=-50.9; flags: none"
N1357019483,T0246,1357019483-0387,0.5757,3,5,co-iss-n1357019483,1357019483,2001-01-01T05:39:12.596,935.00,934.24,9.08,4,0.00,4,9.08,7.96,31.85,1.14,1.63,,"3 frame(s); median area 4.0 px; net motion dx=66.7, dy=-69.1; flags: none"
N1357019873,T0246,1357019873-0316,0.5757,3,6,co-iss-n1357019873,1357019873,2001-01-01T05:45:42.593,966.75,926.26,8.35,4,0.00,4,8.35,7.53,30.12,1.11,2.45,,"3 frame(s); median area 4.0 px; net motion dx=66.7, dy=-69.1; flags: none"
N1357020233,T0246,1357020233-0377,0.5757,3,7,co-iss-n1357020233,1357020233,2001-01-01T05:51:42.591,1001.66,865.17,22.37,3,0.00,3,22.37,15.28,45.85,1.46,1.73,,"3 frame(s); median area 4.0 px; net motion dx=66.7, dy=-69.1; flags: none"
N1357028427,T0444,1357028427-0165,0.5750,2,11,co-iss-n1357028427,1357028427,2001-01-01T08:08:16.534,47.39,409.10,36.92,8,0.00,8,36.92,21.89,175.14,1.69,2.45,,"2 frame(s); median area 5.5 px; net motion dx=-25.5, dy=-55.6; flags: none"
N1357028817,T0444,1357028817-0144,0.5750,2,12,co-iss-n1357028817,1357028817,2001-01-01T08:14:46.531,21.88,353.50,46.90,3,0.00,3,46.90,31.58,94.74,1.49,1.73,,"2 frame(s); median area 5.5 px; net motion dx=-25.5, dy=-55.6; flags: none"
N1357037371,T0643,1357037371-0094,0.5750,2,17,co-iss-n1357037371,1357037371,2001-01-01T10:37:20.472,926.12,244.44,24.01,5,0.00,5,24.01,21.85,109.25,1.10,1.73,,"2 frame(s); median area 5.5 px; net motion dx=-47.7, dy=10.9; flags: none"
N1357037761,T0643,1357037761-0084,0.5750,2,18,co-iss-n1357037761,1357037761,2001-01-01T10:43:50.469,878.44,255.37,40.99,6,0.00,6,40.99,19.77,118.64,2.07,3.47,,"2 frame(s); median area 5.5 px; net motion dx=-47.7, dy=10.9; flags: none"
N1357015011,T0115,1357015011-0388,0.5743,3,2,co-iss-n1357015011,1357015011,2001-01-01T04:24:40.627,585.53,763.57,12.41,4,0.00,4,12.41,10.73,42.93,1.16,1.00,,"3 frame(s); median area 4.0 px; net motion dx=-10.0, dy=-63.1; flags: none"
N1357015401,T0115,1357015401-0274,0.5743,3,3,co-iss-n1357015401,1357015401,2001-01-01T04:31:10.624,607.64,754.64,9.39,3,0.00,3,9.39,8.65,25.94,1.09,1.73,,"3 frame(s); median area 4.0 px; net motion dx=-10.0, dy=-63.1; flags: none"
N1357015761,T0115,1357015761-0345,0.5743,3,4,co-iss-n1357015761,1357015761,2001-01-01T04:37:10.622,575.52,700.48,40.30,4,0.00,4,40.30,29.12,116.47,1.38,1.00,,"3 frame(s); median area 4.0 px; net motion dx=-10.0, dy=-63.1; flags: none"
N1357037371,T0634,1357037371-0012,0.5742,3,17,co-iss-n1357037371,1357037371,2001-01-01T10:37:20.472,873.70,29.50,22.56,3,0.00,3,22.56,14.95,44.85,1.51,1.73,,"3 frame(s); median area 3.0 px; net motion dx=40.5, dy=-23.7; flags: none"
N1357037761,T0634,1357037761-0001,0.5742,3,18,co-iss-n1357037761,1357037761,2001-01-01T10:43:50.469,952.22,5.38,13.10,3,0.00,3,13.10,11.01,33.03,1.19,1.73,,"3 frame(s); median area 3.0 px; net motion dx=40.5, dy=-23.7; flags: none"
N1357038121,T0634,1357038121-0007,0.5742,3,19,co-iss-n1357038121,1357038121,2001-01-01T10:49:50.467,914.23,5.79,9.06,12,0.00,12,9.06,7.83,94.01,1.16,3.55,,"3 frame(s); median area 3.0 px; net motion dx=40.5, dy=-23.7; flags: none"
N1357008677,T0012,1357008677-0109,0.5737,2,0,co-iss-n1357008677,1357008677,2001-01-01T02:39:06.671,158.23,712.96,19.36,5,0.00,5,19.36,13.26,66.31,1.46,2.89,,"2 frame(s); median area 5.5 px; net motion dx=-42.3, dy=-8.1; flags: none"
N1357009037,T0012,1357009037-0327,0.5737,2,1,co-iss-n1357009037,1357009037,2001-01-01T02:45:06.668,115.98,704.90,30.20,6,0.00,6,30.20,15.98,95.90,1.89,6.00,,"2 frame(s); median area 5.5 px; net motion dx=-42.3, dy=-8.1; flags: none"
N1357015011,T0075,1357015011-0021,0.5728,3,2,co-iss-n1357015011,1357015011,2001-01-01T04:24:40.627,864.52,53.78,15.73,7,0.00,7,15.73,10.29,72.03,1.53,5.19,,"3 frame(s); median area 4.0 px; net motion dx=28.7, dy=-49.3; flags: none"
N1357015401,T0075,1357015401-0011,0.5728,3,3,co-iss-n1357015401,1357015401,2001-01-01T04:31:10.624,850.27,43.58,27.39,3,0.00,3,27.39,15.80,47.40,1.73,1.73,,"3 frame(s); median area 4.0 px; net motion dx=28.7, dy=-49.3; flags: none"
N1357015761,T0075,1357015761-0006,0.5728,3,4,co-iss-n1357015761,1357015761,2001-01-01T04:37:10.622,893.25,4.49,8.14,4,0.00,4,8.14,7.89,31.54,1.03,1.82,,"3 frame(s); median area 4.0 px; net motion dx=28.7, dy=-49.3; flags: none"
N1357028817,T0501,1357028817-0172,0.5674,2,12,co-iss-n1357028817,1357028817,2001-01-01T08:14:46.531,666.81,431.72,29.38,7,0.00,7,29.38,18.77,131.39,1.57,3.82,,"2 frame(s); median area 5.5 px; net motion dx=-41.2, dy=55.3; flags: none"
N1357029177,T0501,1357029177-0251,0.5674,2,13,co-iss-n1357029177,1357029177,2001-01-01T08:20:46.529,625.60,487.00,18.09,4,0.00,4,18.09,11.32,45.30,1.60,2.62,,"2 frame(s); median area 5.5 px; net motion dx=-41.2, dy=55.3; flags: none"
N1357023955,T0364,1357023955-0339,0.5657,2,8,co-iss-n1357023955,1357023955,2001-01-01T06:53:44.565,828.44,929.90,17.04,3,0.00,3,17.04,12.78,38.35,1.33,4.39,,"2 frame(s); median area 10.0 px; net motion dx=-7.1, dy=12.0; flags: none"
N1357024345,T0364,1357024345-0383,0.5657,2,9,co-iss-n1357024345,1357024345,2001-01-01T07:00:14.562,821.38,941.85,9.04,17,0.00,17,9.04,7.57,128.61,1.19,1.40,,"2 frame(s); median area 10.0 px; net motion dx=-7.1, dy=12.0; flags: none"
N1357015401,T0151,1357015401-0164,0.5625,2,3,co-iss-n1357015401,1357015401,2001-01-01T04:31:10.624,705.77,481.19,32.55,7,0.00,7,32.55,21.97,153.77,1.48,2.28,,"2 frame(s); median area 5.0 px; net motion dx=65.5, dy=-17.9; flags: none"
N1357015401,T0156,1357015401-0205,0.5625,2,3,co-iss-n1357015401,1357015401,2001-01-01T04:31:10.624,765.20,611.82,30.33,5,0.00,5,30.33,15.80,79.02,1.92,1.83,,"2 frame(s); median area 5.0 px; net motion dx=-25.4, dy=39.1; flags: none"
N1357015761,T0151,1357015761-0243,0.5625,2,4,co-iss-n1357015761,1357015761,2001-01-01T04:37:10.622,771.22,463.28,29.09,3,0.00,3,29.09,19.47,58.41,1.49,1.73,,"2 frame(s); median area 5.0 px; net motion dx=65.5, dy=-17.9; flags: none"
N1357015761,T0156,1357015761-0324,0.5625,2,4,co-iss-n1357015761,1357015761,2001-01-01T04:37:10.622,739.76,650.94,33.15,5,0.00,5,33.15,18.93,94.64,1.75,1.73,,"2 frame(s); median area 5.0 px; net motion dx=-25.4, dy=39.1; flags: none"
N1357019483,T0205,1357019483-0038,0.5625,2,5,co-iss-n1357019483,1357019483,2001-01-01T05:39:12.596,201.65,93.75,13.50,3,0.00,3,13.50,11.19,33.58,1.21,1.73,,"2 frame(s); median area 5.0 px; net motion dx=-58.9, dy=6.3; flags: none"
N1357019483,T0240,1357019483-0319,0.5625,2,5,co-iss-n1357019483,1357019483,2001-01-01T05:39:12.596,613.07,810.89,15.02,5,0.00,5,15.02,9.95,49.74,1.51,4.24,,"2 frame(s); median area 5.0 px; net motion dx=6.0, dy=-6.0; flags: none"
N1357019873,T0205,1357019873-0034,0.5625,2,6,co-iss-n1357019873,1357019873,2001-01-01T05:45:42.593,142.71,100.07,39.35,7,0.15,7,39.35,23.48,164.36,1.68,6.64,,"2 frame(s); median area 5.0 px; net motion dx=-58.9, dy=6.3; flags: none"
N1357019873,T0240,1357019873-0266,0.5625,2,6,co-iss-n1357019873,1357019873,2001-01-01T05:45:42.593,619.11,804.88,37.62,5,0.00,5,37.62,22.18,110.92,1.70,3.52,,"2 frame(s); median area 5.0 px; net motion dx=6.0, dy=-6.0; flags: none"
N1357028817,T0498,1357028817-0130,0.5625,2,12,co-iss-n1357028817,1357028817,2001-01-01T08:14:46.531,459.55,316.68,41.92,5,0.00,5,41.92,19.68,98.38,2.13,3.40,,"2 frame(s); median area 5.0 px; net motion dx=41.9, dy=8.5; flags: none"
N1357028817,T0499,1357028817-0151,0.5625,2,12,co-iss-n1357028817,1357028817,2001-01-01T08:14:46.531,594.59,372.55,35.55,6,0.00,6,35.55,26.19,157.11,1.36,2.03,,"2 frame(s); median area 5.0 px; net motion dx=-30.0, dy=-56.4; flags: none"
N1357029177,T0499,1357029177-0184,0.5625,2,13,co-iss-n1357029177,1357029177,2001-01-01T08:20:46.529,564.62,316.20,36.70,4,0.00,4,36.70,27.18,108.71,1.35,2.62,,"2 frame(s); median area 5.0 px; net motion dx=-30.0, dy=-56.4; flags: none"
N1357029177,T0498,1357029177-0189,0.5625,2,13,co-iss-n1357029177,1357029177,2001-01-01T08:20:46.529,501.50,325.23,38.57,5,0.00,5,38.57,29.79,148.96,1.29,1.73,,"2 frame(s); median area 5.0 px; net motion dx=41.9, dy=8.5; flags: none"
N1357037371,T0642,1357037371-0073,0.5625,2,17,co-iss-n1357037371,1357037371,2001-01-01T10:37:20.472,687.69,172.29,31.68,6,0.00,6,31.68,16.43,98.59,1.93,2.99,,"2 frame(s); median area 5.0 px; net motion dx=2.3, dy=20.0; flags: none"
N1357037371,T0644,1357037371-0103,0.5625,2,17,co-iss-n1357037371,1357037371,2001-01-01T10:37:20.472,406.38,284.29,32.86,6,0.00,6,32.86,25.46,152.77,1.29,2.03,,"2 frame(s); median area 5.0 px; net motion dx=-4.9, dy=-72.2; flags: none"
N1357037761,T0642,1357037761-0056,0.5625,2,18,co-iss-n1357037761,1357037761,2001-01-01T10:43:50.469,690.00,192.31,31.68,4,0.00,4,31.68,16.11,64.46,1.97,2.62,,"2 frame(s); median area 5.0 px; net motion dx=2.3, dy=20.0; flags: none"
N1357037761,T0644,1357037761-0066,0.5625,2,18,co-iss-n1357037761,1357037761,2001-01-01T10:43:50.469,401.50,212.10,38.95,4,0.00,4,38.95,32.39,129.55,1.20,2.62,,"2 frame(s); median area 5.0 px; net motion dx=-4.9, dy=-72.2; flags: none"
N1357042233,T0783,1357042233-0205,0.5625,2,21,co-iss-n1357042233,1357042233,2001-01-01T11:58:22.438,293.98,576.60,37.78,7,0.00,7,37.78,30.34,212.35,1.25,2.18,,"2 frame(s); median area 5.0 px; net motion dx=20.2, dy=-44.8; flags: none"
N1357042233,T0786,1357042233-0225,0.5625,2,21,co-iss-n1357042233,1357042233,2001-01-01T11:58:22.438,222.99,617.05,30.81,5,0.00,5,30.81,19.91,99.55,1.55,4.24,,"2 frame(s); median area 5.0 px; net motion dx=77.2, dy=-23.4; flags: none"
N1357042593,T0783,1357042593-0228,0.5625,2,22,co-iss-n1357042593,1357042593,2001-01-01T12:04:22.436,314.21,531.78,33.37,3,0.00,3,33.37,19.67,59.01,1.70,1.73,,"2 frame(s); median area 5.0 px; net motion dx=20.2, dy=-44.8; flags: none"
N1357042593,T0786,1357042593-0258,0.5625,2,22,co-iss-n1357042593,1357042593,2001-01-01T12:04:22.436,300.14,593.67,31.84,5,0.00,5,31.84,21.95,109.76,1.45,3.95,,"2 frame(s); median area 5.0 px; net motion dx=77.2, dy=-23.4; flags: none"
N1357023955,T0333,1357023955-0128,0.5602,2,8,co-iss-n1357023955,1357023955,2001-01-01T06:53:44.565,263.71,367.54,35.72,7,0.00,7,35.72,19.36,135.54,1.84,2.18,,"2 frame(s); median area 5.0 px; net motion dx=-11.5, dy=-77.0; flags: none"
N1357024345,T0333,1357024345-0094,0.5602,2,9,co-iss-n1357024345,1357024345,2001-01-01T07:00:14.562,252.25,290.59,13.51,3,0.00,3,13.51,10.89,32.67,1.24,1.73,,"2 frame(s); median area 5.0 px; net motion dx=-11.5, dy=-77.0; flags: none"
N1357033289,T0584,1357033289-0011,0.5591,2,15,co-iss-n1357033289,1357033289,2001-01-01T09:29:18.500,966.12,46.15,14.98,8,0.15,8,14.98,10.51,84.10,1.42,6.85,,"2 frame(s); median area 18.5 px; net motion dx=-43.5, dy=-40.5; flags: none"
N1357033649,T0584,1357033649-0011,0.5591,2,16,co-iss-n1357033649,1357033649,2001-01-01T09:35:18.498,922.66,5.69,8.89,29,0.00,29,8.89,7.68,222.86,1.16,4.72,,"2 frame(s); median area 18.5 px; net motion dx=-43.5, dy=-40.5; flags: none"
N1357019873,T0265,1357019873-0175,0.5573,2,6,co-iss-n1357019873,1357019873,2001-01-01T05:45:42.593,765.48,498.34,27.11,9,0.00,9,27.11,23.24,209.20,1.17,2.71,,"2 frame(s); median area 6.0 px; net motion dx=12.7, dy=52.2; flags: none"
N1357020233,T0265,1357020233-0266,0.5573,2,7,co-iss-n1357020233,1357020233,2001-01-01T05:51:42.591,778.15,550.57,12.82,3,0.00,3,12.82,9.89,29.66,1.30,4.39,,"2 frame(s); median area 6.0 px; net motion dx=12.7, dy=52.2; flags: none"
N1357019873,T0271,1357019873-0253,0.5559,2,6,co-iss-n1357019873,1357019873,2001-01-01T05:45:42.593,429.55,771.53,33.47,8,0.00,8,33.47,13.00,104.02,2.57,4.45,,"2 frame(s); median area 5.5 px; net motion dx=-64.2, dy=21.5; flags: none"
N1357020233,T0271,1357020233-0351,0.5559,2,7,co-iss-n1357020233,1357020233,2001-01-01T05:51:42.591,365.34,792.99,10.15,3,0.00,3,10.15,9.93,29.79,1.02,4.39,,"2 frame(s); median area 5.5 px; net motion dx=-64.2, dy=21.5; flags: none"
N1357024345,T0388,1357024345-0232,0.5543,2,9,co-iss-n1357024345,1357024345,2001-01-01T07:00:14.562,813.79,671.81,13.86,3,0.00,3,13.86,11.67,35.00,1.19,4.39,,"2 frame(s); median area 5.5 px; net motion dx=-43.7, dy=-44.2; flags: none"
N1357024705,T0388,1357024705-0289,0.5543,2,10,co-iss-n1357024705,1357024705,2001-01-01T07:06:14.560,770.10,627.64,29.24,8,0.00,8,29.24,12.50,100.03,2.34,4.63,,"2 frame(s); median area 5.5 px; net motion dx=-43.7, dy=-44.2; flags: none"
N1357037371,T0688,1357037371-0396,0.5503,2,17,co-iss-n1357037371,1357037371,2001-01-01T10:37:20.472,804.30,943.90,9.47,3,0.00,3,9.47,7.94,23.83,1.19,4.39,,"2 frame(s); median area 19.5 px; net motion dx=28.4, dy=-2.2; flags: none"
N1357037761,T0688,1357037761-0393,0.5503,2,18,co-iss-n1357037761,1357037761,2001-01-01T10:43:50.469,832.71,941.67,11.47,36,0.00,36,11.47,7.96,286.38,1.44,4.11,,"2 frame(s); median area 19.5 px; net motion dx=28.4, dy=-2.2; flags: none"
N1357008677,T0006,1357008677-0033,0.5500,2,0,co-iss-n1357008677,1357008677,2001-01-01T02:39:06.671,689.41,675.14,47.65,5,0.00,5,47.65,24.06,120.32,1.98,1.73,,"2 frame(s); median area 4.5 px; net motion dx=-22.9, dy=-60.2; flags: none"
N1357008677,T0018,1357008677-0177,0.5500,2,0,co-iss-n1357008677,1357008677,2001-01-01T02:39:06.671,636.65,847.30,8.29,3,0.00,3,8.29,7.85,23.55,1.06,1.73,,"2 frame(s); median area 4.5 px; net motion dx=-28.3, dy=45.0; flags: none"
N1357009037,T0006,1357009037-0289,0.5500,2,1,co-iss-n1357009037,1357009037,2001-01-01T02:45:06.668,666.48,614.95,23.43,4,0.00,4,23.43,20.31,81.22,1.15,2.62,,"2 frame(s); median area 4.5 px; net motion dx=-22.9, dy=-60.2; flags: none"
N1357009037,T0018,1357009037-0399,0.5500,2,1,co-iss-n1357009037,1357009037,2001-01-01T02:45:06.668,608.32,892.29,42.93,6,0.00,6,42.93,22.64,135.82,1.90,5.29,,"2 frame(s); median area 4.5 px; net motion dx=-28.3, dy=45.0; flags: none"
N1357015011,T0081,1357015011-0084,0.5500,2,2,co-iss-n1357015011,1357015011,2001-01-01T04:24:40.627,607.45,219.95,36.95,6,0.00,6,36.95,24.56,147.35,1.50,2.03,,"2 frame(s); median area 4.5 px; net motion dx=-70.6, dy=-8.2; flags: none"
N1357015401,T0081,1357015401-0070,0.5500,2,3,co-iss-n1357015401,1357015401,2001-01-01T04:31:10.624,536.86,211.71,48.56,3,0.00,3,48.56,37.58,112.75,1.29,4.39,,"2 frame(s); median area 4.5 px; net motion dx=-70.6, dy=-8.2; flags: none"
N1357019483,T0221,1357019483-0153,0.5500,2,5,co-iss-n1357019483,1357019483,2001-01-01T05:39:12.596,439.38,390.41,20.70,5,0.00,5,20.70,14.12,70.59,1.47,3.40,,"2 frame(s); median area 4.5 px; net motion dx=-58.5, dy=-52.7; flags: none"
N1357019873,T0250,1357019873-0001,0.5500,2,6,co-iss-n1357019873,1357019873,2001-01-01T05:45:42.593,13.10,21.54,23.18,6,0.00,6,23.18,14.87,89.19,1.56,3.47,,"2 frame(s); median area 4.5 px; net motion dx=33.8, dy=3.8; flags: none"
N1357019873,T0254,1357019873-0033,0.5500,2,6,co-iss-n1357019873,1357019873,2001-01-01T05:45:42.593,87.24,97.67,47.92,4,0.00,4,47.92,22.85,91.39,2.10,1.00,,"2 frame(s); median area 4.5 px; net motion dx=-6.0, dy=63.7; flags: none"
N1357019873,T0221,1357019873-0120,0.5500,2,6,co-iss-n1357019873,1357019873,2001-01-01T05:45:42.593,380.91,337.76,44.22,4,0.00,4,44.22,36.28,145.11,1.22,2.45,,"2 frame(s); median area 4.5 px; net motion dx=-58.5, dy=-52.7; flags: none"
N1357020233,T0250,1357020233-0079,0.5500,2,7,co-iss-n1357020233,1357020233,2001-01-01T05:51:42.591,46.90,25.32,47.72,3,0.00,3,47.72,27.40,82.21,1.74,1.73,,"2 frame(s); median area 4.5 px; net motion dx=33.8, dy=3.8; flags: none"
N1357020233,T0254,1357020233-0118,0.5500,2,7,co-iss-n1357020233,1357020233,2001-01-01T05:51:42.591,81.22,161.39,47.72,5,0.00,5,47.72,24.70,123.50,1.93,2.89,,"2 frame(s); median area 4.5 px; net motion dx=-6.0, dy=63.7; flags: none"
N1357024345,T0392,1357024345-0268,0.5500,2,9,co-iss-n1357024345,1357024345,2001-01-01T07:00:14.562,382.52,775.41,42.11,6,0.00,6,42.11,18.26,109.55,2.31,4.47,,"2 frame(s); median area 4.5 px; net motion dx=-19.4, dy=51.0; flags: none"
N1357024705,T0392,1357024705-0367,0.5500,2,10,co-iss-n1357024705,1357024705,2001-01-01T07:06:14.560,363.11,826.37,42.99,3,0.00,3,42.99,27.26,81.78,1.58,1.73,,"2 frame(s); median area 4.5 px; net motion dx=-19.4, dy=51.0; flags: none"
N1357028427,T0422,1357028427-0013,0.5500,2,11,co-iss-n1357028427,1357028427,2001-01-01T08:08:16.534,154.79,38.53,25.92,5,0.00,5,25.92,16.24,81.20,1.60,3.40,,"2 frame(s); median area 4.5 px; net motion dx=36.7, dy=-6.2; flags: none"
N1357028427,T0438,1357028427-0117,0.5500,2,11,co-iss-n1357028427,1357028427,2001-01-01T08:08:16.534,640.81,307.12,31.42,4,0.00,4,31.42,16.44,65.75,1.91,1.63,,"2 frame(s); median area 4.5 px; net motion dx=62.2, dy=1.8; flags: none"
N1357028427,T0460,1357028427-0265,0.5500,2,11,co-iss-n1357028427,1357028427,2001-01-01T08:08:16.534,746.56,637.24,23.17,5,0.00,5,23.17,15.92,79.62,1.46,1.73,,"2 frame(s); median area 4.5 px; net motion dx=-27.8, dy=80.2; flags: none"
N1357028817,T0422,1357028817-0007,0.5500,2,12,co-iss-n1357028817,1357028817,2001-01-01T08:14:46.531,191.52,32.37,49.69,4,0.00,4,49.69,29.21,116.85,1.70,1.00,,"2 frame(s); median area 4.5 px; net motion dx=36.7, dy=-6.2; flags: none"
N1357028817,T0438,1357028817-0124,0.5500,2,12,co-iss-n1357028817,1357028817,2001-01-01T08:14:46.531,703.01,308.94,31.77,5,0.00,5,31.77,22.10,110.52,1.44,3.84,,"2 frame(s); median area 4.5 px; net motion dx=62.2, dy=1.8; flags: none"
N1357028817,T0502,1357028817-0188,0.5500,2,12,co-iss-n1357028817,1357028817,2001-01-01T08:14:46.531,139.71,471.67,23.21,5,0.00,5,23.21,11.85,59.27,1.96,3.40,,"2 frame(s); median area 4.5 px; net motion dx=-46.1, dy=53.9; flags: none"
N1357028817,T0460,1357028817-0292,0.5500,2,12,co-iss-n1357028817,1357028817,2001-01-01T08:14:46.531,718.76,717.46,28.18,4,0.00,4,28.18,21.74,86.95,1.30,2.45,,"2 frame(s); median area 4.5 px; net motion dx=-27.8, dy=80.2; flags: none"
N1357029177,T0502,1357029177-0265,0.5500,2,13,co-iss-n1357029177,1357029177,2001-01-01T08:20:46.529,93.66,525.61,44.73,4,0.00,4,44.73,27.72,110.87,1.61,1.00,,"2 frame(s); median area 4.5 px; net motion dx=-46.1, dy=53.9; flags: none"
N1357032899,T0549,1357032899-0023,0.5500,2,14,co-iss-n1357032899,1357032899,2001-01-01T09:22:48.503,451.64,70.55,36.07,4,0.00,4,36.07,25.35,101.39,1.42,1.00,,"2 frame(s); median area 4.5 px; net motion dx=-33.7, dy=-63.7; flags: none"
N1357032899,T0569,1357032899-0264,0.5500,2,14,co-iss-n1357032899,1357032899,2001-01-01T09:22:48.503,29.85,729.46,17.58,5,0.00,5,17.58,12.97,64.83,1.36,3.40,,"2 frame(s); median area 4.5 px; net motion dx=36.4, dy=-64.1; flags: none"
N1357033289,T0549,1357033289-0001,0.5500,2,15,co-iss-n1357033289,1357033289,2001-01-01T09:29:18.500,417.93,6.85,41.41,5,0.00,5,41.41,24.73,123.67,1.67,1.00,,"2 frame(s); median area 4.5 px; net motion dx=-33.7, dy=-63.7; flags: none"
N1357033289,T0569,1357033289-0247,0.5500,2,15,co-iss-n1357033289,1357033289,2001-01-01T09:29:18.500,66.23,665.38,43.39,4,0.00,4,43.39,21.52,86.07,2.02,1.00,,"2 frame(s); median area 4.5 px; net motion dx=36.4, dy=-64.1; flags: none"
N1357037761,T0710,1357037761-0357,0.5500,2,18,co-iss-n1357037761,1357037761,2001-01-01T10:43:50.469,473.49,930.99,61.84,4,0.00,4,61.84,36.56,146.22,1.69,2.62,,"2 frame(s); median area 4.5 px; net motion dx=-4.1, dy=-48.2; flags: none"
N1357038121,T0710,1357038121-0386,0.5500,2,19,co-iss-n1357038121,1357038121,2001-01-01T10:49:50.467,469.36,882.76,9.53,5,0.00,5,9.53,8.23,41.16,1.16,4.39,,"2 frame(s); median area 4.5 px; net motion dx=-4.1, dy=-48.2; flags: none"
N1357042233,T0792,1357042233-0301,0.5500,2,21,co-iss-n1357042233,1357042233,2001-01-01T11:58:22.438,454.73,846.81,38.49,6,0.00,6,38.49,18.19,109.11,2.12,2.48,,"2 frame(s); median area 4.5 px; net motion dx=32.9, dy=-31.0; flags: none"
N1357042233,T0798,1357042233-0352,0.5500,2,21,co-iss-n1357042233,1357042233,2001-01-01T11:58:22.438,377.39,934.15,39.74,3,0.00,3,39.74,21.73,65.19,1.83,1.73,,"2 frame(s); median area 4.5 px; net motion dx=-35.6, dy=-19.1; flags: none"
N1357042593,T0792,1357042593-0357,0.5500,2,22,co-iss-n1357042593,1357042593,2001-01-01T12:04:22.436,487.58,815.85,38.79,3,0.00,3,38.79,30.26,90.78,1.28,1.73,,"2 frame(s); median area 4.5 px; net motion dx=32.9, dy=-31.0; flags: none"
N1357042593,T0798,1357042593-0396,0.5500,2,22,co-iss-n1357042593,1357042593,2001-01-01T12:04:22.436,341.83,915.07,41.22,6,0.00,6,41.22,33.73,202.40,1.22,2.81,,"2 frame(s); median area 4.5 px; net motion dx=-35.6, dy=-19.1; flags: none"
N1357042233,T0778,1357042233-0111,0.5483,2,21,co-iss-n1357042233,1357042233,2001-01-01T11:58:22.438,871.93,321.75,17.06,6,0.15,6,17.06,14.97,89.82,1.14,6.37,,"2 frame(s); median area 6.0 px; net motion dx=-33.4, dy=-7.6; flags: none"
N1357042593,T0778,1357042593-0149,0.5483,2,22,co-iss-n1357042593,1357042593,2001-01-01T12:04:22.436,838.54,314.11,19.88,6,0.00,6,19.88,12.45,74.70,1.60,4.63,,"2 frame(s); median area 6.0 px; net motion dx=-33.4, dy=-7.6; flags: none"
N1357033289,T0585,1357033289-0016,0.5471,2,15,co-iss-n1357033289,1357033289,2001-01-01T09:29:18.500,976.30,56.99,15.29,7,0.15,7,15.29,10.88,76.19,1.41,7.99,,"2 frame(s); median area 7.5 px; net motion dx=-37.2, dy=-52.6; flags: none"
N1357033649,T0585,1357033649-0013,0.5471,2,16,co-iss-n1357033649,1357033649,2001-01-01T09:35:18.498,939.05,4.37,8.74,8,0.00,8,8.74,7.91,63.31,1.10,3.62,,"2 frame(s); median area 7.5 px; net motion dx=-37.2, dy=-52.6; flags: none"
N1357032899,T0566,1357032899-0229,0.5439,2,14,co-iss-n1357032899,1357032899,2001-01-01T09:22:48.503,809.49,620.15,18.26,5,0.00,5,18.26,12.58,62.88,1.45,4.39,,"2 frame(s); median area 5.5 px; net motion dx=6.4, dy=-37.0; flags: none"
N1357033289,T0566,1357033289-0219,0.5439,2,15,co-iss-n1357033289,1357033289,2001-01-01T09:29:18.500,815.89,583.12,21.38,6,0.00,6,21.38,19.56,117.34,1.09,1.35,,"2 frame(s); median area 5.5 px; net motion dx=6.4, dy=-37.0; flags: none"
N1357037371,T0690,1357037371-0412,0.5430,2,17,co-iss-n1357037371,1357037371,2001-01-01T10:37:20.472,790.76,950.01,10.19,42,0.15,42,10.19,7.82,328.48,1.30,7.39,,"2 frame(s); median area 22.5 px; net motion dx=13.9, dy=-8.0; flags: none"
N1357037761,T0690,1357037761-0400,0.5430,2,18,co-iss-n1357037761,1357037761,2001-01-01T10:43:50.469,804.66,941.99,8.31,3,0.00,3,8.31,7.78,23.33,1.07,4.39,,"2 frame(s); median area 22.5 px; net motion dx=13.9, dy=-8.0; flags: none"
N1357032899,T0582,1357032899-0383,0.5429,2,14,co-iss-n1357032899,1357032899,2001-01-01T09:22:48.503,788.11,943.01,18.45,4,0.00,4,18.45,10.01,40.03,1.84,1.62,,"2 frame(s); median area 7.0 px; net motion dx=23.9, dy=0.7; flags: none"
N1357033289,T0582,1357033289-0398,0.5429,2,15,co-iss-n1357033289,1357033289,2001-01-01T09:29:18.500,811.96,943.75,8.36,10,0.00,10,8.36,7.35,73.51,1.14,3.10,,"2 frame(s); median area 7.0 px; net motion dx=23.9, dy=0.7; flags: none"
N1357015011,T0142,1357015011-0561,0.5429,2,2,co-iss-n1357015011,1357015011,2001-01-01T04:24:40.627,742.91,945.35,8.69,9,0.00,9,8.69,8.05,72.46,1.08,2.07,,"2 frame(s); median area 11.5 px; net motion dx=61.6, dy=-5.0; flags: none"
N1357015401,T0142,1357015401-0379,0.5429,2,3,co-iss-n1357015401,1357015401,2001-01-01T04:31:10.624,804.46,940.36,9.78,14,0.00,14,9.78,8.11,113.51,1.21,1.38,,"2 frame(s); median area 11.5 px; net motion dx=61.6, dy=-5.0; flags: none"
N1357019483,T0248,1357019483-0435,0.5411,2,5,co-iss-n1357019483,1357019483,2001-01-01T05:39:12.596,740.78,948.60,8.17,5,0.00,5,8.17,7.77,38.87,1.05,1.73,,"2 frame(s); median area 13.5 px; net motion dx=73.8, dy=-7.0; flags: none"
N1357019873,T0248,1357019873-0368,0.5411,2,6,co-iss-n1357019873,1357019873,2001-01-01T05:45:42.593,814.53,941.60,9.70,22,0.00,22,9.70,7.88,173.42,1.23,1.93,,"2 frame(s); median area 13.5 px; net motion dx=73.8, dy=-7.0; flags: none"
N1357041843,T0768,1357041843-0355,0.5406,2,20,co-iss-n1357041843,1357041843,2001-01-01T11:51:52.441,790.43,947.34,8.53,17,0.00,17,8.53,7.62,129.58,1.12,1.56,,"2 frame(s); median area 17.0 px; net motion dx=24.1, dy=-1.1; flags: none"
N1357042233,T0768,1357042233-0394,0.5406,2,21,co-iss-n1357042233,1357042233,2001-01-01T11:58:22.438,814.56,946.24,9.18,17,0.00,17,9.18,7.65,130.01,1.20,4.51,,"2 frame(s); median area 17.0 px; net motion dx=24.1, dy=-1.1; flags: none"
N1357028427,T0479,1357028427-0424,0.5395,2,11,co-iss-n1357028427,1357028427,2001-01-01T08:08:16.534,793.63,949.06,9.30,27,0.00,27,9.30,8.13,219.60,1.14,1.37,,"2 frame(s); median area 15.0 px; net motion dx=23.7, dy=-8.7; flags: none"
N1357028817,T0479,1357028817-0416,0.5395,2,12,co-iss-n1357028817,1357028817,2001-01-01T08:14:46.531,817.33,940.32,8.04,3,0.00,3,8.04,7.68,23.04,1.05,1.73,,"2 frame(s); median area 15.0 px; net motion dx=23.7, dy=-8.7; flags: none"
N1357019483,T0247,1357019483-0428,0.5394,2,5,co-iss-n1357019483,1357019483,2001-01-01T05:39:12.596,750.19,946.35,8.42,6,0.00,6,8.42,7.42,44.50,1.14,3.47,,"2 frame(s); median area 12.5 px; net motion dx=54.4, dy=-5.0; flags: none"
N1357019873,T0247,1357019873-0367,0.5394,2,6,co-iss-n1357019873,1357019873,2001-01-01T05:45:42.593,804.58,941.34,8.90,19,0.00,19,8.90,7.72,146.68,1.15,2.17,,"2 frame(s); median area 12.5 px; net motion dx=54.4, dy=-5.0; flags: none"
N1357015011,T0140,1357015011-0545,0.5382,2,2,co-iss-n1357015011,1357015011,2001-01-01T04:24:40.627,789.36,939.03,8.15,3,0.00,3,8.15,7.64,22.91,1.07,4.39,,"2 frame(s); median area 8.0 px; net motion dx=22.5, dy=1.0; flags: none"
N1357015401,T0140,1357015401-0374,0.5382,2,3,co-iss-n1357015401,1357015401,2001-01-01T04:31:10.624,811.83,940.07,8.77,13,0.00,13,8.77,7.81,101.48,1.12,1.85,,"2 frame(s); median area 8.0 px; net motion dx=22.5, dy=1.0; flags: none"
N1357023955,T0369,1357023955-0406,0.5381,2,8,co-iss-n1357023955,1357023955,2001-01-01T06:53:44.565,774.01,946.28,8.28,4,0.00,4,8.28,7.99,31.96,1.04,1.62,,"2 frame(s); median area 13.5 px; net motion dx=36.3, dy=-3.0; flags: none"
N1357024345,T0369,1357024345-0396,0.5381,2,9,co-iss-n1357024345,1357024345,2001-01-01T07:00:14.562,810.28,943.29,8.60,23,0.00,23,8.60,7.60,174.88,1.13,5.83,,"2 frame(s); median area 13.5 px; net motion dx=36.3, dy=-3.0; flags: none"
N1357019483,T0207,1357019483-0046,0.5375,2,5,co-iss-n1357019483,1357019483,2001-01-01T05:39:12.596,430.67,114.04,36.64,5,0.00,5,36.64,20.49,102.43,1.79,1.73,,"2 frame(s); median area 4.0 px; net motion dx=65.5, dy=-20.4; flags: none"
N1357019873,T0207,1357019873-0031,0.5375,2,6,co-iss-n1357019873,1357019873,2001-01-01T05:45:42.593,496.14,93.62,42.68,3,0.00,3,42.68,29.67,89.00,1.44,1.73,,"2 frame(s); median area 4.0 px; net motion dx=65.5, dy=-20.4; flags: none"
N1357023955,T0324,1357023955-0068,0.5375,2,8,co-iss-n1357023955,1357023955,2001-01-01T06:53:44.565,381.72,173.94,37.30,5,0.00,5,37.30,27.86,139.29,1.34,1.73,,"2 frame(s); median area 4.0 px; net motion dx=38.4, dy=-30.5; flags: none"
N1357023955,T0331,1357023955-0121,0.5375,2,8,co-iss-n1357023955,1357023955,2001-01-01T06:53:44.565,42.14,343.91,26.56,4,0.00,4,26.56,13.36,53.45,1.99,1.63,,"2 frame(s); median area 4.0 px; net motion dx=60.6, dy=-28.1; flags: none"
N1357024345,T0324,1357024345-0043,0.5375,2,9,co-iss-n1357024345,1357024345,2001-01-01T07:00:14.562,420.12,143.44,13.67,3,0.00,3,13.67,10.29,30.87,1.33,4.39,,"2 frame(s); median area 4.0 px; net motion dx=38.4, dy=-30.5; flags: none"
N1357024345,T0331,1357024345-0103,0.5375,2,9,co-iss-n1357024345,1357024345,2001-01-01T07:00:14.562,102.75,315.85,32.42,4,0.00,4,32.42,16.58,66.33,1.96,2.62,,"2 frame(s); median area 4.0 px; net motion dx=60.6, dy=-28.1; flags: none"
N1357024345,T0378,1357024345-0130,0.5375,2,9,co-iss-n1357024345,1357024345,2001-01-01T07:00:14.562,177.55,378.55,44.42,4,0.00,4,44.42,34.23,136.92,1.30,1.00,,"2 frame(s); median area 4.0 px; net motion dx=-21.0, dy=-9.3; flags: none"
N1357024345,T0381,1357024345-0146,0.5375,2,9,co-iss-n1357024345,1357024345,2001-01-01T07:00:14.562,285.35,415.08,42.11,5,0.00,5,42.11,23.20,116.00,1.82,1.73,,"2 frame(s); median area 4.0 px; net motion dx=-25.5, dy=-17.8; flags: none"
N1357024705,T0378,1357024705-0186,0.5375,2,10,co-iss-n1357024705,1357024705,2001-01-01T07:06:14.560,156.57,369.23,43.35,4,0.00,4,43.35,23.18,92.72,1.87,1.00,,"2 frame(s); median area 4.0 px; net motion dx=-21.0, dy=-9.3; flags: none"
N1357024705,T0381,1357024705-0197,0.5375,2,10,co-iss-n1357024705,1357024705,2001-01-01T07:06:14.560,259.89,397.25,41.70,3,0.00,3,41.70,21.59,64.78,1.93,1.73,,"2 frame(s); median area 4.0 px; net motion dx=-25.5, dy=-17.8; flags: none"
N1357028427,T0437,1357028427-0104,0.5375,2,11,co-iss-n1357028427,1357028427,2001-01-01T08:08:16.534,91.05,274.49,12.60,4,0.00,4,12.60,10.16,40.66,1.24,2.62,,"2 frame(s); median area 4.0 px; net motion dx=49.3, dy=4.7; flags: none"
N1357028817,T0437,1357028817-0107,0.5375,2,12,co-iss-n1357028817,1357028817,2001-01-01T08:14:46.531,140.37,279.21,47.50,4,0.00,4,47.50,22.30,89.19,2.13,1.00,,"2 frame(s); median area 4.0 px; net motion dx=49.3, dy=4.7; flags: none"
N1357028817,T0497,1357028817-0123,0.5375,2,12,co-iss-n1357028817,1357028817,2001-01-01T08:14:46.531,153.56,305.34,46.90,4,0.00,4,46.90,31.57,126.28,1.49,1.00,,"2 frame(s); median area 4.0 px; net motion dx=-32.8, dy=37.1; flags: none"
N1357028817,T0503,1357028817-0206,0.5375,2,12,co-iss-n1357028817,1357028817,2001-01-01T08:14:46.531,294.75,505.78,42.72,5,0.00,5,42.72,17.39,86.93,2.46,1.73,,"2 frame(s); median area 4.0 px; net motion dx=68.7, dy=-36.9; flags: none"
N1357029177,T0497,1357029177-0198,0.5375,2,13,co-iss-n1357029177,1357029177,2001-01-01T08:20:46.529,120.75,342.49,44.91,4,0.00,4,44.91,29.91,119.65,1.50,1.00,,"2 frame(s); median area 4.0 px; net motion dx=-32.8, dy=37.1; flags: none"
N1357029177,T0503,1357029177-0243,0.5375,2,13,co-iss-n1357029177,1357029177,2001-01-01T08:20:46.529,363.43,468.87,40.06,3,0.00,3,40.06,30.66,91.99,1.31,1.73,,"2 frame(s); median area 4.0 px; net motion dx=68.7, dy=-36.9; flags: none"
N1357033289,T0593,1357033289-0161,0.5375,2,15,co-iss-n1357033289,1357033289,2001-01-01T09:29:18.500,228.47,455.53,40.32,4,0.00,4,40.32,28.69,114.77,1.41,1.00,,"2 frame(s); median area 4.0 px; net motion dx=74.7, dy=24.3; flags: none"
N1357033289,T0606,1357033289-0363,0.5375,2,15,co-iss-n1357033289,1357033289,2001-01-01T09:29:18.500,327.68,932.16,37.19,4,0.00,4,37.19,19.49,77.98,1.91,1.63,,"2 frame(s); median area 4.0 px; net motion dx=9.9, dy=-12.7; flags: none"
N1357033649,T0593,1357033649-0198,0.5375,2,16,co-iss-n1357033649,1357033649,2001-01-01T09:35:18.498,303.16,479.84,30.87,4,0.00,4,30.87,18.93,75.74,1.63,2.45,,"2 frame(s); median area 4.0 px; net motion dx=74.7, dy=24.3; flags: none"
N1357033649,T0606,1357033649-0386,0.5375,2,16,co-iss-n1357033649,1357033649,2001-01-01T09:35:18.498,337.58,919.43,36.52,4,0.00,4,36.52,24.61,98.43,1.48,1.00,,"2 frame(s); median area 4.0 px; net motion dx=9.9, dy=-12.7; flags: none"
N1357037761,T0694,1357037761-0072,0.5375,2,18,co-iss-n1357037761,1357037761,2001-01-01T10:43:50.469,177.76,220.84,66.17,3,0.00,3,66.17,36.89,110.66,1.79,1.73,,"2 frame(s); median area 4.0 px; net motion dx=-21.8, dy=-73.9; flags: none"
N1357038121,T0694,1357038121-0110,0.5375,2,19,co-iss-n1357038121,1357038121,2001-01-01T10:49:50.467,155.92,146.90,39.94,5,0.00,5,39.94,16.56,82.79,2.41,5.21,,"2 frame(s); median area 4.0 px; net motion dx=-21.8, dy=-73.9; flags: none"
N1357042233,T0769,1357042233-0006,0.5375,2,21,co-iss-n1357042233,1357042233,2001-01-01T11:58:22.438,213.93,45.12,44.92,4,0.00,4,44.92,25.44,101.77,1.77,1.63,,"2 frame(s); median area 4.0 px; net motion dx=19.3, dy=41.4; flags: none"
N1357042233,T0782,1357042233-0182,0.5375,2,21,co-iss-n1357042233,1357042233,2001-01-01T11:58:22.438,15.39,510.77,39.20,3,0.00,3,39.20,33.88,101.64,1.16,1.73,,"2 frame(s); median area 4.0 px; net motion dx=8.0, dy=-52.7; flags: none"
N1357042233,T0784,1357042233-0210,0.5375,2,21,co-iss-n1357042233,1357042233,2001-01-01T11:58:22.438,63.28,595.13,42.42,3,0.00,3,42.42,24.07,72.20,1.76,1.73,,"2 frame(s); median area 4.0 px; net motion dx=68.0, dy=20.6; flags: none"
N1357042233,T0789,1357042233-0250,0.5375,2,21,co-iss-n1357042233,1357042233,2001-01-01T11:58:22.438,335.17,682.14,37.78,3,0.00,3,37.78,18.42,55.27,2.05,1.73,,"2 frame(s); median area 4.0 px; net motion dx=22.6, dy=-36.2; flags: none"
N1357042233,T0791,1357042233-0284,0.5375,2,21,co-iss-n1357042233,1357042233,2001-01-01T11:58:22.438,412.54,799.11,38.85,3,0.00,3,38.85,28.01,84.02,1.39,1.73,,"2 frame(s); median area 4.0 px; net motion dx=-34.9, dy=16.7; flags: none"
N1357042593,T0769,1357042593-0081,0.5375,2,22,co-iss-n1357042593,1357042593,2001-01-01T12:04:22.436,233.21,86.53,41.74,4,0.00,4,41.74,26.56,106.23,1.57,1.00,,"2 frame(s); median area 4.0 px; net motion dx=19.3, dy=41.4; flags: none"
N1357042593,T0782,1357042593-0209,0.5375,2,22,co-iss-n1357042593,1357042593,2001-01-01T12:04:22.436,23.36,458.04,15.30,5,0.15,5,15.30,11.75,58.73,1.30,6.31,,"2 frame(s); median area 4.0 px; net motion dx=8.0, dy=-52.7; flags: none"
N1357042593,T0784,1357042593-0272,0.5375,2,22,co-iss-n1357042593,1357042593,2001-01-01T12:04:22.436,131.26,615.74,28.47,5,0.00,5,28.47,14.29,71.46,1.99,1.73,,"2 frame(s); median area 4.0 px; net motion dx=68.0, dy=20.6; flags: none"
N1357042593,T0789,1357042593-0287,0.5375,2,22,co-iss-n1357042593,1357042593,2001-01-01T12:04:22.436,357.78,645.96,36.71,5,0.00,5,36.71,23.34,116.71,1.57,1.73,,"2 frame(s); median area 4.0 px; net motion dx=22.6, dy=-36.2; flags: none"
N1357042593,T0791,1357042593-0356,0.5375,2,22,co-iss-n1357042593,1357042593,2001-01-01T12:04:22.436,377.61,815.84,40.18,5,0.00,5,40.18,26.79,133.94,1.50,1.73,,"2 frame(s); median area 4.0 px; net motion dx=-34.9, dy=16.7; flags: none"
N1357019483,T0213,1357019483-0108,0.5363,2,5,co-iss-n1357019483,1357019483,2001-01-01T05:39:12.596,843.44,297.47,27.75,4,0.00,4,27.75,24.61,98.43,1.13,1.00,,"2 frame(s); median area 5.0 px; net motion dx=-47.6, dy=-66.4; flags: none"
N1357019873,T0213,1357019873-0080,0.5363,2,6,co-iss-n1357019873,1357019873,2001-01-01T05:45:42.593,795.80,231.11,13.52,6,0.15,6,13.52,10.47,62.84,1.29,6.37,,"2 frame(s); median area 5.0 px; net motion dx=-47.6, dy=-66.4; flags: none"
N1357042233,T0796,1357042233-0334,0.5298,2,21,co-iss-n1357042233,1357042233,2001-01-01T11:58:22.438,392.23,904.51,23.33,4,0.00,4,23.33,13.98,55.90,1.67,4.47,,"2 frame(s); median area 4.5 px; net motion dx=-27.9, dy=32.2; flags: none"
N1357042593,T0796,1357042593-0403,0.5298,2,22,co-iss-n1357042593,1357042593,2001-01-01T12:04:22.436,364.33,936.67,19.95,5,0.00,5,19.95,12.04,60.18,1.66,1.73,,"2 frame(s); median area 4.5 px; net motion dx=-27.9, dy=32.2; flags: none"
N1357037371,T0647,1357037371-0116,0.5292,2,17,co-iss-n1357037371,1357037371,2001-01-01T10:37:20.472,75.34,320.20,35.37,5,0.00,5,35.37,26.21,131.06,1.35,2.89,,"2 frame(s); median area 4.0 px; net motion dx=-18.3, dy=-37.5; flags: none"
N1357037761,T0647,1357037761-0093,0.5292,2,18,co-iss-n1357037761,1357037761,2001-01-01T10:43:50.469,56.99,282.72,11.85,3,0.00,3,11.85,8.95,26.84,1.32,4.39,,"2 frame(s); median area 4.0 px; net motion dx=-18.3, dy=-37.5; flags: none"
N1357019483,T0220,1357019483-0150,0.5289,2,5,co-iss-n1357019483,1357019483,2001-01-01T05:39:12.596,765.47,384.23,16.70,3,0.00,3,16.70,10.46,31.37,1.60,1.73,,"2 frame(s); median area 4.5 px; net motion dx=39.0, dy=70.9; flags: none"
N1357019873,T0220,1357019873-0166,0.5289,2,6,co-iss-n1357019873,1357019873,2001-01-01T05:45:42.593,804.50,455.11,26.28,6,0.00,6,26.28,23.23,139.36,1.13,1.63,,"2 frame(s); median area 4.5 px; net motion dx=39.0, dy=70.9; flags: none"
N1357032899,T0556,1357032899-0139,0.5262,2,14,co-iss-n1357032899,1357032899,2001-01-01T09:22:48.503,972.98,403.47,17.56,8,0.00,8,17.56,14.86,118.86,1.18,1.22,,"2 frame(s); median area 6.0 px; net motion dx=-33.0, dy=42.0; flags: none"
N1357033289,T0556,1357033289-0156,0.5262,2,15,co-iss-n1357033289,1357033289,2001-01-01T09:29:18.500,940.02,445.51,12.00,4,0.00,4,12.00,11.26,45.04,1.07,2.62,,"2 frame(s); median area 6.0 px; net motion dx=-33.0, dy=42.0; flags: none"
N1357032899,T0554,1357032899-0118,0.5260,2,14,co-iss-n1357032899,1357032899,2001-01-01T09:22:48.503,397.64,363.35,10.54,3,0.00,3,10.54,9.90,29.69,1.07,1.73,,"2 frame(s); median area 4.0 px; net motion dx=39.1, dy=56.2; flags: none"
N1357033289,T0554,1357033289-0150,0.5260,2,15,co-iss-n1357033289,1357033289,2001-01-01T09:29:18.500,436.79,419.51,35.63,5,0.00,5,35.63,14.24,71.19,2.50,1.73,,"2 frame(s); median area 4.0 px; net motion dx=39.1, dy=56.2; flags: none"
N1357008677,T0013,1357008677-0122,0.5250,2,0,co-iss-n1357008677,1357008677,2001-01-01T02:39:06.671,830.17,729.42,35.63,3,0.00,3,35.63,28.42,85.26,1.25,1.73,,"2 frame(s); median area 3.5 px; net motion dx=57.8, dy=16.4; flags: none"
N1357009037,T0013,1357009037-0345,0.5250,2,1,co-iss-n1357009037,1357009037,2001-01-01T02:45:06.668,887.97,745.87,30.17,4,0.00,4,30.17,22.19,88.77,1.36,2.45,,"2 frame(s); median area 3.5 px; net motion dx=57.8, dy=16.4; flags: none"
N1357015011,T0120,1357015011-0403,0.5250,2,2,co-iss-n1357015011,1357015011,2001-01-01T04:24:40.627,75.99,783.30,11.72,3,0.00,3,11.72,9.46,28.37,1.24,4.39,,"2 frame(s); median area 3.5 px; net motion dx=-27.6, dy=-8.2; flags: none"
N1357015401,T0120,1357015401-0280,0.5250,2,3,co-iss-n1357015401,1357015401,2001-01-01T04:31:10.624,48.38,775.10,55.23,4,0.00,4,55.23,40.42,161.69,1.37,2.62,,"2 frame(s); median area 3.5 px; net motion dx=-27.6, dy=-8.2; flags: none"
N1357019483,T0208,1357019483-0069,0.5250,2,5,co-iss-n1357019483,1357019483,2001-01-01T05:39:12.596,541.34,186.61,13.36,3,0.00,3,13.36,11.54,34.62,1.16,1.73,,"2 frame(s); median area 3.5 px; net motion dx=-33.9, dy=7.8; flags: none"
N1357019483,T0222,1357019483-0165,0.5250,2,5,co-iss-n1357019483,1357019483,2001-01-01T05:39:12.596,207.81,416.59,36.92,3,0.00,3,36.92,30.16,90.47,1.22,1.73,,"2 frame(s); median area 3.5 px; net motion dx=-58.3, dy=-2.9; flags: none"
N1357019483,T0239,1357019483-0304,0.5250,2,5,co-iss-n1357019483,1357019483,2001-01-01T05:39:12.596,222.13,780.23,25.61,3,0.00,3,25.61,20.84,62.51,1.23,4.39,,"2 frame(s); median area 3.5 px; net motion dx=41.7, dy=16.3; flags: none"
N1357019873,T0208,1357019873-0068,0.5250,2,6,co-iss-n1357019873,1357019873,2001-01-01T05:45:42.593,507.44,194.41,45.04,4,0.00,4,45.04,30.47,121.86,1.48,1.00,,"2 frame(s); median area 3.5 px; net motion dx=-33.9, dy=7.8; flags: none"
N1357019873,T0260,1357019873-0122,0.5250,2,6,co-iss-n1357019873,1357019873,2001-01-01T05:45:42.593,270.48,338.52,46.07,4,0.00,4,46.07,44.25,176.98,1.04,1.00,,"2 frame(s); median area 3.5 px; net motion dx=17.5, dy=10.9; flags: none"
N1357019873,T0222,1357019873-0148,0.5250,2,6,co-iss-n1357019873,1357019873,2001-01-01T05:45:42.593,149.52,413.69,26.82,4,0.00,4,26.82,18.33,73.31,1.46,1.00,,"2 frame(s); median area 3.5 px; net motion dx=-58.3, dy=-2.9; flags: none"
N1357019873,T0269,1357019873-0248,0.5250,2,6,co-iss-n1357019873,1357019873,2001-01-01T05:45:42.593,442.80,761.43,14.72,3,0.00,3,14.72,11.50,34.50,1.28,4.39,,"2 frame(s); median area 3.5 px; net motion dx=11.5, dy=-53.9; flags: none"
N1357019873,T0239,1357019873-0260,0.5250,2,6,co-iss-n1357019873,1357019873,2001-01-01T05:45:42.593,263.81,796.50,47.31,4,0.00,4,47.31,29.28,117.14,1.62,1.00,,"2 frame(s); median area 3.5 px; net motion dx=41.7, dy=16.3; flags: none"
N1357020233,T0260,1357020233-0189,0.5250,2,7,co-iss-n1357020233,1357020233,2001-01-01T05:51:42.591,287.95,349.41,15.34,3,0.00,3,15.34,12.46,37.38,1.23,4.39,,"2 frame(s); median area 3.5 px; net motion dx=17.5, dy=10.9; flags: none"
N1357020233,T0269,1357020233-0326,0.5250,2,7,co-iss-n1357020233,1357020233,2001-01-01T05:51:42.591,454.28,707.53,41.82,4,0.00,4,41.82,28.93,115.73,1.45,1.00,,"2 frame(s); median area 3.5 px; net motion dx=11.5, dy=-53.9; flags: none"
N1357023955,T0354,1357023955-0299,0.5250,2,8,co-iss-n1357023955,1357023955,2001-01-01T06:53:44.565,587.57,836.15,11.72,3,0.00,3,11.72,9.14,27.43,1.28,4.39,,"2 frame(s); median area 3.5 px; net motion dx=-41.0, dy=57.1; flags: none"
N1357024345,T0354,1357024345-0316,0.5250,2,9,co-iss-n1357024345,1357024345,2001-01-01T07:00:14.562,546.61,893.22,39.80,4,0.00,4,39.80,32.60,130.39,1.22,2.62,,"2 frame(s); median area 3.5 px; net motion dx=-41.0, dy=57.1; flags: none"
N1357033289,T0597,1357033289-0238,0.5250,2,15,co-iss-n1357033289,1357033289,2001-01-01T09:29:18.500,251.24,642.46,39.78,4,0.00,4,39.78,26.34,105.37,1.51,1.00,,"2 frame(s); median area 3.5 px; net motion dx=-33.5, dy=16.7; flags: none"
N1357033649,T0597,1357033649-0269,0.5250,2,16,co-iss-n1357033649,1357033649,2001-01-01T09:35:18.498,217.70,659.20,40.28,3,0.00,3,40.28,27.15,81.45,1.48,1.73,,"2 frame(s); median area 3.5 px; net motion dx=-33.5, dy=16.7; flags: none"
N1357041843,T0738,1357041843-0009,0.5250,2,20,co-iss-n1357041843,1357041843,2001-01-01T11:51:52.441,289.95,37.32,16.74,3,0.00,3,16.74,13.53,40.60,1.24,4.39,,"2 frame(s); median area 3.5 px; net motion dx=-0.6, dy=-27.4; flags: none"
N1357042233,T0738,1357042233-0001,0.5250,2,21,co-iss-n1357042233,1357042233,2001-01-01T11:58:22.438,289.33,9.90,41.90,4,0.00,4,41.90,23.75,95.00,1.76,2.62,,"2 frame(s); median area 3.5 px; net motion dx=-0.6, dy=-27.4; flags: none"
N1357037761,T0707,1357037761-0288,0.5250,2,18,co-iss-n1357037761,1357037761,2001-01-01T10:43:50.469,848.48,811.46,25.24,4,0.00,4,25.24,15.84,63.36,1.59,1.00,,"2 frame(s); median area 4.5 px; net motion dx=33.2, dy=39.0; flags: none"
N1357038121,T0707,1357038121-0370,0.5250,2,19,co-iss-n1357038121,1357038121,2001-01-01T10:49:50.467,881.65,850.47,16.41,5,0.00,5,16.41,11.00,55.02,1.49,3.40,,"2 frame(s); median area 4.5 px; net motion dx=33.2, dy=39.0; flags: none"
N1357019483,T0214,1357019483-0110,0.5239,2,5,co-iss-n1357019483,1357019483,2001-01-01T05:39:12.596,363.91,298.35,16.98,3,0.00,3,16.98,12.69,38.08,1.34,4.39,,"2 frame(s); median area 4.0 px; net motion dx=57.9, dy=-57.3; flags: none"
N1357019873,T0214,1357019873-0084,0.5239,2,6,co-iss-n1357019873,1357019873,2001-01-01T05:45:42.593,421.79,241.08,28.49,5,0.00,5,28.49,18.96,94.80,1.50,3.52,,"2 frame(s); median area 4.0 px; net motion dx=57.9, dy=-57.3; flags: none"
N1357042233,T0797,1357042233-0338,0.5228,2,21,co-iss-n1357042233,1357042233,2001-01-01T11:58:22.438,278.24,917.40,14.55,3,0.00,3,14.55,11.97,35.92,1.21,1.73,,"2 frame(s); median area 4.5 px; net motion dx=21.5, dy=-41.8; flags: none"
N1357042593,T0797,1357042593-0375,0.5228,2,22,co-iss-n1357042593,1357042593,2001-01-01T12:04:22.436,299.78,875.65,26.39,6,0.00,6,26.39,19.92,119.54,1.32,2.64,,"2 frame(s); median area 4.5 px; net motion dx=21.5, dy=-41.8; flags: none"
N1357028427,T0432,1357028427-0083,0.5223,2,11,co-iss-n1357028427,1357028427,2001-01-01T08:08:16.534,771.53,218.53,10.59,4,0.00,4,10.59,8.97,35.86,1.18,1.00,,"2 frame(s); median area 4.5 px; net motion dx=30.6, dy=-61.9; flags: none"
N1357028817,T0432,1357028817-0059,0.5223,2,12,co-iss-n1357028817,1357028817,2001-01-01T08:14:46.531,802.16,156.62,30.17,5,0.00,5,30.17,15.50,77.49,1.95,3.40,,"2 frame(s); median area 4.5 px; net motion dx=30.6, dy=-61.9; flags: none"
N1357033289,T0586,1357033289-0036,0.5214,2,15,co-iss-n1357033289,1357033289,2001-01-01T09:29:18.500,875.00,134.73,21.74,6,0.15,6,21.74,13.10,78.58,1.66,6.81,,"2 frame(s); median area 5.0 px; net motion dx=-9.4, dy=41.8; flags: none"
N1357033649,T0586,1357033649-0114,0.5214,2,16,co-iss-n1357033649,1357033649,2001-01-01T09:35:18.498,865.60,176.50,14.55,4,0.00,4,14.55,12.17,48.69,1.20,1.00,,"2 frame(s); median area 5.0 px; net motion dx=-9.4, dy=41.8; flags: none"
N1357028817,T0486,1357028817-0057,0.5213,2,12,co-iss-n1357028817,1357028817,2001-01-01T08:14:46.531,636.34,151.01,9.39,3,0.00,3,9.39,9.23,27.68,1.02,4.39,,"2 frame(s); median area 4.0 px; net motion dx=-12.6, dy=25.6; flags: none"
N1357029177,T0486,1357029177-0135,0.5213,2,13,co-iss-n1357029177,1357029177,2001-01-01T08:20:46.529,623.78,176.65,35.21,5,0.00,5,35.21,21.41,107.05,1.64,1.73,,"2 frame(s); median area 4.0 px; net motion dx=-12.6, dy=25.6; flags: none"
N1357023955,T0336,1357023955-0140,0.5200,3,8,co-iss-n1357023955,1357023955,2001-01-01T06:53:44.565,567.15,408.72,31.76,3,0.00,3,31.76,18.32,54.97,1.73,1.73,,"3 frame(s); median area 3.0 px; net motion dx=8.9, dy=25.5; flags: none"
N1357024345,T0336,1357024345-0144,0.5200,3,9,co-iss-n1357024345,1357024345,2001-01-01T07:00:14.562,565.36,407.86,28.44,3,0.00,3,28.44,18.86,56.59,1.51,1.73,,"3 frame(s); median area 3.0 px; net motion dx=8.9, dy=25.5; flags: none"
N1357024705,T0336,1357024705-0206,0.5200,3,10,co-iss-n1357024705,1357024705,2001-01-01T07:06:14.560,576.09,434.26,12.92,3,0.00,3,12.92,10.68,32.04,1.21,4.39,,"3 frame(s); median area 3.0 px; net motion dx=8.9, dy=25.5; flags: none"
N1357019483,T0235,1357019483-0280,0.5189,2,5,co-iss-n1357019483,1357019483,2001-01-01T05:39:12.596,392.50,708.22,28.13,5,0.00,5,28.13,17.32,86.61,1.62,3.40,,"2 frame(s); median area 4.5 px; net motion dx=-73.1, dy=30.2; flags: none"
N1357019873,T0235,1357019873-0241,0.5189,2,6,co-iss-n1357019873,1357019873,2001-01-01T05:45:42.593,319.35,738.38,11.49,4,0.15,4,11.49,9.26,37.03,1.24,6.17,,"2 frame(s); median area 4.5 px; net motion dx=-73.1, dy=30.2; flags: none"
N1357033289,T0598,1357033289-0239,0.5167,2,15,co-iss-n1357033289,1357033289,2001-01-01T09:29:18.500,670.35,643.74,16.31,3,0.00,3,16.31,13.68,41.04,1.19,1.73,,"2 frame(s); median area 5.5 px; net motion dx=42.6, dy=-28.0; flags: none"
N1357033649,T0598,1357033649-0249,0.5167,2,16,co-iss-n1357033649,1357033649,2001-01-01T09:35:18.498,712.93,615.69,14.27,8,0.00,8,14.27,11.05,88.41,1.29,2.53,,"2 frame(s); median area 5.5 px; net motion dx=42.6, dy=-28.0; flags: none"
N1357032899,T0555,1357032899-0125,0.5151,2,14,co-iss-n1357032899,1357032899,2001-01-01T09:22:48.503,735.41,375.99,27.11,5,0.00,5,27.11,18.45,92.24,1.47,1.73,,"2 frame(s); median area 4.5 px; net motion dx=-50.0, dy=-34.2; flags: none"
N1357033289,T0555,1357033289-0120,0.5151,2,15,co-iss-n1357033289,1357033289,2001-01-01T09:29:18.500,685.38,341.81,11.24,4,0.00,4,11.24,9.14,36.56,1.23,4.47,,"2 frame(s); median area 4.5 px; net motion dx=-50.0, dy=-34.2; flags: none"
N1357015401,T0157,1357015401-0208,0.5144,2,3,co-iss-n1357015401,1357015401,2001-01-01T04:31:10.624,922.17,614.76,18.32,4,0.00,4,18.32,14.83,59.33,1.24,4.47,,"2 frame(s); median area 4.5 px; net motion dx=49.8, dy=-16.8; flags: none"
N1357015761,T0157,1357015761-0301,0.5144,2,4,co-iss-n1357015761,1357015761,2001-01-01T04:37:10.622,972.00,597.98,19.82,5,0.00,5,19.82,12.82,64.10,1.55,1.00,,"2 frame(s); median area 4.5 px; net motion dx=49.8, dy=-16.8; flags: none"
N1357037761,T0695,1357037761-0079,0.5143,2,18,co-iss-n1357037761,1357037761,2001-01-01T10:43:50.469,171.84,235.92,20.94,5,0.00,5,20.94,13.00,65.00,1.61,3.52,,"2 frame(s); median area 4.0 px; net motion dx=3.7, dy=10.3; flags: none"
N1357038121,T0695,1357038121-0142,0.5143,2,19,co-iss-n1357038121,1357038121,2001-01-01T10:49:50.467,175.57,246.18,21.32,3,0.00,3,21.32,16.55,49.65,1.29,1.73,,"2 frame(s); median area 4.0 px; net motion dx=3.7, dy=10.3; flags: none"
N1357037371,T0653,1357037371-0142,0.5127,2,17,co-iss-n1357037371,1357037371,2001-01-01T10:37:20.472,185.75,392.10,15.24,5,0.00,5,15.24,10.59,52.96,1.44,2.89,,"2 frame(s); median area 4.0 px; net motion dx=42.7, dy=47.6; flags: none"
N1357037761,T0653,1357037761-0154,0.5127,2,18,co-iss-n1357037761,1357037761,2001-01-01T10:43:50.469,228.46,439.68,26.48,3,0.00,3,26.48,16.48,49.45,1.61,1.73,,"2 frame(s); median area 4.0 px; net motion dx=42.7, dy=47.6; flags: none"
N1357015011,T0139,1357015011-0537,0.5125,2,2,co-iss-n1357015011,1357015011,2001-01-01T04:24:40.627,193.31,936.47,25.85,3,0.00,3,25.85,16.35,49.05,1.58,1.73,,"2 frame(s); median area 3.0 px; net motion dx=-14.9, dy=-64.4; flags: none"
N1357015401,T0139,1357015401-0305,0.5125,2,3,co-iss-n1357015401,1357015401,2001-01-01T04:31:10.624,178.42,872.08,54.11,3,0.00,3,54.11,35.72,107.15,1.52,1.73,,"2 frame(s); median area 3.0 px; net motion dx=-14.9, dy=-64.4; flags: none"
N1357024345,T0393,1357024345-0278,0.5125,2,9,co-iss-n1357024345,1357024345,2001-01-01T07:00:14.562,59.79,816.77,15.26,3,0.00,3,15.26,11.35,34.04,1.34,4.39,,"2 frame(s); median area 3.0 px; net motion dx=7.0, dy=-5.6; flags: none"
N1357024705,T0393,1357024705-0362,0.5125,2,10,co-iss-n1357024705,1357024705,2001-01-01T07:06:14.560,66.78,811.14,45.55,3,0.00,3,45.55,23.59,70.76,1.93,1.73,,"2 frame(s); median area 3.0 px; net motion dx=7.0, dy=-5.6; flags: none"
N1357032899,T0571,1357032899-0276,0.5125,2,14,co-iss-n1357032899,1357032899,2001-01-01T09:22:48.503,334.28,766.42,10.61,3,0.00,3,10.61,8.53,25.58,1.25,1.73,,"2 frame(s); median area 3.0 px; net motion dx=-2.9, dy=-30.1; flags: none"
N1357033289,T0571,1357033289-0270,0.5125,2,15,co-iss-n1357033289,1357033289,2001-01-01T09:29:18.500,331.33,736.33,39.78,3,0.00,3,39.78,39.66,118.99,1.00,1.73,,"2 frame(s); median area 3.0 px; net motion dx=-2.9, dy=-30.1; flags: none"
N1357033289,T0601,1357033289-0288,0.5125,2,15,co-iss-n1357033289,1357033289,2001-01-01T09:29:18.500,319.83,780.34,40.32,3,0.00,3,40.32,27.42,82.25,1.47,1.73,,"2 frame(s); median area 3.0 px; net motion dx=-47.4, dy=-26.1; flags: none"
N1357033649,T0601,1357033649-0326,0.5125,2,16,co-iss-n1357033649,1357033649,2001-01-01T09:35:18.498,272.43,754.19,24.99,3,0.00,3,24.99,13.36,40.07,1.87,4.39,,"2 frame(s); median area 3.0 px; net motion dx=-47.4, dy=-26.1; flags: none"
N1357037761,T0696,1357037761-0081,0.5125,2,18,co-iss-n1357037761,1357037761,2001-01-01T10:43:50.469,226.77,238.16,50.26,3,0.00,3,50.26,27.68,83.03,1.82,1.73,,"2 frame(s); median area 3.0 px; net motion dx=46.9, dy=-33.1; flags: none"
N1357038121,T0696,1357038121-0127,0.5125,2,19,co-iss-n1357038121,1357038121,2001-01-01T10:49:50.467,273.71,205.02,12.01,3,0.00,3,12.01,8.99,26.97,1.34,4.39,,"2 frame(s); median area 3.0 px; net motion dx=46.9, dy=-33.1; flags: none"
N1357042233,T0780,1357042233-0132,0.5097,2,21,co-iss-n1357042233,1357042233,2001-01-01T11:58:22.438,888.33,409.55,16.34,6,0.15,6,16.34,12.40,74.43,1.32,6.81,,"2 frame(s); median area 4.5 px; net motion dx=-34.0, dy=-68.2; flags: none"
N1357042593,T0780,1357042593-0163,0.5097,2,22,co-iss-n1357042593,1357042593,2001-01-01T12:04:22.436,854.33,341.34,20.22,3,0.00,3,20.22,20.11,60.32,1.01,1.73,,"2 frame(s); median area 4.5 px; net motion dx=-34.0, dy=-68.2; flags: none"
N1357024345,T0385,1357024345-0205,0.5054,2,9,co-iss-n1357024345,1357024345,2001-01-01T07:00:14.562,589.98,591.37,30.27,4,0.00,4,30.27,20.27,81.06,1.49,1.63,,"2 frame(s); median area 3.5 px; net motion dx=-25.2, dy=-24.0; flags: none"
N1357024705,T0385,1357024705-0272,0.5054,2,10,co-iss-n1357024705,1357024705,2001-01-01T07:06:14.560,564.73,567.40,13.20,3,0.00,3,13.20,11.14,33.41,1.19,1.73,,"2 frame(s); median area 3.5 px; net motion dx=-25.2, dy=-24.0; flags: none"
N1357028817,T0500,1357028817-0156,0.5046,2,12,co-iss-n1357028817,1357028817,2001-01-01T08:14:46.531,224.48,382.19,30.30,3,0.00,3,30.30,19.55,58.64,1.55,1.73,,"2 frame(s); median area 3.0 px; net motion dx=4.9, dy=-27.4; flags: none"
N1357029177,T0500,1357029177-0201,0.5046,2,13,co-iss-n1357029177,1357029177,2001-01-01T08:20:46.529,229.41,354.82,17.06,3,0.00,3,17.06,13.86,41.57,1.23,4.39,,"2 frame(s); median area 3.0 px; net motion dx=4.9, dy=-27.4; flags: none"
N1357008677,T0016,1357008677-0147,0.5038,2,0,co-iss-n1357008677,1357008677,2001-01-01T02:39:06.671,934.45,771.53,26.06,4,0.00,4,26.06,23.24,92.97,1.12,1.00,,"2 frame(s); median area 3.5 px; net motion dx=-27.2, dy=-47.2; flags: none"
N1357009037,T0016,1357009037-0335,0.5038,2,1,co-iss-n1357009037,1357009037,2001-01-01T02:45:06.668,907.27,724.28,16.86,3,0.00,3,16.86,12.68,38.04,1.33,1.73,,"2 frame(s); median area 3.5 px; net motion dx=-27.2, dy=-47.2; flags: none"
N1357032899,T0564,1357032899-0204,0.5034,2,14,co-iss-n1357032899,1357032899,2001-01-01T09:22:48.503,244.71,563.66,9.60,3,0.00,3,9.60,8.72,26.17,1.10,1.73,,"2 frame(s); median area 3.0 px; net motion dx=-47.9, dy=-60.9; flags: none"
N1357033289,T0564,1357033289-0177,0.5034,2,15,co-iss-n1357033289,1357033289,2001-01-01T09:29:18.500,196.85,502.73,37.37,3,0.00,3,37.37,21.59,64.76,1.73,1.73,,"2 frame(s); median area 3.0 px; net motion dx=-47.9, dy=-60.9; flags: none"
N1357037371,T0678,1357037371-0309,0.5032,3,17,co-iss-n1357037371,1357037371,2001-01-01T10:37:20.472,777.22,770.21,19.43,3,0.00,3,19.43,11.30,33.90,1.72,1.73,,"3 frame(s); median area 3.0 px; net motion dx=7.1, dy=-44.5; flags: none"
N1357037761,T0678,1357037761-0275,0.5032,3,18,co-iss-n1357037761,1357037761,2001-01-01T10:43:50.469,780.88,768.20,41.15,3,0.00,3,41.15,20.05,60.16,2.05,1.73,,"3 frame(s); median area 3.0 px; net motion dx=7.1, dy=-44.5; flags: none"
N1357038121,T0678,1357038121-0327,0.5032,3,19,co-iss-n1357038121,1357038121,2001-01-01T10:49:50.467,784.30,725.67,20.18,3,0.00,3,20.18,18.17,54.52,1.11,1.73,,"3 frame(s); median area 3.0 px; net motion dx=7.1, dy=-44.5; flags: none"
N1357037371,T0649,1357037371-0127,0.5025,2,17,co-iss-n1357037371,1357037371,2001-01-01T10:37:20.472,33.36,347.21,15.41,3,0.00,3,15.41,12.00,35.99,1.28,1.73,,"2 frame(s); median area 4.0 px; net motion dx=-2.6, dy=-56.1; flags: none"
N1357037761,T0649,1357037761-0098,0.5025,2,18,co-iss-n1357037761,1357037761,2001-01-01T10:43:50.469,30.74,291.12,22.94,5,0.00,5,22.94,16.45,82.24,1.39,2.89,,"2 frame(s); median area 4.0 px; net motion dx=-2.6, dy=-56.1; flags: none"
N1357015011,T0141,1357015011-0550,0.5007,2,2,co-iss-n1357015011,1357015011,2001-01-01T04:24:40.627,724.22,940.97,28.37,5,0.00,5,28.37,13.92,69.62,2.04,1.73,,"2 frame(s); median area 4.0 px; net motion dx=75.1, dy=0.6; flags: none"
N1357015401,T0141,1357015401-0390,0.5007,2,3,co-iss-n1357015401,1357015401,2001-01-01T04:31:10.624,799.32,941.62,9.36,3,0.00,3,9.36,8.13,24.38,1.15,1.73,,"2 frame(s); median area 4.0 px; net motion dx=75.1, dy=0.6; flags: none"
N1357015401,T0161,1357015401-0252,0.5006,2,3,co-iss-n1357015401,1357015401,2001-01-01T04:31:10.624,846.79,705.78,9.85,5,0.00,5,9.85,8.84,44.20,1.11,4.24,,"2 frame(s); median area 4.5 px; net motion dx=18.1, dy=-36.4; flags: none"
N1357015761,T0161,1357015761-0331,0.5006,2,4,co-iss-n1357015761,1357015761,2001-01-01T04:37:10.622,864.92,669.34,23.68,4,0.15,4,23.68,17.23,68.90,1.37,6.17,,"2 frame(s); median area 4.5 px; net motion dx=18.1, dy=-36.4; flags: none"
N1357015401,T0155,1357015401-0195,0.5005,2,3,co-iss-n1357015401,1357015401,2001-01-01T04:31:10.624,915.50,582.50,20.10,4,0.00,4,20.10,19.99,79.96,1.01,1.00,,"2 frame(s); median area 3.5 px; net motion dx=27.1, dy=-32.1; flags: none"
N1357015761,T0155,1357015761-0278,0.5005,2,4,co-iss-n1357015761,1357015761,2001-01-01T04:37:10.622,942.56,550.35,21.75,3,0.00,3,21.75,16.63,49.90,1.31,1.73,,"2 frame(s); median area 3.5 px; net motion dx=27.1, dy=-32.1; flags: none"
N1357023955,T0339,1357023955-0178,0.5005,2,8,co-iss-n1357023955,1357023955,2001-01-01T06:53:44.565,831.53,509.73,24.00,3,0.00,3,24.00,16.95,50.84,1.42,4.39,,"2 frame(s); median area 3.0 px; net motion dx=-24.3, dy=8.7; flags: none"
N1357024345,T0339,1357024345-0178,0.5005,2,9,co-iss-n1357024345,1357024345,2001-01-01T07:00:14.562,807.20,518.47,22.01,3,0.00,3,22.01,15.64,46.93,1.41,1.73,,"2 frame(s); median area 3.0 px; net motion dx=-24.3, dy=8.7; flags: none"
N1357037371,T0687,1357037371-0394,0.4998,2,17,co-iss-n1357037371,1357037371,2001-01-01T10:37:20.472,816.56,944.52,8.52,9,0.00,9,8.52,7.49,67.45,1.14,2.07,,"2 frame(s); median area 6.5 px; net motion dx=51.9, dy=-9.3; flags: none"
N1357037761,T0687,1357037761-0382,0.4998,2,18,co-iss-n1357037761,1357037761,2001-01-01T10:43:50.469,868.50,935.26,8.08,4,0.00,4,8.08,7.63,30.54,1.06,2.70,,"2 frame(s); median area 6.5 px; net motion dx=51.9, dy=-9.3; flags: none"
N1357042233,T0772,1357042233-0054,0.4987,2,21,co-iss-n1357042233,1357042233,2001-01-01T11:58:22.438,637.88,185.74,11.13,3,0.00,3,11.13,9.74,29.23,1.14,4.39,,"2 frame(s); median area 3.0 px; net motion dx=-55.6, dy=-8.3; flags: none"
N1357042593,T0772,1357042593-0108,0.4987,2,22,co-iss-n1357042593,1357042593,2001-01-01T12:04:22.436,582.32,177.43,34.28,3,0.00,3,34.28,26.83,80.49,1.28,1.73,,"2 frame(s); median area 3.0 px; net motion dx=-55.6, dy=-8.3; flags: none"
N1357033289,T0587,1357033289-0053,0.4943,2,15,co-iss-n1357033289,1357033289,2001-01-01T09:29:18.500,352.62,169.15,13.63,3,0.00,3,13.63,11.75,35.24,1.16,4.39,,"2 frame(s); median area 3.5 px; net motion dx=36.0, dy=-45.0; flags: none"
N1357033649,T0587,1357033649-0096,0.4943,2,16,co-iss-n1357033649,1357033649,2001-01-01T09:35:18.498,388.58,124.15,26.12,4,0.00,4,26.12,15.03,60.10,1.74,4.47,,"2 frame(s); median area 3.5 px; net motion dx=36.0, dy=-45.0; flags: none"
N1357008677,T0017,1357008677-0152,0.4937,2,0,co-iss-n1357008677,1357008677,2001-01-01T02:39:06.671,947.71,777.41,11.07,3,0.00,3,11.07,8.97,26.90,1.23,1.73,,"2 frame(s); median area 5.0 px; net motion dx=43.9, dy=12.3; flags: none"
N1357009037,T0017,1357009037-0363,0.4937,2,1,co-iss-n1357009037,1357009037,2001-01-01T02:45:06.668,991.66,789.72,16.00,7,0.00,7,16.00,10.61,74.30,1.51,2.65,,"2 frame(s); median area 5.0 px; net motion dx=43.9, dy=12.3; flags: none"
N1357019873,T0272,1357019873-0295,0.4926,2,6,co-iss-n1357019873,1357019873,2001-01-01T05:45:42.593,398.64,872.08,10.38,3,0.00,3,10.38,9.60,28.80,1.08,4.39,,"2 frame(s); median area 4.0 px; net motion dx=52.0, dy=-17.4; flags: none"
N1357020233,T0272,1357020233-0372,0.4926,2,7,co-iss-n1357020233,1357020233,2001-01-01T05:51:42.591,450.61,854.68,24.64,5,0.00,5,24.64,16.34,81.72,1.51,1.73,,"2 frame(s); median area 4.0 px; net motion dx=52.0, dy=-17.4; flags: none"
N1357019873,T0253,1357019873-0018,0.4884,2,6,co-iss-n1357019873,1357019873,2001-01-01T05:45:42.593,860.76,61.25,28.92,3,0.00,3,28.92,19.00,57.00,1.52,1.73,,"2 frame(s); median area 3.5 px; net motion dx=47.7, dy=-56.7; flags: none"
N1357020233,T0253,1357020233-0009,0.4884,2,7,co-iss-n1357020233,1357020233,2001-01-01T05:51:42.591,908.48,4.53,8.90,4,0.00,4,8.90,7.67,30.69,1.16,1.00,,"2 frame(s); median area 3.5 px; net motion dx=47.7, dy=-56.7; flags: none"
N1357037371,T0646,1357037371-0107,0.4843,2,17,co-iss-n1357037371,1357037371,2001-01-01T10:37:20.472,359.66,297.62,10.35,3,0.00,3,10.35,8.96,26.88,1.15,1.73,,"2 frame(s); median area 4.5 px; net motion dx=-63.9, dy=-34.4; flags: none"
N1357037761,T0646,1357037761-0086,0.4843,2,18,co-iss-n1357037761,1357037761,2001-01-01T10:43:50.469,295.74,263.19,17.74,6,0.00,6,17.74,13.03,78.17,1.36,4.26,,"2 frame(s); median area 4.5 px; net motion dx=-63.9, dy=-34.4; flags: none"
N1357037371,T0657,1357037371-0187,0.4839,2,17,co-iss-n1357037371,1357037371,2001-01-01T10:37:20.472,949.40,484.51,16.93,4,0.00,4,16.93,14.05,56.19,1.21,1.00,,"2 frame(s); median area 3.5 px; net motion dx=-3.7, dy=-67.3; flags: none"
N1357037761,T0657,1357037761-0145,0.4839,2,18,co-iss-n1357037761,1357037761,2001-01-01T10:43:50.469,945.73,417.25,19.38,3,0.00,3,19.38,13.24,39.73,1.46,1.73,,"2 frame(s); median area 3.5 px; net motion dx=-3.7, dy=-67.3; flags: none"
N1357028427,T0471,1357028427-0342,0.4837,2,11,co-iss-n1357028427,1357028427,2001-01-01T08:08:16.534,775.63,842.74,19.20,3,0.00,3,19.20,17.25,51.74,1.11,1.73,,"2 frame(s); median area 3.0 px; net motion dx=59.0, dy=-14.5; flags: none"
N1357028817,T0471,1357028817-0337,0.4837,2,12,co-iss-n1357028817,1357028817,2001-01-01T08:14:46.531,834.61,828.23,21.21,3,0.00,3,21.21,18.21,54.64,1.16,1.73,,"2 frame(s); median area 3.0 px; net motion dx=59.0, dy=-14.5; flags: none"
N1357019873,T0268,1357019873-0242,0.4822,2,6,co-iss-n1357019873,1357019873,2001-01-01T05:45:42.593,479.66,738.65,19.58,3,0.00,3,19.58,18.84,56.51,1.04,1.73,,"2 frame(s); median area 3.5 px; net motion dx=-34.5, dy=-54.5; flags: none"
N1357020233,T0268,1357020233-0316,0.4822,2,7,co-iss-n1357020233,1357020233,2001-01-01T05:51:42.591,445.20,684.19,16.15,4,0.15,4,16.15,10.34,41.37,1.56,6.85,,"2 frame(s); median area 3.5 px; net motion dx=-34.5, dy=-54.5; flags: none"
N1357041843,T0755,1357041843-0168,0.4818,2,20,co-iss-n1357041843,1357041843,2001-01-01T11:51:52.441,900.35,511.52,17.59,4,0.00,4,17.59,12.13,48.52,1.45,1.00,,"2 frame(s); median area 4.0 px; net motion dx=16.1, dy=-60.8; flags: none"
N1357042233,T0755,1357042233-0153,0.4818,2,21,co-iss-n1357042233,1357042233,2001-01-01T11:58:22.438,916.40,450.69,13.84,4,0.00,4,13.84,11.32,45.28,1.22,2.45,,"2 frame(s); median area 4.0 px; net motion dx=16.1, dy=-60.8; flags: none"
N1357042233,T0788,1357042233-0237,0.4790,2,21,co-iss-n1357042233,1357042233,2001-01-01T11:58:22.438,468.87,634.58,18.44,4,0.15,4,18.44,12.77,51.06,1.44,6.85,,"2 frame(s); median area 3.5 px; net motion dx=41.9, dy=-32.2; flags: none"
N1357042593,T0788,1357042593-0265,0.4790,2,22,co-iss-n1357042593,1357042593,2001-01-01T12:04:22.436,510.81,602.41,16.22,3,0.00,3,16.22,13.09,39.26,1.24,1.73,,"2 frame(s); median area 3.5 px; net motion dx=41.9, dy=-32.2; flags: none"
N1357015011,T0126,1357015011-0417,0.4775,2,2,co-iss-n1357015011,1357015011,2001-01-01T04:24:40.627,798.45,803.20,20.46,4,0.00,4,20.46,12.46,49.85,1.64,2.62,,"2 frame(s); median area 3.5 px; net motion dx=-33.7, dy=-39.8; flags: none"
N1357015401,T0126,1357015401-0278,0.4775,2,3,co-iss-n1357015401,1357015401,2001-01-01T04:31:10.624,764.76,763.43,13.69,3,0.00,3,13.69,10.67,32.02,1.28,1.73,,"2 frame(s); median area 3.5 px; net motion dx=-33.7, dy=-39.8; flags: none"
N1357042233,T0793,1357042233-0309,0.4760,2,21,co-iss-n1357042233,1357042233,2001-01-01T11:58:22.438,966.50,857.50,8.13,4,0.00,4,8.13,8.13,32.52,1.00,1.00,,"2 frame(s); median area 4.5 px; net motion dx=-27.7, dy=42.4; flags: none"
N1357042593,T0793,1357042593-0388,0.4760,2,22,co-iss-n1357042593,1357042593,2001-01-01T12:04:22.436,938.76,899.88,17.21,5,0.00,5,17.21,11.25,56.24,1.53,2.89,,"2 frame(s); median area 4.5 px; net motion dx=-27.7, dy=42.4; flags: none"
N1357023955,T0319,1357023955-0024,0.4759,2,8,co-iss-n1357023955,1357023955,2001-01-01T06:53:44.565,741.28,74.02,13.64,3,0.00,3,13.64,9.78,29.34,1.39,4.39,,"2 frame(s); median area 3.0 px; net motion dx=60.5, dy=-5.7; flags: none"
N1357024345,T0319,1357024345-0018,0.4759,2,9,co-iss-n1357024345,1357024345,2001-01-01T07:00:14.562,801.77,68.31,24.16,3,0.00,3,24.16,17.16,51.47,1.41,1.73,,"2 frame(s); median area 3.0 px; net motion dx=60.5, dy=-5.7; flags: none"
N1357028427,T0476,1357028427-0404,0.4753,2,11,co-iss-n1357028427,1357028427,2001-01-01T08:08:16.534,828.29,941.47,8.57,7,0.00,7,8.57,7.91,55.39,1.08,2.18,,"2 frame(s); median area 5.5 px; net motion dx=61.7, dy=-10.0; flags: none"
N1357028817,T0476,1357028817-0392,0.4753,2,12,co-iss-n1357028817,1357028817,2001-01-01T08:14:46.531,889.96,931.47,8.20,4,0.00,4,8.20,7.51,30.02,1.09,2.62,,"2 frame(s); median area 5.5 px; net motion dx=61.7, dy=-10.0; flags: none"
N1357008677,T0015,1357008677-0133,0.4738,2,0,co-iss-n1357008677,1357008677,2001-01-01T02:39:06.671,1010.79,747.79,9.87,4,0.00,4,9.87,8.42,33.67,1.17,2.45,,"2 frame(s); median area 3.5 px; net motion dx=-4.5, dy=0.8; flags: none"
N1357009037,T0015,1357009037-0346,0.4738,2,1,co-iss-n1357009037,1357009037,2001-01-01T02:45:06.668,1006.24,748.62,23.07,3,0.00,3,23.07,20.32,60.95,1.14,1.73,,"2 frame(s); median area 3.5 px; net motion dx=-4.5, dy=0.8; flags: none"
N1357037371,T0652,1357037371-0135,0.4699,2,17,co-iss-n1357037371,1357037371,2001-01-01T10:37:20.472,24.37,379.63,10.56,3,0.00,3,10.56,9.45,28.35,1.12,1.73,,"2 frame(s); median area 3.5 px; net motion dx=17.2, dy=-53.1; flags: none"
N1357037761,T0652,1357037761-0109,0.4699,2,18,co-iss-n1357037761,1357037761,2001-01-01T10:43:50.469,41.58,326.52,21.08,4,0.00,4,21.08,13.30,53.19,1.59,5.83,,"2 frame(s); median area 3.5 px; net motion dx=17.2, dy=-53.1; flags: none"
N1357032899,T0550,1357032899-0025,0.4699,2,14,co-iss-n1357032899,1357032899,2001-01-01T09:22:48.503,425.74,78.85,20.52,3,0.00,3,20.52,16.65,49.95,1.23,4.39,,"2 frame(s); median area 3.5 px; net motion dx=-45.5, dy=-19.9; flags: none"
N1357033289,T0550,1357033289-0018,0.4699,2,15,co-iss-n1357033289,1357033289,2001-01-01T09:29:18.500,380.24,58.97,11.09,4,0.00,4,11.09,10.41,41.65,1.07,3.60,,"2 frame(s); median area 3.5 px; net motion dx=-45.5, dy=-19.9; flags: none"
N1357028817,T0504,1357028817-0254,0.4693,2,12,co-iss-n1357028817,1357028817,2001-01-01T08:14:46.531,889.67,624.74,12.15,3,0.00,3,12.15,9.92,29.76,1.22,1.73,,"2 frame(s); median area 3.0 px; net motion dx=-0.3, dy=42.9; flags: none"
N1357029177,T0504,1357029177-0327,0.4693,2,13,co-iss-n1357029177,1357029177,2001-01-01T08:20:46.529,889.37,667.63,23.44,3,0.00,3,23.44,21.39,64.17,1.10,1.73,,"2 frame(s); median area 3.0 px; net motion dx=-0.3, dy=42.9; flags: none"
N1357028427,T0443,1357028427-0162,0.4686,2,11,co-iss-n1357028427,1357028427,2001-01-01T08:08:16.534,989.51,404.48,17.82,5,0.00,5,17.82,14.75,73.76,1.21,2.09,,"2 frame(s); median area 4.0 px; net motion dx=-27.5, dy=45.8; flags: none"
N1357028817,T0443,1357028817-0179,0.4686,2,12,co-iss-n1357028817,1357028817,2001-01-01T08:14:46.531,961.98,450.33,9.22,3,0.00,3,9.22,8.82,26.46,1.04,4.39,,"2 frame(s); median area 4.0 px; net motion dx=-27.5, dy=45.8; flags: none"
N1357041843,T0766,1357041843-0293,0.4682,2,20,co-iss-n1357041843,1357041843,2001-01-01T11:51:52.441,740.55,890.19,18.57,4,0.00,4,18.57,13.36,53.44,1.39,2.62,,"2 frame(s); median area 4.0 px; net motion dx=62.4, dy=56.3; flags: none"
N1357042233,T0766,1357042233-0401,0.4682,2,21,co-iss-n1357042233,1357042233,2001-01-01T11:58:22.438,802.98,946.47,8.32,4,0.00,4,8.32,7.69,30.78,1.08,2.62,,"2 frame(s); median area 4.0 px; net motion dx=62.4, dy=56.3; flags: none"
N1357032899,T0581,1357032899-0372,0.4667,2,14,co-iss-n1357032899,1357032899,2001-01-01T09:22:48.503,865.33,939.02,8.36,3,0.00,3,8.36,7.97,23.91,1.05,4.39,,"2 frame(s); median area 5.0 px; net motion dx=-48.2, dy=5.4; flags: none"
N1357033289,T0581,1357033289-0401,0.4667,2,15,co-iss-n1357033289,1357033289,2001-01-01T09:29:18.500,817.11,944.42,9.72,7,0.00,7,9.72,7.88,55.17,1.23,1.84,,"2 frame(s); median area 5.0 px; net motion dx=-48.2, dy=5.4; flags: none"
N1357015011,T0087,1357015011-0134,0.4617,2,2,co-iss-n1357015011,1357015011,2001-01-01T04:24:40.627,778.31,327.68,12.53,3,0.00,3,12.53,11.29,33.86,1.11,1.73,,"2 frame(s); median area 3.0 px; net motion dx=-16.5, dy=-10.9; flags: none"
N1357015401,T0087,1357015401-0110,0.4617,2,3,co-iss-n1357015401,1357015401,2001-01-01T04:31:10.624,761.80,316.79,20.53,3,0.00,3,20.53,16.34,49.01,1.26,4.39,,"2 frame(s); median area 3.0 px; net motion dx=-16.5, dy=-10.9; flags: none"
N1357033289,T0599,1357033289-0284,0.4595,2,15,co-iss-n1357033289,1357033289,2001-01-01T09:29:18.500,612.42,772.71,16.72,3,0.00,3,16.72,13.34,40.03,1.25,1.73,,"2 frame(s); median area 3.0 px; net motion dx=29.7, dy=-74.1; flags: none"
N1357033649,T0599,1357033649-0306,0.4595,2,16,co-iss-n1357033649,1357033649,2001-01-01T09:35:18.498,642.15,698.63,15.62,3,0.00,3,15.62,12.84,38.52,1.22,4.39,,"2 frame(s); median area 3.0 px; net motion dx=29.7, dy=-74.1; flags: none"
N1357032899,T0570,1357032899-0275,0.4594,2,14,co-iss-n1357032899,1357032899,2001-01-01T09:22:48.503,758.99,758.68,14.48,3,0.00,3,14.48,14.18,42.53,1.02,4.39,,"2 frame(s); median area 3.5 px; net motion dx=25.6, dy=42.4; flags: none"
N1357033289,T0570,1357033289-0295,0.4594,2,15,co-iss-n1357033289,1357033289,2001-01-01T09:29:18.500,784.55,801.07,13.66,4,0.00,4,13.66,9.36,37.43,1.46,2.62,,"2 frame(s); median area 3.5 px; net motion dx=25.6, dy=42.4; flags: none"
N1357028817,T0493,1357028817-0091,0.4593,2,12,co-iss-n1357028817,1357028817,2001-01-01T08:14:46.531,913.83,224.41,18.22,3,0.00,3,18.22,14.60,43.81,1.25,1.73,,"2 frame(s); median area 3.5 px; net motion dx=5.9, dy=4.8; flags: none"
N1357029177,T0493,1357029177-0158,0.4593,2,13,co-iss-n1357029177,1357029177,2001-01-01T08:20:46.529,919.73,229.19,9.87,4,0.00,4,9.87,8.63,34.53,1.14,2.45,,"2 frame(s); median area 3.5 px; net motion dx=5.9, dy=4.8; flags: none"
N1357033289,T0605,1357033289-0316,0.4556,2,15,co-iss-n1357033289,1357033289,2001-01-01T09:29:18.500,947.66,850.31,8.93,3,0.00,3,8.93,8.63,25.89,1.03,1.73,,"2 frame(s); median area 3.0 px; net motion dx=-81.0, dy=9.2; flags: none"
N1357033649,T0605,1357033649-0359,0.4556,2,16,co-iss-n1357033649,1357033649,2001-01-01T09:35:18.498,866.70,859.54,22.09,3,0.00,3,22.09,16.12,48.37,1.37,1.73,,"2 frame(s); median area 3.0 px; net motion dx=-81.0, dy=9.2; flags: none"
N1357037761,T0704,1357037761-0155,0.4553,2,18,co-iss-n1357037761,1357037761,2001-01-01T10:43:50.469,188.27,440.23,21.65,3,0.00,3,21.65,14.46,43.37,1.50,1.73,,"2 frame(s); median area 3.0 px; net motion dx=-13.9, dy=58.1; flags: none"
N1357038121,T0704,1357038121-0235,0.4553,2,19,co-iss-n1357038121,1357038121,2001-01-01T10:49:50.467,174.35,498.28,9.29,3,0.00,3,9.29,8.48,25.45,1.09,1.73,,"2 frame(s); median area 3.0 px; net motion dx=-13.9, dy=58.1; flags: none"
N1357037761,T0702,1357037761-0126,0.4511,2,18,co-iss-n1357037761,1357037761,2001-01-01T10:43:50.469,860.21,360.56,15.55,3,0.00,3,15.55,11.91,35.73,1.31,1.73,,"2 frame(s); median area 3.0 px; net motion dx=-49.0, dy=17.8; flags: none"
N1357038121,T0702,1357038121-0192,0.4511,2,19,co-iss-n1357038121,1357038121,2001-01-01T10:49:50.467,811.25,378.38,14.00,3,0.00,3,14.00,12.36,37.09,1.13,1.73,,"2 frame(s); median area 3.0 px; net motion dx=-49.0, dy=17.8; flags: none"
N1357028427,T0446,1357028427-0187,0.4508,2,11,co-iss-n1357028427,1357028427,2001-01-01T08:08:16.534,424.66,463.34,10.80,3,0.00,3,10.80,10.62,31.86,1.02,1.73,,"2 frame(s); median area 3.0 px; net motion dx=19.6, dy=-68.9; flags: none"
N1357028817,T0446,1357028817-0160,0.4508,2,12,co-iss-n1357028817,1357028817,2001-01-01T08:14:46.531,444.26,394.41,18.65,3,0.00,3,18.65,15.20,45.61,1.23,1.73,,"2 frame(s); median area 3.0 px; net motion dx=19.6, dy=-68.9; flags: none"
N1357032899,T0580,1357032899-0370,0.4499,2,14,co-iss-n1357032899,1357032899,2001-01-01T09:22:48.503,837.26,939.03,8.10,4,0.00,4,8.10,7.54,30.14,1.07,1.17,,"2 frame(s); median area 4.5 px; net motion dx=-30.2, dy=4.6; flags: none"
N1357033289,T0580,1357033289-0400,0.4499,2,15,co-iss-n1357033289,1357033289,2001-01-01T09:29:18.500,807.02,943.58,8.55,5,0.00,5,8.55,7.70,38.48,1.11,1.26,,"2 frame(s); median area 4.5 px; net motion dx=-30.2, dy=4.6; flags: none"
N1357042233,T0774,1357042233-0065,0.4480,2,21,co-iss-n1357042233,1357042233,2001-01-01T11:58:22.438,736.32,205.66,11.77,3,0.00,3,11.77,11.44,34.32,1.03,1.73,,"2 frame(s); median area 3.0 px; net motion dx=-14.5, dy=-52.3; flags: none"
N1357042593,T0774,1357042593-0102,0.4480,2,22,co-iss-n1357042593,1357042593,2001-01-01T12:04:22.436,721.79,153.38,16.71,3,0.00,3,16.71,13.58,40.73,1.23,1.73,,"2 frame(s); median area 3.0 px; net motion dx=-14.5, dy=-52.3; flags: none"
N1357015401,T0143,1357015401-0028,0.4473,2,3,co-iss-n1357015401,1357015401,2001-01-01T04:31:10.624,181.61,84.77,14.24,3,0.00,3,14.24,12.27,36.82,1.16,1.73,,"2 frame(s); median area 3.0 px; net motion dx=-13.8, dy=-4.1; flags: none"
N1357015761,T0143,1357015761-0116,0.4473,2,4,co-iss-n1357015761,1357015761,2001-01-01T04:37:10.622,167.85,80.69,14.02,3,0.00,3,14.02,10.28,30.83,1.36,4.39,,"2 frame(s); median area 3.0 px; net motion dx=-13.8, dy=-4.1; flags: none"
N1357019483,T0245,1357019483-0384,0.4452,2,5,co-iss-n1357019483,1357019483,2001-01-01T05:39:12.596,905.02,934.69,8.45,3,0.00,3,8.45,7.76,23.27,1.09,4.39,,"2 frame(s); median area 3.5 px; net motion dx=7.5, dy=-8.1; flags: none"
N1357019873,T0245,1357019873-0318,0.4452,2,6,co-iss-n1357019873,1357019873,2001-01-01T05:45:42.593,912.50,926.60,14.94,4,0.00,4,14.94,12.24,48.96,1.22,1.00,,"2 frame(s); median area 3.5 px; net motion dx=7.5, dy=-8.1; flags: none"
N1357019873,T0258,1357019873-0061,0.4420,2,6,co-iss-n1357019873,1357019873,2001-01-01T05:45:42.593,974.75,169.62,17.83,3,0.00,3,17.83,15.77,47.32,1.13,1.73,,"2 frame(s); median area 3.0 px; net motion dx=-38.4, dy=-70.3; flags: none"
N1357020233,T0258,1357020233-0099,0.4420,2,7,co-iss-n1357020233,1357020233,2001-01-01T05:51:42.591,936.32,99.34,8.68,3,0.00,3,8.68,8.57,25.70,1.01,1.73,,"2 frame(s); median area 3.0 px; net motion dx=-38.4, dy=-70.3; flags: none"
N1357023955,T0356,1357023955-0304,0.4394,2,8,co-iss-n1357023955,1357023955,2001-01-01T06:53:44.565,260.65,843.35,11.85,3,0.00,3,11.85,11.27,33.82,1.05,1.73,,"2 frame(s); median area 3.0 px; net motion dx=41.7, dy=4.9; flags: none"
N1357024345,T0356,1357024345-0293,0.4394,2,9,co-iss-n1357024345,1357024345,2001-01-01T07:00:14.562,302.32,848.24,13.77,3,0.00,3,13.77,10.36,31.07,1.33,1.73,,"2 frame(s); median area 3.0 px; net motion dx=41.7, dy=4.9; flags: none"
N1357041843,T0764,1357041843-0263,0.4393,2,20,co-iss-n1357041843,1357041843,2001-01-01T11:51:52.441,864.74,796.98,12.23,4,0.00,4,12.23,11.87,47.49,1.03,1.63,,"2 frame(s); median area 3.5 px; net motion dx=70.9, dy=39.7; flags: none"
N1357042233,T0764,1357042233-0299,0.4393,2,21,co-iss-n1357042233,1357042233,2001-01-01T11:58:22.438,935.67,836.67,9.20,3,0.00,3,9.20,9.20,27.60,1.00,1.73,,"2 frame(s); median area 3.5 px; net motion dx=70.9, dy=39.7; flags: none"
N1357028427,T0463,1357028427-0301,0.4389,2,11,co-iss-n1357028427,1357028427,2001-01-01T08:08:16.534,969.49,737.51,8.66,4,0.00,4,8.66,8.57,34.27,1.01,1.00,,"2 frame(s); median area 3.5 px; net motion dx=-49.8, dy=28.8; flags: none"
N1357028817,T0463,1357028817-0308,0.4389,2,12,co-iss-n1357028817,1357028817,2001-01-01T08:14:46.531,919.71,766.35,12.64,3,0.00,3,12.64,11.92,35.76,1.06,1.73,,"2 frame(s); median area 3.5 px; net motion dx=-49.8, dy=28.8; flags: none"
N1357009037,T0052,1357009037-0222,0.4375,1,1,co-iss-n1357009037,1357009037,2001-01-01T02:45:06.668,441.43,451.44,28.64,10,0.00,10,28.64,18.24,182.37,1.57,3.23,,1 frame(s); median area 10.0 px; flags: none
N1357009037,T0060,1357009037-0278,0.4375,1,1,co-iss-n1357009037,1357009037,2001-01-01T02:45:06.668,646.71,594.55,37.89,27,0.00,27,37.89,27.50,742.59,1.38,3.35,,1 frame(s); median area 27.0 px; flags: none
N1357009037,T0064,1357009037-0341,0.4375,1,1,co-iss-n1357009037,1357009037,2001-01-01T02:45:06.668,262.61,740.82,42.16,9,0.00,9,42.16,18.85,169.65,2.24,5.53,,1 frame(s); median area 9.0 px; flags: none
N1357009037,T0071,1357009037-0407,0.4375,1,1,co-iss-n1357009037,1357009037,2001-01-01T02:45:06.668,367.93,924.20,49.38,30,0.00,30,49.38,30.45,913.37,1.62,1.41,,1 frame(s); median area 30.0 px; flags: none
N1357015011,T0089,1357015011-0145,0.4375,1,2,co-iss-n1357015011,1357015011,2001-01-01T04:24:40.627,92.96,342.96,32.53,13,0.15,13,32.53,12.55,163.09,2.59,6.38,,1 frame(s); median area 13.0 px; flags: none
N1357015011,T0111,1357015011-0355,0.4375,1,2,co-iss-n1357015011,1357015011,2001-01-01T04:24:40.627,432.93,702.88,34.76,10,0.00,10,34.76,24.17,241.69,1.44,2.44,,1 frame(s); median area 10.0 px; flags: none
N1357015011,T0121,1357015011-0406,0.4375,1,2,co-iss-n1357015011,1357015011,2001-01-01T04:24:40.627,99.33,787.86,39.81,9,0.00,9,39.81,26.15,235.36,1.52,3.02,,1 frame(s); median area 9.0 px; flags: none
N1357015011,T0138,1357015011-0534,0.4375,1,2,co-iss-n1357015011,1357015011,2001-01-01T04:24:40.627,212.89,936.12,38.29,8,0.00,8,38.29,23.36,186.84,1.64,3.89,,1 frame(s); median area 8.0 px; flags: none
N1357015761,T0200,1357015761-0418,0.4375,1,4,co-iss-n1357015761,1357015761,2001-01-01T04:37:10.622,422.62,895.01,45.52,8,0.00,8,45.52,28.69,229.53,1.59,1.72,,1 frame(s); median area 8.0 px; flags: none
N1357019483,T0225,1357019483-0214,0.4375,1,5,co-iss-n1357019483,1357019483,2001-01-01T05:39:12.596,669.71,535.55,27.27,13,0.00,13,27.27,20.56,267.29,1.33,5.50,,1 frame(s); median area 13.0 px; flags: none
N1357020233,T0288,1357020233-0106,0.4375,1,7,co-iss-n1357020233,1357020233,2001-01-01T05:51:42.591,594.28,132.53,38.01,8,0.00,8,38.01,24.00,192.01,1.58,3.30,,1 frame(s); median area 8.0 px; flags: none
N1357020233,T0301,1357020233-0274,0.4375,1,7,co-iss-n1357020233,1357020233,2001-01-01T05:51:42.591,594.48,571.36,34.96,16,0.00,16,34.96,22.72,363.56,1.54,1.95,,1 frame(s); median area 16.0 px; flags: none
N1357020233,T0307,1357020233-0320,0.4375,1,7,co-iss-n1357020233,1357020233,2001-01-01T05:51:42.591,654.32,702.25,37.24,12,0.00,12,37.24,18.01,216.09,2.07,4.64,,1 frame(s); median area 12.0 px; flags: none
N1357023955,T0316,1357023955-0008,0.4375,1,8,co-iss-n1357023955,1357023955,2001-01-01T06:53:44.565,6.26,26.02,37.62,11,0.00,11,37.62,27.52,302.67,1.37,3.71,,1 frame(s); median area 11.0 px; flags: none
N1357023955,T0326,1357023955-0096,0.4375,1,8,co-iss-n1357023955,1357023955,2001-01-01T06:53:44.565,727.28,292.92,31.29,13,0.15,13,31.29,17.13,222.63,1.83,6.06,,1 frame(s); median area 13.0 px; flags: none
N1357024345,T0375,1357024345-0084,0.4375,1,9,co-iss-n1357024345,1357024345,2001-01-01T07:00:14.562,210.97,267.63,38.42,9,0.00,9,38.42,15.61,140.49,2.46,5.25,,1 frame(s); median area 9.0 px; flags: none
N1357028427,T0465,1357028427-0308,0.4375,1,11,co-iss-n1357028427,1357028427,2001-01-01T08:08:16.534,342.22,753.88,33.10,10,0.00,10,33.10,20.35,203.52,1.63,1.50,,1 frame(s); median area 10.0 px; flags: none
N1357028817,T0485,1357028817-0054,0.4375,1,12,co-iss-n1357028817,1357028817,2001-01-01T08:14:46.531,21.66,144.48,48.50,8,0.00,8,48.50,21.90,175.20,2.21,2.16,,1 frame(s); median area 8.0 px; flags: none
N1357028817,T0510,1357028817-0302,0.4375,1,12,co-iss-n1357028817,1357028817,2001-01-01T08:14:46.531,440.31,747.10,42.12,10,0.00,10,42.12,22.91,229.07,1.84,4.81,,1 frame(s); median area 10.0 px; flags: none
N1357029177,T0529,1357029177-0082,0.4375,1,13,co-iss-n1357029177,1357029177,2001-01-01T08:20:46.529,782.92,36.67,27.36,13,0.00,13,27.36,16.53,214.94,1.66,4.03,,1 frame(s); median area 13.0 px; flags: none
N1357029177,T0538,1357029177-0257,0.4375,1,13,co-iss-n1357029177,1357029177,2001-01-01T08:20:46.529,844.16,509.49,26.80,8,0.00,8,26.80,20.58,164.67,1.30,4.53,,1 frame(s); median area 8.0 px; flags: none
N1357033649,T0618,1357033649-0120,0.4375,1,16,co-iss-n1357033649,1357033649,2001-01-01T09:35:18.498,129.78,194.83,42.74,16,0.15,16,42.74,23.59,377.40,1.81,7.83,,1 frame(s); median area 16.0 px; flags: none
N1357037371,T0684,1357037371-0354,0.4375,1,17,co-iss-n1357037371,1357037371,2001-01-01T10:37:20.472,26.70,894.11,35.22,15,0.15,15,35.22,20.92,313.85,1.68,6.88,,1 frame(s); median area 15.0 px; flags: none
N1357037761,T0692,1357037761-0063,0.4375,1,18,co-iss-n1357037761,1357037761,2001-01-01T10:43:50.469,612.14,211.00,49.87,9,0.00,9,49.87,17.95,161.58,2.78,5.10,,1 frame(s); median area 9.0 px; flags: none
N1357038121,T0721,1357038121-0167,0.4375,1,19,co-iss-n1357038121,1357038121,2001-01-01T10:49:50.467,533.40,335.62,34.27,14,0.00,14,34.27,28.21,394.89,1.22,5.10,,1 frame(s); median area 14.0 px; flags: none
N1357041843,T0737,1357041843-0005,0.4375,1,20,co-iss-n1357041843,1357041843,2001-01-01T11:51:52.441,595.52,32.38,32.67,9,0.00,9,32.67,22.08,198.70,1.48,2.30,,1 frame(s); median area 9.0 px; flags: none
N1357041843,T0741,1357041843-0028,0.4375,1,20,co-iss-n1357041843,1357041843,2001-01-01T11:51:52.441,800.33,85.28,29.99,15,0.00,15,29.99,25.50,382.48,1.18,2.55,,1 frame(s); median area 15.0 px; flags: none
N1357041843,T0752,1357041843-0132,0.4375,1,20,co-iss-n1357041843,1357041843,2001-01-01T11:51:52.441,450.19,420.07,28.30,8,0.00,8,28.30,26.07,208.52,1.09,1.26,,1 frame(s); median area 8.0 px; flags: none
N1357042233,T0795,1357042233-0327,0.4375,1,21,co-iss-n1357042233,1357042233,2001-01-01T11:58:22.438,505.90,895.09,37.95,8,0.00,8,37.95,29.60,236.80,1.28,1.26,,1 frame(s); median area 8.0 px; flags: none
N1357029177,T0534,1357029177-0219,0.4360,1,13,co-iss-n1357029177,1357029177,2001-01-01T08:20:46.529,847.00,402.23,24.75,13,0.00,13,24.75,18.00,233.96,1.38,1.16,,1 frame(s); median area 13.0 px; flags: none
N1357029177,T0532,1357029177-0216,0.4338,1,13,co-iss-n1357029177,1357029177,2001-01-01T08:20:46.529,851.78,397.14,24.38,13,0.00,13,24.38,18.30,237.92,1.33,1.41,,1 frame(s); median area 13.0 px; flags: none
N1357037371,T0686,1357037371-0379,0.4264,2,17,co-iss-n1357037371,1357037371,2001-01-01T10:37:20.472,877.25,939.03,8.23,4,0.00,4,8.23,7.65,30.59,1.08,1.63,,"2 frame(s); median area 3.5 px; net motion dx=77.1, dy=-8.3; flags: none"
N1357037761,T0686,1357037761-0359,0.4264,2,18,co-iss-n1357037761,1357037761,2001-01-01T10:43:50.469,954.37,930.70,8.90,3,0.00,3,8.90,7.96,23.88,1.12,1.73,,"2 frame(s); median area 3.5 px; net motion dx=77.1, dy=-8.3; flags: none"
N1357028427,T0461,1357028427-0266,0.4247,1,11,co-iss-n1357028427,1357028427,2001-01-01T08:08:16.534,767.07,638.38,22.86,10,0.00,10,22.86,19.30,193.03,1.18,1.63,,1 frame(s); median area 10.0 px; flags: none
N1357028427,T0462,1357028427-0268,0.4247,1,11,co-iss-n1357028427,1357028427,2001-01-01T08:08:16.534,758.43,639.75,22.86,10,0.00,10,22.86,15.19,151.87,1.51,1.67,,1 frame(s); median area 10.0 px; flags: none
N1357009037,T0061,1357009037-0279,0.4247,1,1,co-iss-n1357009037,1357009037,2001-01-01T02:45:06.668,966.44,592.62,22.86,10,0.00,10,22.86,20.58,205.79,1.11,3.23,,1 frame(s); median area 10.0 px; flags: none
N1357023955,T0367,1357023955-0374,0.4244,2,8,co-iss-n1357023955,1357023955,2001-01-01T06:53:44.565,842.98,937.77,8.46,4,0.00,4,8.46,7.59,30.35,1.11,1.63,,"2 frame(s); median area 3.5 px; net motion dx=-25.3, dy=2.9; flags: none"
N1357024345,T0367,1357024345-0386,0.4244,2,9,co-iss-n1357024345,1357024345,2001-01-01T07:00:14.562,817.67,940.67,8.02,3,0.00,3,8.02,7.90,23.69,1.02,1.73,,"2 frame(s); median area 3.5 px; net motion dx=-25.3, dy=2.9; flags: none"
N1357009037,T0040,1357009037-0126,0.4231,1,1,co-iss-n1357009037,1357009037,2001-01-01T02:45:06.668,244.17,185.12,22.59,9,0.00,9,22.59,15.48,139.35,1.46,2.47,,1 frame(s); median area 9.0 px; flags: none
N1357028427,T0439,1357028427-0124,0.4192,1,11,co-iss-n1357028427,1357028427,2001-01-01T08:08:16.534,931.70,316.42,21.95,9,0.00,9,21.95,18.72,168.44,1.17,2.60,,1 frame(s); median area 9.0 px; flags: none
N1357020233,T0304,1357020233-0286,0.4138,1,7,co-iss-n1357020233,1357020233,2001-01-01T05:51:42.591,939.31,598.53,21.06,9,0.00,9,21.06,15.39,138.52,1.37,1.44,,1 frame(s); median area 9.0 px; flags: none
N1357019483,T0232,1357019483-0269,0.4135,1,5,co-iss-n1357019483,1357019483,2001-01-01T05:39:12.596,848.55,687.67,21.00,8,0.00,8,21.00,16.41,131.25,1.28,3.11,,1 frame(s); median area 8.0 px; flags: none
N1357009037,T0066,1357009037-0343,0.4125,1,1,co-iss-n1357009037,1357009037,2001-01-01T02:45:06.668,181.06,744.86,27.43,7,0.00,7,27.43,16.43,115.02,1.67,3.44,,1 frame(s); median area 7.0 px; flags: none
N1357015011,T0077,1357015011-0032,0.4125,1,2,co-iss-n1357015011,1357015011,2001-01-01T04:24:40.627,12.22,100.96,40.31,7,0.00,7,40.31,27.36,191.49,1.47,1.73,,1 frame(s); median area 7.0 px; flags: none
N1357015011,T0134,1357015011-0477,0.4125,1,2,co-iss-n1357015011,1357015011,2001-01-01T04:24:40.627,79.98,883.98,40.65,7,0.00,7,40.65,18.89,132.23,2.15,5.53,,1 frame(s); median area 7.0 px; flags: none
N1357019483,T0218,1357019483-0137,0.4125,1,5,co-iss-n1357019483,1357019483,2001-01-01T05:39:12.596,750.03,356.70,29.36,7,0.15,7,29.36,16.10,112.73,1.82,6.18,,1 frame(s); median area 7.0 px; flags: none
N1357019483,T0233,1357019483-0271,0.4125,1,5,co-iss-n1357019483,1357019483,2001-01-01T05:39:12.596,70.56,695.53,38.36,7,0.00,7,38.36,31.80,222.57,1.21,2.18,,1 frame(s); median area 7.0 px; flags: none
N1357020233,T0308,1357020233-0323,0.4125,1,7,co-iss-n1357020233,1357020233,2001-01-01T05:51:42.591,41.99,706.90,47.15,7,0.00,7,47.15,23.28,162.98,2.02,1.73,,1 frame(s); median area 7.0 px; flags: none
N1357023955,T0348,1357023955-0243,0.4125,1,8,co-iss-n1357023955,1357023955,2001-01-01T06:53:44.565,265.17,696.88,34.93,7,0.00,7,34.93,24.88,174.18,1.40,2.82,,1 frame(s); median area 7.0 px; flags: none
N1357028427,T0464,1357028427-0307,0.4125,1,11,co-iss-n1357028427,1357028427,2001-01-01T08:08:16.534,113.17,751.62,36.00,7,0.00,7,36.00,19.02,133.14,1.89,2.00,,1 frame(s); median area 7.0 px; flags: none
N1357028817,T0483,1357028817-0013,0.4125,1,12,co-iss-n1357028817,1357028817,2001-01-01T08:14:46.531,156.07,52.38,44.72,7,0.00,7,44.72,30.31,212.17,1.48,1.45,,1 frame(s); median area 7.0 px; flags: none
N1357028817,T0508,1357028817-0280,0.4125,1,12,co-iss-n1357028817,1357028817,2001-01-01T08:14:46.531,226.94,692.76,44.91,7,0.00,7,44.91,25.62,179.33,1.75,4.19,,1 frame(s); median area 7.0 px; flags: none
N1357029177,T0536,1357029177-0250,0.4125,1,13,co-iss-n1357029177,1357029177,2001-01-01T08:20:46.529,823.88,486.93,27.55,7,0.00,7,27.55,20.78,145.43,1.33,2.72,,1 frame(s); median area 7.0 px; flags: none
N1357041843,T0746,1357041843-0068,0.4125,1,20,co-iss-n1357041843,1357041843,2001-01-01T11:51:52.441,516.04,186.03,31.54,7,0.00,7,31.54,29.41,205.87,1.07,1.73,,1 frame(s); median area 7.0 px; flags: none
N1357042593,T0812,1357042593-0084,0.4125,1,22,co-iss-n1357042593,1357042593,2001-01-01T12:04:22.436,427.25,102.53,38.96,7,0.15,7,38.96,15.97,111.77,2.44,7.46,,1 frame(s); median area 7.0 px; flags: none
N1357042233,T0779,1357042233-0121,0.4122,2,21,co-iss-n1357042233,1357042233,2001-01-01T11:58:22.438,973.66,347.68,8.49,3,0.00,3,8.49,8.37,25.10,1.01,1.73,,"2 frame(s); median area 3.0 px; net motion dx=-9.3, dy=-29.0; flags: none"
N1357042593,T0779,1357042593-0154,0.4122,2,22,co-iss-n1357042593,1357042593,2001-01-01T12:04:22.436,964.33,318.67,8.08,3,0.00,3,8.08,7.96,23.88,1.01,1.73,,"2 frame(s); median area 3.0 px; net motion dx=-9.3, dy=-29.0; flags: none"
N1357037371,T0662,1357037371-0205,0.4119,1,17,co-iss-n1357037371,1357037371,2001-01-01T10:37:20.472,652.20,527.59,24.89,7,0.00,7,24.89,16.89,118.26,1.47,5.42,,1 frame(s); median area 7.0 px; flags: none
N1357023955,T0368,1357023955-0401,0.4113,2,8,co-iss-n1357023955,1357023955,2001-01-01T06:53:44.565,796.35,943.95,8.25,3,0.00,3,8.25,7.84,23.51,1.05,1.73,,"2 frame(s); median area 3.0 px; net motion dx=15.6, dy=-3.3; flags: none"
N1357024345,T0368,1357024345-0385,0.4113,2,9,co-iss-n1357024345,1357024345,2001-01-01T07:00:14.562,811.97,940.66,8.01,3,0.00,3,8.01,7.70,23.10,1.04,4.39,,"2 frame(s); median area 3.0 px; net motion dx=15.6, dy=-3.3; flags: none"
N1357041843,T0760,1357041843-0212,0.4074,1,20,co-iss-n1357041843,1357041843,2001-01-01T11:51:52.441,796.58,648.26,19.98,8,0.00,8,19.98,14.22,113.75,1.41,3.65,,1 frame(s); median area 8.0 px; flags: none
N1357028427,T0442,1357028427-0149,0.4073,1,11,co-iss-n1357028427,1357028427,2001-01-01T08:08:16.534,932.07,375.52,19.96,9,0.15,9,19.96,14.79,133.14,1.35,6.44,,1 frame(s); median area 9.0 px; flags: none
N1357037371,T0676,1357037371-0303,0.4059,1,17,co-iss-n1357037371,1357037371,2001-01-01T10:37:20.472,777.41,753.17,19.73,11,0.00,11,19.73,13.40,147.36,1.47,1.42,,1 frame(s); median area 11.0 px; flags: none
N1357028427,T0458,1357028427-0260,0.4052,1,11,co-iss-n1357028427,1357028427,2001-01-01T08:08:16.534,702.40,627.83,23.78,7,0.00,7,23.78,18.29,128.06,1.30,1.08,,1 frame(s); median area 7.0 px; flags: none
N1357015761,T0197,1357015761-0363,0.4031,1,4,co-iss-n1357015761,1357015761,2001-01-01T04:37:10.622,934.23,731.92,19.27,8,0.15,8,19.27,13.67,109.35,1.41,6.19,,1 frame(s); median area 8.0 px; flags: none
N1357033289,T0594,1357033289-0194,0.3951,1,15,co-iss-n1357033289,1357033289,2001-01-01T09:29:18.500,790.02,528.88,22.10,7,0.00,7,22.10,15.62,109.37,1.41,5.96,,1 frame(s); median area 7.0 px; flags: none
N1357009037,T0032,1357009037-0016,0.3920,1,1,co-iss-n1357009037,1357009037,2001-01-01T02:45:06.668,1012.06,10.02,17.42,286,0.00,286,17.42,11.28,3227.23,1.54,2.08,,1 frame(s); median area 286.0 px; flags: none
N1357015401,T0152,1357015401-0168,0.3908,1,3,co-iss-n1357015401,1357015401,2001-01-01T04:31:10.624,942.79,492.20,17.21,14,0.00,14,17.21,14.26,199.66,1.21,5.53,,1 frame(s); median area 14.0 px; flags: none
N1357009037,T0030,1357009037-0014,0.3899,1,1,co-iss-n1357009037,1357009037,2001-01-01T02:45:06.668,964.15,9.01,17.07,386,0.00,386,17.07,8.21,3167.53,2.08,3.77,,1 frame(s); median area 386.0 px; flags: none
N1357029177,T0533,1357029177-0218,0.3878,1,13,co-iss-n1357029177,1357029177,2001-01-01T08:20:46.529,841.01,399.10,16.72,8,0.00,8,16.72,11.36,90.91,1.47,2.14,,1 frame(s); median area 8.0 px; flags: none
N1357009037,T0055,1357009037-0240,0.3875,1,1,co-iss-n1357009037,1357009037,2001-01-01T02:45:06.668,626.36,485.53,34.97,6,0.00,6,34.97,26.39,158.32,1.33,4.47,,1 frame(s); median area 6.0 px; flags: none
N1357009037,T0065,1357009037-0342,0.3875,1,1,co-iss-n1357009037,1357009037,2001-01-01T02:45:06.668,47.91,742.26,51.67,6,0.00,6,51.67,33.49,200.97,1.54,1.35,,1 frame(s); median area 6.0 px; flags: none
N1357015011,T0099,1357015011-0194,0.3875,1,2,co-iss-n1357015011,1357015011,2001-01-01T04:24:40.627,836.29,425.07,25.85,6,0.00,6,25.85,20.10,120.61,1.29,2.03,,1 frame(s); median area 6.0 px; flags: none
N1357015011,T0108,1357015011-0336,0.3875,1,2,co-iss-n1357015011,1357015011,2001-01-01T04:24:40.627,596.68,670.91,30.22,6,0.00,6,30.22,19.15,114.93,1.58,2.64,,1 frame(s); median area 6.0 px; flags: none
N1357015011,T0110,1357015011-0338,0.3875,1,2,co-iss-n1357015011,1357015011,2001-01-01T04:24:40.627,118.53,674.61,39.14,6,0.00,6,39.14,31.00,185.99,1.26,2.45,,1 frame(s); median area 6.0 px; flags: none
N1357015011,T0116,1357015011-0393,0.3875,1,2,co-iss-n1357015011,1357015011,2001-01-01T04:24:40.627,515.03,768.13,33.58,6,0.00,6,33.58,24.13,144.76,1.39,2.03,,1 frame(s); median area 6.0 px; flags: none
N1357015761,T0181,1357015761-0145,0.3875,1,4,co-iss-n1357015761,1357015761,2001-01-01T04:37:10.622,174.58,147.83,47.26,6,0.00,6,47.26,23.63,141.78,2.00,3.47,,1 frame(s); median area 6.0 px; flags: none
N1357015761,T0199,1357015761-0406,0.3875,1,4,co-iss-n1357015761,1357015761,2001-01-01T04:37:10.622,692.55,863.90,41.27,6,0.00,6,41.27,23.75,142.48,1.74,1.63,,1 frame(s); median area 6.0 px; flags: none
N1357019873,T0261,1357019873-0125,0.3875,1,6,co-iss-n1357019873,1357019873,2001-01-01T05:45:42.593,378.26,342.99,44.22,6,0.00,6,44.22,22.56,135.36,1.96,4.26,,1 frame(s); median area 6.0 px; flags: none
N1357020233,T0286,1357020233-0096,0.3875,1,7,co-iss-n1357020233,1357020233,2001-01-01T05:51:42.591,322.48,87.92,45.43,6,0.00,6,45.43,31.63,189.77,1.44,1.63,,1 frame(s); median area 6.0 px; flags: none
N1357020233,T0293,1357020233-0211,0.3875,1,7,co-iss-n1357020233,1357020233,2001-01-01T05:51:42.591,259.37,414.50,33.16,6,0.00,6,33.16,18.98,113.90,1.75,2.72,,1 frame(s); median area 6.0 px; flags: none
N1357024705,T0421,1357024705-0401,0.3875,1,10,co-iss-n1357024705,1357024705,2001-01-01T07:06:14.560,39.52,896.00,29.59,6,0.00,6,29.59,14.67,88.04,2.02,2.62,,1 frame(s); median area 6.0 px; flags: none
N1357028427,T0436,1357028427-0101,0.3875,1,11,co-iss-n1357028427,1357028427,2001-01-01T08:08:16.534,558.71,261.98,33.40,6,0.00,6,33.40,28.49,170.95,1.17,1.15,,1 frame(s); median area 6.0 px; flags: none
N1357029177,T0530,1357029177-0101,0.3875,1,13,co-iss-n1357029177,1357029177,2001-01-01T08:20:46.529,442.25,72.93,42.67,6,0.00,6,42.67,24.56,147.37,1.74,2.03,,1 frame(s); median area 6.0 px; flags: none
N1357033649,T0622,1357033649-0169,0.3875,1,16,co-iss-n1357033649,1357033649,2001-01-01T09:35:18.498,7.31,341.94,40.28,6,0.00,6,40.28,27.15,162.89,1.48,2.03,,1 frame(s); median area 6.0 px; flags: none
N1357033649,T0624,1357033649-0243,0.3875,1,16,co-iss-n1357033649,1357033649,2001-01-01T09:35:18.498,154.37,606.91,40.80,6,0.00,6,40.80,16.41,98.47,2.49,2.37,,1 frame(s); median area 6.0 px; flags: none
N1357037371,T0669,1357037371-0264,0.3875,1,17,co-iss-n1357037371,1357037371,2001-01-01T10:37:20.472,589.49,666.77,26.37,6,0.00,6,26.37,20.63,123.77,1.28,2.45,,1 frame(s); median area 6.0 px; flags: none
N1357038121,T0723,1357038121-0202,0.3875,1,19,co-iss-n1357038121,1357038121,2001-01-01T10:49:50.467,518.66,405.82,33.57,6,0.00,6,33.57,21.17,127.02,1.59,2.45,,1 frame(s); median area 6.0 px; flags: none
N1357041843,T0739,1357041843-0020,0.3875,1,20,co-iss-n1357041843,1357041843,2001-01-01T11:51:52.441,956.23,60.38,30.84,6,0.00,6,30.84,24.99,149.94,1.23,2.64,,1 frame(s); median area 6.0 px; flags: none
N1357041843,T0740,1357041843-0024,0.3875,1,20,co-iss-n1357041843,1357041843,2001-01-01T11:51:52.441,855.10,73.08,29.71,6,0.00,6,29.71,19.52,117.14,1.52,1.35,,1 frame(s); median area 6.0 px; flags: none
N1357041843,T0748,1357041843-0104,0.3875,1,20,co-iss-n1357041843,1357041843,2001-01-01T11:51:52.441,178.44,327.18,32.39,6,0.00,6,32.39,16.05,96.32,2.02,2.64,,1 frame(s); median area 6.0 px; flags: none
N1357041843,T0751,1357041843-0130,0.3875,1,20,co-iss-n1357041843,1357041843,2001-01-01T11:51:52.441,289.59,399.03,30.70,6,0.00,6,30.70,18.83,112.96,1.63,2.64,,1 frame(s); median area 6.0 px; flags: none
N1357042593,T0822,1357042593-0193,0.3875,1,22,co-iss-n1357042593,1357042593,2001-01-01T12:04:22.436,223.09,425.30,27.98,6,0.00,6,27.98,12.74,76.42,2.20,3.60,,1 frame(s); median area 6.0 px; flags: none
N1357032899,T0565,1357032899-0222,0.3812,1,14,co-iss-n1357032899,1357032899,2001-01-01T09:22:48.503,947.07,606.72,15.62,9,0.00,9,15.62,11.80,106.23,1.32,4.27,,1 frame(s); median area 9.0 px; flags: none
N1357015011,T0133,1357015011-0472,0.3803,1,2,co-iss-n1357015011,1357015011,2001-01-01T04:24:40.627,568.34,878.45,19.64,7,0.00,7,19.64,11.39,79.70,1.73,3.63,,1 frame(s); median area 7.0 px; flags: none
N1357024345,T0390,1357024345-0252,0.3798,1,9,co-iss-n1357024345,1357024345,2001-01-01T07:00:14.562,598.68,734.26,19.54,7,0.15,7,19.54,14.15,99.06,1.38,7.46,,1 frame(s); median area 7.0 px; flags: none
N1357020233,T0297,1357020233-0244,0.3751,1,7,co-iss-n1357020233,1357020233,2001-01-01T05:51:42.591,968.07,501.72,18.77,7,0.00,7,18.77,15.56,108.90,1.21,4.58,,1 frame(s); median area 7.0 px; flags: none
N1357015761,T0168,1357015761-0012,0.3742,1,4,co-iss-n1357015761,1357015761,2001-01-01T04:37:10.622,1013.36,9.65,14.44,175,0.00,175,14.44,10.42,1822.74,1.39,2.52,,1 frame(s); median area 175.0 px; flags: none
N1357020233,T0277,1357020233-0015,0.3722,1,7,co-iss-n1357020233,1357020233,2001-01-01T05:51:42.591,1014.57,10.07,14.12,138,0.00,138,14.12,10.15,1400.06,1.39,2.59,,1 frame(s); median area 138.0 px; flags: none
N1357037371,T0664,1357037371-0221,0.3687,1,17,co-iss-n1357037371,1357037371,2001-01-01T10:37:20.472,996.46,561.49,13.53,15,0.00,15,13.53,12.69,190.36,1.07,5.83,,1 frame(s); median area 15.0 px; flags: none
N1357015761,T0185,1357015761-0233,0.3686,1,4,co-iss-n1357015761,1357015761,2001-01-01T04:37:10.622,86.89,451.42,21.84,6,0.00,6,21.84,12.34,74.06,1.77,4.52,,1 frame(s); median area 6.0 px; flags: none
N1357023955,T0349,1357023955-0256,0.3682,1,8,co-iss-n1357023955,1357023955,2001-01-01T06:53:44.565,775.21,751.11,21.79,6,0.00,6,21.79,17.95,107.67,1.21,2.03,,1 frame(s); median area 6.0 px; flags: none
N1357032899,T0573,1357032899-0297,0.3651,1,14,co-iss-n1357032899,1357032899,2001-01-01T09:22:48.503,856.91,827.60,12.94,8,0.00,8,12.94,11.99,95.91,1.08,2.54,,1 frame(s); median area 8.0 px; flags: none
N1357032899,T0568,1357032899-0252,0.3643,1,14,co-iss-n1357032899,1357032899,2001-01-01T09:22:48.503,466.15,682.43,21.14,6,0.00,6,21.14,13.85,83.08,1.53,2.37,,1 frame(s); median area 6.0 px; flags: none
N1357029177,T0524,1357029177-0018,0.3638,1,13,co-iss-n1357029177,1357029177,2001-01-01T08:20:46.529,1014.68,10.47,12.72,85,0.00,85,12.72,8.73,742.23,1.46,3.67,,1 frame(s); median area 85.0 px; flags: none
N1357009037,T0039,1357009037-0101,0.3633,1,1,co-iss-n1357009037,1357009037,2001-01-01T02:45:06.668,922.50,97.50,12.63,8,0.00,8,12.63,12.53,100.22,1.01,2.24,,1 frame(s); median area 8.0 px; flags: none
N1357015011,T0135,1357015011-0495,0.3631,1,2,co-iss-n1357015011,1357015011,2001-01-01T04:24:40.627,284.60,918.90,20.94,6,0.15,6,20.94,13.36,80.19,1.57,6.37,,1 frame(s); median area 6.0 px; flags: none
N1357009037,T0047,1357009037-0163,0.3625,1,1,co-iss-n1357009037,1357009037,2001-01-01T02:45:06.668,617.15,295.19,38.52,5,0.00,5,38.52,22.46,112.31,1.71,1.73,,1 frame(s); median area 5.0 px; flags: none
N1357009037,T0062,1357009037-0328,0.3625,1,1,co-iss-n1357009037,1357009037,2001-01-01T02:45:06.668,120.76,707.58,37.26,5,0.00,5,37.26,17.11,85.54,2.18,4.24,,1 frame(s); median area 5.0 px; flags: none
N1357009037,T0063,1357009037-0329,0.3625,1,1,co-iss-n1357009037,1357009037,2001-01-01T02:45:06.668,143.58,708.58,50.00,5,0.00,5,50.00,32.48,162.38,1.54,1.73,,1 frame(s); median area 5.0 px; flags: none
N1357015761,T0178,1357015761-0132,0.3625,1,4,co-iss-n1357015761,1357015761,2001-01-01T04:37:10.622,417.44,115.14,32.11,5,0.00,5,32.11,21.56,107.81,1.49,5.83,,1 frame(s); median area 5.0 px; flags: none
N1357015761,T0179,1357015761-0140,0.3625,1,4,co-iss-n1357015761,1357015761,2001-01-01T04:37:10.622,175.80,137.51,46.84,5,0.00,5,46.84,29.45,147.26,1.59,1.73,,1 frame(s); median area 5.0 px; flags: none
N1357015761,T0192,1357015761-0335,0.3625,1,4,co-iss-n1357015761,1357015761,2001-01-01T04:37:10.622,666.90,676.27,36.63,5,0.00,5,36.63,17.17,85.85,2.13,2.62,,1 frame(s); median area 5.0 px; flags: none
N1357019873,T0270,1357019873-0251,0.3625,1,6,co-iss-n1357019873,1357019873,2001-01-01T05:45:42.593,507.18,766.12,41.95,5,0.00,5,41.95,21.39,106.95,1.96,4.39,,1 frame(s); median area 5.0 px; flags: none
N1357020233,T0299,1357020233-0254,0.3625,1,7,co-iss-n1357020233,1357020233,2001-01-01T05:51:42.591,315.24,522.76,41.82,5,0.00,5,41.82,21.57,107.85,1.94,2.89,,1 frame(s); median area 5.0 px; flags: none
N1357020233,T0313,1357020233-0397,0.3625,1,7,co-iss-n1357020233,1357020233,2001-01-01T05:51:42.591,226.71,929.04,46.01,5,0.15,5,46.01,17.24,86.18,2.67,6.31,,1 frame(s); median area 5.0 px; flags: none
N1357024705,T0420,1357024705-0390,0.3625,1,10,co-iss-n1357024705,1357024705,2001-01-01T07:06:14.560,896.30,872.71,32.54,5,0.00,5,32.54,18.45,92.24,1.76,1.67,,1 frame(s); median area 5.0 px; flags: none
N1357028427,T0427,1357028427-0044,0.3625,1,11,co-iss-n1357028427,1357028427,2001-01-01T08:08:16.534,541.78,121.48,35.39,5,0.00,5,35.39,25.85,129.26,1.37,1.73,,1 frame(s); median area 5.0 px; flags: none
N1357028427,T0428,1357028427-0047,0.3625,1,11,co-iss-n1357028427,1357028427,2001-01-01T08:08:16.534,483.33,127.91,35.85,5,0.00,5,35.85,22.09,110.45,1.62,1.73,,1 frame(s); median area 5.0 px; flags: none
N1357028427,T0475,1357028427-0373,0.3625,1,11,co-iss-n1357028427,1357028427,2001-01-01T08:08:16.534,329.82,925.99,34.01,5,0.00,5,34.01,19.77,98.85,1.72,1.73,,1 frame(s); median area 5.0 px; flags: none
N1357032899,T0563,1357032899-0202,0.3625,1,14,co-iss-n1357032899,1357032899,2001-01-01T09:22:48.503,129.21,562.75,34.28,5,0.00,5,34.28,22.55,112.73,1.52,1.73,,1 frame(s); median area 5.0 px; flags: none
N1357037371,T0668,1357037371-0256,0.3625,1,17,co-iss-n1357037371,1357037371,2001-01-01T10:37:20.472,352.71,638.45,30.65,5,0.00,5,30.65,22.09,110.46,1.39,1.73,,1 frame(s); median area 5.0 px; flags: none
N1357037371,T0673,1357037371-0286,0.3625,1,17,co-iss-n1357037371,1357037371,2001-01-01T10:37:20.472,13.64,713.25,33.60,5,0.00,5,33.60,27.28,136.40,1.23,2.14,,1 frame(s); median area 5.0 px; flags: none
N1357037761,T0697,1357037761-0085,0.3625,1,18,co-iss-n1357037761,1357037761,2001-01-01T10:43:50.469,578.57,260.46,59.13,5,0.00,5,59.13,30.11,150.55,1.96,1.73,,1 frame(s); median area 5.0 px; flags: none
N1357041843,T0757,1357041843-0175,0.3625,1,20,co-iss-n1357041843,1357041843,2001-01-01T11:51:52.441,417.39,521.42,27.60,5,0.00,5,27.60,17.62,88.10,1.57,3.40,,1 frame(s); median area 5.0 px; flags: none
N1357041843,T0767,1357041843-0297,0.3625,1,20,co-iss-n1357041843,1357041843,2001-01-01T11:51:52.441,13.90,896.66,31.83,5,0.00,5,31.83,22.92,114.62,1.39,1.73,,1 frame(s); median area 5.0 px; flags: none
N1357042593,T0813,1357042593-0089,0.3625,1,22,co-iss-n1357042593,1357042593,2001-01-01T12:04:22.436,426.20,110.69,38.96,5,0.00,5,38.96,28.79,143.96,1.35,1.73,,1 frame(s); median area 5.0 px; flags: none
N1357042593,T0826,1357042593-0250,0.3625,1,22,co-iss-n1357042593,1357042593,2001-01-01T12:04:22.436,357.09,578.60,36.88,5,0.00,5,36.88,22.85,114.23,1.61,1.73,,1 frame(s); median area 5.0 px; flags: none
N1357033649,T0627,1357033649-0300,0.3604,1,16,co-iss-n1357033649,1357033649,2001-01-01T09:35:18.498,994.46,685.35,16.31,7,0.00,7,16.31,11.69,81.86,1.39,2.18,,1 frame(s); median area 7.0 px; flags: none
N1357041843,T0750,1357041843-0122,0.3595,1,20,co-iss-n1357041843,1357041843,2001-01-01T11:51:52.441,749.20,383.60,24.50,5,0.00,5,24.50,16.02,80.10,1.53,1.73,,1 frame(s); median area 5.0 px; flags: none
N1357042593,T0825,1357042593-0233,0.3578,1,22,co-iss-n1357042593,1357042593,2001-01-01T12:04:22.436,921.71,545.09,20.05,6,0.15,6,20.05,17.62,105.72,1.14,6.37,,1 frame(s); median area 6.0 px; flags: none
N1357015761,T0165,1357015761-0009,0.3552,1,4,co-iss-n1357015761,1357015761,2001-01-01T04:37:10.622,963.48,8.01,11.28,248,0.00,248,11.28,8.06,1997.90,1.40,4.03,,1 frame(s); median area 248.0 px; flags: none
N1357028427,T0449,1357028427-0194,0.3533,1,11,co-iss-n1357028427,1357028427,2001-01-01T08:08:16.534,784.33,474.92,23.47,5,0.15,5,23.47,14.26,71.32,1.65,7.25,,1 frame(s); median area 5.0 px; flags: none
N1357028817,T0490,1357028817-0077,0.3529,1,12,co-iss-n1357028817,1357028817,2001-01-01T08:14:46.531,650.58,202.01,19.23,6,0.00,6,19.23,11.75,70.52,1.64,3.60,,1 frame(s); median area 6.0 px; flags: none
N1357042593,T0804,1357042593-0010,0.3509,1,22,co-iss-n1357042593,1357042593,2001-01-01T12:04:22.436,970.43,6.50,10.57,127,0.00,127,10.57,8.03,1019.99,1.32,4.25,,1 frame(s); median area 127.0 px; flags: none
N1357029177,T0520,1357029177-0014,0.3500,1,13,co-iss-n1357029177,1357029177,2001-01-01T08:20:46.529,961.84,6.65,10.42,237,0.15,237,10.42,8.22,1947.65,1.27,6.51,,1 frame(s); median area 237.0 px; flags: none
N1357009037,T0028,1357009037-0011,0.3492,1,1,co-iss-n1357009037,1357009037,2001-01-01T02:45:06.668,903.65,6.77,10.28,41,0.00,41,10.28,7.83,321.15,1.31,1.78,,1 frame(s); median area 41.0 px; flags: none
N1357024705,T0398,1357024705-0010,0.3489,1,10,co-iss-n1357024705,1357024705,2001-01-01T07:06:14.560,1014.78,10.17,10.23,67,0.00,67,10.23,8.19,549.06,1.25,4.60,,1 frame(s); median area 67.0 px; flags: none
N1357009037,T0042,1357009037-0137,0.3484,1,1,co-iss-n1357009037,1357009037,2001-01-01T02:45:06.668,879.70,219.25,18.48,6,0.15,6,18.48,14.19,85.15,1.30,6.81,,1 frame(s); median area 6.0 px; flags: none
N1357038121,T0715,1357038121-0014,0.3481,1,19,co-iss-n1357038121,1357038121,2001-01-01T10:49:50.467,970.78,6.78,10.09,138,0.00,138,10.09,7.86,1084.59,1.28,3.68,,1 frame(s); median area 138.0 px; flags: none
N1357037761,T0708,1357037761-0301,0.3479,1,18,co-iss-n1357037761,1357037761,2001-01-01T10:43:50.469,350.49,837.63,22.57,5,0.00,5,22.57,16.63,83.16,1.36,3.40,,1 frame(s); median area 5.0 px; flags: none
N1357033649,T0610,1357033649-0016,0.3478,1,16,co-iss-n1357033649,1357033649,2001-01-01T09:35:18.498,970.89,6.01,10.04,125,0.15,125,10.04,7.81,976.05,1.29,7.39,,1 frame(s); median area 125.0 px; flags: none
N1357029177,T0519,1357029177-0012,0.3466,1,13,co-iss-n1357029177,1357029177,2001-01-01T08:20:46.529,920.34,6.01,9.86,65,0.00,65,9.86,7.85,510.57,1.25,3.73,,1 frame(s); median area 65.0 px; flags: none
N1357015761,T0171,1357015761-0072,0.3463,1,4,co-iss-n1357015761,1357015761,2001-01-01T04:37:10.622,979.60,18.21,9.81,13,0.00,13,9.81,8.09,105.21,1.21,1.16,,1 frame(s); median area 13.0 px; flags: none
N1357023955,T0321,1357023955-0030,0.3458,1,8,co-iss-n1357023955,1357023955,2001-01-01T06:53:44.565,620.81,86.10,22.22,5,0.15,5,22.22,15.31,76.53,1.45,7.25,,1 frame(s); median area 5.0 px; flags: none
N1357024705,T0397,1357024705-0006,0.3452,1,10,co-iss-n1357024705,1357024705,2001-01-01T07:06:14.560,903.33,5.64,9.61,10,0.00,10,9.61,7.79,77.88,1.23,2.01,,1 frame(s); median area 10.0 px; flags: none
N1357015761,T0164,1357015761-0008,0.3451,1,4,co-iss-n1357015761,1357015761,2001-01-01T04:37:10.622,925.11,6.85,9.61,105,0.00,105,9.61,7.77,816.20,1.24,3.42,,1 frame(s); median area 105.0 px; flags: none
N1357042593,T0803,1357042593-0009,0.3450,1,22,co-iss-n1357042593,1357042593,2001-01-01T12:04:22.436,939.45,6.32,9.58,70,0.00,70,9.58,7.83,548.34,1.22,3.68,,1 frame(s); median area 70.0 px; flags: none
N1357038121,T0714,1357038121-0013,0.3449,1,19,co-iss-n1357038121,1357038121,2001-01-01T10:49:50.467,943.82,7.17,9.56,61,0.00,61,9.56,7.86,479.34,1.22,3.01,,1 frame(s); median area 61.0 px; flags: none
N1357009037,T0025,1357009037-0007,0.3441,1,1,co-iss-n1357009037,1357009037,2001-01-01T02:45:06.668,887.78,6.27,9.43,10,0.00,10,9.43,7.88,78.76,1.20,2.86,,1 frame(s); median area 10.0 px; flags: none
N1357015761,T0166,1357015761-0010,0.3439,1,4,co-iss-n1357015761,1357015761,2001-01-01T04:37:10.622,986.81,6.92,9.40,31,0.00,31,9.40,7.70,238.81,1.22,1.50,,1 frame(s); median area 31.0 px; flags: none
N1357028427,T0478,1357028427-0420,0.3438,1,11,co-iss-n1357028427,1357028427,2001-01-01T08:08:16.534,784.46,948.72,9.38,20,0.00,20,9.38,7.72,154.48,1.21,1.65,,1 frame(s); median area 20.0 px; flags: none
N1357015761,T0177,1357015761-0119,0.3429,1,4,co-iss-n1357015761,1357015761,2001-01-01T04:37:10.622,163.68,83.97,21.74,5,0.00,5,21.74,12.77,63.85,1.70,4.39,,1 frame(s); median area 5.0 px; flags: none
N1357009037,T0029,1357009037-0013,0.3425,1,1,co-iss-n1357009037,1357009037,2001-01-01T02:45:06.668,921.40,8.08,9.17,91,0.00,91,9.17,7.80,709.70,1.18,2.91,,1 frame(s); median area 91.0 px; flags: none
N1357008677,T0005,1357008677-0023,0.3424,1,0,co-iss-n1357008677,1357008677,2001-01-01T02:39:06.671,769.78,672.36,9.16,11,0.00,11,9.16,8.22,90.39,1.11,4.08,,1 frame(s); median area 11.0 px; flags: none
N1357029177,T0521,1357029177-0015,0.3423,1,13,co-iss-n1357029177,1357029177,2001-01-01T08:20:46.529,988.67,6.63,9.14,27,0.00,27,9.14,7.95,214.63,1.15,1.25,,1 frame(s); median area 27.0 px; flags: none
N1357020233,T0312,1357020233-0394,0.3422,1,7,co-iss-n1357020233,1357020233,2001-01-01T05:51:42.591,385.00,921.25,21.61,5,0.15,5,21.61,14.90,74.49,1.45,7.25,,1 frame(s); median area 5.0 px; flags: none
N1357008677,T0004,1357008677-0022,0.3421,1,0,co-iss-n1357008677,1357008677,2001-01-01T02:39:06.671,759.35,673.19,9.10,37,0.00,37,9.10,7.83,289.56,1.16,3.24,,1 frame(s); median area 37.0 px; flags: none
N1357008677,T0003,1357008677-0021,0.3415,1,0,co-iss-n1357008677,1357008677,2001-01-01T02:39:06.671,741.44,672.77,9.00,43,0.15,43,9.00,7.79,335.00,1.16,7.80,,1 frame(s); median area 43.0 px; flags: none
N1357029177,T0525,1357029177-0028,0.3415,1,13,co-iss-n1357029177,1357029177,2001-01-01T08:20:46.529,935.21,9.35,9.00,10,0.00,10,9.00,7.53,75.26,1.20,1.80,,1 frame(s); median area 10.0 px; flags: none
N1357020233,T0283,1357020233-0057,0.3406,1,7,co-iss-n1357020233,1357020233,2001-01-01T05:51:42.591,975.12,14.61,8.86,12,0.00,12,8.86,7.91,94.93,1.12,1.84,,1 frame(s); median area 12.0 px; flags: none
N1357028427,T0481,1357028427-0434,0.3402,1,11,co-iss-n1357028427,1357028427,2001-01-01T08:08:16.534,773.42,950.59,8.79,10,0.00,10,8.79,7.85,78.55,1.12,4.36,,1 frame(s); median area 10.0 px; flags: none
N1357033649,T0609,1357033649-0015,0.3402,1,16,co-iss-n1357033649,1357033649,2001-01-01T09:35:18.498,949.08,6.24,8.78,9,0.00,9,8.78,7.96,71.60,1.10,1.93,,1 frame(s); median area 9.0 px; flags: none
N1357008677,T0024,1357008677-0241,0.3399,1,0,co-iss-n1357008677,1357008677,2001-01-01T02:39:06.671,828.97,938.58,8.74,12,0.00,12,8.74,7.79,93.49,1.12,3.61,,1 frame(s); median area 12.0 px; flags: none
N1357038121,T0712,1357038121-0010,0.3399,1,19,co-iss-n1357038121,1357038121,2001-01-01T10:49:50.467,925.38,6.55,8.73,16,0.00,16,8.73,7.68,122.90,1.14,1.32,,1 frame(s); median area 16.0 px; flags: none
N1357020233,T0278,1357020233-0019,0.3397,1,7,co-iss-n1357020233,1357020233,2001-01-01T05:51:42.591,899.48,7.60,8.70,13,0.00,13,8.70,7.55,98.14,1.15,2.28,,1 frame(s); median area 13.0 px; flags: none
N1357023955,T0371,1357023955-0414,0.3392,1,8,co-iss-n1357023955,1357023955,2001-01-01T06:53:44.565,769.94,948.33,8.62,10,0.00,10,8.62,7.52,75.20,1.15,2.14,,1 frame(s); median area 10.0 px; flags: none
N1357009037,T0026,1357009037-0009,0.3392,1,1,co-iss-n1357009037,1357009037,2001-01-01T02:45:06.668,894.61,7.32,8.62,14,0.00,14,8.62,7.74,108.31,1.11,2.56,,1 frame(s); median area 14.0 px; flags: none
N1357042593,T0810,1357042593-0042,0.3391,1,22,co-iss-n1357042593,1357042593,2001-01-01T12:04:22.436,954.72,11.49,8.61,9,0.00,9,8.61,7.64,68.78,1.13,1.58,,1 frame(s); median area 9.0 px; flags: none
N1357042593,T0802,1357042593-0007,0.3384,1,22,co-iss-n1357042593,1357042593,2001-01-01T12:04:22.436,916.14,5.72,8.49,12,0.00,12,8.49,7.70,92.38,1.10,2.79,,1 frame(s); median area 12.0 px; flags: none
N1357029177,T0526,1357029177-0034,0.3381,1,13,co-iss-n1357029177,1357029177,2001-01-01T08:20:46.529,951.94,10.84,8.43,8,0.00,8,8.43,7.68,61.42,1.10,3.69,,1 frame(s); median area 8.0 px; flags: none
N1357009037,T0046,1357009037-0156,0.3375,1,1,co-iss-n1357009037,1357009037,2001-01-01T02:45:06.668,719.68,280.80,25.18,4,0.00,4,25.18,16.82,67.26,1.50,2.62,,1 frame(s); median area 4.0 px; flags: none
N1357009037,T0049,1357009037-0180,0.3375,1,1,co-iss-n1357009037,1357009037,2001-01-01T02:45:06.668,739.44,336.36,30.50,4,0.00,4,30.50,22.57,90.28,1.35,1.00,,1 frame(s); median area 4.0 px; flags: none
N1357015011,T0074,1357015011-0017,0.3375,1,2,co-iss-n1357015011,1357015011,2001-01-01T04:24:40.627,698.28,45.47,38.80,4,0.00,4,38.80,26.45,105.80,1.47,1.00,,1 frame(s); median area 4.0 px; flags: none
N1357015011,T0091,1357015011-0159,0.3375,1,2,co-iss-n1357015011,1357015011,2001-01-01T04:24:40.627,562.85,369.78,34.59,4,0.00,4,34.59,17.02,68.07,2.03,2.45,,1 frame(s); median area 4.0 px; flags: none
N1357015011,T0092,1357015011-0165,0.3375,1,2,co-iss-n1357015011,1357015011,2001-01-01T04:24:40.627,158.16,381.84,39.14,4,0.00,4,39.14,20.57,82.28,1.90,1.63,,1 frame(s); median area 4.0 px; flags: none
N1357015011,T0102,1357015011-0244,0.3375,1,2,co-iss-n1357015011,1357015011,2001-01-01T04:24:40.627,533.13,501.24,27.85,4,0.00,4,27.85,13.96,55.85,1.99,2.45,,1 frame(s); median area 4.0 px; flags: none
N1357015011,T0124,1357015011-0415,0.3375,1,2,co-iss-n1357015011,1357015011,2001-01-01T04:24:40.627,120.69,801.64,27.32,4,0.00,4,27.32,13.70,54.81,1.99,1.00,,1 frame(s); median area 4.0 px; flags: none
N1357015011,T0131,1357015011-0452,0.3375,1,2,co-iss-n1357015011,1357015011,2001-01-01T04:24:40.627,580.40,848.35,31.73,4,0.00,4,31.73,24.55,98.20,1.29,1.00,,1 frame(s); median area 4.0 px; flags: none
N1357015401,T0148,1357015401-0105,0.3375,1,3,co-iss-n1357015401,1357015401,2001-01-01T04:31:10.624,403.33,312.66,33.85,4,0.00,4,33.85,17.57,70.26,1.93,1.00,,1 frame(s); median area 4.0 px; flags: none
N1357015761,T0174,1357015761-0099,0.3375,1,4,co-iss-n1357015761,1357015761,2001-01-01T04:37:10.622,268.37,42.88,47.26,4,0.00,4,47.26,24.31,97.23,1.94,1.63,,1 frame(s); median area 4.0 px; flags: none
N1357015761,T0183,1357015761-0172,0.3375,1,4,co-iss-n1357015761,1357015761,2001-01-01T04:37:10.622,646.68,270.70,33.92,4,0.00,4,33.92,19.08,76.32,1.78,2.62,,1 frame(s); median area 4.0 px; flags: none
N1357015761,T0187,1357015761-0296,0.3375,1,4,co-iss-n1357015761,1357015761,2001-01-01T04:37:10.622,530.29,584.56,34.96,4,0.00,4,34.96,15.46,61.83,2.26,2.62,,1 frame(s); median area 4.0 px; flags: none
N1357015761,T0189,1357015761-0302,0.3375,1,4,co-iss-n1357015761,1357015761,2001-01-01T04:37:10.622,57.86,601.28,37.95,4,0.00,4,37.95,19.83,79.32,1.91,2.62,,1 frame(s); median area 4.0 px; flags: none
N1357015761,T0190,1357015761-0322,0.3375,1,4,co-iss-n1357015761,1357015761,2001-01-01T04:37:10.622,646.62,644.36,33.76,4,0.00,4,33.76,17.57,70.28,1.92,1.00,,1 frame(s); median area 4.0 px; flags: none
N1357015761,T0198,1357015761-0368,0.3375,1,4,co-iss-n1357015761,1357015761,2001-01-01T04:37:10.622,163.03,753.27,42.40,4,0.00,4,42.40,20.11,80.45,2.11,2.62,,1 frame(s); median area 4.0 px; flags: none
N1357015761,T0201,1357015761-0419,0.3375,1,4,co-iss-n1357015761,1357015761,2001-01-01T04:37:10.622,418.28,897.43,25.47,4,0.00,4,25.47,15.47,61.86,1.65,1.00,,1 frame(s); median area 4.0 px; flags: none
N1357019483,T0217,1357019483-0136,0.3375,1,5,co-iss-n1357019483,1357019483,2001-01-01T05:39:12.596,96.03,355.86,38.36,4,0.00,4,38.36,25.37,101.46,1.51,2.45,,1 frame(s); median area 4.0 px; flags: none
N1357019483,T0227,1357019483-0234,0.3375,1,5,co-iss-n1357019483,1357019483,2001-01-01T05:39:12.596,341.73,603.47,33.86,4,0.00,4,33.86,23.08,92.32,1.47,1.00,,1 frame(s); median area 4.0 px; flags: none
N1357019483,T0231,1357019483-0260,0.3375,1,5,co-iss-n1357019483,1357019483,2001-01-01T05:39:12.596,592.54,650.26,28.72,4,0.00,4,28.72,18.89,75.57,1.52,1.00,,1 frame(s); median area 4.0 px; flags: none
N1357019483,T0242,1357019483-0328,0.3375,1,5,co-iss-n1357019483,1357019483,2001-01-01T05:39:12.596,112.53,833.30,38.20,4,0.00,4,38.20,26.41,105.64,1.45,1.00,,1 frame(s); median area 4.0 px; flags: none
N1357019873,T0251,1357019873-0007,0.3375,1,6,co-iss-n1357019873,1357019873,2001-01-01T05:45:42.593,471.31,36.35,47.93,4,0.00,4,47.93,27.71,110.84,1.73,1.00,,1 frame(s); median area 4.0 px; flags: none
N1357019873,T0257,1357019873-0043,0.3375,1,6,co-iss-n1357019873,1357019873,2001-01-01T05:45:42.593,4.47,121.71,47.93,4,0.00,4,47.93,33.87,135.47,1.42,1.00,,1 frame(s); median area 4.0 px; flags: none
N1357020233,T0285,1357020233-0077,0.3375,1,7,co-iss-n1357020233,1357020233,2001-01-01T05:51:42.591,282.74,20.63,45.81,4,0.00,4,45.81,24.55,98.19,1.87,1.00,,1 frame(s); median area 4.0 px; flags: none
N1357020233,T0289,1357020233-0162,0.3375,1,7,co-iss-n1357020233,1357020233,2001-01-01T05:51:42.591,202.23,283.73,45.05,4,0.00,4,45.05,21.38,85.51,2.11,2.45,,1 frame(s); median area 4.0 px; flags: none
N1357020233,T0290,1357020233-0176,0.3375,1,7,co-iss-n1357020233,1357020233,2001-01-01T05:51:42.591,729.47,318.47,28.29,4,0.00,4,28.29,26.64,106.56,1.06,1.00,,1 frame(s); median area 4.0 px; flags: none
N1357020233,T0306,1357020233-0307,0.3375,1,7,co-iss-n1357020233,1357020233,2001-01-01T05:51:42.591,748.91,665.31,32.48,4,0.00,4,32.48,19.98,79.90,1.63,1.63,,1 frame(s); median area 4.0 px; flags: none
N1357020233,T0311,1357020233-0393,0.3375,1,7,co-iss-n1357020233,1357020233,2001-01-01T05:51:42.591,381.71,917.44,45.43,4,0.00,4,45.43,32.06,128.25,1.42,1.00,,1 frame(s); median area 4.0 px; flags: none
N1357023955,T0325,1357023955-0080,0.3375,1,8,co-iss-n1357023955,1357023955,2001-01-01T06:53:44.565,773.65,214.63,32.24,4,0.00,4,32.24,16.75,67.00,1.92,1.00,,1 frame(s); median area 4.0 px; flags: none
N1357023955,T0334,1357023955-0129,0.3375,1,8,co-iss-n1357023955,1357023955,2001-01-01T06:53:44.565,359.42,369.49,34.45,4,0.00,4,34.45,29.72,118.90,1.16,1.00,,1 frame(s); median area 4.0 px; flags: none
N1357023955,T0340,1357023955-0179,0.3375,1,8,co-iss-n1357023955,1357023955,2001-01-01T06:53:44.565,359.87,510.44,33.19,4,0.00,4,33.19,28.39,113.55,1.17,2.62,,1 frame(s); median area 4.0 px; flags: none
N1357024345,T0376,1357024345-0085,0.3375,1,9,co-iss-n1357024345,1357024345,2001-01-01T07:00:14.562,219.49,267.42,29.72,4,0.00,4,29.72,18.48,73.91,1.61,1.00,,1 frame(s); median area 4.0 px; flags: none
N1357024345,T0389,1357024345-0242,0.3375,1,9,co-iss-n1357024345,1357024345,2001-01-01T07:00:14.562,580.46,702.75,31.84,4,0.00,4,31.84,18.49,73.96,1.72,2.62,,1 frame(s); median area 4.0 px; flags: none
N1357024705,T0403,1357024705-0070,0.3375,1,10,co-iss-n1357024705,1357024705,2001-01-01T07:06:14.560,413.22,17.52,32.05,4,0.00,4,32.05,20.34,81.37,1.58,2.62,,1 frame(s); median area 4.0 px; flags: none
N1357024705,T0405,1357024705-0087,0.3375,1,10,co-iss-n1357024705,1357024705,2001-01-01T07:06:14.560,446.41,49.58,33.43,4,0.00,4,33.43,27.82,111.26,1.20,1.00,,1 frame(s); median area 4.0 px; flags: none
N1357024705,T0408,1357024705-0175,0.3375,1,10,co-iss-n1357024705,1357024705,2001-01-01T07:06:14.560,761.56,329.44,25.58,4,0.00,4,25.58,22.60,90.41,1.13,1.00,,1 frame(s); median area 4.0 px; flags: none
N1357024705,T0411,1357024705-0259,0.3375,1,10,co-iss-n1357024705,1357024705,2001-01-01T07:06:14.560,514.01,550.09,33.46,4,0.00,4,33.46,23.26,93.03,1.44,4.47,,1 frame(s); median area 4.0 px; flags: none
N1357028427,T0429,1357028427-0052,0.3375,1,11,co-iss-n1357028427,1357028427,2001-01-01T08:08:16.534,335.45,137.24,36.76,4,0.00,4,36.76,28.23,112.93,1.30,2.45,,1 frame(s); median area 4.0 px; flags: none
N1357028427,T0430,1357028427-0060,0.3375,1,11,co-iss-n1357028427,1357028427,2001-01-01T08:08:16.534,521.52,167.31,34.93,4,0.00,4,34.93,20.13,80.51,1.74,1.00,,1 frame(s); median area 4.0 px; flags: none
N1357028427,T0452,1357028427-0219,0.3375,1,11,co-iss-n1357028427,1357028427,2001-01-01T08:08:16.534,665.06,538.39,25.92,4,0.00,4,25.92,15.43,61.73,1.68,2.62,,1 frame(s); median area 4.0 px; flags: none
N1357028817,T0487,1357028817-0061,0.3375,1,12,co-iss-n1357028817,1357028817,2001-01-01T08:14:46.531,649.41,160.28,39.33,4,0.00,4,39.33,20.99,83.96,1.87,1.00,,1 frame(s); median area 4.0 px; flags: none
N1357028817,T0505,1357028817-0265,0.3375,1,12,co-iss-n1357028817,1357028817,2001-01-01T08:14:46.531,129.55,652.58,33.84,4,0.00,4,33.84,28.34,113.34,1.19,1.00,,1 frame(s); median area 4.0 px; flags: none
N1357028817,T0509,1357028817-0281,0.3375,1,12,co-iss-n1357028817,1357028817,2001-01-01T08:14:46.531,43.86,693.73,25.99,4,0.00,4,25.99,16.87,67.49,1.54,1.63,,1 frame(s); median area 4.0 px; flags: none
N1357029177,T0535,1357029177-0224,0.3375,1,13,co-iss-n1357029177,1357029177,2001-01-01T08:20:46.529,239.64,420.31,42.67,4,0.00,4,42.67,26.28,105.11,1.62,1.00,,1 frame(s); median area 4.0 px; flags: none
N1357029177,T0541,1357029177-0310,0.3375,1,13,co-iss-n1357029177,1357029177,2001-01-01T08:20:46.529,525.45,630.78,36.07,4,0.00,4,36.07,20.84,83.36,1.73,2.62,,1 frame(s); median area 4.0 px; flags: none
N1357029177,T0544,1357029177-0397,0.3375,1,13,co-iss-n1357029177,1357029177,2001-01-01T08:20:46.529,171.54,857.46,45.47,4,0.00,4,45.47,42.15,168.60,1.08,1.00,,1 frame(s); median area 4.0 px; flags: none
N1357032899,T0553,1357032899-0093,0.3375,1,14,co-iss-n1357032899,1357032899,2001-01-01T09:22:48.503,232.33,287.84,34.42,4,0.00,4,34.42,17.92,71.69,1.92,4.47,,1 frame(s); median area 4.0 px; flags: none
N1357032899,T0578,1357032899-0328,0.3375,1,14,co-iss-n1357032899,1357032899,2001-01-01T09:22:48.503,32.54,899.54,35.92,4,0.00,4,35.92,33.28,133.13,1.08,1.00,,1 frame(s); median area 4.0 px; flags: none
N1357033289,T0583,1357033289-0008,0.3375,1,15,co-iss-n1357033289,1357033289,2001-01-01T09:29:18.500,358.44,24.37,43.21,4,0.00,4,43.21,26.79,107.15,1.61,1.00,,1 frame(s); median area 4.0 px; flags: none
N1357033289,T0590,1357033289-0076,0.3375,1,15,co-iss-n1357033289,1357033289,2001-01-01T09:29:18.500,632.50,215.50,34.73,4,0.00,4,34.73,34.73,138.92,1.00,1.00,,1 frame(s); median area 4.0 px; flags: none
N1357033289,T0591,1357033289-0128,0.3375,1,15,co-iss-n1357033289,1357033289,2001-01-01T09:29:18.500,653.37,359.40,29.32,4,0.00,4,29.32,17.98,71.91,1.63,1.00,,1 frame(s); median area 4.0 px; flags: none
N1357033289,T0602,1357033289-0290,0.3375,1,15,co-iss-n1357033289,1357033289,2001-01-01T09:29:18.500,536.91,783.70,35.81,4,0.00,4,35.81,22.31,89.24,1.61,1.63,,1 frame(s); median area 4.0 px; flags: none
N1357033289,T0604,1357033289-0302,0.3375,1,15,co-iss-n1357033289,1357033289,2001-01-01T09:29:18.500,139.52,819.71,43.21,4,0.00,4,43.21,27.93,111.70,1.55,2.62,,1 frame(s); median area 4.0 px; flags: none
N1357033649,T0617,1357033649-0101,0.3375,1,16,co-iss-n1357033649,1357033649,2001-01-01T09:35:18.498,97.69,139.04,25.57,4,0.00,4,25.57,19.85,79.39,1.29,3.60,,1 frame(s); median area 4.0 px; flags: none
N1357033649,T0626,1357033649-0299,0.3375,1,16,co-iss-n1357033649,1357033649,2001-01-01T09:35:18.498,710.60,684.79,31.64,4,0.00,4,31.64,24.71,98.82,1.28,2.62,,1 frame(s); median area 4.0 px; flags: none
N1357037371,T0633,1357037371-0010,0.3375,1,17,co-iss-n1357037371,1357037371,2001-01-01T10:37:20.472,828.30,24.50,32.42,4,0.00,4,32.42,23.26,93.02,1.39,1.00,,1 frame(s); median area 4.0 px; flags: none
N1357037371,T0637,1357037371-0031,0.3375,1,17,co-iss-n1357037371,1357037371,2001-01-01T10:37:20.472,336.62,65.25,35.96,4,0.00,4,35.96,19.15,76.58,1.88,1.00,,1 frame(s); median area 4.0 px; flags: none
N1357037371,T0683,1357037371-0350,0.3375,1,17,co-iss-n1357037371,1357037371,2001-01-01T10:37:20.472,182.51,883.45,34.19,4,0.00,4,34.19,26.54,106.15,1.29,1.82,,1 frame(s); median area 4.0 px; flags: none
N1357037761,T0705,1357037761-0194,0.3375,1,18,co-iss-n1357037761,1357037761,2001-01-01T10:43:50.469,421.49,543.40,33.53,4,0.00,4,33.53,21.14,84.58,1.59,2.45,,1 frame(s); median area 4.0 px; flags: none
N1357038121,T0719,1357038121-0098,0.3375,1,19,co-iss-n1357038121,1357038121,2001-01-01T10:49:50.467,426.00,112.82,39.00,4,0.00,4,39.00,17.87,71.47,2.18,1.63,,1 frame(s); median area 4.0 px; flags: none
N1357038121,T0722,1357038121-0193,0.3375,1,19,co-iss-n1357038121,1357038121,2001-01-01T10:49:50.467,697.31,382.47,25.86,4,0.00,4,25.86,18.84,75.36,1.37,1.00,,1 frame(s); median area 4.0 px; flags: none
N1357038121,T0724,1357038121-0213,0.3375,1,19,co-iss-n1357038121,1357038121,2001-01-01T10:49:50.467,322.27,430.72,37.78,4,0.00,4,37.78,16.47,65.87,2.29,1.00,,1 frame(s); median area 4.0 px; flags: none
N1357038121,T0726,1357038121-0232,0.3375,1,19,co-iss-n1357038121,1357038121,2001-01-01T10:49:50.467,621.20,485.35,28.67,4,0.00,4,28.67,21.87,87.50,1.31,2.62,,1 frame(s); median area 4.0 px; flags: none
N1357038121,T0732,1357038121-0288,0.3375,1,19,co-iss-n1357038121,1357038121,2001-01-01T10:49:50.467,285.43,623.55,38.17,4,0.00,4,38.17,24.19,96.76,1.58,1.00,,1 frame(s); median area 4.0 px; flags: none
N1357038121,T0733,1357038121-0306,0.3375,1,19,co-iss-n1357038121,1357038121,2001-01-01T10:49:50.467,561.62,664.96,34.97,4,0.00,4,34.97,22.99,91.95,1.52,1.63,,1 frame(s); median area 4.0 px; flags: none
N1357038121,T0734,1357038121-0310,0.3375,1,19,co-iss-n1357038121,1357038121,2001-01-01T10:49:50.467,749.42,677.57,29.37,4,0.00,4,29.37,25.22,100.88,1.16,1.00,,1 frame(s); median area 4.0 px; flags: none
N1357038121,T0736,1357038121-0404,0.3375,1,19,co-iss-n1357038121,1357038121,2001-01-01T10:49:50.467,685.21,940.17,28.37,4,0.00,4,28.37,20.16,80.65,1.41,2.45,,1 frame(s); median area 4.0 px; flags: none
N1357041843,T0742,1357041843-0032,0.3375,1,20,co-iss-n1357041843,1357041843,2001-01-01T11:51:52.441,1008.45,103.43,29.57,4,0.00,4,29.57,26.09,104.35,1.13,1.00,,1 frame(s); median area 4.0 px; flags: none
N1357041843,T0756,1357041843-0174,0.3375,1,20,co-iss-n1357041843,1357041843,2001-01-01T11:51:52.441,419.47,516.43,25.92,4,0.00,4,25.92,18.53,74.14,1.40,1.00,,1 frame(s); median area 4.0 px; flags: none
N1357042233,T0770,1357042233-0032,0.3375,1,21,co-iss-n1357042233,1357042233,2001-01-01T11:58:22.438,140.30,111.64,44.92,4,0.00,4,44.92,22.82,91.28,1.97,1.00,,1 frame(s); median area 4.0 px; flags: none
N1357042233,T0781,1357042233-0159,0.3375,1,21,co-iss-n1357042233,1357042233,2001-01-01T11:58:22.438,81.44,457.71,42.24,4,0.00,4,42.24,26.03,104.11,1.62,1.00,,1 frame(s); median area 4.0 px; flags: none
N1357042593,T0815,1357042593-0124,0.3375,1,22,co-iss-n1357042593,1357042593,2001-01-01T12:04:22.436,94.23,222.31,42.61,4,0.00,4,42.61,26.59,106.38,1.60,1.63,,1 frame(s); median area 4.0 px; flags: none
N1357042593,T0821,1357042593-0186,0.3375,1,22,co-iss-n1357042593,1357042593,2001-01-01T12:04:22.436,573.03,406.78,31.67,4,0.00,4,31.67,18.96,75.84,1.67,1.63,,1 frame(s); median area 4.0 px; flags: none
N1357042593,T0831,1357042593-0300,0.3375,1,22,co-iss-n1357042593,1357042593,2001-01-01T12:04:22.436,678.29,679.42,26.04,4,0.00,4,26.04,15.18,60.70,1.72,1.00,,1 frame(s); median area 4.0 px; flags: none
N1357042593,T0837,1357042593-0351,0.3375,1,22,co-iss-n1357042593,1357042593,2001-01-01T12:04:22.436,256.76,804.08,40.87,4,0.00,4,40.87,26.52,106.07,1.54,1.63,,1 frame(s); median area 4.0 px; flags: none
N1357033649,T0613,1357033649-0039,0.3374,1,16,co-iss-n1357033649,1357033649,2001-01-01T09:35:18.498,945.20,9.96,8.32,8,0.00,8,8.32,7.45,59.59,1.12,2.85,,1 frame(s); median area 8.0 px; flags: none
N1357038121,T0716,1357038121-0015,0.3372,1,19,co-iss-n1357038121,1357038121,2001-01-01T10:49:50.467,991.40,5.60,8.29,8,0.00,8,8.29,7.58,60.67,1.09,1.96,,1 frame(s); median area 8.0 px; flags: none
N1357020233,T0280,1357020233-0036,0.3366,1,7,co-iss-n1357020233,1357020233,2001-01-01T05:51:42.591,957.42,10.91,8.19,9,0.00,9,8.19,7.67,69.03,1.07,1.46,,1 frame(s); median area 9.0 px; flags: none
N1357028427,T0445,1357028427-0184,0.3366,1,11,co-iss-n1357028427,1357028427,2001-01-01T08:08:16.534,777.58,461.97,24.85,4,0.00,4,24.85,16.14,64.57,1.54,3.60,,1 frame(s); median area 4.0 px; flags: none
N1357015011,T0088,1357015011-0138,0.3365,1,2,co-iss-n1357015011,1357015011,2001-01-01T04:24:40.627,902.45,331.66,24.84,4,0.00,4,24.84,18.76,75.03,1.32,1.00,,1 frame(s); median area 4.0 px; flags: none
N1357024705,T0396,1357024705-0005,0.3365,1,10,co-iss-n1357024705,1357024705,2001-01-01T07:06:14.560,895.17,4.50,8.16,10,0.00,10,8.16,7.75,77.53,1.05,4.17,,1 frame(s); median area 10.0 px; flags: none
N1357008677,T0011,1357008677-0106,0.3364,1,0,co-iss-n1357008677,1357008677,2001-01-01T02:39:06.671,1020.62,709.18,8.16,13,0.00,13,8.16,7.59,98.65,1.08,5.90,,1 frame(s); median area 13.0 px; flags: none
N1357008677,T0002,1357008677-0020,0.3364,1,0,co-iss-n1357008677,1357008677,2001-01-01T02:39:06.671,726.27,673.10,8.15,8,0.00,8,8.15,7.67,61.37,1.06,1.20,,1 frame(s); median area 8.0 px; flags: none
N1357028817,T0489,1357028817-0074,0.3359,1,12,co-iss-n1357028817,1357028817,2001-01-01T08:14:46.531,804.69,196.03,24.73,4,0.00,4,24.73,15.06,60.25,1.64,2.45,,1 frame(s); median area 4.0 px; flags: none
N1357029177,T0517,1357029177-0009,0.3357,1,13,co-iss-n1357029177,1357029177,2001-01-01T08:20:46.529,896.12,6.26,8.04,8,0.00,8,8.04,7.64,61.08,1.05,3.58,,1 frame(s); median area 8.0 px; flags: none
N1357038121,T0717,1357038121-0070,0.3340,1,19,co-iss-n1357038121,1357038121,2001-01-01T10:49:50.467,841.75,27.22,20.26,5,0.00,5,20.26,14.80,74.02,1.37,1.73,,1 frame(s); median area 5.0 px; flags: none
N1357019483,T0230,1357019483-0258,0.3323,1,5,co-iss-n1357019483,1357019483,2001-01-01T05:39:12.596,620.99,647.62,24.14,4,0.00,4,24.14,18.41,73.62,1.31,2.62,,1 frame(s); median area 4.0 px; flags: none
N1357042233,T0773,1357042233-0064,0.3316,1,21,co-iss-n1357042233,1357042233,2001-01-01T11:58:22.438,817.64,203.56,24.02,4,0.00,4,24.02,18.63,74.50,1.29,1.00,,1 frame(s); median area 4.0 px; flags: none
N1357015761,T0184,1357015761-0215,0.3304,1,4,co-iss-n1357015761,1357015761,2001-01-01T04:37:10.622,325.71,392.72,23.81,4,0.00,4,23.81,13.96,55.86,1.71,2.45,,1 frame(s); median area 4.0 px; flags: none
N1357015011,T0113,1357015011-0365,0.3302,1,2,co-iss-n1357015011,1357015011,2001-01-01T04:24:40.627,530.86,715.97,23.79,4,0.00,4,23.79,13.10,52.40,1.82,2.45,,1 frame(s); median area 4.0 px; flags: none
N1357028817,T0492,1357028817-0090,0.3291,1,12,co-iss-n1357028817,1357028817,2001-01-01T08:14:46.531,854.30,225.21,23.60,4,0.00,4,23.60,19.51,78.06,1.21,1.63,,1 frame(s); median area 4.0 px; flags: none
N1357015011,T0132,1357015011-0463,0.3270,1,2,co-iss-n1357015011,1357015011,2001-01-01T04:24:40.627,842.88,868.10,14.91,6,0.00,6,14.91,12.48,74.91,1.19,1.35,,1 frame(s); median area 6.0 px; flags: none
N1357032899,T0557,1357032899-0142,0.3241,1,14,co-iss-n1357032899,1357032899,2001-01-01T09:22:48.503,1009.17,406.74,14.43,6,0.00,6,14.43,13.13,78.78,1.10,1.35,,1 frame(s); median area 6.0 px; flags: none
N1357023955,T0361,1357023955-0324,0.3229,1,8,co-iss-n1357023955,1357023955,2001-01-01T06:53:44.565,882.94,886.39,10.07,7,0.00,7,10.07,9.60,67.22,1.05,2.12,,1 frame(s); median area 7.0 px; flags: none
N1357024705,T0419,1357024705-0378,0.3220,1,10,co-iss-n1357024705,1357024705,2001-01-01T07:06:14.560,125.06,848.37,22.41,4,0.00,4,22.41,12.00,47.98,1.87,5.83,,1 frame(s); median area 4.0 px; flags: none
N1357020233,T0284,1357020233-0064,0.3214,1,7,co-iss-n1357020233,1357020233,2001-01-01T05:51:42.591,984.26,15.27,13.99,6,0.00,6,13.99,8.88,53.28,1.58,1.44,,1 frame(s); median area 6.0 px; flags: none
N1357015011,T0105,1357015011-0316,0.3210,1,2,co-iss-n1357015011,1357015011,2001-01-01T04:24:40.627,622.47,622.39,22.25,4,0.00,4,22.25,17.78,71.10,1.25,1.00,,1 frame(s); median area 4.0 px; flags: none
N1357015761,T0169,1357015761-0046,0.3198,1,4,co-iss-n1357015761,1357015761,2001-01-01T04:37:10.622,956.50,12.29,9.55,7,0.00,7,9.55,8.02,56.13,1.19,1.68,,1 frame(s); median area 7.0 px; flags: none
N1357015011,T0127,1357015011-0418,0.3194,1,2,co-iss-n1357015011,1357015011,2001-01-01T04:24:40.627,111.33,804.33,17.81,5,0.15,5,17.81,11.28,56.40,1.58,6.31,,1 frame(s); median area 5.0 px; flags: none
N1357042593,T0801,1357042593-0005,0.3185,1,22,co-iss-n1357042593,1357042593,2001-01-01T12:04:22.436,904.73,4.81,9.34,7,0.00,7,9.34,7.91,55.39,1.18,1.28,,1 frame(s); median area 7.0 px; flags: none
N1357033649,T0614,1357033649-0041,0.3178,1,16,co-iss-n1357033649,1357033649,2001-01-01T09:35:18.498,953.26,10.97,9.21,7,0.00,7,9.21,7.94,55.61,1.16,1.15,,1 frame(s); median area 7.0 px; flags: none
N1357028427,T0473,1357028427-0358,0.3174,1,11,co-iss-n1357028427,1357028427,2001-01-01T08:08:16.534,727.50,891.50,21.64,4,0.00,4,21.64,21.50,86.01,1.01,1.00,,1 frame(s); median area 4.0 px; flags: none
N1357033649,T0608,1357033649-0014,0.3173,1,16,co-iss-n1357033649,1357033649,2001-01-01T09:35:18.498,943.43,5.27,9.13,7,0.00,7,9.13,7.90,55.29,1.16,2.20,,1 frame(s); median area 7.0 px; flags: none
N1357023955,T0362,1357023955-0333,0.3171,1,8,co-iss-n1357023955,1357023955,2001-01-01T06:53:44.565,715.52,913.20,21.60,4,0.00,4,21.60,12.73,50.92,1.70,2.45,,1 frame(s); median area 4.0 px; flags: none
N1357042593,T0832,1357042593-0302,0.3161,1,22,co-iss-n1357042593,1357042593,2001-01-01T12:04:22.436,978.93,680.72,17.27,5,0.00,5,17.27,12.94,64.68,1.34,1.73,,1 frame(s); median area 5.0 px; flags: none
N1357020233,T0295,1357020233-0222,0.3161,1,7,co-iss-n1357020233,1357020233,2001-01-01T05:51:42.591,916.42,437.58,21.44,4,0.00,4,21.44,18.52,74.06,1.16,1.00,,1 frame(s); median area 4.0 px; flags: none
N1357041843,T0759,1357041843-0200,0.3159,1,20,co-iss-n1357041843,1357041843,2001-01-01T11:51:52.441,725.55,609.55,21.39,4,0.00,4,21.39,19.38,77.51,1.10,1.00,,1 frame(s); median area 4.0 px; flags: none
N1357020233,T0291,1357020233-0190,0.3157,1,7,co-iss-n1357020233,1357020233,2001-01-01T05:51:42.591,283.47,352.17,17.20,5,0.00,5,17.20,10.59,52.93,1.62,4.39,,1 frame(s); median area 5.0 px; flags: none
N1357037371,T0675,1357037371-0296,0.3157,1,17,co-iss-n1357037371,1357037371,2001-01-01T10:37:20.472,63.61,744.20,21.36,4,0.00,4,21.36,13.28,53.13,1.61,5.83,,1 frame(s); median area 4.0 px; flags: none
N1357037371,T0645,1357037371-0106,0.3156,1,17,co-iss-n1357037371,1357037371,2001-01-01T10:37:20.472,952.00,292.85,21.35,4,0.00,4,21.35,18.86,75.43,1.13,1.63,,1 frame(s); median area 4.0 px; flags: none
N1357032899,T0575,1357032899-0306,0.3154,1,14,co-iss-n1357032899,1357032899,2001-01-01T09:22:48.503,385.53,845.44,21.31,4,0.00,4,21.31,16.84,67.35,1.27,1.00,,1 frame(s); median area 4.0 px; flags: none
N1357015761,T0195,1357015761-0358,0.3151,1,4,co-iss-n1357015761,1357015761,2001-01-01T04:37:10.622,547.19,713.94,17.11,5,0.00,5,17.11,12.12,60.61,1.41,2.62,,1 frame(s); median area 5.0 px; flags: none
N1357023955,T0350,1357023955-0272,0.3125,1,8,co-iss-n1357023955,1357023955,2001-01-01T06:53:44.565,780.51,784.67,20.84,4,0.00,4,20.84,15.65,62.60,1.33,1.00,,1 frame(s); median area 4.0 px; flags: none
N1357009037,T0041,1357009037-0131,0.3125,1,1,co-iss-n1357009037,1357009037,2001-01-01T02:45:06.668,316.44,204.10,38.46,3,0.00,3,38.46,23.06,69.18,1.67,1.73,,1 frame(s); median area 3.0 px; flags: none
N1357009037,T0043,1357009037-0142,0.3125,1,1,co-iss-n1357009037,1357009037,2001-01-01T02:45:06.668,475.60,232.86,30.96,3,0.00,3,30.96,22.19,66.57,1.40,1.73,,1 frame(s); median area 3.0 px; flags: none
N1357009037,T0050,1357009037-0188,0.3125,1,1,co-iss-n1357009037,1357009037,2001-01-01T02:45:06.668,744.74,382.51,31.42,3,0.00,3,31.42,20.57,61.72,1.53,4.39,,1 frame(s); median area 3.0 px; flags: none
N1357009037,T0057,1357009037-0255,0.3125,1,1,co-iss-n1357009037,1357009037,2001-01-01T02:45:06.668,570.53,529.10,37.48,3,0.00,3,37.48,23.74,71.21,1.58,1.73,,1 frame(s); median area 3.0 px; flags: none
N1357009037,T0058,1357009037-0257,0.3125,1,1,co-iss-n1357009037,1357009037,2001-01-01T02:45:06.668,646.13,535.81,36.43,3,0.00,3,36.43,17.98,53.94,2.03,1.73,,1 frame(s); median area 3.0 px; flags: none
N1357009037,T0069,1357009037-0386,0.3125,1,1,co-iss-n1357009037,1357009037,2001-01-01T02:45:06.668,150.69,851.11,50.84,3,0.00,3,50.84,29.13,87.39,1.75,1.73,,1 frame(s); median area 3.0 px; flags: none
N1357015011,T0083,1357015011-0098,0.3125,1,2,co-iss-n1357015011,1357015011,2001-01-01T04:24:40.627,275.19,254.70,26.76,3,0.00,3,26.76,17.43,52.29,1.54,1.73,,1 frame(s); median area 3.0 px; flags: none
N1357015011,T0084,1357015011-0119,0.3125,1,2,co-iss-n1357015011,1357015011,2001-01-01T04:24:40.627,608.59,307.11,35.10,3,0.00,3,35.10,24.39,73.17,1.44,1.73,,1 frame(s); median area 3.0 px; flags: none
N1357015011,T0090,1357015011-0152,0.3125,1,2,co-iss-n1357015011,1357015011,2001-01-01T04:24:40.627,619.55,346.12,30.40,3,0.00,3,30.40,22.68,68.05,1.34,1.73,,1 frame(s); median area 3.0 px; flags: none
N1357015011,T0094,1357015011-0167,0.3125,1,2,co-iss-n1357015011,1357015011,2001-01-01T04:24:40.627,20.69,382.77,39.47,3,0.00,3,39.47,28.56,85.67,1.38,1.73,,1 frame(s); median area 3.0 px; flags: none
N1357015011,T0112,1357015011-0358,0.3125,1,2,co-iss-n1357015011,1357015011,2001-01-01T04:24:40.627,375.31,704.13,35.60,3,0.00,3,35.60,21.40,64.20,1.66,1.73,,1 frame(s); median area 3.0 px; flags: none
N1357015011,T0118,1357015011-0397,0.3125,1,2,co-iss-n1357015011,1357015011,2001-01-01T04:24:40.627,516.53,779.87,30.01,3,0.00,3,30.01,21.08,63.23,1.42,1.73,,1 frame(s); median area 3.0 px; flags: none
N1357015011,T0136,1357015011-0511,0.3125,1,2,co-iss-n1357015011,1357015011,2001-01-01T04:24:40.627,692.28,930.85,28.03,3,0.00,3,28.03,16.31,48.93,1.72,1.73,,1 frame(s); median area 3.0 px; flags: none
N1357015401,T0144,1357015401-0042,0.3125,1,3,co-iss-n1357015401,1357015401,2001-01-01T04:31:10.624,304.12,128.13,53.89,3,0.00,3,53.89,23.69,71.08,2.27,1.73,,1 frame(s); median area 3.0 px; flags: none
N1357015401,T0145,1357015401-0057,0.3125,1,3,co-iss-n1357015401,1357015401,2001-01-01T04:31:10.624,338.47,172.26,52.56,3,0.00,3,52.56,37.38,112.15,1.41,1.73,,1 frame(s); median area 3.0 px; flags: none
N1357015401,T0154,1357015401-0193,0.3125,1,3,co-iss-n1357015401,1357015401,2001-01-01T04:31:10.624,792.57,578.32,29.88,3,0.00,3,29.88,23.44,70.31,1.28,1.73,,1 frame(s); median area 3.0 px; flags: none
N1357015761,T0186,1357015761-0247,0.3125,1,4,co-iss-n1357015761,1357015761,2001-01-01T04:37:10.622,404.34,468.11,40.69,3,0.00,3,40.69,20.59,61.76,1.98,1.73,,1 frame(s); median area 3.0 px; flags: none
N1357015761,T0188,1357015761-0299,0.3125,1,4,co-iss-n1357015761,1357015761,2001-01-01T04:37:10.622,450.26,589.85,36.87,3,0.00,3,36.87,20.78,62.35,1.77,1.73,,1 frame(s); median area 3.0 px; flags: none
N1357015761,T0193,1357015761-0342,0.3125,1,4,co-iss-n1357015761,1357015761,2001-01-01T04:37:10.622,127.88,695.81,46.48,3,0.00,3,46.48,22.39,67.17,2.08,1.73,,1 frame(s); median area 3.0 px; flags: none
N1357015761,T0194,1357015761-0357,0.3125,1,4,co-iss-n1357015761,1357015761,2001-01-01T04:37:10.622,325.13,709.59,36.31,3,0.00,3,36.31,20.57,61.70,1.77,1.73,,1 frame(s); median area 3.0 px; flags: none
N1357019483,T0215,1357019483-0132,0.3125,1,5,co-iss-n1357019483,1357019483,2001-01-01T05:39:12.596,741.14,346.42,30.00,3,0.00,3,30.00,17.28,51.84,1.74,1.73,,1 frame(s); median area 3.0 px; flags: none
N1357019483,T0223,1357019483-0203,0.3125,1,5,co-iss-n1357019483,1357019483,2001-01-01T05:39:12.596,374.13,504.34,33.54,3,0.00,3,33.54,20.96,62.89,1.60,1.73,,1 frame(s); median area 3.0 px; flags: none
N1357019483,T0228,1357019483-0239,0.3125,1,5,co-iss-n1357019483,1357019483,2001-01-01T05:39:12.596,142.82,611.81,36.92,3,0.00,3,36.92,19.43,58.28,1.90,1.73,,1 frame(s); median area 3.0 px; flags: none
N1357019873,T0264,1357019873-0168,0.3125,1,6,co-iss-n1357019873,1357019873,2001-01-01T05:45:42.593,510.77,458.64,37.21,3,0.00,3,37.21,30.06,90.18,1.24,1.73,,1 frame(s); median area 3.0 px; flags: none
N1357020233,T0305,1357020233-0298,0.3125,1,7,co-iss-n1357020233,1357020233,2001-01-01T05:51:42.591,134.50,636.91,38.54,3,0.00,3,38.54,25.84,77.52,1.49,1.73,,1 frame(s); median area 3.0 px; flags: none
N1357020233,T0310,1357020233-0361,0.3125,1,7,co-iss-n1357020233,1357020233,2001-01-01T05:51:42.591,131.59,821.83,29.30,3,0.00,3,29.30,16.44,49.31,1.78,1.73,,1 frame(s); median area 3.0 px; flags: none
N1357020233,T0314,1357020233-0398,0.3125,1,7,co-iss-n1357020233,1357020233,2001-01-01T05:51:42.591,364.47,930.89,45.05,3,0.00,3,45.05,32.29,96.88,1.40,4.39,,1 frame(s); median area 3.0 px; flags: none
N1357023955,T0315,1357023955-0004,0.3125,1,8,co-iss-n1357023955,1357023955,2001-01-01T06:53:44.565,875.45,16.16,25.59,3,0.00,3,25.59,15.42,46.27,1.66,1.73,,1 frame(s); median area 3.0 px; flags: none
N1357023955,T0317,1357023955-0013,0.3125,1,8,co-iss-n1357023955,1357023955,2001-01-01T06:53:44.565,717.40,47.80,36.35,3,0.00,3,36.35,30.16,90.48,1.21,1.73,,1 frame(s); median area 3.0 px; flags: none
N1357023955,T0330,1357023955-0118,0.3125,1,8,co-iss-n1357023955,1357023955,2001-01-01T06:53:44.565,351.19,335.66,35.09,3,0.00,3,35.09,17.67,53.01,1.99,1.73,,1 frame(s); median area 3.0 px; flags: none
N1357023955,T0332,1357023955-0124,0.3125,1,8,co-iss-n1357023955,1357023955,2001-01-01T06:53:44.565,621.16,348.17,32.08,3,0.00,3,32.08,16.00,48.01,2.00,1.73,,1 frame(s); median area 3.0 px; flags: none
N1357023955,T0343,1357023955-0200,0.3125,1,8,co-iss-n1357023955,1357023955,2001-01-01T06:53:44.565,27.62,567.22,37.30,3,0.00,3,37.30,19.91,59.74,1.87,1.73,,1 frame(s); median area 3.0 px; flags: none
N1357023955,T0345,1357023955-0218,0.3125,1,8,co-iss-n1357023955,1357023955,2001-01-01T06:53:44.565,53.26,615.51,37.78,3,0.00,3,37.78,25.79,77.37,1.46,1.73,,1 frame(s); median area 3.0 px; flags: none
N1357023955,T0358,1357023955-0307,0.3125,1,8,co-iss-n1357023955,1357023955,2001-01-01T06:53:44.565,433.34,848.34,33.66,3,0.00,3,33.66,33.46,100.38,1.01,1.73,,1 frame(s); median area 3.0 px; flags: none
N1357024345,T0374,1357024345-0070,0.3125,1,9,co-iss-n1357024345,1357024345,2001-01-01T07:00:14.562,140.09,227.46,46.35,3,0.00,3,46.35,33.85,101.54,1.37,1.73,,1 frame(s); median area 3.0 px; flags: none
N1357024345,T0377,1357024345-0107,0.3125,1,9,co-iss-n1357024345,1357024345,2001-01-01T07:00:14.562,123.09,321.83,45.77,3,0.00,3,45.77,26.61,79.83,1.72,4.39,,1 frame(s); median area 3.0 px; flags: none
N1357024345,T0386,1357024345-0223,0.3125,1,9,co-iss-n1357024345,1357024345,2001-01-01T07:00:14.562,195.29,643.89,43.46,3,0.00,3,43.46,23.97,71.91,1.81,1.73,,1 frame(s); median area 3.0 px; flags: none
N1357024705,T0404,1357024705-0086,0.3125,1,10,co-iss-n1357024705,1357024705,2001-01-01T07:06:14.560,128.55,49.89,46.28,3,0.00,3,46.28,34.57,103.71,1.34,1.73,,1 frame(s); median area 3.0 px; flags: none
N1357024705,T0406,1357024705-0089,0.3125,1,10,co-iss-n1357024705,1357024705,2001-01-01T07:06:14.560,37.46,56.08,46.47,3,0.00,3,46.47,33.56,100.67,1.38,1.73,,1 frame(s); median area 3.0 px; flags: none
N1357024705,T0413,1357024705-0292,0.3125,1,10,co-iss-n1357024705,1357024705,2001-01-01T07:06:14.560,841.85,631.44,25.94,3,0.00,3,25.94,15.46,46.39,1.68,1.73,,1 frame(s); median area 3.0 px; flags: none
N1357028427,T0423,1357028427-0016,0.3125,1,11,co-iss-n1357028427,1357028427,2001-01-01T08:08:16.534,369.86,39.63,32.04,3,0.00,3,32.04,16.89,50.67,1.90,1.73,,1 frame(s); median area 3.0 px; flags: none
N1357028427,T0425,1357028427-0026,0.3125,1,11,co-iss-n1357028427,1357028427,2001-01-01T08:08:16.534,919.20,60.17,33.25,3,0.00,3,33.25,17.56,52.67,1.89,1.73,,1 frame(s); median area 3.0 px; flags: none
N1357028427,T0426,1357028427-0037,0.3125,1,11,co-iss-n1357028427,1357028427,2001-01-01T08:08:16.534,557.75,92.14,35.70,3,0.00,3,35.70,19.74,59.22,1.81,1.73,,1 frame(s); median area 3.0 px; flags: none
N1357028427,T0441,1357028427-0146,0.3125,1,11,co-iss-n1357028427,1357028427,2001-01-01T08:08:16.534,358.23,372.71,33.25,3,0.00,3,33.25,23.04,69.11,1.44,1.73,,1 frame(s); median area 3.0 px; flags: none
N1357028427,T0474,1357028427-0363,0.3125,1,11,co-iss-n1357028427,1357028427,2001-01-01T08:08:16.534,185.74,898.60,35.85,3,0.00,3,35.85,19.87,59.60,1.80,1.73,,1 frame(s); median area 3.0 px; flags: none
N1357028817,T0482,1357028817-0011,0.3125,1,12,co-iss-n1357028817,1357028817,2001-01-01T08:14:46.531,246.12,47.27,47.97,3,0.00,3,47.97,27.44,82.31,1.75,4.39,,1 frame(s); median area 3.0 px; flags: none
N1357028817,T0484,1357028817-0042,0.3125,1,12,co-iss-n1357028817,1357028817,2001-01-01T08:14:46.531,641.66,114.86,40.73,3,0.00,3,40.73,25.84,77.52,1.58,1.73,,1 frame(s); median area 3.0 px; flags: none
N1357028817,T0494,1357028817-0100,0.3125,1,12,co-iss-n1357028817,1357028817,2001-01-01T08:14:46.531,235.56,243.62,31.42,3,0.00,3,31.42,23.92,71.76,1.31,1.73,,1 frame(s); median area 3.0 px; flags: none
N1357028817,T0495,1357028817-0121,0.3125,1,12,co-iss-n1357028817,1357028817,2001-01-01T08:14:46.531,745.32,302.16,29.57,3,0.00,3,29.57,18.99,56.96,1.56,1.73,,1 frame(s); median area 3.0 px; flags: none
N1357028817,T0506,1357028817-0266,0.3125,1,12,co-iss-n1357028817,1357028817,2001-01-01T08:14:46.531,121.13,657.69,33.10,3,0.00,3,33.10,19.56,58.68,1.69,1.73,,1 frame(s); median area 3.0 px; flags: none
N1357028817,T0507,1357028817-0269,0.3125,1,12,co-iss-n1357028817,1357028817,2001-01-01T08:14:46.531,226.46,663.73,32.26,3,0.00,3,32.26,20.06,60.19,1.61,1.73,,1 frame(s); median area 3.0 px; flags: none
N1357028817,T0511,1357028817-0314,0.3125,1,12,co-iss-n1357028817,1357028817,2001-01-01T08:14:46.531,469.36,779.50,29.52,3,0.00,3,29.52,19.67,59.00,1.50,1.73,,1 frame(s); median area 3.0 px; flags: none
N1357028817,T0513,1357028817-0341,0.3125,1,12,co-iss-n1357028817,1357028817,2001-01-01T08:14:46.531,87.44,835.11,48.70,3,0.00,3,48.70,35.86,107.57,1.36,1.73,,1 frame(s); median area 3.0 px; flags: none
N1357029177,T0537,1357029177-0255,0.3125,1,13,co-iss-n1357029177,1357029177,2001-01-01T08:20:46.529,813.16,505.42,27.92,3,0.00,3,27.92,22.09,66.27,1.26,1.73,,1 frame(s); median area 3.0 px; flags: none
N1357029177,T0539,1357029177-0297,0.3125,1,13,co-iss-n1357029177,1357029177,2001-01-01T08:20:46.529,728.59,598.89,30.91,3,0.00,3,30.91,21.56,64.67,1.43,1.73,,1 frame(s); median area 3.0 px; flags: none
N1357029177,T0540,1357029177-0305,0.3125,1,13,co-iss-n1357029177,1357029177,2001-01-01T08:20:46.529,747.58,622.25,26.08,3,0.00,3,26.08,15.01,45.02,1.74,1.73,,1 frame(s); median area 3.0 px; flags: none
N1357029177,T0542,1357029177-0337,0.3125,1,13,co-iss-n1357029177,1357029177,2001-01-01T08:20:46.529,539.63,692.19,39.31,3,0.00,3,39.31,20.77,62.31,1.89,1.73,,1 frame(s); median area 3.0 px; flags: none
N1357032899,T0548,1357032899-0008,0.3125,1,14,co-iss-n1357032899,1357032899,2001-01-01T09:22:48.503,841.85,29.72,31.58,3,0.00,3,31.58,18.55,55.65,1.70,1.73,,1 frame(s); median area 3.0 px; flags: none
N1357032899,T0551,1357032899-0087,0.3125,1,14,co-iss-n1357032899,1357032899,2001-01-01T09:22:48.503,251.33,277.67,34.42,3,0.00,3,34.42,34.42,103.27,1.00,1.73,,1 frame(s); median area 3.0 px; flags: none
N1357033289,T0588,1357033289-0057,0.3125,1,15,co-iss-n1357033289,1357033289,2001-01-01T09:29:18.500,679.71,180.54,26.96,3,0.00,3,26.96,16.79,50.36,1.61,1.73,,1 frame(s); median area 3.0 px; flags: none
N1357037371,T0638,1357037371-0034,0.3125,1,17,co-iss-n1357037371,1357037371,2001-01-01T10:37:20.472,480.31,80.53,34.93,3,0.00,3,34.93,22.08,66.23,1.58,1.73,,1 frame(s); median area 3.0 px; flags: none
N1357037371,T0640,1357037371-0053,0.3125,1,17,co-iss-n1357037371,1357037371,2001-01-01T10:37:20.472,97.29,130.86,36.70,3,0.00,3,36.70,21.47,64.41,1.71,1.73,,1 frame(s); median area 3.0 px; flags: none
N1357037371,T0672,1357037371-0285,0.3125,1,17,co-iss-n1357037371,1357037371,2001-01-01T10:37:20.472,149.11,709.45,33.75,3,0.00,3,33.75,25.23,75.68,1.34,1.73,,1 frame(s); median area 3.0 px; flags: none
N1357037761,T0691,1357037761-0053,0.3125,1,18,co-iss-n1357037761,1357037761,2001-01-01T10:43:50.469,991.15,185.31,36.34,3,0.00,3,36.34,17.65,52.94,2.06,1.73,,1 frame(s); median area 3.0 px; flags: none
N1357037761,T0703,1357037761-0129,0.3125,1,18,co-iss-n1357037761,1357037761,2001-01-01T10:43:50.469,995.54,385.13,28.54,3,0.00,3,28.54,20.78,62.33,1.37,1.73,,1 frame(s); median area 3.0 px; flags: none
N1357038121,T0718,1357038121-0092,0.3125,1,19,co-iss-n1357038121,1357038121,2001-01-01T10:49:50.467,153.37,101.22,33.51,3,0.00,3,33.51,17.63,52.89,1.90,1.73,,1 frame(s); median area 3.0 px; flags: none
N1357038121,T0725,1357038121-0217,0.3125,1,19,co-iss-n1357038121,1357038121,2001-01-01T10:49:50.467,476.19,445.32,34.45,3,0.00,3,34.45,22.53,67.58,1.53,4.39,,1 frame(s); median area 3.0 px; flags: none
N1357038121,T0727,1357038121-0234,0.3125,1,19,co-iss-n1357038121,1357038121,2001-01-01T10:49:50.467,535.73,497.45,30.59,3,0.00,3,30.59,22.70,68.10,1.35,1.73,,1 frame(s); median area 3.0 px; flags: none
N1357038121,T0735,1357038121-0319,0.3125,1,19,co-iss-n1357038121,1357038121,2001-01-01T10:49:50.467,175.74,704.19,40.93,3,0.00,3,40.93,24.76,74.29,1.65,1.73,,1 frame(s); median area 3.0 px; flags: none
N1357041843,T0744,1357041843-0053,0.3125,1,20,co-iss-n1357041843,1357041843,2001-01-01T11:51:52.441,522.18,156.31,31.83,3,0.00,3,31.83,20.56,61.68,1.55,1.73,,1 frame(s); median area 3.0 px; flags: none
N1357041843,T0763,1357041843-0249,0.3125,1,20,co-iss-n1357041843,1357041843,2001-01-01T11:51:52.441,146.68,759.29,32.11,3,0.00,3,32.11,27.56,82.67,1.17,1.73,,1 frame(s); median area 3.0 px; flags: none
N1357042233,T0790,1357042233-0251,0.3125,1,21,co-iss-n1357042233,1357042233,2001-01-01T11:58:22.438,568.47,692.86,26.70,3,0.00,3,26.70,16.67,50.02,1.60,1.73,,1 frame(s); median area 3.0 px; flags: none
N1357042593,T0823,1357042593-0218,0.3125,1,22,co-iss-n1357042593,1357042593,2001-01-01T12:04:22.436,300.31,486.45,37.75,3,0.00,3,37.75,18.25,54.74,2.07,4.39,,1 frame(s); median area 3.0 px; flags: none
N1357042593,T0828,1357042593-0284,0.3125,1,22,co-iss-n1357042593,1357042593,2001-01-01T12:04:22.436,246.38,638.14,33.06,3,0.00,3,33.06,17.65,52.95,1.87,1.73,,1 frame(s); median area 3.0 px; flags: none
N1357042593,T0834,1357042593-0323,0.3125,1,22,co-iss-n1357042593,1357042593,2001-01-01T12:04:22.436,68.83,743.85,42.43,3,0.00,3,42.43,20.73,62.20,2.05,1.73,,1 frame(s); median area 3.0 px; flags: none
N1357042593,T0836,1357042593-0326,0.3125,1,22,co-iss-n1357042593,1357042593,2001-01-01T12:04:22.436,149.84,746.78,29.44,3,0.00,3,29.44,15.71,47.14,1.87,1.73,,1 frame(s); median area 3.0 px; flags: none
N1357015011,T0122,1357015011-0411,0.3123,1,2,co-iss-n1357015011,1357015011,2001-01-01T04:24:40.627,685.97,793.29,16.64,5,0.00,5,16.64,10.76,53.78,1.55,4.39,,1 frame(s); median area 5.0 px; flags: none
N1357020233,T0282,1357020233-0056,0.3114,1,7,co-iss-n1357020233,1357020233,2001-01-01T05:51:42.591,961.01,13.97,8.14,7,0.00,7,8.14,7.49,52.40,1.09,1.22,,1 frame(s); median area 7.0 px; flags: none
N1357029177,T0527,1357029177-0035,0.3113,1,13,co-iss-n1357029177,1357029177,2001-01-01T08:20:46.529,957.73,11.06,8.13,7,0.00,7,8.13,7.56,52.91,1.08,2.10,,1 frame(s); median area 7.0 px; flags: none
N1357015011,T0073,1357015011-0015,0.3113,1,2,co-iss-n1357015011,1357015011,2001-01-01T04:24:40.627,527.00,43.58,20.63,4,0.00,4,20.63,13.73,54.93,1.50,2.62,,1 frame(s); median area 4.0 px; flags: none
N1357033649,T0616,1357033649-0095,0.3109,1,16,co-iss-n1357033649,1357033649,2001-01-01T09:35:18.498,168.46,114.30,20.57,4,0.00,4,20.57,12.78,51.12,1.61,1.00,,1 frame(s); median area 4.0 px; flags: none
N1357028427,T0454,1357028427-0238,0.3107,1,11,co-iss-n1357028427,1357028427,2001-01-01T08:08:16.534,717.33,570.33,24.70,3,0.00,3,24.70,24.70,74.09,1.00,1.73,,1 frame(s); median area 3.0 px; flags: none
N1357033649,T0625,1357033649-0278,0.3106,1,16,co-iss-n1357033649,1357033649,2001-01-01T09:35:18.498,675.18,670.06,24.68,3,0.00,3,24.68,14.34,43.02,1.72,4.39,,1 frame(s); median area 3.0 px; flags: none
N1357015761,T0196,1357015761-0359,0.3105,1,4,co-iss-n1357015761,1357015761,2001-01-01T04:37:10.622,1018.19,716.40,16.34,5,0.00,5,16.34,16.10,80.52,1.01,1.73,,1 frame(s); median area 5.0 px; flags: none
N1357009037,T0059,1357009037-0269,0.3097,1,1,co-iss-n1357009037,1357009037,2001-01-01T02:45:06.668,939.72,566.83,24.53,3,0.00,3,24.53,14.85,44.56,1.65,1.73,,1 frame(s); median area 3.0 px; flags: none
N1357037371,T0677,1357037371-0307,0.3094,1,17,co-iss-n1357037371,1357037371,2001-01-01T10:37:20.472,761.45,764.55,20.32,4,0.00,4,20.32,18.46,73.82,1.10,1.00,,1 frame(s); median area 4.0 px; flags: none
N1357041843,T0753,1357041843-0140,0.3090,1,20,co-iss-n1357041843,1357041843,2001-01-01T11:51:52.441,553.02,445.22,20.25,4,0.00,4,20.25,13.91,55.62,1.46,3.60,,1 frame(s); median area 4.0 px; flags: none
N1357041843,T0747,1357041843-0077,0.3087,1,20,co-iss-n1357041843,1357041843,2001-01-01T11:51:52.441,380.75,208.25,24.37,3,0.00,3,24.37,16.26,48.77,1.50,4.39,,1 frame(s); median area 3.0 px; flags: none
N1357009037,T0048,1357009037-0164,0.3085,1,1,co-iss-n1357009037,1357009037,2001-01-01T02:45:06.668,513.11,296.38,20.17,4,0.00,4,20.17,13.90,55.60,1.45,2.62,,1 frame(s); median area 4.0 px; flags: none
N1357024705,T0417,1357024705-0350,0.3083,1,10,co-iss-n1357024705,1357024705,2001-01-01T07:06:14.560,923.24,776.60,24.29,3,0.00,3,24.29,20.34,61.01,1.19,1.73,,1 frame(s); median area 3.0 px; flags: none
N1357009037,T0044,1357009037-0152,0.3077,1,1,co-iss-n1357009037,1357009037,2001-01-01T02:45:06.668,719.74,276.29,24.19,3,0.00,3,24.19,14.41,43.23,1.68,4.39,,1 frame(s); median area 3.0 px; flags: none
N1357015401,T0147,1357015401-0095,0.3069,1,3,co-iss-n1357015401,1357015401,2001-01-01T04:31:10.624,374.48,283.29,15.74,5,0.15,5,15.74,10.41,52.05,1.51,6.31,,1 frame(s); median area 5.0 px; flags: none
N1357019483,T0234,1357019483-0277,0.3059,1,5,co-iss-n1357019483,1357019483,2001-01-01T05:39:12.596,750.33,702.33,23.89,3,0.00,3,23.89,23.59,70.78,1.01,1.73,,1 frame(s); median area 3.0 px; flags: none
N1357037371,T0665,1357037371-0225,0.3057,1,17,co-iss-n1357037371,1357037371,2001-01-01T10:37:20.472,666.62,565.77,23.86,3,0.00,3,23.86,20.75,62.26,1.15,1.73,,1 frame(s); median area 3.0 px; flags: none
N1357008677,T0014,1357008677-0126,0.3056,1,0,co-iss-n1357008677,1357008677,2001-01-01T02:39:06.671,977.50,740.99,19.69,4,0.00,4,19.69,19.25,77.01,1.02,2.62,,1 frame(s); median area 4.0 px; flags: none
N1357020233,T0294,1357020233-0214,0.3055,1,7,co-iss-n1357020233,1357020233,2001-01-01T05:51:42.591,909.82,418.56,19.66,4,0.00,4,19.66,12.78,51.11,1.54,4.47,,1 frame(s); median area 4.0 px; flags: none
N1357037761,T0701,1357037761-0122,0.3037,1,18,co-iss-n1357037761,1357037761,2001-01-01T10:43:50.469,46.60,349.26,19.37,4,0.00,4,19.37,11.76,47.03,1.65,2.62,,1 frame(s); median area 4.0 px; flags: none
N1357020233,T0303,1357020233-0284,0.3029,1,7,co-iss-n1357020233,1357020233,2001-01-01T05:51:42.591,935.39,596.59,19.23,4,0.00,4,19.23,14.21,56.85,1.35,1.00,,1 frame(s); median area 4.0 px; flags: none
N1357042593,T0820,1357042593-0169,0.3019,1,22,co-iss-n1357042593,1357042593,2001-01-01T12:04:22.436,35.13,379.40,14.90,5,0.00,5,14.90,12.47,62.35,1.19,3.04,,1 frame(s); median area 5.0 px; flags: none
N1357019483,T0243,1357019483-0336,0.3009,1,5,co-iss-n1357019483,1357019483,2001-01-01T05:39:12.596,195.21,852.75,23.06,3,0.00,3,23.06,14.25,42.74,1.62,1.73,,1 frame(s); median area 3.0 px; flags: none
N1357009037,T0067,1357009037-0352,0.3007,1,1,co-iss-n1357009037,1357009037,2001-01-01T02:45:06.668,65.22,764.71,10.54,6,0.00,6,10.54,9.20,55.23,1.15,2.64,,1 frame(s); median area 6.0 px; flags: none
N1357020233,T0300,1357020233-0265,0.3005,1,7,co-iss-n1357020233,1357020233,2001-01-01T05:51:42.591,174.34,550.80,14.67,5,0.15,5,14.67,10.09,50.46,1.45,6.31,,1 frame(s); median area 5.0 px; flags: none
N1357033649,T0620,1357033649-0136,0.3005,1,16,co-iss-n1357033649,1357033649,2001-01-01T09:35:18.498,909.83,226.17,10.50,6,0.00,6,10.50,10.35,62.11,1.01,1.35,,1 frame(s); median area 6.0 px; flags: none
N1357019483,T0241,1357019483-0321,0.2998,1,5,co-iss-n1357019483,1357019483,2001-01-01T05:39:12.596,58.68,815.45,14.56,5,0.00,5,14.56,10.73,53.64,1.36,5.00,,1 frame(s); median area 5.0 px; flags: none
N1357037371,T0636,1357037371-0026,0.2998,1,17,co-iss-n1357037371,1357037371,2001-01-01T10:37:20.472,555.27,55.90,18.72,4,0.00,4,18.72,10.94,43.76,1.71,3.60,,1 frame(s); median area 4.0 px; flags: none
N1357024345,T0379,1357024345-0131,0.2998,1,9,co-iss-n1357024345,1357024345,2001-01-01T07:00:14.562,80.21,384.42,14.55,5,0.00,5,14.55,11.35,56.73,1.28,4.39,,1 frame(s); median area 5.0 px; flags: none
N1357037761,T0693,1357037761-0065,0.2990,1,18,co-iss-n1357037761,1357037761,2001-01-01T10:43:50.469,211.84,212.69,10.24,6,0.00,6,10.24,8.74,52.46,1.17,4.69,,1 frame(s); median area 6.0 px; flags: none
N1357037371,T0681,1357037371-0317,0.2978,1,17,co-iss-n1357037371,1357037371,2001-01-01T10:37:20.472,19.72,787.52,18.39,4,0.00,4,18.39,14.46,57.83,1.27,2.45,,1 frame(s); median area 4.0 px; flags: none
N1357015011,T0072,1357015011-0008,0.2977,1,2,co-iss-n1357015011,1357015011,2001-01-01T04:24:40.627,536.23,33.00,22.54,3,0.00,3,22.54,13.76,41.27,1.64,4.39,,1 frame(s); median area 3.0 px; flags: none
N1357023955,T0344,1357023955-0204,0.2977,1,8,co-iss-n1357023955,1357023955,2001-01-01T06:53:44.565,266.49,574.19,22.53,3,0.00,3,22.53,15.18,45.55,1.48,1.73,,1 frame(s); median area 3.0 px; flags: none
N1357015401,T0158,1357015401-0220,0.2974,1,3,co-iss-n1357015401,1357015401,2001-01-01T04:31:10.624,918.43,642.87,18.32,4,0.00,4,18.32,16.17,64.68,1.13,2.62,,1 frame(s); median area 4.0 px; flags: none
N1357028817,T0512,1357028817-0324,0.2974,1,12,co-iss-n1357028817,1357028817,2001-01-01T08:14:46.531,253.87,799.33,18.31,4,0.00,4,18.31,12.11,48.46,1.51,5.83,,1 frame(s); median area 4.0 px; flags: none
N1357015011,T0085,1357015011-0129,0.2962,1,2,co-iss-n1357015011,1357015011,2001-01-01T04:24:40.627,276.53,319.83,22.28,3,0.00,3,22.28,13.98,41.94,1.59,1.73,,1 frame(s); median area 3.0 px; flags: none
N1357037371,T0679,1357037371-0310,0.2959,1,17,co-iss-n1357037371,1357037371,2001-01-01T10:37:20.472,65.84,774.63,9.73,6,0.00,6,9.73,8.11,48.65,1.20,4.69,,1 frame(s); median area 6.0 px; flags: none
N1357019483,T0206,1357019483-0044,0.2950,1,5,co-iss-n1357019483,1357019483,2001-01-01T05:39:12.596,354.03,110.47,17.91,4,0.00,4,17.91,13.40,53.61,1.34,2.62,,1 frame(s); median area 4.0 px; flags: none
N1357020233,T0302,1357020233-0275,0.2948,1,7,co-iss-n1357020233,1357020233,2001-01-01T05:51:42.591,762.19,572.54,22.04,3,0.00,3,22.04,16.15,48.44,1.37,1.73,,1 frame(s); median area 3.0 px; flags: none
N1357015011,T0107,1357015011-0319,0.2947,1,2,co-iss-n1357015011,1357015011,2001-01-01T04:24:40.627,86.53,626.83,22.04,3,0.00,3,22.04,13.91,41.72,1.58,1.73,,1 frame(s); median area 3.0 px; flags: none
N1357009037,T0036,1357009037-0049,0.2939,1,1,co-iss-n1357009037,1357009037,2001-01-01T02:45:06.668,929.19,14.33,9.39,6,0.00,6,9.39,7.86,47.14,1.20,2.08,,1 frame(s); median area 6.0 px; flags: none
N1357042593,T0808,1357042593-0021,0.2931,1,22,co-iss-n1357042593,1357042593,2001-01-01T12:04:22.436,953.29,6.12,9.27,6,0.00,6,9.27,8.15,48.91,1.14,3.47,,1 frame(s); median area 6.0 px; flags: none
N1357015761,T0182,1357015761-0160,0.2915,1,4,co-iss-n1357015761,1357015761,2001-01-01T04:37:10.622,241.40,214.71,17.34,4,0.00,4,17.34,14.98,59.92,1.16,4.47,,1 frame(s); median area 4.0 px; flags: none
N1357015011,T0101,1357015011-0235,0.2915,1,2,co-iss-n1357015011,1357015011,2001-01-01T04:24:40.627,388.20,484.73,21.50,3,0.00,3,21.50,13.59,40.78,1.58,1.73,,1 frame(s); median area 3.0 px; flags: none
N1357033289,T0603,1357033289-0291,0.2913,1,15,co-iss-n1357033289,1357033289,2001-01-01T09:29:18.500,531.47,784.39,17.30,4,0.00,4,17.30,11.75,46.98,1.47,1.00,,1 frame(s); median area 4.0 px; flags: none
N1357023955,T0322,1357023955-0041,0.2900,1,8,co-iss-n1357023955,1357023955,2001-01-01T06:53:44.565,60.28,118.28,21.25,3,0.00,3,21.25,16.34,49.01,1.30,1.73,,1 frame(s); median area 3.0 px; flags: none
N1357019483,T0203,1357019483-0029,0.2898,1,5,co-iss-n1357019483,1357019483,2001-01-01T05:39:12.596,342.56,83.22,17.05,4,0.00,4,17.05,11.06,44.24,1.54,2.62,,1 frame(s); median area 4.0 px; flags: none
N1357033649,T0612,1357033649-0033,0.2895,1,16,co-iss-n1357033649,1357033649,2001-01-01T09:35:18.498,971.19,9.51,8.66,6,0.00,6,8.66,7.62,45.72,1.14,1.56,,1 frame(s); median area 6.0 px; flags: none
N1357033649,T0621,1357033649-0149,0.2887,1,16,co-iss-n1357033649,1357033649,2001-01-01T09:35:18.498,202.75,279.36,16.87,4,0.00,4,16.87,10.96,43.83,1.54,3.16,,1 frame(s); median area 4.0 px; flags: none
N1357015011,T0079,1357015011-0069,0.2887,1,2,co-iss-n1357015011,1357015011,2001-01-01T04:24:40.627,927.99,181.72,21.04,3,0.00,3,21.04,16.45,49.34,1.28,4.39,,1 frame(s); median area 3.0 px; flags: none
N1357015011,T0130,1357015011-0449,0.2885,1,2,co-iss-n1357015011,1357015011,2001-01-01T04:24:40.627,521.38,842.69,16.83,4,0.00,4,16.83,13.50,54.01,1.25,2.45,,1 frame(s); median area 4.0 px; flags: none
N1357038121,T0713,1357038121-0012,0.2869,1,19,co-iss-n1357038121,1357038121,2001-01-01T10:49:50.467,934.13,4.54,8.23,6,0.00,6,8.23,7.54,45.23,1.09,1.94,,1 frame(s); median area 6.0 px; flags: none
N1357042233,T0775,1357042233-0067,0.2859,1,21,co-iss-n1357042233,1357042233,2001-01-01T11:58:22.438,735.21,210.52,16.41,4,0.00,4,16.41,11.16,44.63,1.47,4.47,,1 frame(s); median area 4.0 px; flags: none
N1357037371,T0631,1357037371-0006,0.2857,1,17,co-iss-n1357037371,1357037371,2001-01-01T10:37:20.472,772.64,19.20,20.54,3,0.00,3,20.54,15.52,46.55,1.32,1.73,,1 frame(s); median area 3.0 px; flags: none
N1357015011,T0078,1357015011-0056,0.2854,1,2,co-iss-n1357015011,1357015011,2001-01-01T04:24:40.627,874.30,149.73,16.31,4,0.00,4,16.31,11.40,45.61,1.43,4.47,,1 frame(s); median area 4.0 px; flags: none
N1357029177,T0543,1357029177-0389,0.2849,1,13,co-iss-n1357029177,1357029177,2001-01-01T08:20:46.529,371.91,830.81,20.40,3,0.00,3,20.40,12.97,38.92,1.57,4.39,,1 frame(s); median area 3.0 px; flags: none
N1357024705,T0409,1357024705-0225,0.2849,1,10,co-iss-n1357024705,1357024705,2001-01-01T07:06:14.560,969.52,461.95,16.23,4,0.00,4,16.23,15.33,61.31,1.06,2.62,,1 frame(s); median area 4.0 px; flags: none
N1357037371,T0655,1357037371-0154,0.2844,1,17,co-iss-n1357037371,1357037371,2001-01-01T10:37:20.472,694.73,417.75,20.32,3,0.00,3,20.32,12.88,38.64,1.58,4.39,,1 frame(s); median area 3.0 px; flags: none
N1357042233,T0771,1357042233-0035,0.2844,1,21,co-iss-n1357042233,1357042233,2001-01-01T11:58:22.438,619.48,129.57,16.14,4,0.00,4,16.14,13.40,53.59,1.20,1.00,,1 frame(s); median area 4.0 px; flags: none
N1357037371,T0685,1357037371-0362,0.2843,1,17,co-iss-n1357037371,1357037371,2001-01-01T10:37:20.472,222.18,930.01,16.14,4,0.00,4,16.14,11.82,47.30,1.36,3.60,,1 frame(s); median area 4.0 px; flags: none
N1357015011,T0080,1357015011-0074,0.2840,1,2,co-iss-n1357015011,1357015011,2001-01-01T04:24:40.627,771.39,201.54,16.08,4,0.00,4,16.08,11.96,47.84,1.34,1.00,,1 frame(s); median area 4.0 px; flags: none
N1357015761,T0191,1357015761-0332,0.2828,1,4,co-iss-n1357015761,1357015761,2001-01-01T04:37:10.622,116.95,674.46,15.88,4,0.00,4,15.88,11.88,47.51,1.34,2.62,,1 frame(s); median area 4.0 px; flags: none
N1357009037,T0051,1357009037-0200,0.2826,1,1,co-iss-n1357009037,1357009037,2001-01-01T02:45:06.668,190.78,395.27,20.02,3,0.00,3,20.02,13.02,39.05,1.54,1.73,,1 frame(s); median area 3.0 px; flags: none
N1357009037,T0053,1357009037-0235,0.2820,1,1,co-iss-n1357009037,1357009037,2001-01-01T02:45:06.668,179.96,473.76,19.92,3,0.00,3,19.92,14.09,42.27,1.41,4.39,,1 frame(s); median area 3.0 px; flags: none
N1357033289,T0600,1357033289-0286,0.2818,1,15,co-iss-n1357033289,1357033289,2001-01-01T09:29:18.500,113.24,777.72,19.89,3,0.00,3,19.89,13.83,41.48,1.44,1.73,,1 frame(s); median area 3.0 px; flags: none
N1357028427,T0440,1357028427-0128,0.2816,1,11,co-iss-n1357028427,1357028427,2001-01-01T08:08:16.534,328.41,321.75,19.85,3,0.00,3,19.85,16.23,48.70,1.22,1.73,,1 frame(s); median area 3.0 px; flags: none
N1357015761,T0180,1357015761-0142,0.2814,1,4,co-iss-n1357015761,1357015761,2001-01-01T04:37:10.622,840.26,139.63,19.82,3,0.00,3,19.82,17.87,53.61,1.11,1.73,,1 frame(s); median area 3.0 px; flags: none
N1357024345,T0391,1357024345-0257,0.2807,1,9,co-iss-n1357024345,1357024345,2001-01-01T07:00:14.562,599.53,739.85,19.71,3,0.00,3,19.71,13.87,41.62,1.42,4.39,,1 frame(s); median area 3.0 px; flags: none
N1357008677,T0022,1357008677-0233,0.2804,1,0,co-iss-n1357008677,1357008677,2001-01-01T02:39:06.671,774.52,937.73,19.65,3,0.00,3,19.65,12.65,37.96,1.55,1.73,,1 frame(s); median area 3.0 px; flags: none
N1357023955,T0357,1357023955-0305,0.2802,1,8,co-iss-n1357023955,1357023955,2001-01-01T06:53:44.565,834.99,843.22,15.45,4,0.00,4,15.45,11.47,45.90,1.35,1.63,,1 frame(s); median area 4.0 px; flags: none
N1357042593,T0816,1357042593-0128,0.2792,1,22,co-iss-n1357042593,1357042593,2001-01-01T12:04:22.436,400.52,227.21,19.45,3,0.00,3,19.45,12.40,37.19,1.57,1.73,,1 frame(s); median area 3.0 px; flags: none
N1357033649,T0630,1357033649-0396,0.2785,1,16,co-iss-n1357033649,1357033649,2001-01-01T09:35:18.498,322.83,943.59,19.33,3,0.00,3,19.33,15.55,46.65,1.24,1.73,,1 frame(s); median area 3.0 px; flags: none
N1357015401,T0149,1357015401-0109,0.2781,1,3,co-iss-n1357015401,1357015401,2001-01-01T04:31:10.624,398.55,316.95,15.11,4,0.00,4,15.11,10.42,41.68,1.45,2.62,,1 frame(s); median area 4.0 px; flags: none
N1357023955,T0335,1357023955-0130,0.2780,1,8,co-iss-n1357023955,1357023955,2001-01-01T06:53:44.565,987.23,385.79,19.25,3,0.00,3,19.25,11.55,34.66,1.67,1.73,,1 frame(s); median area 3.0 px; flags: none
N1357015011,T0104,1357015011-0305,0.2767,1,2,co-iss-n1357015011,1357015011,2001-01-01T04:24:40.627,1012.78,606.40,10.71,5,0.00,5,10.71,9.93,49.66,1.08,4.39,,1 frame(s); median area 5.0 px; flags: none
N1357038121,T0729,1357038121-0261,0.2754,1,19,co-iss-n1357038121,1357038121,2001-01-01T10:49:50.467,998.49,569.98,14.65,4,0.00,4,14.65,14.37,57.48,1.02,2.62,,1 frame(s); median area 4.0 px; flags: none
N1357015011,T0128,1357015011-0430,0.2747,1,2,co-iss-n1357015011,1357015011,2001-01-01T04:24:40.627,912.85,815.93,10.37,5,0.00,5,10.37,9.40,46.98,1.10,5.21,,1 frame(s); median area 5.0 px; flags: none
N1357024345,T0380,1357024345-0142,0.2732,1,9,co-iss-n1357024345,1357024345,2001-01-01T07:00:14.562,69.67,403.37,14.29,4,0.15,4,14.29,11.81,47.25,1.21,6.17,,1 frame(s); median area 4.0 px; flags: none
N1357042233,T0776,1357042233-0069,0.2728,1,21,co-iss-n1357042233,1357042233,2001-01-01T11:58:22.438,803.67,213.56,18.39,3,0.00,3,18.39,14.05,42.14,1.31,1.73,,1 frame(s); median area 3.0 px; flags: none
N1357015401,T0153,1357015401-0188,0.2728,1,3,co-iss-n1357015401,1357015401,2001-01-01T04:31:10.624,781.00,561.56,14.22,4,0.00,4,14.22,9.96,39.84,1.43,2.62,,1 frame(s); median area 4.0 px; flags: none
N1357038121,T0730,1357038121-0262,0.2722,1,19,co-iss-n1357038121,1357038121,2001-01-01T10:49:50.467,1002.38,569.93,14.12,4,0.00,4,14.12,9.86,39.46,1.43,2.62,,1 frame(s); median area 4.0 px; flags: none
N1357028427,T0448,1357028427-0192,0.2719,1,11,co-iss-n1357028427,1357028427,2001-01-01T08:08:16.534,783.83,469.26,18.23,3,0.00,3,18.23,13.93,41.80,1.31,4.39,,1 frame(s); median area 3.0 px; flags: none
N1357015401,T0160,1357015401-0226,0.2716,1,3,co-iss-n1357015401,1357015401,2001-01-01T04:31:10.624,788.81,656.73,18.19,3,0.00,3,18.19,13.21,39.62,1.38,4.39,,1 frame(s); median area 3.0 px; flags: none
N1357042593,T0819,1357042593-0168,0.2713,1,22,co-iss-n1357042593,1357042593,2001-01-01T12:04:22.436,893.23,364.59,18.14,3,0.00,3,18.14,14.64,43.92,1.24,4.39,,1 frame(s); median area 3.0 px; flags: none
N1357023955,T0327,1357023955-0099,0.2708,1,8,co-iss-n1357023955,1357023955,2001-01-01T06:53:44.565,678.70,291.64,18.04,3,0.00,3,18.04,16.74,50.21,1.08,1.73,,1 frame(s); median area 3.0 px; flags: none
N1357042593,T0818,1357042593-0166,0.2702,1,22,co-iss-n1357042593,1357042593,2001-01-01T12:04:22.436,648.41,360.73,13.78,4,0.15,4,13.78,10.94,43.78,1.26,6.17,,1 frame(s); median area 4.0 px; flags: none
N1357028427,T0451,1357028427-0215,0.2699,1,11,co-iss-n1357028427,1357028427,2001-01-01T08:08:16.534,687.62,533.44,17.90,3,0.00,3,17.90,13.55,40.64,1.32,1.73,,1 frame(s); median area 3.0 px; flags: none
N1357042593,T0824,1357042593-0221,0.2697,1,22,co-iss-n1357042593,1357042593,2001-01-01T12:04:22.436,510.56,502.21,17.87,3,0.00,3,17.87,13.49,40.46,1.32,1.73,,1 frame(s); median area 3.0 px; flags: none
N1357015011,T0137,1357015011-0517,0.2691,1,2,co-iss-n1357015011,1357015011,2001-01-01T04:24:40.627,303.66,931.34,17.77,3,0.00,3,17.77,17.48,52.45,1.02,1.73,,1 frame(s); median area 3.0 px; flags: none
N1357009037,T0068,1357009037-0373,0.2691,1,1,co-iss-n1357009037,1357009037,2001-01-01T02:45:06.668,790.15,805.47,13.59,4,0.00,4,13.59,10.57,42.29,1.29,3.60,,1 frame(s); median area 4.0 px; flags: none
N1357024705,T0418,1357024705-0375,0.2690,1,10,co-iss-n1357024705,1357024705,2001-01-01T07:06:14.560,47.24,836.76,17.75,3,0.00,3,17.75,11.54,34.62,1.54,1.73,,1 frame(s); median area 3.0 px; flags: none
N1357020233,T0276,1357020233-0014,0.2685,1,7,co-iss-n1357020233,1357020233,2001-01-01T05:51:42.591,998.95,4.39,9.34,5,0.00,5,9.34,8.55,42.73,1.09,3.05,,1 frame(s); median area 5.0 px; flags: none
N1357015011,T0123,1357015011-0413,0.2682,1,2,co-iss-n1357015011,1357015011,2001-01-01T04:24:40.627,339.52,797.48,13.45,4,0.00,4,13.45,10.39,41.55,1.29,1.00,,1 frame(s); median area 4.0 px; flags: none
N1357042233,T0800,1357042233-0402,0.2677,1,21,co-iss-n1357042233,1357042233,2001-01-01T11:58:22.438,822.86,946.36,9.19,5,0.00,5,9.19,7.90,39.48,1.16,2.46,,1 frame(s); median area 5.0 px; flags: none
N1357015761,T0176,1357015761-0111,0.2676,1,4,co-iss-n1357015761,1357015761,2001-01-01T04:37:10.622,634.21,56.50,17.52,3,0.00,3,17.52,11.60,34.81,1.51,1.73,,1 frame(s); median area 3.0 px; flags: none
N1357029177,T0531,1357029177-0136,0.2675,1,13,co-iss-n1357029177,1357029177,2001-01-01T08:20:46.529,455.54,178.34,17.50,3,0.00,3,17.50,12.64,37.92,1.38,1.73,,1 frame(s); median area 3.0 px; flags: none
N1357033289,T0596,1357033289-0235,0.2670,1,15,co-iss-n1357033289,1357033289,2001-01-01T09:29:18.500,60.79,635.45,17.42,3,0.00,3,17.42,12.82,38.47,1.36,1.73,,1 frame(s); median area 3.0 px; flags: none
N1357042593,T0811,1357042593-0076,0.2670,1,22,co-iss-n1357042593,1357042593,2001-01-01T12:04:22.436,755.78,62.71,17.42,3,0.00,3,17.42,11.50,34.50,1.52,4.39,,1 frame(s); median area 3.0 px; flags: none
N1357028427,T0468,1357028427-0332,0.2669,1,11,co-iss-n1357028427,1357028427,2001-01-01T08:08:16.534,365.53,810.04,13.24,4,0.00,4,13.24,10.56,42.26,1.25,2.62,,1 frame(s); median area 4.0 px; flags: none
N1357041843,T0762,1357041843-0244,0.2668,1,20,co-iss-n1357041843,1357041843,2001-01-01T11:51:52.441,879.90,745.45,13.22,4,0.00,4,13.22,11.86,47.42,1.11,2.62,,1 frame(s); median area 4.0 px; flags: none
N1357019873,T0266,1357019873-0214,0.2666,1,6,co-iss-n1357019873,1357019873,2001-01-01T05:45:42.593,457.71,619.49,17.34,3,0.00,3,17.34,11.80,35.41,1.47,1.73,,1 frame(s); median area 3.0 px; flags: none
N1357019873,T0255,1357019873-0038,0.2664,1,6,co-iss-n1357019873,1357019873,2001-01-01T05:45:42.593,213.26,110.26,17.32,3,0.00,3,17.32,12.05,36.15,1.44,1.73,,1 frame(s); median area 3.0 px; flags: none
N1357019873,T0273,1357019873-0334,0.2662,1,6,co-iss-n1357019873,1357019873,2001-01-01T05:45:42.593,912.61,930.46,8.95,5,0.00,5,8.95,7.77,38.83,1.15,2.09,,1 frame(s); median area 5.0 px; flags: none
N1357023955,T0370,1357023955-0413,0.2659,1,8,co-iss-n1357023955,1357023955,2001-01-01T06:53:44.565,764.99,948.17,8.90,5,0.00,5,8.90,7.81,39.05,1.14,1.62,,1 frame(s); median area 5.0 px; flags: none
N1357037371,T0674,1357037371-0289,0.2657,1,17,co-iss-n1357037371,1357037371,2001-01-01T10:37:20.472,190.51,720.23,17.19,3,0.00,3,17.19,11.30,33.89,1.52,1.73,,1 frame(s); median area 3.0 px; flags: none
N1357009037,T0031,1357009037-0015,0.2657,1,1,co-iss-n1357009037,1357009037,2001-01-01T02:45:06.668,988.66,4.78,8.86,5,0.00,5,8.86,7.73,38.67,1.15,1.16,,1 frame(s); median area 5.0 px; flags: none
N1357042593,T0817,1357042593-0156,0.2651,1,22,co-iss-n1357042593,1357042593,2001-01-01T12:04:22.436,925.11,326.32,12.93,4,0.00,4,12.93,10.73,42.92,1.21,3.60,,1 frame(s); median area 4.0 px; flags: none
N1357038121,T0731,1357038121-0276,0.2647,1,19,co-iss-n1357038121,1357038121,2001-01-01T10:49:50.467,860.63,595.19,17.03,3,0.00,3,17.03,12.92,38.75,1.32,1.73,,1 frame(s); median area 3.0 px; flags: none
N1357037761,T0706,1357037761-0284,0.2646,1,18,co-iss-n1357037761,1357037761,2001-01-01T10:43:50.469,375.33,804.43,17.02,3,0.00,3,17.02,13.11,39.32,1.30,1.73,,1 frame(s); median area 3.0 px; flags: none
N1357042233,T0777,1357042233-0071,0.2645,1,21,co-iss-n1357042233,1357042233,2001-01-01T11:58:22.438,192.31,224.60,17.00,3,0.00,3,17.00,14.25,42.75,1.19,1.73,,1 frame(s); median area 3.0 px; flags: none
N1357008677,T0001,1357008677-0017,0.2643,1,0,co-iss-n1357008677,1357008677,2001-01-01T02:39:06.671,703.81,673.54,8.64,5,0.00,5,8.64,7.66,38.29,1.13,2.62,,1 frame(s); median area 5.0 px; flags: none
N1357008677,T0021,1357008677-0232,0.2640,1,0,co-iss-n1357008677,1357008677,2001-01-01T02:39:06.671,811.05,937.37,8.58,5,0.00,5,8.58,7.77,38.87,1.10,3.95,,1 frame(s); median area 5.0 px; flags: none
N1357024705,T0407,1357024705-0135,0.2638,1,10,co-iss-n1357024705,1357024705,2001-01-01T07:06:14.560,567.69,194.31,12.72,4,0.00,4,12.72,10.15,40.60,1.25,2.45,,1 frame(s); median area 4.0 px; flags: none
N1357028427,T0470,1357028427-0339,0.2636,1,11,co-iss-n1357028427,1357028427,2001-01-01T08:08:16.534,366.26,827.48,16.84,3,0.00,3,16.84,11.78,35.35,1.43,1.73,,1 frame(s); median area 3.0 px; flags: none
N1357029177,T0515,1357029177-0007,0.2635,1,13,co-iss-n1357029177,1357029177,2001-01-01T08:20:46.529,888.58,5.77,8.50,5,0.00,5,8.50,7.83,39.13,1.09,5.83,,1 frame(s); median area 5.0 px; flags: none
N1357032899,T0574,1357032899-0299,0.2633,1,14,co-iss-n1357032899,1357032899,2001-01-01T09:22:48.503,857.74,832.52,12.64,4,0.00,4,12.64,12.16,48.65,1.04,4.47,,1 frame(s); median area 4.0 px; flags: none
N1357023955,T0346,1357023955-0222,0.2632,1,8,co-iss-n1357023955,1357023955,2001-01-01T06:53:44.565,23.22,629.42,16.78,3,0.00,3,16.78,13.18,39.53,1.27,4.39,,1 frame(s); median area 3.0 px; flags: none
N1357009037,T0037,1357009037-0076,0.2627,1,1,co-iss-n1357009037,1357009037,2001-01-01T02:45:06.668,986.84,23.85,8.37,5,0.00,5,8.37,7.67,38.35,1.09,1.88,,1 frame(s); median area 5.0 px; flags: none
N1357024705,T0416,1357024705-0330,0.2621,1,10,co-iss-n1357024705,1357024705,2001-01-01T07:06:14.560,26.79,720.61,16.60,3,0.00,3,16.60,13.74,41.23,1.21,1.73,,1 frame(s); median area 3.0 px; flags: none
N1357041843,T0745,1357041843-0060,0.2618,1,20,co-iss-n1357041843,1357041843,2001-01-01T11:51:52.441,68.79,174.61,16.55,3,0.00,3,16.55,13.94,41.81,1.19,1.73,,1 frame(s); median area 3.0 px; flags: none
N1357023955,T0366,1357023955-0354,0.2614,1,8,co-iss-n1357023955,1357023955,2001-01-01T06:53:44.565,887.57,934.84,8.16,5,0.00,5,8.16,7.65,38.26,1.07,4.60,,1 frame(s); median area 5.0 px; flags: none
N1357015401,T0159,1357015401-0224,0.2614,1,3,co-iss-n1357015401,1357015401,2001-01-01T04:31:10.624,796.06,653.24,16.48,3,0.00,3,16.48,12.16,36.49,1.35,4.39,,1 frame(s); median area 3.0 px; flags: none
N1357029177,T0523,1357029177-0017,0.2610,1,13,co-iss-n1357029177,1357029177,2001-01-01T08:20:46.529,1000.19,4.98,8.09,5,0.00,5,8.09,7.73,38.66,1.05,2.05,,1 frame(s); median area 5.0 px; flags: none
N1357015011,T0119,1357015011-0400,0.2608,1,2,co-iss-n1357015011,1357015011,2001-01-01T04:24:40.627,389.71,780.23,16.39,3,0.00,3,16.39,10.36,31.08,1.58,4.39,,1 frame(s); median area 3.0 px; flags: none
N1357042593,T0829,1357042593-0291,0.2607,1,22,co-iss-n1357042593,1357042593,2001-01-01T12:04:22.436,965.52,656.54,12.20,4,0.00,4,12.20,10.63,42.53,1.15,1.00,,1 frame(s); median area 4.0 px; flags: none
N1357020233,T0287,1357020233-0103,0.2603,1,7,co-iss-n1357020233,1357020233,2001-01-01T05:51:42.591,871.60,107.79,16.30,3,0.00,3,16.30,13.75,41.24,1.19,1.73,,1 frame(s); median area 3.0 px; flags: none
N1357015761,T0173,1357015761-0097,0.2602,1,4,co-iss-n1357015761,1357015761,2001-01-01T04:37:10.622,876.69,31.39,16.29,3,0.00,3,16.29,13.89,41.66,1.17,1.73,,1 frame(s); median area 3.0 px; flags: none
N1357041843,T0754,1357041843-0160,0.2600,1,20,co-iss-n1357041843,1357041843,2001-01-01T11:51:52.441,382.43,492.53,12.09,4,0.00,4,12.09,10.44,41.78,1.16,1.00,,1 frame(s); median area 4.0 px; flags: none
N1357024705,T0415,1357024705-0326,0.2600,1,10,co-iss-n1357024705,1357024705,2001-01-01T07:06:14.560,494.42,712.04,12.09,4,0.00,4,12.09,9.98,39.94,1.21,2.62,,1 frame(s); median area 4.0 px; flags: none
N1357038121,T0720,1357038121-0156,0.2594,1,19,co-iss-n1357038121,1357038121,2001-01-01T10:49:50.467,158.48,301.93,11.99,4,0.00,4,11.99,9.22,36.87,1.30,2.62,,1 frame(s); median area 4.0 px; flags: none
N1357033289,T0595,1357033289-0214,0.2594,1,15,co-iss-n1357033289,1357033289,2001-01-01T09:29:18.500,412.28,569.50,16.15,3,0.00,3,16.15,10.82,32.47,1.49,1.73,,1 frame(s); median area 3.0 px; flags: none
N1357009037,T0070,1357009037-0389,0.2583,1,1,co-iss-n1357009037,1357009037,2001-01-01T02:45:06.668,329.54,869.23,11.81,4,0.00,4,11.81,9.38,37.53,1.26,4.47,,1 frame(s); median area 4.0 px; flags: none
N1357037761,T0699,1357037761-0092,0.2583,1,18,co-iss-n1357037761,1357037761,2001-01-01T10:43:50.469,268.64,277.20,15.97,3,0.00,3,15.97,12.23,36.70,1.31,1.73,,1 frame(s); median area 3.0 px; flags: none
N1357024705,T0412,1357024705-0281,0.2582,1,10,co-iss-n1357024705,1357024705,2001-01-01T07:06:14.560,427.61,594.43,11.78,4,0.00,4,11.78,9.06,36.23,1.30,5.83,,1 frame(s); median area 4.0 px; flags: none
N1357024345,T0383,1357024345-0162,0.2580,1,9,co-iss-n1357024345,1357024345,2001-01-01T07:00:14.562,78.53,474.00,11.75,4,0.00,4,11.75,9.39,37.55,1.25,2.62,,1 frame(s); median area 4.0 px; flags: none
N1357032899,T0552,1357032899-0088,0.2549,1,14,co-iss-n1357032899,1357032899,2001-01-01T09:22:48.503,104.57,278.37,15.40,3,0.00,3,15.40,11.85,35.56,1.30,1.73,,1 frame(s); median area 3.0 px; flags: none
N1357037371,T0671,1357037371-0282,0.2535,1,17,co-iss-n1357037371,1357037371,2001-01-01T10:37:20.472,628.37,699.94,15.17,3,0.00,3,15.17,13.53,40.58,1.12,4.39,,1 frame(s); median area 3.0 px; flags: none
N1357028817,T0491,1357028817-0082,0.2534,1,12,co-iss-n1357028817,1357028817,2001-01-01T08:14:46.531,282.05,204.79,10.98,4,0.00,4,10.98,8.79,35.18,1.25,1.63,,1 frame(s); median area 4.0 px; flags: none
N1357033649,T0628,1357033649-0312,0.2532,1,16,co-iss-n1357033649,1357033649,2001-01-01T09:35:18.498,649.45,708.26,15.12,3,0.00,3,15.12,11.28,33.85,1.34,1.73,,1 frame(s); median area 3.0 px; flags: none
N1357020233,T0292,1357020233-0197,0.2529,1,7,co-iss-n1357020233,1357020233,2001-01-01T05:51:42.591,883.33,379.77,15.06,3,0.00,3,15.06,11.34,34.02,1.33,1.73,,1 frame(s); median area 3.0 px; flags: none
N1357042593,T0830,1357042593-0295,0.2524,1,22,co-iss-n1357042593,1357042593,2001-01-01T12:04:22.436,215.95,660.70,10.82,4,0.00,4,10.82,9.53,38.12,1.14,3.60,,1 frame(s); median area 4.0 px; flags: none
N1357037371,T0656,1357037371-0172,0.2520,1,17,co-iss-n1357037371,1357037371,2001-01-01T10:37:20.472,341.23,459.58,10.75,4,0.15,4,10.75,9.41,37.66,1.14,6.17,,1 frame(s); median area 4.0 px; flags: none
N1357023955,T0337,1357023955-0168,0.2518,1,8,co-iss-n1357023955,1357023955,2001-01-01T06:53:44.565,906.24,477.33,14.88,3,0.00,3,14.88,11.50,34.50,1.29,1.73,,1 frame(s); median area 3.0 px; flags: none
N1357020233,T0296,1357020233-0229,0.2517,1,7,co-iss-n1357020233,1357020233,2001-01-01T05:51:42.591,303.76,456.47,14.86,3,0.00,3,14.86,10.43,31.29,1.42,1.73,,1 frame(s); median area 3.0 px; flags: none
N1357015011,T0117,1357015011-0396,0.2512,1,2,co-iss-n1357015011,1357015011,2001-01-01T04:24:40.627,386.26,778.76,14.78,3,0.00,3,14.78,9.78,29.35,1.51,1.73,,1 frame(s); median area 3.0 px; flags: none
N1357028427,T0434,1357028427-0094,0.2509,1,11,co-iss-n1357028427,1357028427,2001-01-01T08:08:16.534,531.48,240.26,14.74,3,0.00,3,14.74,10.23,30.69,1.44,1.73,,1 frame(s); median area 3.0 px; flags: none
N1357019873,T0275,1357019873-0370,0.2507,1,6,co-iss-n1357019873,1357019873,2001-01-01T05:45:42.593,786.57,941.29,10.54,4,0.00,4,10.54,8.18,32.74,1.29,1.82,,1 frame(s); median area 4.0 px; flags: none
