image_id,track_id,candidate_id,confidence,track_length,frame_index,opus_id,image_number,time,x,y,brightness,blob_size,artifact_score,area_px,peak_snr,mean_snr,integrated_snr,sharpness,elongation,flags,reason
N1356990399,T0353,1356990399-0202,0.7672,3,9,co-iss-n1356990399,1356990399,2000-12-31T21:34:28.797,402.62,656.20,41.20,5,0.00,5,41.20,22.20,111.01,1.86,1.67,,"3 frame(s); median area 5.0 px; net motion dx=21.4, dy=-75.8; flags: none"
N1356990789,T0353,1356990789-0232,0.7672,3,10,co-iss-n1356990789,1356990789,2000-12-31T21:40:58.795,410.83,620.92,56.60,8,0.00,8,56.60,27.37,218.95,2.07,2.21,,"3 frame(s); median area 5.0 px; net motion dx=21.4, dy=-75.8; flags: none"
N1356991149,T0353,1356991149-0338,0.7672,3,11,co-iss-n1356991149,1356991149,2000-12-31T21:46:58.792,423.99,580.36,12.42,3,0.00,3,12.42,11.31,33.94,1.10,4.39,,"3 frame(s); median area 5.0 px; net motion dx=21.4, dy=-75.8; flags: none"
N1356976983,T0019,1356976983-0161,0.7556,3,0,co-iss-n1356976983,1356976983,2000-12-31T17:50:52.890,62.82,480.68,31.42,4,0.00,4,31.42,23.59,94.36,1.33,2.45,,"3 frame(s); median area 4.0 px; net motion dx=18.5, dy=-18.9; flags: none"
N1356977373,T0019,1356977373-0159,0.7556,3,1,co-iss-n1356977373,1356977373,2000-12-31T17:57:22.887,93.79,489.64,53.41,4,0.00,4,53.41,26.57,106.30,2.01,1.00,,"3 frame(s); median area 4.0 px; net motion dx=18.5, dy=-18.9; flags: none"
N1356977733,T0019,1356977733-0232,0.7556,3,2,co-iss-n1356977733,1356977733,2000-12-31T18:03:22.885,81.33,461.79,76.40,6,0.00,6,76.40,34.59,207.51,2.21,1.63,,"3 frame(s); median area 4.0 px; net motion dx=18.5, dy=-18.9; flags: none"
N1356990399,T0339,1356990399-0080,0.7438,3,9,co-iss-n1356990399,1356990399,2000-12-31T21:34:28.797,900.63,316.07,30.93,6,0.00,6,30.93,20.56,123.35,1.50,3.78,,"3 frame(s); median area 4.0 px; net motion dx=26.5, dy=116.0; flags: none"
N1356990789,T0339,1356990789-0121,0.7438,3,10,co-iss-n1356990789,1356990789,2000-12-31T21:40:58.795,872.48,376.77,19.16,4,0.00,4,19.16,11.88,47.51,1.61,3.60,,"3 frame(s); median area 4.0 px; net motion dx=26.5, dy=116.0; flags: none"
N1356991149,T0339,1356991149-0267,0.7438,3,11,co-iss-n1356991149,1356991149,2000-12-31T21:46:58.792,927.08,432.09,41.96,4,0.00,4,41.96,20.09,80.36,2.09,2.45,,"3 frame(s); median area 4.0 px; net motion dx=26.5, dy=116.0; flags: none"
N1356985927,T0231,1356985927-0141,0.7429,3,6,co-iss-n1356985927,1356985927,2000-12-31T20:19:56.828,730.33,432.12,36.45,4,0.00,4,36.45,21.37,85.49,1.71,2.45,,"3 frame(s); median area 4.0 px; net motion dx=-9.7, dy=-118.4; flags: none"
N1356986317,T0231,1356986317-0132,0.7429,3,7,co-iss-n1356986317,1356986317,2000-12-31T20:26:26.826,728.91,377.32,42.05,8,0.00,8,42.05,18.50,147.98,2.27,3.67,,"3 frame(s); median area 4.0 px; net motion dx=-9.7, dy=-118.4; flags: none"
N1356986677,T0231,1356986677-0182,0.7429,3,8,co-iss-n1356986677,1356986677,2000-12-31T20:32:26.823,720.68,313.71,10.70,3,0.00,3,10.70,9.17,27.50,1.17,1.73,,"3 frame(s); median area 4.0 px; net motion dx=-9.7, dy=-118.4; flags: none"
N1356985927,T0254,1356985927-0245,0.7424,3,6,co-iss-n1356985927,1356985927,2000-12-31T20:19:56.828,612.58,709.56,23.17,4,0.00,4,23.17,15.17,60.67,1.53,1.00,,"3 frame(s); median area 4.0 px; net motion dx=18.9, dy=105.2; flags: none"
N1356986317,T0254,1356986317-0288,0.7424,3,7,co-iss-n1356986317,1356986317,2000-12-31T20:26:26.826,602.07,770.82,25.45,4,0.00,4,25.45,13.27,53.07,1.92,4.47,,"3 frame(s); median area 4.0 px; net motion dx=18.9, dy=105.2; flags: none"
N1356986677,T0254,1356986677-0371,0.7424,3,8,co-iss-n1356986677,1356986677,2000-12-31T20:32:26.823,631.51,814.78,44.14,4,0.00,4,44.14,26.80,107.19,1.65,1.00,,"3 frame(s); median area 4.0 px; net motion dx=18.9, dy=105.2; flags: none"
N1356985927,T0234,1356985927-0162,0.7383,3,6,co-iss-n1356985927,1356985927,2000-12-31T20:19:56.828,835.23,498.82,24.92,3,0.00,3,24.92,14.11,42.32,1.77,1.73,,"3 frame(s); median area 4.0 px; net motion dx=46.2, dy=-84.3; flags: none"
N1356986317,T0234,1356986317-0169,0.7383,3,7,co-iss-n1356986317,1356986317,2000-12-31T20:26:26.826,886.59,468.33,15.23,4,0.00,4,15.23,11.45,45.81,1.33,5.83,,"3 frame(s); median area 4.0 px; net motion dx=46.2, dy=-84.3; flags: none"
N1356986677,T0234,1356986677-0216,0.7383,3,8,co-iss-n1356986677,1356986677,2000-12-31T20:32:26.823,881.47,414.51,23.03,18,0.00,18,23.03,14.30,257.47,1.61,1.79,,"3 frame(s); median area 4.0 px; net motion dx=46.2, dy=-84.3; flags: none"
N1356990399,T0328,1356990399-0013,0.7344,3,9,co-iss-n1356990399,1356990399,2000-12-31T21:34:28.797,626.28,57.49,31.06,3,0.00,3,31.06,21.15,63.45,1.47,1.73,,"3 frame(s); median area 4.0 px; net motion dx=-36.0, dy=31.6; flags: none"
N1356990789,T0328,1356990789-0043,0.7344,3,10,co-iss-n1356990789,1356990789,2000-12-31T21:40:58.795,632.42,140.74,31.12,4,0.00,4,31.12,17.09,68.38,1.82,1.00,,"3 frame(s); median area 4.0 px; net motion dx=-36.0, dy=31.6; flags: none"
N1356991149,T0328,1356991149-0120,0.7344,3,11,co-iss-n1356991149,1356991149,2000-12-31T21:46:58.792,590.29,89.13,69.56,11,0.00,11,69.56,31.84,350.23,2.18,2.76,,"3 frame(s); median area 4.0 px; net motion dx=-36.0, dy=31.6; flags: none"
N1356985927,T0228,1356985927-0123,0.7323,3,6,co-iss-n1356985927,1356985927,2000-12-31T20:19:56.828,515.70,403.81,42.51,4,0.00,4,42.51,28.88,115.50,1.47,1.63,,"3 frame(s); median area 4.0 px; net motion dx=84.1, dy=-116.0; flags: none"
N1356986317,T0228,1356986317-0120,0.7323,3,7,co-iss-n1356986317,1356986317,2000-12-31T20:26:26.826,552.28,330.80,15.76,4,0.00,4,15.76,12.55,50.20,1.26,4.47,,"3 frame(s); median area 4.0 px; net motion dx=84.1, dy=-116.0; flags: none"
N1356986677,T0228,1356986677-0174,0.7323,3,8,co-iss-n1356986677,1356986677,2000-12-31T20:32:26.823,599.81,287.84,81.18,3,0.00,3,81.18,41.55,124.65,1.95,1.73,,"3 frame(s); median area 4.0 px; net motion dx=84.1, dy=-116.0; flags: none"
N1356976983,T0018,1356976983-0147,0.7305,3,0,co-iss-n1356976983,1356976983,2000-12-31T17:50:52.890,718.12,439.44,39.54,4,0.00,4,39.54,35.23,140.93,1.12,2.62,,"3 frame(s); median area 4.0 px; net motion dx=-89.1, dy=-46.9; flags: none"
N1356977373,T0018,1356977373-0154,0.7305,3,1,co-iss-n1356977373,1356977373,2000-12-31T17:57:22.887,651.76,471.27,21.91,3,0.00,3,21.91,14.54,43.62,1.51,4.39,,"3 frame(s); median area 4.0 px; net motion dx=-89.1, dy=-46.9; flags: none"
N1356977733,T0018,1356977733-0211,0.7305,3,2,co-iss-n1356977733,1356977733,2000-12-31T18:03:22.885,629.06,392.50,11.59,4,0.00,4,11.59,9.85,39.40,1.18,2.62,,"3 frame(s); median area 4.0 px; net motion dx=-89.1, dy=-46.9; flags: none"
N1356990399,T0332,1356990399-0030,0.7305,3,9,co-iss-n1356990399,1356990399,2000-12-31T21:34:28.797,445.85,114.86,46.63,3,0.00,3,46.63,21.84,65.51,2.14,1.73,,"3 frame(s); median area 3.0 px; net motion dx=81.5, dy=-76.7; flags: none"
N1356990789,T0332,1356990789-0015,0.7305,3,10,co-iss-n1356990789,1356990789,2000-12-31T21:40:58.795,473.53,65.09,91.65,4,0.00,4,91.65,43.17,172.68,2.12,1.63,,"3 frame(s); median area 3.0 px; net motion dx=81.5, dy=-76.7; flags: none"
N1356991149,T0332,1356991149-0101,0.7305,3,11,co-iss-n1356991149,1356991149,2000-12-31T21:46:58.792,527.40,38.12,73.68,3,0.00,3,73.68,40.60,121.81,1.81,1.73,,"3 frame(s); median area 3.0 px; net motion dx=81.5, dy=-76.7; flags: none"
N1356990399,T0352,1356990399-0193,0.7268,3,9,co-iss-n1356990399,1356990399,2000-12-31T21:34:28.797,744.43,625.61,30.54,5,0.00,5,30.54,18.90,94.52,1.62,2.14,,"3 frame(s); median area 5.0 px; net motion dx=107.3, dy=-72.4; flags: none"
N1356990789,T0352,1356990789-0219,0.7268,3,10,co-iss-n1356990789,1356990789,2000-12-31T21:40:58.795,787.50,601.91,57.32,3,0.00,3,57.32,38.18,114.54,1.50,1.73,,"3 frame(s); median area 5.0 px; net motion dx=107.3, dy=-72.4; flags: none"
N1356991149,T0352,1356991149-0325,0.7268,3,11,co-iss-n1356991149,1356991149,2000-12-31T21:46:58.792,851.77,553.17,56.14,6,0.00,6,56.14,23.38,140.27,2.40,2.64,,"3 frame(s); median area 5.0 px; net motion dx=107.3, dy=-72.4; flags: none"
N1356990399,T0340,1356990399-0086,0.7190,3,9,co-iss-n1356990399,1356990399,2000-12-31T21:34:28.797,647.43,332.24,18.02,3,0.00,3,18.02,14.03,42.08,1.28,1.73,,"3 frame(s); median area 4.0 px; net motion dx=-2.4, dy=86.8; flags: none"
N1356990789,T0340,1356990789-0114,0.7190,3,10,co-iss-n1356990789,1356990789,2000-12-31T21:40:58.795,622.86,365.10,29.59,4,0.00,4,29.59,21.34,85.37,1.39,1.63,,"3 frame(s); median area 4.0 px; net motion dx=-2.4, dy=86.8; flags: none"
N1356991149,T0340,1356991149-0259,0.7190,3,11,co-iss-n1356991149,1356991149,2000-12-31T21:46:58.792,645.04,419.03,59.10,6,0.00,6,59.10,30.56,183.34,1.93,1.19,,"3 frame(s); median area 4.0 px; net motion dx=-2.4, dy=86.8; flags: none"
N1356990399,T0334,1356990399-0056,0.7166,3,9,co-iss-n1356990399,1356990399,2000-12-31T21:34:28.797,218.44,234.51,46.05,4,0.00,4,46.05,41.36,165.45,1.11,1.00,,"3 frame(s); median area 4.0 px; net motion dx=62.3, dy=-58.1; flags: none"
N1356990789,T0334,1356990789-0047,0.7166,3,10,co-iss-n1356990789,1356990789,2000-12-31T21:40:58.795,229.83,162.58,12.45,5,0.00,5,12.45,9.73,48.63,1.28,1.73,,"3 frame(s); median area 4.0 px; net motion dx=62.3, dy=-58.1; flags: none"
N1356991149,T0334,1356991149-0165,0.7166,3,11,co-iss-n1356991149,1356991149,2000-12-31T21:46:58.792,280.73,176.45,24.00,4,0.00,4,24.00,14.95,59.79,1.61,3.60,,"3 frame(s); median area 4.0 px; net motion dx=62.3, dy=-58.1; flags: none"
N1356985927,T0244,1356985927-0197,0.7160,3,6,co-iss-n1356985927,1356985927,2000-12-31T20:19:56.828,116.23,575.74,47.55,5,0.00,5,47.55,20.01,100.07,2.38,1.73,,"3 frame(s); median area 3.0 px; net motion dx=-8.1, dy=-56.2; flags: none"
N1356986317,T0244,1356986317-0199,0.7160,3,7,co-iss-n1356986317,1356986317,2000-12-31T20:26:26.826,141.10,548.47,85.74,3,0.00,3,85.74,54.14,162.42,1.58,1.73,,"3 frame(s); median area 3.0 px; net motion dx=-8.1, dy=-56.2; flags: none"
N1356986677,T0244,1356986677-0248,0.7160,3,8,co-iss-n1356986677,1356986677,2000-12-31T20:32:26.823,108.13,519.57,33.81,3,0.00,3,33.81,19.92,59.76,1.70,1.73,,"3 frame(s); median area 3.0 px; net motion dx=-8.1, dy=-56.2; flags: none"
N1356985927,T0264,1356985927-0308,0.7097,3,6,co-iss-n1356985927,1356985927,2000-12-31T20:19:56.828,922.55,771.33,16.06,3,0.00,3,16.06,11.99,35.98,1.34,1.73,,"3 frame(s); median area 4.0 px; net motion dx=-33.3, dy=44.3; flags: none"
N1356986317,T0264,1356986317-0294,0.7097,3,7,co-iss-n1356986317,1356986317,2000-12-31T20:26:26.826,899.50,779.50,76.05,4,0.00,4,76.05,75.48,301.94,1.01,1.00,,"3 frame(s); median area 4.0 px; net motion dx=-33.3, dy=44.3; flags: none"
N1356986677,T0264,1356986677-0372,0.7097,3,8,co-iss-n1356986677,1356986677,2000-12-31T20:32:26.823,889.28,815.62,76.28,9,0.00,9,76.28,53.53,481.81,1.42,1.50,,"3 frame(s); median area 4.0 px; net motion dx=-33.3, dy=44.3; flags: none"
N1356990399,T0366,1356990399-0348,0.7089,3,9,co-iss-n1356990399,1356990399,2000-12-31T21:34:28.797,734.98,945.68,8.34,3,0.00,3,8.34,8.00,24.00,1.04,1.73,,"3 frame(s); median area 5.0 px; net motion dx=-2.8, dy=-36.8; flags: none"
N1356990789,T0366,1356990789-0357,0.7089,3,10,co-iss-n1356990789,1356990789,2000-12-31T21:40:58.795,714.07,915.38,77.34,7,0.00,7,77.34,37.39,261.70,2.07,2.29,,"3 frame(s); median area 5.0 px; net motion dx=-2.8, dy=-36.8; flags: none"
N1356991149,T0366,1356991149-0488,0.7089,3,11,co-iss-n1356991149,1356991149,2000-12-31T21:46:58.792,732.14,908.91,70.74,5,0.00,5,70.74,29.65,148.27,2.39,1.73,,"3 frame(s); median area 5.0 px; net motion dx=-2.8, dy=-36.8; flags: none"
N1356990399,T0359,1356990399-0263,0.7018,3,9,co-iss-n1356990399,1356990399,2000-12-31T21:34:28.797,382.48,864.12,43.14,3,0.00,3,43.14,27.72,83.17,1.56,1.73,,"3 frame(s); median area 3.0 px; net motion dx=40.6, dy=76.4; flags: none"
N1356990789,T0359,1356990789-0352,0.7018,3,10,co-iss-n1356990789,1356990789,2000-12-31T21:40:58.795,391.28,901.09,74.76,3,0.00,3,74.76,39.72,119.15,1.88,1.73,,"3 frame(s); median area 3.0 px; net motion dx=40.6, dy=76.4; flags: none"
N1356991149,T0359,1356991149-0504,0.7018,3,11,co-iss-n1356991149,1356991149,2000-12-31T21:46:58.792,423.09,940.54,11.37,4,0.00,4,11.37,8.86,35.46,1.28,2.62,,"3 frame(s); median area 3.0 px; net motion dx=40.6, dy=76.4; flags: none"
N1356990399,T0362,1356990399-0279,0.6985,3,9,co-iss-n1356990399,1356990399,2000-12-31T21:34:28.797,859.48,919.10,16.78,6,0.00,6,16.78,12.39,74.35,1.35,1.63,,"3 frame(s); median area 4.0 px; net motion dx=-37.9, dy=-78.0; flags: none"
N1356990789,T0362,1356990789-0345,0.6985,3,10,co-iss-n1356990789,1356990789,2000-12-31T21:40:58.795,885.04,882.28,59.64,4,0.00,4,59.64,25.80,103.21,2.31,2.62,,"3 frame(s); median area 4.0 px; net motion dx=-37.9, dy=-78.0; flags: none"
N1356991149,T0362,1356991149-0448,0.6985,3,11,co-iss-n1356991149,1356991149,2000-12-31T21:46:58.792,821.55,841.09,67.34,3,0.00,3,67.34,49.59,148.76,1.36,1.73,,"3 frame(s); median area 4.0 px; net motion dx=-37.9, dy=-78.0; flags: none"
N1356981455,T0155,1356981455-0275,0.6962,3,3,co-iss-n1356981455,1356981455,2000-12-31T19:05:24.859,343.62,791.13,38.33,10,0.00,10,38.33,17.49,174.86,2.19,5.89,,"3 frame(s); median area 5.0 px; net motion dx=25.6, dy=-28.5; flags: none"
N1356981845,T0155,1356981845-0275,0.6962,3,4,co-iss-n1356981845,1356981845,2000-12-31T19:11:54.857,354.54,841.07,18.92,5,0.00,5,18.92,15.50,77.48,1.22,4.60,,"3 frame(s); median area 5.0 px; net motion dx=25.6, dy=-28.5; flags: none"
N1356982205,T0155,1356982205-0325,0.6962,3,5,co-iss-n1356982205,1356982205,2000-12-31T19:17:54.854,369.22,762.60,14.61,3,0.00,3,14.61,12.17,36.50,1.20,1.73,,"3 frame(s); median area 5.0 px; net motion dx=25.6, dy=-28.5; flags: none"
N1356981455,T0131,1356981455-0109,0.6950,3,3,co-iss-n1356981455,1356981455,2000-12-31T19:05:24.859,909.59,321.38,14.01,3,0.00,3,14.01,11.41,34.22,1.23,1.73,,"3 frame(s); median area 4.0 px; net motion dx=-84.4, dy=-75.9; flags: none"
N1356981845,T0131,1356981845-0086,0.6950,3,4,co-iss-n1356981845,1356981845,2000-12-31T19:11:54.857,840.21,314.45,55.28,4,0.00,4,55.28,30.75,123.00,1.80,1.00,,"3 frame(s); median area 4.0 px; net motion dx=-84.4, dy=-75.9; flags: none"
N1356982205,T0131,1356982205-0163,0.6950,3,5,co-iss-n1356982205,1356982205,2000-12-31T19:17:54.854,825.19,245.49,13.87,5,0.00,5,13.87,8.99,44.94,1.54,1.73,,"3 frame(s); median area 4.0 px; net motion dx=-84.4, dy=-75.9; flags: none"
N1356985927,T0211,1356985927-0012,0.6917,3,6,co-iss-n1356985927,1356985927,2000-12-31T20:19:56.828,493.50,54.00,11.67,4,0.15,4,11.67,9.67,38.67,1.21,6.85,,"3 frame(s); median area 4.0 px; net motion dx=-144.0, dy=-48.5; flags: none"
N1356986317,T0211,1356986317-0004,0.6917,3,7,co-iss-n1356986317,1356986317,2000-12-31T20:26:26.826,427.55,16.54,13.99,6,0.00,6,13.99,9.58,57.48,1.46,6.00,,"3 frame(s); median area 4.0 px; net motion dx=-144.0, dy=-48.5; flags: none"
N1356986677,T0211,1356986677-0014,0.6917,3,8,co-iss-n1356986677,1356986677,2000-12-31T20:32:26.823,349.54,5.50,19.25,4,0.00,4,19.25,16.55,66.19,1.16,1.00,,"3 frame(s); median area 4.0 px; net motion dx=-144.0, dy=-48.5; flags: none"
N1356985927,T0243,1356985927-0189,0.6904,3,6,co-iss-n1356985927,1356985927,2000-12-31T20:19:56.828,752.72,567.15,33.22,9,0.00,9,33.22,20.54,184.90,1.62,3.01,,"3 frame(s); median area 7.0 px; net motion dx=-47.1, dy=-23.8; flags: none"
N1356986317,T0243,1356986317-0202,0.6904,3,7,co-iss-n1356986317,1356986317,2000-12-31T20:26:26.826,764.07,556.57,86.62,7,0.15,7,86.62,25.83,180.82,3.35,2.60,,"3 frame(s); median area 7.0 px; net motion dx=-47.1, dy=-23.8; flags: none"
N1356986677,T0243,1356986677-0261,0.6904,3,8,co-iss-n1356986677,1356986677,2000-12-31T20:32:26.823,705.67,543.31,29.01,4,0.00,4,29.01,15.31,61.22,1.90,1.00,,"3 frame(s); median area 7.0 px; net motion dx=-47.1, dy=-23.8; flags: none"
N1356985927,T0237,1356985927-0173,0.6868,3,6,co-iss-n1356985927,1356985927,2000-12-31T20:19:56.828,180.25,527.56,12.51,3,0.00,3,12.51,9.50,28.50,1.32,1.73,,"3 frame(s); median area 5.0 px; net motion dx=58.1, dy=-30.7; flags: none"
N1356986317,T0237,1356986317-0180,0.6868,3,7,co-iss-n1356986317,1356986317,2000-12-31T20:26:26.826,182.13,499.18,32.86,5,0.00,5,32.86,17.47,87.34,1.88,4.24,,"3 frame(s); median area 5.0 px; net motion dx=58.1, dy=-30.7; flags: none"
N1356986677,T0237,1356986677-0240,0.6868,3,8,co-iss-n1356986677,1356986677,2000-12-31T20:32:26.823,238.39,496.88,21.91,5,0.00,5,21.91,11.81,59.07,1.85,3.52,,"3 frame(s); median area 5.0 px; net motion dx=58.1, dy=-30.7; flags: none"
N1356985927,T0271,1356985927-0354,0.6866,3,6,co-iss-n1356985927,1356985927,2000-12-31T20:19:56.828,558.34,822.42,14.54,5,0.00,5,14.54,10.52,52.60,1.38,3.40,,"3 frame(s); median area 5.0 px; net motion dx=1.0, dy=-35.5; flags: none"
N1356986317,T0271,1356986317-0307,0.6866,3,7,co-iss-n1356986317,1356986317,2000-12-31T20:26:26.826,578.45,811.53,11.68,4,0.00,4,11.68,10.44,41.75,1.12,1.00,,"3 frame(s); median area 5.0 px; net motion dx=1.0, dy=-35.5; flags: none"
N1356986677,T0271,1356986677-0359,0.6866,3,8,co-iss-n1356986677,1356986677,2000-12-31T20:32:26.823,559.37,786.96,80.78,6,0.00,6,80.78,33.15,198.92,2.44,3.78,,"3 frame(s); median area 5.0 px; net motion dx=1.0, dy=-35.5; flags: none"
N1356976983,T0044,1356976983-0402,0.6862,3,0,co-iss-n1356976983,1356976983,2000-12-31T17:50:52.890,713.50,944.42,8.78,13,0.00,13,8.78,7.82,101.60,1.12,1.20,,"3 frame(s); median area 5.0 px; net motion dx=19.8, dy=-60.1; flags: none"
N1356977373,T0044,1356977373-0355,0.6862,3,1,co-iss-n1356977373,1356977373,2000-12-31T17:57:22.887,784.22,931.79,8.12,5,0.00,5,8.12,7.39,36.97,1.10,1.34,,"3 frame(s); median area 5.0 px; net motion dx=19.8, dy=-60.1; flags: none"
N1356977733,T0044,1356977733-0409,0.6862,3,2,co-iss-n1356977733,1356977733,2000-12-31T18:03:22.885,733.29,884.34,49.18,4,0.00,4,49.18,21.54,86.14,2.28,1.00,,"3 frame(s); median area 5.0 px; net motion dx=19.8, dy=-60.1; flags: none"
N1356985927,T0222,1356985927-0074,0.6822,3,6,co-iss-n1356985927,1356985927,2000-12-31T20:19:56.828,905.42,252.21,35.64,3,0.00,3,35.64,20.42,61.26,1.75,1.73,,"3 frame(s); median area 3.0 px; net motion dx=18.9, dy=-18.9; flags: none"
N1356986317,T0222,1356986317-0098,0.6822,3,7,co-iss-n1356986317,1356986317,2000-12-31T20:26:26.826,915.65,282.16,27.87,3,0.00,3,27.87,18.80,56.40,1.48,1.73,,"3 frame(s); median area 3.0 px; net motion dx=18.9, dy=-18.9; flags: none"
N1356986677,T0222,1356986677-0158,0.6822,3,8,co-iss-n1356986677,1356986677,2000-12-31T20:32:26.823,924.30,233.32,32.91,6,0.00,6,32.91,17.11,102.64,1.92,2.03,,"3 frame(s); median area 3.0 px; net motion dx=18.9, dy=-18.9; flags: none"
N1356985927,T0220,1356985927-0055,0.6815,3,6,co-iss-n1356985927,1356985927,2000-12-31T20:19:56.828,451.71,196.90,44.99,3,0.00,3,44.99,24.68,74.05,1.82,1.73,,"3 frame(s); median area 3.0 px; net motion dx=-4.4, dy=-46.7; flags: none"
N1356986317,T0220,1356986317-0070,0.6815,3,7,co-iss-n1356986317,1356986317,2000-12-31T20:26:26.826,478.79,184.83,26.86,3,0.00,3,26.86,14.39,43.18,1.87,1.73,,"3 frame(s); median area 3.0 px; net motion dx=-4.4, dy=-46.7; flags: none"
N1356986677,T0220,1356986677-0132,0.6815,3,8,co-iss-n1356986677,1356986677,2000-12-31T20:32:26.823,447.36,150.22,32.73,15,0.00,15,32.73,16.58,248.68,1.97,2.08,,"3 frame(s); median area 3.0 px; net motion dx=-4.4, dy=-46.7; flags: none"
N1356976983,T0015,1356976983-0095,0.6753,3,0,co-iss-n1356976983,1356976983,2000-12-31T17:50:52.890,389.49,311.88,19.69,4,0.00,4,19.69,14.71,58.82,1.34,2.62,,"3 frame(s); median area 4.0 px; net motion dx=3.5, dy=74.6; flags: none"
N1356977373,T0015,1356977373-0113,0.6753,3,1,co-iss-n1356977373,1356977373,2000-12-31T17:57:22.887,381.17,360.26,21.33,4,0.15,4,21.33,13.28,53.12,1.61,6.85,,"3 frame(s); median area 4.0 px; net motion dx=3.5, dy=74.6; flags: none"
N1356977733,T0015,1356977733-0205,0.6753,3,2,co-iss-n1356977733,1356977733,2000-12-31T18:03:22.885,393.03,386.49,23.26,4,0.00,4,23.26,14.93,59.73,1.56,2.62,,"3 frame(s); median area 4.0 px; net motion dx=3.5, dy=74.6; flags: none"
N1356985927,T0245,1356985927-0198,0.6735,3,6,co-iss-n1356985927,1356985927,2000-12-31T20:19:56.828,433.66,575.91,41.70,3,0.00,3,41.70,33.93,101.80,1.23,4.39,,"3 frame(s); median area 3.0 px; net motion dx=-77.9, dy=-36.4; flags: none"
N1356986317,T0245,1356986317-0219,0.6735,3,7,co-iss-n1356986317,1356986317,2000-12-31T20:26:26.826,362.40,581.33,10.87,3,0.00,3,10.87,9.13,27.38,1.19,1.73,,"3 frame(s); median area 3.0 px; net motion dx=-77.9, dy=-36.4; flags: none"
N1356986677,T0245,1356986677-0257,0.6735,3,8,co-iss-n1356986677,1356986677,2000-12-31T20:32:26.823,355.78,539.51,38.85,3,0.00,3,38.85,26.39,79.17,1.47,1.73,,"3 frame(s); median area 3.0 px; net motion dx=-77.9, dy=-36.4; flags: none"
N1356976983,T0033,1356976983-0286,0.6687,3,0,co-iss-n1356976983,1356976983,2000-12-31T17:50:52.890,349.71,798.22,44.32,5,0.00,5,44.32,19.70,98.50,2.25,3.40,,"3 frame(s); median area 3.0 px; net motion dx=68.6, dy=-6.5; flags: none"
N1356977373,T0033,1356977373-0269,0.6687,3,1,co-iss-n1356977373,1356977373,2000-12-31T17:57:22.887,374.83,800.37,44.63,3,0.00,3,44.63,32.40,97.19,1.38,1.73,,"3 frame(s); median area 3.0 px; net motion dx=68.6, dy=-6.5; flags: none"
N1356977733,T0033,1356977733-0369,0.6687,3,2,co-iss-n1356977733,1356977733,2000-12-31T18:03:22.885,418.32,791.75,17.73,3,0.00,3,17.73,13.76,41.29,1.29,1.73,,"3 frame(s); median area 3.0 px; net motion dx=68.6, dy=-6.5; flags: none"
N1356990399,T0356,1356990399-0226,0.6659,3,9,co-iss-n1356990399,1356990399,2000-12-31T21:34:28.797,61.37,761.70,47.21,4,0.00,4,47.21,28.53,114.13,1.65,1.00,,"3 frame(s); median area 4.0 px; net motion dx=-26.7, dy=-2.0; flags: none"
N1356990789,T0356,1356990789-0285,0.6659,3,10,co-iss-n1356990789,1356990789,2000-12-31T21:40:58.795,100.52,713.53,12.37,4,0.00,4,12.37,9.92,39.67,1.25,5.83,,"3 frame(s); median area 4.0 px; net motion dx=-26.7, dy=-2.0; flags: none"
N1356991149,T0356,1356991149-0408,0.6659,3,11,co-iss-n1356991149,1356991149,2000-12-31T21:46:58.792,34.72,759.72,14.26,3,0.00,3,14.26,10.77,32.30,1.32,1.73,,"3 frame(s); median area 4.0 px; net motion dx=-26.7, dy=-2.0; flags: none"
N1356990399,T0345,1356990399-0143,0.6607,3,9,co-iss-n1356990399,1356990399,2000-12-31T21:34:28.797,542.62,486.42,21.42,3,0.00,3,21.42,16.82,50.47,1.27,1.73,,"3 frame(s); median area 3.0 px; net motion dx=8.9, dy=-108.7; flags: none"
N1356990789,T0345,1356990789-0154,0.6607,3,10,co-iss-n1356990789,1356990789,2000-12-31T21:40:58.795,547.09,448.92,78.85,3,0.00,3,78.85,31.67,95.00,2.49,1.73,,"3 frame(s); median area 3.0 px; net motion dx=8.9, dy=-108.7; flags: none"
N1356991149,T0345,1356991149-0239,0.6607,3,11,co-iss-n1356991149,1356991149,2000-12-31T21:46:58.792,551.50,377.77,35.60,3,0.00,3,35.60,23.88,71.65,1.49,1.73,,"3 frame(s); median area 3.0 px; net motion dx=8.9, dy=-108.7; flags: none"
N1356981455,T0157,1356981455-0298,0.6484,3,3,co-iss-n1356981455,1356981455,2000-12-31T19:05:24.859,714.00,846.17,24.60,4,0.00,4,24.60,12.44,49.75,1.98,4.47,,"3 frame(s); median area 4.0 px; net motion dx=-20.3, dy=61.7; flags: none"
N1356981845,T0157,1356981845-0293,0.6484,3,4,co-iss-n1356981845,1356981845,2000-12-31T19:11:54.857,698.78,890.62,13.59,3,0.00,3,13.59,11.32,33.97,1.20,1.73,,"3 frame(s); median area 4.0 px; net motion dx=-20.3, dy=61.7; flags: none"
N1356982205,T0157,1356982205-0392,0.6484,3,5,co-iss-n1356982205,1356982205,2000-12-31T19:17:54.854,693.66,907.84,38.55,8,0.00,8,38.55,18.74,149.91,2.06,2.24,,"3 frame(s); median area 4.0 px; net motion dx=-20.3, dy=61.7; flags: none"
N1356985927,T0249,1356985927-0223,0.6410,3,6,co-iss-n1356985927,1356985927,2000-12-31T20:19:56.828,544.17,658.43,39.28,6,0.00,6,39.28,23.57,141.41,1.67,2.03,,"3 frame(s); median area 4.0 px; net motion dx=-53.7, dy=-38.6; flags: none"
N1356986317,T0249,1356986317-0261,0.6410,3,7,co-iss-n1356986317,1356986317,2000-12-31T20:26:26.826,538.57,686.21,31.33,4,0.00,4,31.33,16.98,67.90,1.85,1.00,,"3 frame(s); median area 4.0 px; net motion dx=-53.7, dy=-38.6; flags: none"
N1356986677,T0249,1356986677-0290,0.6410,3,8,co-iss-n1356986677,1356986677,2000-12-31T20:32:26.823,490.49,619.83,85.32,4,0.00,4,85.32,43.84,175.35,1.95,2.45,,"3 frame(s); median area 4.0 px; net motion dx=-53.7, dy=-38.6; flags: none"
N1356976983,T0022,1356976983-0186,0.6375,2,0,co-iss-n1356976983,1356976983,2000-12-31T17:50:52.890,272.74,567.69,47.90,6,0.00,6,47.90,30.13,180.77,1.59,1.73,,"2 frame(s); median area 26.0 px; net motion dx=-46.8, dy=-60.2; flags: none"
N1356977373,T0022,1356977373-0169,0.6375,2,1,co-iss-n1356977373,1356977373,2000-12-31T17:57:22.887,225.96,507.49,40.39,46,0.00,46,40.39,20.19,928.62,2.00,3.07,,"2 frame(s); median area 26.0 px; net motion dx=-46.8, dy=-60.2; flags: none"
N1356977373,T0060,1356977373-0265,0.6375,2,1,co-iss-n1356977373,1356977373,2000-12-31T17:57:22.887,732.41,783.78,37.49,4,0.00,4,37.49,27.37,109.48,1.37,2.62,,"2 frame(s); median area 9.5 px; net motion dx=-5.9, dy=-39.8; flags: none"
N1356977733,T0060,1356977733-0349,0.6375,2,2,co-iss-n1356977733,1356977733,2000-12-31T18:03:22.885,726.54,743.95,103.10,15,0.00,15,103.10,64.14,962.14,1.61,3.16,,"2 frame(s); median area 9.5 px; net motion dx=-5.9, dy=-39.8; flags: none"
N1356981455,T0148,1356981455-0244,0.6375,2,3,co-iss-n1356981455,1356981455,2000-12-31T19:05:24.859,63.77,673.19,23.92,3,0.00,3,23.92,13.66,40.99,1.75,1.73,,"2 frame(s); median area 8.0 px; net motion dx=-20.2, dy=-69.0; flags: none"
N1356981845,T0170,1356981845-0152,0.6375,2,4,co-iss-n1356981845,1356981845,2000-12-31T19:11:54.857,213.61,496.66,31.70,4,0.00,4,31.70,22.39,89.54,1.42,1.00,,"2 frame(s); median area 8.0 px; net motion dx=-18.9, dy=-33.4; flags: none"
N1356981845,T0148,1356981845-0193,0.6375,2,4,co-iss-n1356981845,1356981845,2000-12-31T19:11:54.857,43.56,604.15,41.15,13,0.00,13,41.15,20.49,266.38,2.01,5.42,,"2 frame(s); median area 8.0 px; net motion dx=-20.2, dy=-69.0; flags: none"
N1356982205,T0170,1356982205-0223,0.6375,2,5,co-iss-n1356982205,1356982205,2000-12-31T19:17:54.854,194.71,463.28,46.30,12,0.00,12,46.30,21.59,259.12,2.14,3.36,,"2 frame(s); median area 8.0 px; net motion dx=-18.9, dy=-33.4; flags: none"
N1356985927,T0258,1356985927-0251,0.6375,2,6,co-iss-n1356985927,1356985927,2000-12-31T20:19:56.828,454.96,718.06,16.52,5,0.00,5,16.52,12.46,62.32,1.33,2.05,,"2 frame(s); median area 8.0 px; net motion dx=-21.9, dy=14.2; flags: none"
N1356986317,T0295,1356986317-0151,0.6375,2,7,co-iss-n1356986317,1356986317,2000-12-31T20:26:26.826,1020.68,425.49,11.59,19,0.15,19,11.59,9.04,171.84,1.28,7.21,,"2 frame(s); median area 11.0 px; net motion dx=-51.5, dy=21.7; flags: none"
N1356986317,T0258,1356986317-0274,0.6375,2,7,co-iss-n1356986317,1356986317,2000-12-31T20:26:26.826,433.09,732.22,63.39,11,0.00,11,63.39,22.73,250.02,2.79,1.42,,"2 frame(s); median area 8.0 px; net motion dx=-21.9, dy=14.2; flags: none"
N1356986677,T0295,1356986677-0226,0.6375,2,8,co-iss-n1356986677,1356986677,2000-12-31T20:32:26.823,969.18,447.18,58.56,3,0.00,3,58.56,30.05,90.15,1.95,1.73,,"2 frame(s); median area 11.0 px; net motion dx=-51.5, dy=21.7; flags: none"
N1356990399,T0343,1356990399-0124,0.6375,2,9,co-iss-n1356990399,1356990399,2000-12-31T21:34:28.797,112.26,446.59,45.86,23,0.00,23,45.86,30.58,703.45,1.50,5.72,,"2 frame(s); median area 13.5 px; net motion dx=-27.7, dy=-44.1; flags: none"
N1356990789,T0343,1356990789-0138,0.6375,2,10,co-iss-n1356990789,1356990789,2000-12-31T21:40:58.795,84.56,402.51,42.81,4,0.00,4,42.81,33.73,134.91,1.27,1.00,,"2 frame(s); median area 13.5 px; net motion dx=-27.7, dy=-44.1; flags: none"
N1356985927,T0232,1356985927-0147,0.6301,3,6,co-iss-n1356985927,1356985927,2000-12-31T20:19:56.828,160.28,454.34,12.92,3,0.00,3,12.92,11.30,33.91,1.14,1.73,,"3 frame(s); median area 3.0 px; net motion dx=54.6, dy=-23.4; flags: none"
N1356986317,T0232,1356986317-0161,0.6301,3,7,co-iss-n1356986317,1356986317,2000-12-31T20:26:26.826,184.37,445.68,11.69,3,0.00,3,11.69,10.67,32.01,1.10,1.73,,"3 frame(s); median area 3.0 px; net motion dx=54.6, dy=-23.4; flags: none"
N1356986677,T0232,1356986677-0220,0.6301,3,8,co-iss-n1356986677,1356986677,2000-12-31T20:32:26.823,214.88,430.92,48.08,4,0.00,4,48.08,27.09,108.35,1.77,2.45,,"3 frame(s); median area 3.0 px; net motion dx=54.6, dy=-23.4; flags: none"
N1356985927,T0218,1356985927-0041,0.6250,2,6,co-iss-n1356985927,1356985927,2000-12-31T20:19:56.828,864.41,156.12,41.70,6,0.00,6,41.70,22.62,135.74,1.84,3.60,,"2 frame(s); median area 7.5 px; net motion dx=-13.6, dy=13.2; flags: none"
N1356986317,T0218,1356986317-0065,0.6250,2,7,co-iss-n1356986317,1356986317,2000-12-31T20:26:26.826,850.81,169.36,56.21,9,0.00,9,56.21,34.48,310.32,1.63,3.91,,"2 frame(s); median area 7.5 px; net motion dx=-13.6, dy=13.2; flags: none"
N1356990789,T0374,1356990789-0095,0.6250,2,10,co-iss-n1356990789,1356990789,2000-12-31T21:40:58.795,384.29,311.21,42.81,7,0.00,7,42.81,20.70,144.88,2.07,2.95,,"2 frame(s); median area 7.5 px; net motion dx=30.3, dy=-5.8; flags: none"
N1356991149,T0374,1356991149-0205,0.6250,2,11,co-iss-n1356991149,1356991149,2000-12-31T21:46:58.792,414.55,305.37,73.36,8,0.00,8,73.36,36.93,295.40,1.99,2.66,,"2 frame(s); median area 7.5 px; net motion dx=30.3, dy=-5.8; flags: none"
N1356985927,T0279,1356985927-0399,0.6173,3,6,co-iss-n1356985927,1356985927,2000-12-31T20:19:56.828,94.46,875.23,10.27,4,0.00,4,10.27,8.89,35.56,1.15,4.47,,"3 frame(s); median area 4.0 px; net motion dx=36.7, dy=-5.9; flags: none"
N1356986317,T0279,1356986317-0338,0.6173,3,7,co-iss-n1356986317,1356986317,2000-12-31T20:26:26.826,74.00,872.07,62.33,5,0.00,5,62.33,25.10,125.52,2.48,3.52,,"3 frame(s); median area 4.0 px; net motion dx=36.7, dy=-5.9; flags: none"
N1356986677,T0279,1356986677-0396,0.6173,3,8,co-iss-n1356986677,1356986677,2000-12-31T20:32:26.823,131.15,869.37,20.32,4,0.00,4,20.32,11.78,47.10,1.73,5.83,,"3 frame(s); median area 4.0 px; net motion dx=36.7, dy=-5.9; flags: none"
N1356990789,T0386,1356990789-0356,0.6125,2,10,co-iss-n1356990789,1356990789,2000-12-31T21:40:58.795,113.12,910.18,93.91,7,0.00,7,93.91,56.55,395.84,1.66,2.54,,"2 frame(s); median area 7.0 px; net motion dx=-54.3, dy=12.7; flags: none"
N1356991149,T0386,1356991149-0495,0.6125,2,11,co-iss-n1356991149,1356991149,2000-12-31T21:46:58.792,58.78,922.90,46.50,7,0.00,7,46.50,16.11,112.77,2.89,3.82,,"2 frame(s); median area 7.0 px; net motion dx=-54.3, dy=12.7; flags: none"
N1356977373,T0045,1356977373-0016,0.6000,2,1,co-iss-n1356977373,1356977373,2000-12-31T17:57:22.887,360.36,66.39,79.51,8,0.00,8,79.51,37.47,299.74,2.12,4.69,,"2 frame(s); median area 6.5 px; net motion dx=-16.1, dy=-41.5; flags: none"
N1356977733,T0045,1356977733-0089,0.6000,2,2,co-iss-n1356977733,1356977733,2000-12-31T18:03:22.885,344.28,24.90,78.64,5,0.00,5,78.64,28.47,142.35,2.76,1.73,,"2 frame(s); median area 6.5 px; net motion dx=-16.1, dy=-41.5; flags: none"
N1356976983,T0014,1356976983-0092,0.5934,3,0,co-iss-n1356976983,1356976983,2000-12-31T17:50:52.890,638.00,286.67,20.29,12,0.00,12,20.29,10.74,128.94,1.89,4.86,,"3 frame(s); median area 6.0 px; net motion dx=67.5, dy=-31.2; flags: none"
N1356977373,T0014,1356977373-0086,0.5934,3,1,co-iss-n1356977373,1356977373,2000-12-31T17:57:22.887,634.86,282.79,88.35,4,0.00,4,88.35,30.62,122.48,2.89,1.00,,"3 frame(s); median area 6.0 px; net motion dx=67.5, dy=-31.2; flags: none"
N1356977733,T0014,1356977733-0158,0.5934,3,2,co-iss-n1356977733,1356977733,2000-12-31T18:03:22.885,705.48,255.48,27.18,6,0.00,6,27.18,16.10,96.61,1.69,2.45,,"3 frame(s); median area 6.0 px; net motion dx=67.5, dy=-31.2; flags: none"
N1356981455,T0121,1356981455-0037,0.5881,3,3,co-iss-n1356981455,1356981455,2000-12-31T19:05:24.859,112.93,120.24,51.25,6,0.00,6,51.25,29.54,177.24,1.73,2.03,,"3 frame(s); median area 4.0 px; net motion dx=52.0, dy=-8.8; flags: none"
N1356981845,T0121,1356981845-0031,0.5881,3,4,co-iss-n1356981845,1356981845,2000-12-31T19:11:54.857,102.19,117.01,15.41,4,0.00,4,15.41,11.17,44.67,1.38,3.60,,"3 frame(s); median area 4.0 px; net motion dx=52.0, dy=-8.8; flags: none"
N1356982205,T0121,1356982205-0108,0.5881,3,5,co-iss-n1356982205,1356982205,2000-12-31T19:17:54.854,164.96,111.39,39.69,4,0.00,4,39.69,20.07,80.28,1.98,2.62,,"3 frame(s); median area 4.0 px; net motion dx=52.0, dy=-8.8; flags: none"
N1356976983,T0008,1356976983-0069,0.5875,2,0,co-iss-n1356976983,1356976983,2000-12-31T17:50:52.890,212.19,219.23,15.44,3,0.00,3,15.44,12.43,37.29,1.24,4.39,,"2 frame(s); median area 6.0 px; net motion dx=43.4, dy=23.6; flags: none"
N1356976983,T0017,1356976983-0138,0.5875,2,0,co-iss-n1356976983,1356976983,2000-12-31T17:50:52.890,364.32,425.44,46.61,6,0.00,6,46.61,32.04,192.24,1.45,1.73,,"2 frame(s); median area 6.0 px; net motion dx=52.4, dy=-57.4; flags: none"
N1356977373,T0046,1356977373-0034,0.5875,2,1,co-iss-n1356977373,1356977373,2000-12-31T17:57:22.887,383.27,117.73,22.58,6,0.00,6,22.58,16.30,97.78,1.39,3.60,,"2 frame(s); median area 6.0 px; net motion dx=-25.0, dy=-66.2; flags: none"
N1356977373,T0008,1356977373-0077,0.5875,2,1,co-iss-n1356977373,1356977373,2000-12-31T17:57:22.887,255.58,242.84,65.42,9,0.00,9,65.42,24.70,222.26,2.65,3.10,,"2 frame(s); median area 6.0 px; net motion dx=43.4, dy=23.6; flags: none"
N1356977373,T0017,1356977373-0114,0.5875,2,1,co-iss-n1356977373,1356977373,2000-12-31T17:57:22.887,416.72,368.00,61.24,6,0.15,6,61.24,19.59,117.54,3.13,1.63,,"2 frame(s); median area 6.0 px; net motion dx=52.4, dy=-57.4; flags: none"
N1356977733,T0046,1356977733-0100,0.5875,2,2,co-iss-n1356977733,1356977733,2000-12-31T18:03:22.885,358.25,51.55,70.98,6,0.00,6,70.98,26.90,161.40,2.64,2.49,,"2 frame(s); median area 6.0 px; net motion dx=-25.0, dy=-66.2; flags: none"
N1356990399,T0348,1356990399-0157,0.5875,2,9,co-iss-n1356990399,1356990399,2000-12-31T21:34:28.797,43.28,528.20,33.11,8,0.00,8,33.11,17.15,137.22,1.93,2.72,,"2 frame(s); median area 6.0 px; net motion dx=75.5, dy=-28.9; flags: none"
N1356990789,T0348,1356990789-0178,0.5875,2,10,co-iss-n1356990789,1356990789,2000-12-31T21:40:58.795,118.76,499.33,28.63,4,0.00,4,28.63,17.56,70.25,1.63,5.83,,"2 frame(s); median area 6.0 px; net motion dx=75.5, dy=-28.9; flags: none"
N1356990789,T0378,1356990789-0192,0.5875,2,10,co-iss-n1356990789,1356990789,2000-12-31T21:40:58.795,309.42,534.59,87.51,9,0.15,9,87.51,24.34,219.10,3.59,4.28,,"2 frame(s); median area 6.0 px; net motion dx=75.8, dy=-8.0; flags: none"
N1356990789,T0384,1356990789-0325,0.5875,2,10,co-iss-n1356990789,1356990789,2000-12-31T21:40:58.795,55.31,842.46,41.83,3,0.00,3,41.83,30.35,91.05,1.38,1.73,,"2 frame(s); median area 6.0 px; net motion dx=79.2, dy=-21.0; flags: none"
N1356991149,T0378,1356991149-0313,0.5875,2,11,co-iss-n1356991149,1356991149,2000-12-31T21:46:58.792,385.19,526.64,16.29,3,0.00,3,16.29,12.23,36.70,1.33,1.73,,"2 frame(s); median area 6.0 px; net motion dx=75.8, dy=-8.0; flags: none"
N1356991149,T0384,1356991149-0437,0.5875,2,11,co-iss-n1356991149,1356991149,2000-12-31T21:46:58.792,134.48,821.43,40.76,9,0.15,9,40.76,18.47,166.27,2.21,7.80,,"2 frame(s); median area 6.0 px; net motion dx=79.2, dy=-21.0; flags: none"
N1356985927,T0273,1356985927-0370,0.5857,3,6,co-iss-n1356985927,1356985927,2000-12-31T20:19:56.828,435.43,841.36,34.55,4,0.00,4,34.55,24.49,97.96,1.41,1.00,,"3 frame(s); median area 3.0 px; net motion dx=94.3, dy=-8.8; flags: none"
N1356986317,T0273,1356986317-0328,0.5857,3,7,co-iss-n1356986317,1356986317,2000-12-31T20:26:26.826,453.26,856.58,15.14,3,0.00,3,15.14,11.96,35.89,1.27,1.73,,"3 frame(s); median area 3.0 px; net motion dx=94.3, dy=-8.8; flags: none"
N1356986677,T0273,1356986677-0382,0.5857,3,8,co-iss-n1356986677,1356986677,2000-12-31T20:32:26.823,529.76,832.54,22.51,3,0.00,3,22.51,13.86,41.57,1.62,1.73,,"3 frame(s); median area 3.0 px; net motion dx=94.3, dy=-8.8; flags: none"
N1356976983,T0023,1356976983-0189,0.5750,2,0,co-iss-n1356976983,1356976983,2000-12-31T17:50:52.890,782.36,581.38,35.25,6,0.00,6,35.25,22.06,132.35,1.60,4.32,,"2 frame(s); median area 5.5 px; net motion dx=13.8, dy=-10.4; flags: none"
N1356977373,T0023,1356977373-0195,0.5750,2,1,co-iss-n1356977373,1356977373,2000-12-31T17:57:22.887,796.14,570.96,52.84,5,0.00,5,52.84,20.28,101.42,2.60,3.52,,"2 frame(s); median area 5.5 px; net motion dx=13.8, dy=-10.4; flags: none"
N1356981455,T0133,1356981455-0127,0.5750,2,3,co-iss-n1356981455,1356981455,2000-12-31T19:05:24.859,809.84,381.54,28.97,3,0.00,3,28.97,20.79,62.38,1.39,1.73,,"2 frame(s); median area 5.5 px; net motion dx=-34.2, dy=-0.3; flags: none"
N1356981845,T0133,1356981845-0106,0.5750,2,4,co-iss-n1356981845,1356981845,2000-12-31T19:11:54.857,775.63,381.19,62.52,8,0.00,8,62.52,26.27,210.18,2.38,3.84,,"2 frame(s); median area 5.5 px; net motion dx=-34.2, dy=-0.3; flags: none"
N1356985927,T0238,1356985927-0179,0.5750,2,6,co-iss-n1356985927,1356985927,2000-12-31T20:19:56.828,391.26,547.45,42.71,4,0.00,4,42.71,24.87,99.46,1.72,1.00,,"2 frame(s); median area 5.5 px; net motion dx=51.5, dy=-35.1; flags: none"
N1356986317,T0238,1356986317-0186,0.5750,2,7,co-iss-n1356986317,1356986317,2000-12-31T20:26:26.826,442.74,512.35,103.04,7,0.00,7,103.04,47.11,329.74,2.19,1.73,,"2 frame(s); median area 5.5 px; net motion dx=51.5, dy=-35.1; flags: none"
N1356990399,T0355,1356990399-0220,0.5750,2,9,co-iss-n1356990399,1356990399,2000-12-31T21:34:28.797,405.60,729.57,41.98,4,0.00,4,41.98,21.03,84.11,2.00,5.83,,"2 frame(s); median area 5.5 px; net motion dx=15.1, dy=-68.4; flags: none"
N1356990789,T0355,1356990789-0260,0.5750,2,10,co-iss-n1356990789,1356990789,2000-12-31T21:40:58.795,420.75,661.12,33.83,7,0.00,7,33.83,14.98,104.88,2.26,2.83,,"2 frame(s); median area 5.5 px; net motion dx=15.1, dy=-68.4; flags: none"
N1356990789,T0387,1356990789-0417,0.5750,2,10,co-iss-n1356990789,1356990789,2000-12-31T21:40:58.795,780.47,935.22,8.92,4,0.00,4,8.92,7.95,31.79,1.12,1.82,,"2 frame(s); median area 5.5 px; net motion dx=-27.1, dy=0.6; flags: none"
N1356991149,T0387,1356991149-0498,0.5750,2,11,co-iss-n1356991149,1356991149,2000-12-31T21:46:58.792,753.35,935.80,73.05,7,0.15,7,73.05,23.43,163.98,3.12,2.16,,"2 frame(s); median area 5.5 px; net motion dx=-27.1, dy=0.6; flags: none"
N1356990399,T0333,1356990399-0049,0.5743,3,9,co-iss-n1356990399,1356990399,2000-12-31T21:34:28.797,757.67,208.41,41.20,4,0.00,4,41.20,21.75,87.02,1.89,1.00,,"3 frame(s); median area 5.0 px; net motion dx=61.0, dy=58.2; flags: none"
N1356990789,T0333,1356990789-0067,0.5743,3,10,co-iss-n1356990789,1356990789,2000-12-31T21:40:58.795,755.61,214.56,32.07,5,0.00,5,32.07,22.52,112.61,1.42,3.40,,"3 frame(s); median area 5.0 px; net motion dx=61.0, dy=58.2; flags: none"
N1356991149,T0333,1356991149-0189,0.5743,3,11,co-iss-n1356991149,1356991149,2000-12-31T21:46:58.792,818.62,266.66,52.12,6,0.00,6,52.12,26.89,161.32,1.94,2.45,,"3 frame(s); median area 5.0 px; net motion dx=61.0, dy=58.2; flags: none"
N1356976983,T0021,1356976983-0182,0.5714,3,0,co-iss-n1356976983,1356976983,2000-12-31T17:50:52.890,343.03,553.36,27.66,4,0.00,4,27.66,13.70,54.81,2.02,2.62,,"3 frame(s); median area 4.0 px; net motion dx=57.8, dy=42.1; flags: none"
N1356977373,T0021,1356977373-0191,0.5714,3,1,co-iss-n1356977373,1356977373,2000-12-31T17:57:22.887,340.10,564.70,21.56,4,0.00,4,21.56,13.40,53.62,1.61,3.60,,"3 frame(s); median area 4.0 px; net motion dx=57.8, dy=42.1; flags: none"
N1356977733,T0021,1356977733-0283,0.5714,3,2,co-iss-n1356977733,1356977733,2000-12-31T18:03:22.885,400.82,595.50,22.57,3,0.00,3,22.57,14.92,44.77,1.51,1.73,,"3 frame(s); median area 4.0 px; net motion dx=57.8, dy=42.1; flags: none"
N1356976983,T0003,1356976983-0032,0.5625,2,0,co-iss-n1356976983,1356976983,2000-12-31T17:50:52.890,36.03,121.41,29.63,4,0.00,4,29.63,19.39,77.55,1.53,3.60,,"2 frame(s); median area 5.0 px; net motion dx=-24.2, dy=-60.9; flags: none"
N1356976983,T0020,1356976983-0172,0.5625,2,0,co-iss-n1356976983,1356976983,2000-12-31T17:50:52.890,157.48,521.09,23.94,7,0.00,7,23.94,16.21,113.47,1.48,2.78,,"2 frame(s); median area 5.0 px; net motion dx=-26.2, dy=-32.7; flags: none"
N1356977373,T0003,1356977373-0011,0.5625,2,1,co-iss-n1356977373,1356977373,2000-12-31T17:57:22.887,11.81,60.47,127.50,6,0.00,6,127.50,67.31,403.84,1.89,2.03,,"2 frame(s); median area 5.0 px; net motion dx=-24.2, dy=-60.9; flags: none"
N1356977373,T0020,1356977373-0158,0.5625,2,1,co-iss-n1356977373,1356977373,2000-12-31T17:57:22.887,131.28,488.41,32.27,3,0.00,3,32.27,18.24,54.72,1.77,1.73,,"2 frame(s); median area 5.0 px; net motion dx=-26.2, dy=-32.7; flags: none"
N1356977373,T0056,1356977373-0210,0.5625,2,1,co-iss-n1356977373,1356977373,2000-12-31T17:57:22.887,861.11,598.16,26.94,3,0.00,3,26.94,15.72,47.15,1.71,4.39,,"2 frame(s); median area 5.0 px; net motion dx=-12.3, dy=33.5; flags: none"
N1356977733,T0056,1356977733-0305,0.5625,2,2,co-iss-n1356977733,1356977733,2000-12-31T18:03:22.885,848.83,631.70,36.90,7,0.00,7,36.90,22.35,156.47,1.65,2.70,,"2 frame(s); median area 5.0 px; net motion dx=-12.3, dy=33.5; flags: none"
N1356981455,T0141,1356981455-0182,0.5625,2,3,co-iss-n1356981455,1356981455,2000-12-31T19:05:24.859,324.22,511.25,45.47,4,0.00,4,45.47,29.28,117.10,1.55,2.62,,"2 frame(s); median area 5.0 px; net motion dx=-50.6, dy=-40.9; flags: none"
N1356981455,T0152,1356981455-0267,0.5625,2,3,co-iss-n1356981455,1356981455,2000-12-31T19:05:24.859,552.42,764.48,41.14,6,0.00,6,41.14,21.08,126.51,1.95,2.45,,"2 frame(s); median area 5.0 px; net motion dx=23.2, dy=12.2; flags: none"
N1356981845,T0168,1356981845-0082,0.5625,2,4,co-iss-n1356981845,1356981845,2000-12-31T19:11:54.857,211.39,305.77,74.38,4,0.00,4,74.38,43.83,175.31,1.70,1.00,,"2 frame(s); median area 5.0 px; net motion dx=24.2, dy=-70.9; flags: none"
N1356981845,T0141,1356981845-0140,0.5625,2,4,co-iss-n1356981845,1356981845,2000-12-31T19:11:54.857,273.62,470.36,25.87,6,0.00,6,25.87,13.96,83.75,1.85,1.73,,"2 frame(s); median area 5.0 px; net motion dx=-50.6, dy=-40.9; flags: none"
N1356981845,T0152,1356981845-0252,0.5625,2,4,co-iss-n1356981845,1356981845,2000-12-31T19:11:54.857,575.61,776.64,52.52,4,0.00,4,52.52,27.15,108.60,1.93,2.62,,"2 frame(s); median area 5.0 px; net motion dx=23.2, dy=12.2; flags: none"
N1356982205,T0168,1356982205-0159,0.5625,2,5,co-iss-n1356982205,1356982205,2000-12-31T19:17:54.854,235.62,234.88,19.28,6,0.15,6,19.28,10.97,65.83,1.76,6.19,,"2 frame(s); median area 5.0 px; net motion dx=24.2, dy=-70.9; flags: none"
N1356986317,T0298,1356986317-0381,0.5625,2,7,co-iss-n1356986317,1356986317,2000-12-31T20:26:26.826,935.22,920.43,9.04,5,0.00,5,9.04,8.25,41.26,1.10,1.73,,"2 frame(s); median area 5.0 px; net motion dx=3.7, dy=6.8; flags: none"
N1356986677,T0298,1356986677-0422,0.5625,2,8,co-iss-n1356986677,1356986677,2000-12-31T20:32:26.823,938.96,927.26,61.85,5,0.00,5,61.85,23.92,119.59,2.59,1.73,,"2 frame(s); median area 5.0 px; net motion dx=3.7, dy=6.8; flags: none"
N1356990789,T0370,1356990789-0033,0.5625,2,10,co-iss-n1356990789,1356990789,2000-12-31T21:40:58.795,800.11,104.30,60.48,7,0.00,7,60.48,20.26,141.84,2.98,5.84,,"2 frame(s); median area 5.0 px; net motion dx=-44.8, dy=43.5; flags: none"
N1356991149,T0370,1356991149-0149,0.5625,2,11,co-iss-n1356991149,1356991149,2000-12-31T21:46:58.792,755.29,147.81,29.59,3,0.00,3,29.59,20.47,61.41,1.45,4.39,,"2 frame(s); median area 5.0 px; net motion dx=-44.8, dy=43.5; flags: none"
N1356985927,T0286,1356985927-0476,0.5624,3,6,co-iss-n1356985927,1356985927,2000-12-31T20:19:56.828,800.68,929.31,9.47,3,0.00,3,9.47,8.43,25.29,1.12,1.73,,"3 frame(s); median area 4.0 px; net motion dx=57.6, dy=-29.8; flags: none"
N1356986317,T0286,1356986317-0384,0.5624,3,7,co-iss-n1356986317,1356986317,2000-12-31T20:26:26.826,860.21,923.42,8.13,5,0.00,5,8.13,7.59,37.97,1.07,2.46,,"3 frame(s); median area 4.0 px; net motion dx=57.6, dy=-29.8; flags: none"
N1356986677,T0286,1356986677-0410,0.5624,3,8,co-iss-n1356986677,1356986677,2000-12-31T20:32:26.823,858.31,899.51,32.21,4,0.00,4,32.21,21.13,84.52,1.52,1.00,,"3 frame(s); median area 4.0 px; net motion dx=57.6, dy=-29.8; flags: none"
N1356981455,T0150,1356981455-0258,0.5545,2,3,co-iss-n1356981455,1356981455,2000-12-31T19:05:24.859,320.91,728.51,12.86,8,0.15,8,12.86,10.37,82.94,1.24,6.56,,"2 frame(s); median area 5.5 px; net motion dx=-32.1, dy=42.3; flags: none"
N1356981845,T0150,1356981845-0249,0.5545,2,4,co-iss-n1356981845,1356981845,2000-12-31T19:11:54.857,288.77,770.77,30.31,3,0.00,3,30.31,18.69,56.08,1.62,1.73,,"2 frame(s); median area 5.5 px; net motion dx=-32.1, dy=42.3; flags: none"
N1356977373,T0055,1356977373-0162,0.5500,2,1,co-iss-n1356977373,1356977373,2000-12-31T17:57:22.887,658.53,491.85,71.04,5,0.00,5,71.04,27.18,135.92,2.61,1.73,,"2 frame(s); median area 4.5 px; net motion dx=17.1, dy=-68.2; flags: none"
N1356977373,T0064,1356977373-0338,0.5500,2,1,co-iss-n1356977373,1356977373,2000-12-31T17:57:22.887,452.83,926.14,45.16,5,0.00,5,45.16,23.55,117.76,1.92,2.89,,"2 frame(s); median area 4.5 px; net motion dx=-53.1, dy=9.3; flags: none"
N1356977733,T0055,1356977733-0218,0.5500,2,2,co-iss-n1356977733,1356977733,2000-12-31T18:03:22.885,675.64,423.62,26.91,4,0.00,4,26.91,16.74,66.96,1.61,2.45,,"2 frame(s); median area 4.5 px; net motion dx=17.1, dy=-68.2; flags: none"
N1356977733,T0064,1356977733-0427,0.5500,2,2,co-iss-n1356977733,1356977733,2000-12-31T18:03:22.885,399.71,935.45,65.30,4,0.00,4,65.30,39.25,157.01,1.66,2.62,,"2 frame(s); median area 4.5 px; net motion dx=-53.1, dy=9.3; flags: none"
N1356981455,T0126,1356981455-0082,0.5500,2,3,co-iss-n1356981455,1356981455,2000-12-31T19:05:24.859,182.58,242.82,48.98,6,0.00,6,48.98,30.19,181.16,1.62,2.45,,"2 frame(s); median area 4.5 px; net motion dx=-36.3, dy=47.3; flags: none"
N1356981845,T0126,1356981845-0080,0.5500,2,4,co-iss-n1356981845,1356981845,2000-12-31T19:11:54.857,146.32,290.08,95.04,3,0.00,3,95.04,46.78,140.33,2.03,1.73,,"2 frame(s); median area 4.5 px; net motion dx=-36.3, dy=47.3; flags: none"
N1356985927,T0230,1356985927-0135,0.5500,2,6,co-iss-n1356985927,1356985927,2000-12-31T20:19:56.828,697.33,430.74,10.92,3,0.00,3,10.92,8.97,26.90,1.22,1.73,,"2 frame(s); median area 4.5 px; net motion dx=25.3, dy=-51.5; flags: none"
N1356986317,T0289,1356986317-0012,0.5500,2,7,co-iss-n1356986317,1356986317,2000-12-31T20:26:26.826,437.53,32.12,66.94,5,0.00,5,66.94,34.61,173.04,1.93,3.40,,"2 frame(s); median area 4.5 px; net motion dx=-80.8, dy=-20.2; flags: none"
N1356986317,T0230,1356986317-0133,0.5500,2,7,co-iss-n1356986317,1356986317,2000-12-31T20:26:26.826,722.68,379.23,83.79,6,0.00,6,83.79,29.70,178.19,2.82,2.64,,"2 frame(s); median area 4.5 px; net motion dx=25.3, dy=-51.5; flags: none"
N1356986677,T0289,1356986677-0046,0.5500,2,8,co-iss-n1356986677,1356986677,2000-12-31T20:32:26.823,356.75,11.89,66.65,4,0.15,4,66.65,28.94,115.75,2.30,6.17,,"2 frame(s); median area 4.5 px; net motion dx=-80.8, dy=-20.2; flags: none"
N1356990399,T0344,1356990399-0128,0.5500,2,9,co-iss-n1356990399,1356990399,2000-12-31T21:34:28.797,228.69,452.65,44.50,3,0.00,3,44.50,42.78,128.35,1.04,1.73,,"2 frame(s); median area 4.5 px; net motion dx=49.8, dy=52.3; flags: none"
N1356990399,T0361,1356990399-0278,0.5500,2,9,co-iss-n1356990399,1356990399,2000-12-31T21:34:28.797,708.08,915.01,27.37,6,0.00,6,27.37,15.72,94.29,1.74,3.46,,"2 frame(s); median area 4.5 px; net motion dx=-15.2, dy=-36.6; flags: none"
N1356990789,T0344,1356990789-0179,0.5500,2,10,co-iss-n1356990789,1356990789,2000-12-31T21:40:58.795,278.51,504.97,88.26,6,0.00,6,88.26,40.79,244.73,2.16,1.63,,"2 frame(s); median area 4.5 px; net motion dx=49.8, dy=52.3; flags: none"
N1356990789,T0361,1356990789-0344,0.5500,2,10,co-iss-n1356990789,1356990789,2000-12-31T21:40:58.795,692.86,878.45,55.08,3,0.00,3,55.08,33.17,99.50,1.66,1.73,,"2 frame(s); median area 4.5 px; net motion dx=-15.2, dy=-36.6; flags: none"
N1356990399,T0367,1356990399-0349,0.5486,2,9,co-iss-n1356990399,1356990399,2000-12-31T21:34:28.797,739.49,948.51,12.03,39,0.00,39,12.03,7.97,310.96,1.51,3.15,,"2 frame(s); median area 27.5 px; net motion dx=56.3, dy=-14.4; flags: none"
N1356990789,T0367,1356990789-0410,0.5486,2,10,co-iss-n1356990789,1356990789,2000-12-31T21:40:58.795,795.84,934.07,8.34,16,0.00,16,8.34,7.75,124.03,1.08,1.86,,"2 frame(s); median area 27.5 px; net motion dx=56.3, dy=-14.4; flags: none"
N1356981455,T0163,1356981455-0396,0.5435,2,3,co-iss-n1356981455,1356981455,2000-12-31T19:05:24.859,717.62,948.57,9.74,12,0.00,12,9.74,8.44,101.28,1.15,5.98,,"2 frame(s); median area 14.0 px; net motion dx=63.7, dy=-15.0; flags: none"
N1356981845,T0163,1356981845-0362,0.5435,2,4,co-iss-n1356981845,1356981845,2000-12-31T19:11:54.857,781.29,933.55,8.93,16,0.00,16,8.93,7.71,123.36,1.16,4.84,,"2 frame(s); median area 14.0 px; net motion dx=63.7, dy=-15.0; flags: none"
N1356981455,T0159,1356981455-0326,0.5406,3,3,co-iss-n1356981455,1356981455,2000-12-31T19:05:24.859,320.71,907.60,11.56,3,0.00,3,11.56,9.66,28.97,1.20,1.73,,"3 frame(s); median area 3.0 px; net motion dx=38.9, dy=-61.2; flags: none"
N1356981845,T0159,1356981845-0327,0.5406,3,4,co-iss-n1356981845,1356981845,2000-12-31T19:11:54.857,344.72,923.02,33.93,3,0.00,3,33.93,24.32,72.95,1.40,4.39,,"3 frame(s); median area 3.0 px; net motion dx=38.9, dy=-61.2; flags: none"
N1356982205,T0159,1356982205-0358,0.5406,3,5,co-iss-n1356982205,1356982205,2000-12-31T19:17:54.854,359.64,846.35,8.66,3,0.00,3,8.66,8.07,24.22,1.07,1.73,,"3 frame(s); median area 3.0 px; net motion dx=38.9, dy=-61.2; flags: none"
N1356976983,T0042,1356976983-0382,0.5375,2,0,co-iss-n1356976983,1356976983,2000-12-31T17:50:52.890,796.82,934.59,8.22,5,0.00,5,8.22,7.72,38.58,1.07,2.46,,"2 frame(s); median area 4.0 px; net motion dx=22.3, dy=-49.8; flags: none"
N1356977373,T0052,1356977373-0129,0.5375,2,1,co-iss-n1356977373,1356977373,2000-12-31T17:57:22.887,458.39,388.42,50.26,4,0.00,4,50.26,40.75,163.00,1.23,1.00,,"2 frame(s); median area 4.0 px; net motion dx=-17.7, dy=61.7; flags: none"
N1356977373,T0058,1356977373-0247,0.5375,2,1,co-iss-n1356977373,1356977373,2000-12-31T17:57:22.887,936.15,731.38,54.47,3,0.00,3,54.47,39.00,116.99,1.40,1.73,,"2 frame(s); median area 4.0 px; net motion dx=-28.4, dy=-33.8; flags: none"
N1356977373,T0059,1356977373-0254,0.5375,2,1,co-iss-n1356977373,1356977373,2000-12-31T17:57:22.887,186.10,767.10,28.55,4,0.00,4,28.55,21.02,84.10,1.36,2.45,,"2 frame(s); median area 4.0 px; net motion dx=-22.3, dy=41.8; flags: none"
N1356977373,T0061,1356977373-0276,0.5375,2,1,co-iss-n1356977373,1356977373,2000-12-31T17:57:22.887,6.07,825.65,53.56,4,0.00,4,53.56,26.03,104.11,2.06,2.45,,"2 frame(s); median area 4.0 px; net motion dx=35.4, dy=55.7; flags: none"
N1356977373,T0042,1356977373-0296,0.5375,2,1,co-iss-n1356977373,1356977373,2000-12-31T17:57:22.887,819.13,884.83,100.79,3,0.00,3,100.79,47.79,143.37,2.11,1.73,,"2 frame(s); median area 4.0 px; net motion dx=22.3, dy=-49.8; flags: none"
N1356977733,T0052,1356977733-0224,0.5375,2,2,co-iss-n1356977733,1356977733,2000-12-31T18:03:22.885,440.71,450.14,32.17,4,0.00,4,32.17,21.30,85.19,1.51,3.60,,"2 frame(s); median area 4.0 px; net motion dx=-17.7, dy=61.7; flags: none"
N1356977733,T0058,1356977733-0336,0.5375,2,2,co-iss-n1356977733,1356977733,2000-12-31T18:03:22.885,907.80,697.57,44.06,5,0.00,5,44.06,35.90,179.49,1.23,1.73,,"2 frame(s); median area 4.0 px; net motion dx=-28.4, dy=-33.8; flags: none"
N1356977733,T0059,1356977733-0373,0.5375,2,2,co-iss-n1356977733,1356977733,2000-12-31T18:03:22.885,163.84,808.87,77.98,4,0.00,4,77.98,32.88,131.51,2.37,1.63,,"2 frame(s); median area 4.0 px; net motion dx=-22.3, dy=41.8; flags: none"
N1356977733,T0061,1356977733-0407,0.5375,2,2,co-iss-n1356977733,1356977733,2000-12-31T18:03:22.885,41.50,881.32,19.24,4,0.00,4,19.24,13.51,54.06,1.42,1.00,,"2 frame(s); median area 4.0 px; net motion dx=35.4, dy=55.7; flags: none"
N1356981455,T0128,1356981455-0089,0.5375,2,3,co-iss-n1356981455,1356981455,2000-12-31T19:05:24.859,677.23,271.62,44.03,5,0.00,5,44.03,27.43,137.14,1.61,2.62,,"2 frame(s); median area 4.0 px; net motion dx=33.0, dy=48.7; flags: none"
N1356981455,T0136,1356981455-0147,0.5375,2,3,co-iss-n1356981455,1356981455,2000-12-31T19:05:24.859,771.89,417.56,36.19,3,0.00,3,36.19,26.80,80.41,1.35,1.73,,"2 frame(s); median area 4.0 px; net motion dx=8.9, dy=36.9; flags: none"
N1356981455,T0160,1356981455-0329,0.5375,2,3,co-iss-n1356981455,1356981455,2000-12-31T19:05:24.859,892.31,915.58,14.75,5,0.00,5,14.75,13.88,69.42,1.06,3.40,,"2 frame(s); median area 4.0 px; net motion dx=5.6, dy=-67.0; flags: none"
N1356981845,T0128,1356981845-0094,0.5375,2,4,co-iss-n1356981845,1356981845,2000-12-31T19:11:54.857,710.23,320.35,19.55,3,0.00,3,19.55,15.73,47.18,1.24,1.73,,"2 frame(s); median area 4.0 px; net motion dx=33.0, dy=48.7; flags: none"
N1356981845,T0136,1356981845-0135,0.5375,2,4,co-iss-n1356981845,1356981845,2000-12-31T19:11:54.857,780.79,454.43,56.24,5,0.00,5,56.24,32.29,161.44,1.74,2.89,,"2 frame(s); median area 4.0 px; net motion dx=8.9, dy=36.9; flags: none"
N1356981845,T0171,1356981845-0185,0.5375,2,4,co-iss-n1356981845,1356981845,2000-12-31T19:11:54.857,858.14,573.26,55.18,3,0.00,3,55.18,24.90,74.71,2.22,1.73,,"2 frame(s); median area 4.0 px; net motion dx=-5.8, dy=-11.1; flags: none"
N1356981845,T0160,1356981845-0281,0.5375,2,4,co-iss-n1356981845,1356981845,2000-12-31T19:11:54.857,897.88,848.56,45.89,3,0.00,3,45.89,27.49,82.48,1.67,1.73,,"2 frame(s); median area 4.0 px; net motion dx=5.6, dy=-67.0; flags: none"
N1356982205,T0171,1356982205-0247,0.5375,2,5,co-iss-n1356982205,1356982205,2000-12-31T19:17:54.854,852.34,562.18,80.91,5,0.00,5,80.91,30.59,152.93,2.65,1.73,,"2 frame(s); median area 4.0 px; net motion dx=-5.8, dy=-11.1; flags: none"
N1356990399,T0335,1356990399-0060,0.5375,2,9,co-iss-n1356990399,1356990399,2000-12-31T21:34:28.797,226.89,247.22,45.86,4,0.00,4,45.86,28.66,114.65,1.60,1.63,,"2 frame(s); median area 4.0 px; net motion dx=-19.1, dy=-38.4; flags: none"
N1356990789,T0335,1356990789-0062,0.5375,2,10,co-iss-n1356990789,1356990789,2000-12-31T21:40:58.795,207.76,208.81,92.78,4,0.00,4,92.78,36.41,145.64,2.55,1.00,,"2 frame(s); median area 4.0 px; net motion dx=-19.1, dy=-38.4; flags: none"
N1356990789,T0375,1356990789-0124,0.5375,2,10,co-iss-n1356990789,1356990789,2000-12-31T21:40:58.795,645.62,382.61,50.67,5,0.00,5,50.67,24.74,123.71,2.05,4.39,,"2 frame(s); median area 4.0 px; net motion dx=17.6, dy=-43.2; flags: none"
N1356990789,T0385,1356990789-0350,0.5375,2,10,co-iss-n1356990789,1356990789,2000-12-31T21:40:58.795,493.65,897.99,8.43,3,0.00,3,8.43,7.95,23.85,1.06,4.39,,"2 frame(s); median area 4.0 px; net motion dx=21.9, dy=29.4; flags: none"
N1356991149,T0375,1356991149-0228,0.5375,2,11,co-iss-n1356991149,1356991149,2000-12-31T21:46:58.792,663.23,339.44,44.07,3,0.00,3,44.07,26.07,78.22,1.69,1.73,,"2 frame(s); median area 4.0 px; net motion dx=17.6, dy=-43.2; flags: none"
N1356991149,T0385,1356991149-0497,0.5375,2,11,co-iss-n1356991149,1356991149,2000-12-31T21:46:58.792,515.52,927.38,59.88,5,0.00,5,59.88,39.73,198.67,1.51,1.73,,"2 frame(s); median area 4.0 px; net motion dx=21.9, dy=29.4; flags: none"
N1356981455,T0144,1356981455-0197,0.5250,2,3,co-iss-n1356981455,1356981455,2000-12-31T19:05:24.859,117.36,547.88,38.72,3,0.00,3,38.72,24.96,74.88,1.55,1.73,,"2 frame(s); median area 3.5 px; net motion dx=21.5, dy=-6.4; flags: none"
N1356981845,T0167,1356981845-0077,0.5250,2,4,co-iss-n1356981845,1356981845,2000-12-31T19:11:54.857,53.39,277.34,69.06,4,0.00,4,69.06,35.62,142.46,1.94,1.00,,"2 frame(s); median area 3.5 px; net motion dx=47.5, dy=-64.5; flags: none"
N1356981845,T0144,1356981845-0171,0.5250,2,4,co-iss-n1356981845,1356981845,2000-12-31T19:11:54.857,138.90,541.52,16.36,4,0.00,4,16.36,11.68,46.72,1.40,2.62,,"2 frame(s); median area 3.5 px; net motion dx=21.5, dy=-6.4; flags: none"
N1356981845,T0178,1356981845-0264,0.5250,2,4,co-iss-n1356981845,1356981845,2000-12-31T19:11:54.857,930.59,817.16,24.34,4,0.00,4,24.34,14.68,58.72,1.66,2.45,,"2 frame(s); median area 3.5 px; net motion dx=1.0, dy=-83.3; flags: none"
N1356982205,T0167,1356982205-0149,0.5250,2,5,co-iss-n1356982205,1356982205,2000-12-31T19:17:54.854,100.88,212.83,118.23,3,0.00,3,118.23,55.85,167.54,2.12,1.73,,"2 frame(s); median area 3.5 px; net motion dx=47.5, dy=-64.5; flags: none"
N1356982205,T0178,1356982205-0317,0.5250,2,5,co-iss-n1356982205,1356982205,2000-12-31T19:17:54.854,931.59,733.81,26.23,3,0.00,3,26.23,21.45,64.36,1.22,1.73,,"2 frame(s); median area 3.5 px; net motion dx=1.0, dy=-83.3; flags: none"
N1356985927,T0250,1356985927-0226,0.5250,2,6,co-iss-n1356985927,1356985927,2000-12-31T20:19:56.828,50.32,674.46,25.63,4,0.00,4,25.63,16.29,65.15,1.57,1.00,,"2 frame(s); median area 3.5 px; net motion dx=10.0, dy=-22.6; flags: none"
N1356986317,T0250,1356986317-0244,0.5250,2,7,co-iss-n1356986317,1356986317,2000-12-31T20:26:26.826,60.29,651.89,70.40,3,0.00,3,70.40,33.26,99.77,2.12,1.73,,"2 frame(s); median area 3.5 px; net motion dx=10.0, dy=-22.6; flags: none"
N1356990399,T0342,1356990399-0108,0.5250,2,9,co-iss-n1356990399,1356990399,2000-12-31T21:34:28.797,946.41,403.67,23.19,4,0.00,4,23.19,14.16,56.65,1.64,1.00,,"2 frame(s); median area 3.5 px; net motion dx=73.4, dy=-36.1; flags: none"
N1356990399,T0357,1356990399-0250,0.5250,2,9,co-iss-n1356990399,1356990399,2000-12-31T21:34:28.797,756.39,822.49,27.05,4,0.00,4,27.05,22.26,89.02,1.22,1.00,,"2 frame(s); median area 3.5 px; net motion dx=-16.3, dy=45.4; flags: none"
N1356990789,T0342,1356990789-0115,0.5250,2,10,co-iss-n1356990789,1356990789,2000-12-31T21:40:58.795,1019.81,367.52,28.00,3,0.00,3,28.00,17.84,53.51,1.57,1.73,,"2 frame(s); median area 3.5 px; net motion dx=73.4, dy=-36.1; flags: none"
N1356990789,T0357,1356990789-0338,0.5250,2,10,co-iss-n1356990789,1356990789,2000-12-31T21:40:58.795,740.13,867.92,72.82,3,0.00,3,72.82,30.83,92.49,2.36,1.73,,"2 frame(s); median area 3.5 px; net motion dx=-16.3, dy=45.4; flags: none"
N1356990789,T0371,1356990789-0038,0.5224,2,10,co-iss-n1356990789,1356990789,2000-12-31T21:40:58.795,804.20,114.54,20.70,3,0.00,3,20.70,14.89,44.68,1.39,1.73,,"2 frame(s); median area 3.5 px; net motion dx=72.6, dy=20.1; flags: none"
N1356991149,T0371,1356991149-0144,0.5224,2,11,co-iss-n1356991149,1356991149,2000-12-31T21:46:58.792,876.76,134.62,28.43,4,0.00,4,28.43,13.71,54.83,2.07,3.60,,"2 frame(s); median area 3.5 px; net motion dx=72.6, dy=20.1; flags: none"
N1356977373,T0057,1356977373-0229,0.5152,2,1,co-iss-n1356977373,1356977373,2000-12-31T17:57:22.887,726.33,658.93,31.40,4,0.00,4,31.40,17.66,70.64,1.78,2.62,,"2 frame(s); median area 4.0 px; net motion dx=6.2, dy=-0.4; flags: none"
N1356977733,T0057,1356977733-0321,0.5152,2,2,co-iss-n1356977733,1356977733,2000-12-31T18:03:22.885,732.50,658.55,11.15,4,0.00,4,11.15,9.15,36.61,1.22,1.00,,"2 frame(s); median area 4.0 px; net motion dx=6.2, dy=-0.4; flags: none"
N1356981455,T0117,1356981455-0003,0.5125,2,3,co-iss-n1356981455,1356981455,2000-12-31T19:05:24.859,142.87,10.54,34.55,3,0.00,3,34.55,21.51,64.53,1.61,1.73,,"2 frame(s); median area 3.0 px; net motion dx=19.1, dy=36.3; flags: none"
N1356981455,T0122,1356981455-0038,0.5125,2,3,co-iss-n1356981455,1356981455,2000-12-31T19:05:24.859,606.26,120.40,48.15,3,0.00,3,48.15,21.59,64.77,2.23,4.39,,"2 frame(s); median area 3.0 px; net motion dx=79.5, dy=19.8; flags: none"
N1356981845,T0117,1356981845-0013,0.5125,2,4,co-iss-n1356981845,1356981845,2000-12-31T19:11:54.857,161.93,46.86,122.90,3,0.00,3,122.90,51.86,155.58,2.37,1.73,,"2 frame(s); median area 3.0 px; net motion dx=19.1, dy=36.3; flags: none"
N1356981845,T0122,1356981845-0038,0.5125,2,4,co-iss-n1356981845,1356981845,2000-12-31T19:11:54.857,685.77,140.21,53.57,3,0.00,3,53.57,31.73,95.20,1.69,1.73,,"2 frame(s); median area 3.0 px; net motion dx=79.5, dy=19.8; flags: none"
N1356981845,T0175,1356981845-0219,0.5125,2,4,co-iss-n1356981845,1356981845,2000-12-31T19:11:54.857,901.25,655.21,60.97,3,0.00,3,60.97,38.01,114.04,1.60,1.73,,"2 frame(s); median area 3.0 px; net motion dx=4.3, dy=34.9; flags: none"
N1356982205,T0175,1356982205-0301,0.5125,2,5,co-iss-n1356982205,1356982205,2000-12-31T19:17:54.854,905.51,690.15,31.05,3,0.00,3,31.05,21.14,63.42,1.47,1.73,,"2 frame(s); median area 3.0 px; net motion dx=4.3, dy=34.9; flags: none"
N1356985927,T0226,1356985927-0093,0.5125,2,6,co-iss-n1356985927,1356985927,2000-12-31T20:19:56.828,464.67,300.61,22.50,3,0.00,3,22.50,19.43,58.30,1.16,1.73,,"2 frame(s); median area 3.0 px; net motion dx=15.2, dy=-18.1; flags: none"
N1356985927,T0240,1356985927-0181,0.5125,2,6,co-iss-n1356985927,1356985927,2000-12-31T20:19:56.828,60.31,556.62,8.94,3,0.00,3,8.94,7.89,23.68,1.13,1.73,,"2 frame(s); median area 3.0 px; net motion dx=-45.7, dy=1.5; flags: none"
N1356986317,T0226,1356986317-0097,0.5125,2,7,co-iss-n1356986317,1356986317,2000-12-31T20:26:26.826,479.88,282.49,48.10,3,0.00,3,48.10,31.55,94.64,1.52,1.73,,"2 frame(s); median area 3.0 px; net motion dx=15.2, dy=-18.1; flags: none"
N1356986317,T0240,1356986317-0205,0.5125,2,7,co-iss-n1356986317,1356986317,2000-12-31T20:26:26.826,14.56,558.09,56.47,3,0.00,3,56.47,40.00,120.00,1.41,1.73,,"2 frame(s); median area 3.0 px; net motion dx=-45.7, dy=1.5; flags: none"
N1356990399,T0336,1356990399-0069,0.5125,2,9,co-iss-n1356990399,1356990399,2000-12-31T21:34:28.797,941.05,280.37,13.73,3,0.00,3,13.73,12.33,36.98,1.11,4.39,,"2 frame(s); median area 3.0 px; net motion dx=-10.2, dy=-51.8; flags: none"
N1356990399,T0360,1356990399-0277,0.5125,2,9,co-iss-n1356990399,1356990399,2000-12-31T21:34:28.797,523.20,907.44,20.96,3,0.00,3,20.96,12.46,37.38,1.68,1.73,,"2 frame(s); median area 3.0 px; net motion dx=-22.1, dy=-22.0; flags: none"
N1356990789,T0372,1356990789-0060,0.5125,2,10,co-iss-n1356990789,1356990789,2000-12-31T21:40:58.795,93.78,206.82,41.57,3,0.00,3,41.57,22.99,68.98,1.81,1.73,,"2 frame(s); median area 3.0 px; net motion dx=-57.4, dy=49.5; flags: none"
N1356990789,T0336,1356990789-0072,0.5125,2,10,co-iss-n1356990789,1356990789,2000-12-31T21:40:58.795,930.86,228.58,46.36,3,0.00,3,46.36,35.53,106.59,1.30,1.73,,"2 frame(s); median area 3.0 px; net motion dx=-10.2, dy=-51.8; flags: none"
N1356990789,T0381,1356990789-0239,0.5125,2,10,co-iss-n1356990789,1356990789,2000-12-31T21:40:58.795,567.76,628.50,51.01,3,0.00,3,51.01,34.02,102.06,1.50,1.73,,"2 frame(s); median area 3.0 px; net motion dx=-26.4, dy=-64.9; flags: none"
N1356990789,T0360,1356990789-0346,0.5125,2,10,co-iss-n1356990789,1356990789,2000-12-31T21:40:58.795,501.09,885.40,62.72,3,0.00,3,62.72,41.48,124.43,1.51,1.73,,"2 frame(s); median area 3.0 px; net motion dx=-22.1, dy=-22.0; flags: none"
N1356991149,T0372,1356991149-0187,0.5125,2,11,co-iss-n1356991149,1356991149,2000-12-31T21:46:58.792,36.35,256.27,11.91,3,0.00,3,11.91,10.53,31.60,1.13,1.73,,"2 frame(s); median area 3.0 px; net motion dx=-57.4, dy=49.5; flags: none"
N1356991149,T0381,1356991149-0328,0.5125,2,11,co-iss-n1356991149,1356991149,2000-12-31T21:46:58.792,541.35,563.55,17.09,3,0.00,3,17.09,12.73,38.19,1.34,1.73,,"2 frame(s); median area 3.0 px; net motion dx=-26.4, dy=-64.9; flags: none"
N1356986317,T0293,1356986317-0128,0.5102,2,7,co-iss-n1356986317,1356986317,2000-12-31T20:26:26.826,339.62,361.27,11.62,3,0.00,3,11.62,10.07,30.20,1.15,1.73,,"2 frame(s); median area 5.5 px; net motion dx=-38.5, dy=52.6; flags: none"
N1356986677,T0293,1356986677-0214,0.5102,2,8,co-iss-n1356986677,1356986677,2000-12-31T20:32:26.823,301.12,413.83,16.77,8,0.15,8,16.77,11.80,94.41,1.42,6.07,,"2 frame(s); median area 5.5 px; net motion dx=-38.5, dy=52.6; flags: none"
N1356990399,T0338,1356990399-0077,0.5085,2,9,co-iss-n1356990399,1356990399,2000-12-31T21:34:28.797,192.59,307.81,17.72,4,0.00,4,17.72,12.60,50.39,1.41,2.62,,"2 frame(s); median area 3.5 px; net motion dx=-18.9, dy=-54.0; flags: none"
N1356990789,T0338,1356990789-0076,0.5085,2,10,co-iss-n1356990789,1356990789,2000-12-31T21:40:58.795,173.69,253.80,26.78,3,0.00,3,26.78,17.42,52.26,1.54,4.39,,"2 frame(s); median area 3.5 px; net motion dx=-18.9, dy=-54.0; flags: none"
N1356981455,T0132,1356981455-0113,0.4997,2,3,co-iss-n1356981455,1356981455,2000-12-31T19:05:24.859,403.70,326.35,30.71,4,0.00,4,30.71,15.37,61.48,2.00,1.00,,"2 frame(s); median area 3.5 px; net motion dx=28.0, dy=-66.8; flags: none"
N1356981845,T0132,1356981845-0072,0.4997,2,4,co-iss-n1356981845,1356981845,2000-12-31T19:11:54.857,431.71,259.60,10.85,3,0.00,3,10.85,9.05,27.16,1.20,1.73,,"2 frame(s); median area 3.5 px; net motion dx=28.0, dy=-66.8; flags: none"
N1356986317,T0292,1356986317-0119,0.4985,2,7,co-iss-n1356986317,1356986317,2000-12-31T20:26:26.826,556.26,328.26,14.59,3,0.00,3,14.59,10.30,30.89,1.42,1.73,,"2 frame(s); median area 3.0 px; net motion dx=51.0, dy=-59.6; flags: none"
N1356986677,T0292,1356986677-0169,0.4985,2,8,co-iss-n1356986677,1356986677,2000-12-31T20:32:26.823,607.31,268.61,30.74,3,0.00,3,30.74,26.59,79.78,1.16,1.73,,"2 frame(s); median area 3.0 px; net motion dx=51.0, dy=-59.6; flags: none"
N1356990399,T0341,1356990399-0098,0.4804,2,9,co-iss-n1356990399,1356990399,2000-12-31T21:34:28.797,848.46,383.99,11.77,4,0.00,4,11.77,9.13,36.51,1.29,2.62,,"2 frame(s); median area 4.0 px; net motion dx=-61.9, dy=-9.4; flags: none"
N1356990789,T0341,1356990789-0119,0.4804,2,10,co-iss-n1356990789,1356990789,2000-12-31T21:40:58.795,786.56,374.55,19.20,4,0.00,4,19.20,13.65,54.61,1.41,1.00,,"2 frame(s); median area 4.0 px; net motion dx=-61.9, dy=-9.4; flags: none"
N1356990399,T0347,1356990399-0148,0.4728,2,9,co-iss-n1356990399,1356990399,2000-12-31T21:34:28.797,326.57,498.40,22.49,3,0.00,3,22.49,17.28,51.83,1.30,1.73,,"2 frame(s); median area 3.5 px; net motion dx=-3.5, dy=-32.9; flags: none"
N1356990789,T0347,1356990789-0166,0.4728,2,10,co-iss-n1356990789,1356990789,2000-12-31T21:40:58.795,323.06,465.51,10.13,4,0.00,4,10.13,8.73,34.91,1.16,2.62,,"2 frame(s); median area 3.5 px; net motion dx=-3.5, dy=-32.9; flags: none"
N1356985927,T0265,1356985927-0312,0.4722,2,6,co-iss-n1356985927,1356985927,2000-12-31T20:19:56.828,54.28,780.96,10.10,3,0.00,3,10.10,8.42,25.25,1.20,4.39,,"2 frame(s); median area 3.0 px; net motion dx=-16.1, dy=3.2; flags: none"
N1356986317,T0265,1356986317-0296,0.4722,2,7,co-iss-n1356986317,1356986317,2000-12-31T20:26:26.826,38.19,784.18,26.47,3,0.00,3,26.47,14.05,42.16,1.88,1.73,,"2 frame(s); median area 3.0 px; net motion dx=-16.1, dy=3.2; flags: none"
N1356981845,T0164,1356981845-0007,0.4601,2,4,co-iss-n1356981845,1356981845,2000-12-31T19:11:54.857,796.45,37.20,23.89,3,0.00,3,23.89,14.56,43.68,1.64,1.73,,"2 frame(s); median area 3.0 px; net motion dx=70.6, dy=-32.9; flags: none"
N1356982205,T0164,1356982205-0006,0.4601,2,5,co-iss-n1356982205,1356982205,2000-12-31T19:17:54.854,867.01,4.30,8.66,3,0.00,3,8.66,8.17,24.50,1.06,1.73,,"2 frame(s); median area 3.0 px; net motion dx=70.6, dy=-32.9; flags: none"
N1356976983,T0007,1356976983-0054,0.4572,2,0,co-iss-n1356976983,1356976983,2000-12-31T17:50:52.890,324.68,179.62,10.47,3,0.00,3,10.47,9.27,27.82,1.13,1.73,,"2 frame(s); median area 3.5 px; net motion dx=31.0, dy=17.3; flags: none"
N1356977373,T0007,1356977373-0063,0.4572,2,1,co-iss-n1356977373,1356977373,2000-12-31T17:57:22.887,355.72,196.88,16.92,4,0.00,4,16.92,12.87,51.49,1.31,1.63,,"2 frame(s); median area 3.5 px; net motion dx=31.0, dy=17.3; flags: none"
N1356981845,T0173,1356981845-0197,0.4400,2,4,co-iss-n1356981845,1356981845,2000-12-31T19:11:54.857,319.63,604.67,10.02,3,0.00,3,10.02,8.94,26.83,1.12,1.73,,"2 frame(s); median area 3.0 px; net motion dx=-29.3, dy=61.1; flags: none"
N1356982205,T0173,1356982205-0294,0.4400,2,5,co-iss-n1356982205,1356982205,2000-12-31T19:17:54.854,290.30,665.74,15.82,3,0.00,3,15.82,11.94,35.81,1.33,1.73,,"2 frame(s); median area 3.0 px; net motion dx=-29.3, dy=61.1; flags: none"
N1356985927,T0213,1356985927-0022,0.4394,2,6,co-iss-n1356985927,1356985927,2000-12-31T20:19:56.828,599.34,85.24,13.70,3,0.00,3,13.70,11.04,33.13,1.24,1.73,,"2 frame(s); median area 3.0 px; net motion dx=-8.7, dy=-38.5; flags: none"
N1356986317,T0213,1356986317-0016,0.4394,2,7,co-iss-n1356986317,1356986317,2000-12-31T20:26:26.826,590.63,46.69,11.93,3,0.00,3,11.93,10.62,31.85,1.12,1.73,,"2 frame(s); median area 3.0 px; net motion dx=-8.7, dy=-38.5; flags: none"
N1356976983,T0001,1356976983-0018,0.4375,1,0,co-iss-n1356976983,1356976983,2000-12-31T17:50:52.890,686.79,65.40,30.89,8,0.00,8,30.89,17.32,138.58,1.78,4.24,,1 frame(s); median area 8.0 px; flags: none
N1356976983,T0005,1356976983-0042,0.4375,1,0,co-iss-n1356976983,1356976983,2000-12-31T17:50:52.890,626.40,154.34,49.18,9,0.15,9,49.18,21.99,197.90,2.24,7.36,,1 frame(s); median area 9.0 px; flags: none
N1356976983,T0027,1356976983-0213,0.4375,1,0,co-iss-n1356976983,1356976983,2000-12-31T17:50:52.890,289.64,636.53,47.68,8,0.15,8,47.68,22.25,178.01,2.14,6.99,,1 frame(s); median area 8.0 px; flags: none
N1356976983,T0031,1356976983-0249,0.4375,1,0,co-iss-n1356976983,1356976983,2000-12-31T17:50:52.890,282.22,717.35,48.33,10,0.00,10,48.33,28.81,288.05,1.68,1.78,,1 frame(s); median area 10.0 px; flags: none
N1356976983,T0034,1356976983-0292,0.4375,1,0,co-iss-n1356976983,1356976983,2000-12-31T17:50:52.890,306.66,817.98,48.76,10,0.00,10,48.76,29.09,290.94,1.68,4.15,,1 frame(s); median area 10.0 px; flags: none
N1356977733,T0103,1356977733-0338,0.4375,1,2,co-iss-n1356977733,1356977733,2000-12-31T18:03:22.885,553.74,714.27,82.02,8,0.00,8,82.02,38.19,305.52,2.15,5.02,,1 frame(s); median area 8.0 px; flags: none
N1356977733,T0114,1356977733-0408,0.4375,1,2,co-iss-n1356977733,1356977733,2000-12-31T18:03:22.885,630.73,884.44,36.43,16,0.00,16,36.43,19.72,315.57,1.85,2.77,,1 frame(s); median area 16.0 px; flags: none
N1356981455,T0118,1356981455-0006,0.4375,1,3,co-iss-n1356981455,1356981455,2000-12-31T19:05:24.859,527.40,25.25,28.46,11,0.15,11,28.46,17.12,188.27,1.66,6.74,,1 frame(s); median area 11.0 px; flags: none
N1356981455,T0129,1356981455-0094,0.4375,1,3,co-iss-n1356981455,1356981455,2000-12-31T19:05:24.859,354.35,285.91,47.74,9,0.15,9,47.74,22.41,201.69,2.13,7.63,,1 frame(s); median area 9.0 px; flags: none
N1356981455,T0135,1356981455-0145,0.4375,1,3,co-iss-n1356981455,1356981455,2000-12-31T19:05:24.859,478.20,417.10,36.89,8,0.00,8,36.89,17.79,142.30,2.07,3.98,,1 frame(s); median area 8.0 px; flags: none
N1356982205,T0192,1356982205-0238,0.4375,1,5,co-iss-n1356982205,1356982205,2000-12-31T19:17:54.854,682.27,533.03,41.06,10,0.00,10,41.06,22.21,222.08,1.85,2.11,,1 frame(s); median area 10.0 px; flags: none
N1356982205,T0207,1356982205-0376,0.4375,1,5,co-iss-n1356982205,1356982205,2000-12-31T19:17:54.854,544.87,885.26,114.00,9,0.00,9,114.00,50.85,457.61,2.24,3.21,,1 frame(s); median area 9.0 px; flags: none
N1356985927,T0266,1356985927-0326,0.4375,1,6,co-iss-n1356985927,1356985927,2000-12-31T20:19:56.828,168.53,794.64,47.55,8,0.00,8,47.55,22.63,181.03,2.10,4.69,,1 frame(s); median area 8.0 px; flags: none
N1356985927,T0272,1356985927-0356,0.4375,1,6,co-iss-n1356985927,1356985927,2000-12-31T20:19:56.828,227.58,827.50,45.52,8,0.15,8,45.52,16.55,132.36,2.75,7.11,,1 frame(s); median area 8.0 px; flags: none
N1356986677,T0307,1356986677-0113,0.4375,1,8,co-iss-n1356986677,1356986677,2000-12-31T20:32:26.823,349.50,101.28,55.29,8,0.00,8,55.29,23.21,185.70,2.38,2.23,,1 frame(s); median area 8.0 px; flags: none
N1356986677,T0323,1356986677-0334,0.4375,1,8,co-iss-n1356986677,1356986677,2000-12-31T20:32:26.823,673.50,719.57,83.44,10,0.00,10,83.44,41.27,412.68,2.02,1.42,,1 frame(s); median area 10.0 px; flags: none
N1356986677,T0326,1356986677-0427,0.4375,1,8,co-iss-n1356986677,1356986677,2000-12-31T20:32:26.823,328.33,944.57,81.55,16,0.00,16,81.55,40.73,651.65,2.00,3.32,,1 frame(s); median area 16.0 px; flags: none
N1356990399,T0329,1356990399-0014,0.4375,1,9,co-iss-n1356990399,1356990399,2000-12-31T21:34:28.797,971.10,59.08,44.50,8,0.00,8,44.50,28.24,225.89,1.58,2.52,,1 frame(s); median area 8.0 px; flags: none
N1356990789,T0369,1356990789-0027,0.4375,1,10,co-iss-n1356990789,1356990789,2000-12-31T21:40:58.795,797.36,95.07,47.96,9,0.00,9,47.96,20.02,180.16,2.40,1.81,,1 frame(s); median area 9.0 px; flags: none
N1356991149,T0400,1356991149-0122,0.4375,1,11,co-iss-n1356991149,1356991149,2000-12-31T21:46:58.792,586.32,89.89,37.52,10,0.00,10,37.52,17.98,179.78,2.09,2.10,,1 frame(s); median area 10.0 px; flags: none
N1356991149,T0413,1356991149-0279,0.4375,1,11,co-iss-n1356991149,1356991149,2000-12-31T21:46:58.792,424.13,448.58,60.56,9,0.00,9,60.56,28.37,255.31,2.13,2.30,,1 frame(s); median area 9.0 px; flags: none
N1356991149,T0427,1356991149-0403,0.4375,1,11,co-iss-n1356991149,1356991149,2000-12-31T21:46:58.792,703.01,753.21,68.29,12,0.00,12,68.29,49.31,591.75,1.38,1.31,,1 frame(s); median area 12.0 px; flags: none
N1356991149,T0431,1356991149-0417,0.4375,1,11,co-iss-n1356991149,1356991149,2000-12-31T21:46:58.792,997.16,773.13,53.39,10,0.00,10,53.39,34.97,349.71,1.53,1.63,,1 frame(s); median area 10.0 px; flags: none
N1356991149,T0435,1356991149-0454,0.4375,1,11,co-iss-n1356991149,1356991149,2000-12-31T21:46:58.792,941.94,853.76,33.62,10,0.00,10,33.62,18.17,181.69,1.85,4.40,,1 frame(s); median area 10.0 px; flags: none
N1356977733,T0096,1356977733-0280,0.4315,1,2,co-iss-n1356977733,1356977733,2000-12-31T18:03:22.885,988.39,588.09,24.00,8,0.00,8,24.00,12.22,97.75,1.96,1.65,,1 frame(s); median area 8.0 px; flags: none
N1356986317,T0296,1356986317-0234,0.4314,2,7,co-iss-n1356986317,1356986317,2000-12-31T20:26:26.826,423.73,620.43,11.48,3,0.00,3,11.48,8.91,26.74,1.29,1.73,,"2 frame(s); median area 3.0 px; net motion dx=-20.5, dy=-40.8; flags: none"
N1356986677,T0296,1356986677-0276,0.4314,2,8,co-iss-n1356986677,1356986677,2000-12-31T20:32:26.823,403.27,579.59,11.50,3,0.00,3,11.50,9.42,28.27,1.22,1.73,,"2 frame(s); median area 3.0 px; net motion dx=-20.5, dy=-40.8; flags: none"
N1356990399,T0337,1356990399-0071,0.4284,1,9,co-iss-n1356990399,1356990399,2000-12-31T21:34:28.797,289.20,284.27,23.48,8,0.00,8,23.48,14.76,118.06,1.59,4.45,,1 frame(s); median area 8.0 px; flags: none
N1356976983,T0043,1356976983-0398,0.4270,2,0,co-iss-n1356976983,1356976983,2000-12-31T17:50:52.890,708.32,942.00,8.11,3,0.00,3,8.11,7.66,22.98,1.06,4.39,,"2 frame(s); median area 3.5 px; net motion dx=80.9, dy=-9.8; flags: none"
N1356977373,T0043,1356977373-0356,0.4270,2,1,co-iss-n1356977373,1356977373,2000-12-31T17:57:22.887,789.20,932.24,9.23,4,0.00,4,9.23,8.15,32.61,1.13,1.63,,"2 frame(s); median area 3.5 px; net motion dx=80.9, dy=-9.8; flags: none"
N1356976983,T0040,1356976983-0363,0.4262,2,0,co-iss-n1356976983,1356976983,2000-12-31T17:50:52.890,952.69,927.31,9.00,3,0.00,3,9.00,7.86,23.59,1.14,1.73,,"2 frame(s); median area 3.5 px; net motion dx=-62.9, dy=-5.8; flags: none"
N1356977373,T0040,1356977373-0327,0.4262,2,1,co-iss-n1356977373,1356977373,2000-12-31T17:57:22.887,889.75,921.48,8.07,4,0.00,4,8.07,7.60,30.39,1.06,1.82,,"2 frame(s); median area 3.5 px; net motion dx=-62.9, dy=-5.8; flags: none"
N1356981455,T0161,1356981455-0344,0.4212,2,3,co-iss-n1356981455,1356981455,2000-12-31T19:05:24.859,955.30,928.32,9.80,3,0.00,3,9.80,8.54,25.61,1.15,1.73,,"2 frame(s); median area 3.0 px; net motion dx=-0.6, dy=-82.7; flags: none"
N1356981845,T0161,1356981845-0279,0.4212,2,4,co-iss-n1356981845,1356981845,2000-12-31T19:11:54.857,954.68,845.65,9.76,3,0.00,3,9.76,9.30,27.90,1.05,1.73,,"2 frame(s); median area 3.0 px; net motion dx=-0.6, dy=-82.7; flags: none"
N1356981455,T0124,1356981455-0062,0.4170,1,3,co-iss-n1356981455,1356981455,2000-12-31T19:05:24.859,857.83,186.83,21.59,9,0.00,9,21.59,13.09,117.84,1.65,2.02,,1 frame(s); median area 9.0 px; flags: none
N1356990399,T0365,1356990399-0329,0.4148,2,9,co-iss-n1356990399,1356990399,2000-12-31T21:34:28.797,809.93,939.37,9.10,3,0.00,3,9.10,8.13,24.40,1.12,4.39,,"2 frame(s); median area 3.0 px; net motion dx=-4.3, dy=-9.0; flags: none"
N1356990789,T0365,1356990789-0406,0.4148,2,10,co-iss-n1356990789,1356990789,2000-12-31T21:40:58.795,805.67,930.34,8.31,3,0.00,3,8.31,8.09,24.28,1.03,1.73,,"2 frame(s); median area 3.0 px; net motion dx=-4.3, dy=-9.0; flags: none"
N1356977733,T0084,1356977733-0169,0.4125,1,2,co-iss-n1356977733,1356977733,2000-12-31T18:03:22.885,153.82,294.75,62.27,7,0.15,7,62.27,18.43,129.02,3.38,5.14,,1 frame(s); median area 7.0 px; flags: none
N1356981455,T0120,1356981455-0033,0.4125,1,3,co-iss-n1356981455,1356981455,2000-12-31T19:05:24.859,64.66,94.61,51.86,7,0.00,7,51.86,27.77,194.38,1.87,2.18,,1 frame(s); median area 7.0 px; flags: none
N1356981455,T0147,1356981455-0230,0.4125,1,3,co-iss-n1356981455,1356981455,2000-12-31T19:05:24.859,515.70,629.63,27.71,7,0.00,7,27.71,13.52,94.66,2.05,5.84,,1 frame(s); median area 7.0 px; flags: none
N1356981455,T0151,1356981455-0264,0.4125,1,3,co-iss-n1356981455,1356981455,2000-12-31T19:05:24.859,48.17,759.26,50.21,7,0.00,7,50.21,27.36,191.55,1.84,2.18,,1 frame(s); median area 7.0 px; flags: none
N1356982205,T0190,1356982205-0192,0.4125,1,5,co-iss-n1356982205,1356982205,2000-12-31T19:17:54.854,444.07,346.54,45.72,7,0.00,7,45.72,20.28,141.94,2.25,2.78,,1 frame(s); median area 7.0 px; flags: none
N1356982205,T0198,1356982205-0307,0.4125,1,5,co-iss-n1356982205,1356982205,2000-12-31T19:17:54.854,499.73,718.98,112.12,7,0.15,7,112.12,31.68,221.74,3.54,1.08,,1 frame(s); median area 7.0 px; flags: none
N1356982205,T0202,1356982205-0341,0.4125,1,5,co-iss-n1356982205,1356982205,2000-12-31T19:17:54.854,394.67,803.50,78.26,7,0.00,7,78.26,47.99,335.91,1.63,2.18,,1 frame(s); median area 7.0 px; flags: none
N1356985927,T0278,1356985927-0393,0.4125,1,6,co-iss-n1356985927,1356985927,2000-12-31T20:19:56.828,751.31,861.95,27.97,7,0.00,7,27.97,18.97,132.78,1.47,1.87,,1 frame(s); median area 7.0 px; flags: none
N1356986677,T0306,1356986677-0104,0.4125,1,8,co-iss-n1356986677,1356986677,2000-12-31T20:32:26.823,837.35,67.84,64.59,7,0.00,7,64.59,38.71,270.96,1.67,1.45,,1 frame(s); median area 7.0 px; flags: none
N1356986677,T0317,1356986677-0296,0.4125,1,8,co-iss-n1356986677,1356986677,2000-12-31T20:32:26.823,853.48,630.35,38.96,7,0.00,7,38.96,18.17,127.19,2.14,2.54,,1 frame(s); median area 7.0 px; flags: none
N1356991149,T0409,1356991149-0222,0.4125,1,11,co-iss-n1356991149,1356991149,2000-12-31T21:46:58.792,289.09,328.33,75.27,7,0.00,7,75.27,46.84,327.87,1.61,1.08,,1 frame(s); median area 7.0 px; flags: none
N1356991149,T0421,1356991149-0374,0.4125,1,11,co-iss-n1356991149,1356991149,2000-12-31T21:46:58.792,622.39,674.56,65.04,7,0.00,7,65.04,23.94,167.56,2.72,2.18,,1 frame(s); median area 7.0 px; flags: none
N1356991149,T0423,1356991149-0394,0.4125,1,11,co-iss-n1356991149,1356991149,2000-12-31T21:46:58.792,273.91,735.28,51.90,7,0.00,7,51.90,18.74,131.20,2.77,5.39,,1 frame(s); median area 7.0 px; flags: none
N1356991149,T0433,1356991149-0436,0.4125,1,11,co-iss-n1356991149,1356991149,2000-12-31T21:46:58.792,165.02,810.42,77.48,7,0.00,7,77.48,25.95,181.66,2.99,1.45,,1 frame(s); median area 7.0 px; flags: none
N1356990399,T0346,1356990399-0144,0.4095,1,9,co-iss-n1356990399,1356990399,2000-12-31T21:34:28.797,790.26,494.71,20.34,10,0.00,10,20.34,13.83,138.32,1.47,4.87,,1 frame(s); median area 10.0 px; flags: none
N1356976983,T0029,1356976983-0232,0.4062,1,0,co-iss-n1356976983,1356976983,2000-12-31T17:50:52.890,42.35,673.30,23.96,7,0.00,7,23.96,15.74,110.17,1.52,3.27,,1 frame(s); median area 7.0 px; flags: none
N1356977733,T0107,1356977733-0365,0.4043,1,2,co-iss-n1356977733,1356977733,2000-12-31T18:03:22.885,979.10,786.89,19.47,11,0.00,11,19.47,13.36,146.97,1.46,2.43,,1 frame(s); median area 11.0 px; flags: none
N1356976983,T0039,1356976983-0344,0.3963,1,0,co-iss-n1356976983,1356976983,2000-12-31T17:50:52.890,631.12,923.07,22.31,7,0.00,7,22.31,14.51,101.60,1.54,2.46,,1 frame(s); median area 7.0 px; flags: none
N1356976983,T0009,1356976983-0070,0.3875,1,0,co-iss-n1356976983,1356976983,2000-12-31T17:50:52.890,475.40,220.42,49.83,6,0.00,6,49.83,36.51,219.07,1.36,1.35,,1 frame(s); median area 6.0 px; flags: none
N1356976983,T0016,1356976983-0133,0.3875,1,0,co-iss-n1356976983,1356976983,2000-12-31T17:50:52.890,216.07,402.99,50.04,6,0.00,6,50.04,26.30,157.81,1.90,3.34,,1 frame(s); median area 6.0 px; flags: none
N1356976983,T0028,1356976983-0223,0.3875,1,0,co-iss-n1356976983,1356976983,2000-12-31T17:50:52.890,284.92,653.46,47.68,6,0.00,6,47.68,16.61,99.69,2.87,3.45,,1 frame(s); median area 6.0 px; flags: none
N1356982205,T0186,1356982205-0117,0.3875,1,5,co-iss-n1356982205,1356982205,2000-12-31T19:17:54.854,472.59,136.94,28.47,6,0.00,6,28.47,17.25,103.49,1.65,3.60,,1 frame(s); median area 6.0 px; flags: none
N1356982205,T0193,1356982205-0255,0.3875,1,5,co-iss-n1356982205,1356982205,2000-12-31T19:17:54.854,411.87,585.61,39.79,6,0.00,6,39.79,22.32,133.94,1.78,3.60,,1 frame(s); median area 6.0 px; flags: none
N1356982205,T0206,1356982205-0369,0.3875,1,5,co-iss-n1356982205,1356982205,2000-12-31T19:17:54.854,540.26,864.16,38.99,6,0.00,6,38.99,21.12,126.72,1.85,3.56,,1 frame(s); median area 6.0 px; flags: none
N1356985927,T0221,1356985927-0064,0.3875,1,6,co-iss-n1356985927,1356985927,2000-12-31T20:19:56.828,280.31,219.54,47.96,6,0.00,6,47.96,31.83,190.96,1.51,1.63,,1 frame(s); median area 6.0 px; flags: none
N1356985927,T0233,1356985927-0152,0.3875,1,6,co-iss-n1356985927,1356985927,2000-12-31T20:19:56.828,483.43,463.85,40.29,6,0.00,6,40.29,21.05,126.32,1.91,4.47,,1 frame(s); median area 6.0 px; flags: none
N1356985927,T0235,1356985927-0169,0.3875,1,6,co-iss-n1356985927,1356985927,2000-12-31T20:19:56.828,219.39,521.75,45.94,6,0.00,6,45.94,24.25,145.49,1.89,4.39,,1 frame(s); median area 6.0 px; flags: none
N1356985927,T0255,1356985927-0246,0.3875,1,6,co-iss-n1356985927,1356985927,2000-12-31T20:19:56.828,88.67,711.52,27.37,6,0.00,6,27.37,16.68,100.07,1.64,2.45,,1 frame(s); median area 6.0 px; flags: none
N1356985927,T0267,1356985927-0327,0.3875,1,6,co-iss-n1356985927,1356985927,2000-12-31T20:19:56.828,313.59,796.70,29.54,6,0.15,6,29.54,15.29,91.73,1.93,6.81,,1 frame(s); median area 6.0 px; flags: none
N1356986317,T0291,1356986317-0074,0.3875,1,7,co-iss-n1356986317,1356986317,2000-12-31T20:26:26.826,501.17,196.85,31.24,6,0.00,6,31.24,15.09,90.54,2.07,1.35,,1 frame(s); median area 6.0 px; flags: none
N1356986677,T0314,1356986677-0265,0.3875,1,8,co-iss-n1356986677,1356986677,2000-12-31T20:32:26.823,724.08,548.13,44.69,6,0.00,6,44.69,17.09,102.53,2.62,2.03,,1 frame(s); median area 6.0 px; flags: none
N1356991149,T0430,1356991149-0409,0.3875,1,11,co-iss-n1356991149,1356991149,2000-12-31T21:46:58.792,129.05,759.48,78.12,6,0.00,6,78.12,32.91,197.45,2.37,1.63,,1 frame(s); median area 6.0 px; flags: none
N1356982205,T0203,1356982205-0351,0.3749,1,5,co-iss-n1356982205,1356982205,2000-12-31T19:17:54.854,477.68,829.92,22.90,6,0.00,6,22.90,15.86,95.16,1.44,2.03,,1 frame(s); median area 6.0 px; flags: none
N1356977733,T0112,1356977733-0394,0.3709,1,2,co-iss-n1356977733,1356977733,2000-12-31T18:03:22.885,968.82,851.83,18.06,7,0.00,7,18.06,12.09,84.63,1.49,4.58,,1 frame(s); median area 7.0 px; flags: none
N1356981455,T0138,1356981455-0155,0.3694,1,3,co-iss-n1356981455,1356981455,2000-12-31T19:05:24.859,727.50,434.47,21.98,6,0.15,6,21.98,14.97,89.84,1.47,7.63,,1 frame(s); median area 6.0 px; flags: none
N1356977373,T0054,1356977373-0134,0.3676,1,1,co-iss-n1356977373,1356977373,2000-12-31T17:57:22.887,1020.58,412.67,13.34,26,0.15,26,13.34,9.17,238.35,1.46,6.95,,1 frame(s); median area 26.0 px; flags: none
N1356985927,T0263,1356985927-0284,0.3666,1,6,co-iss-n1356985927,1356985927,2000-12-31T20:19:56.828,886.79,747.28,21.51,6,0.00,6,21.51,14.36,86.18,1.50,1.35,,1 frame(s); median area 6.0 px; flags: none
N1356976983,T0010,1356976983-0077,0.3625,1,0,co-iss-n1356976983,1356976983,2000-12-31T17:50:52.890,570.21,238.33,48.54,5,0.00,5,48.54,23.00,115.02,2.11,1.73,,1 frame(s); median area 5.0 px; flags: none
N1356976983,T0026,1356976983-0211,0.3625,1,0,co-iss-n1356976983,1356976983,2000-12-31T17:50:52.890,434.27,632.31,27.25,5,0.00,5,27.25,20.58,102.92,1.32,4.39,,1 frame(s); median area 5.0 px; flags: none
N1356977733,T0081,1356977733-0120,0.3625,1,2,co-iss-n1356977733,1356977733,2000-12-31T18:03:22.885,157.66,133.73,33.39,5,0.00,5,33.39,20.07,100.34,1.66,2.62,,1 frame(s); median area 5.0 px; flags: none
N1356977733,T0088,1356977733-0207,0.3625,1,2,co-iss-n1356977733,1356977733,2000-12-31T18:03:22.885,746.99,387.70,40.30,5,0.00,5,40.30,28.12,140.61,1.43,5.00,,1 frame(s); median area 5.0 px; flags: none
N1356977733,T0098,1356977733-0302,0.3625,1,2,co-iss-n1356977733,1356977733,2000-12-31T18:03:22.885,181.27,629.97,37.15,5,0.00,5,37.15,15.15,75.77,2.45,4.39,,1 frame(s); median area 5.0 px; flags: none
N1356977733,T0100,1356977733-0323,0.3625,1,2,co-iss-n1356977733,1356977733,2000-12-31T18:03:22.885,177.06,671.80,95.82,5,0.00,5,95.82,32.05,160.24,2.99,1.73,,1 frame(s); median area 5.0 px; flags: none
N1356977733,T0102,1356977733-0332,0.3625,1,2,co-iss-n1356977733,1356977733,2000-12-31T18:03:22.885,1013.56,690.85,75.52,5,0.00,5,75.52,41.97,209.85,1.80,1.73,,1 frame(s); median area 5.0 px; flags: none
N1356982205,T0188,1356982205-0152,0.3625,1,5,co-iss-n1356982205,1356982205,2000-12-31T19:17:54.854,43.84,214.72,27.40,5,0.00,5,27.40,16.70,83.48,1.64,5.83,,1 frame(s); median area 5.0 px; flags: none
N1356982205,T0205,1356982205-0353,0.3625,1,5,co-iss-n1356982205,1356982205,2000-12-31T19:17:54.854,482.16,833.47,32.54,5,0.00,5,32.54,15.80,79.01,2.06,2.89,,1 frame(s); median area 5.0 px; flags: none
N1356985927,T0247,1356985927-0212,0.3625,1,6,co-iss-n1356985927,1356985927,2000-12-31T20:19:56.828,574.89,612.43,36.86,5,0.00,5,36.86,17.51,87.53,2.11,1.73,,1 frame(s); median area 5.0 px; flags: none
N1356985927,T0268,1356985927-0334,0.3625,1,6,co-iss-n1356985927,1356985927,2000-12-31T20:19:56.828,49.21,803.27,49.57,5,0.00,5,49.57,22.36,111.78,2.22,1.73,,1 frame(s); median area 5.0 px; flags: none
N1356986677,T0324,1356986677-0352,0.3625,1,8,co-iss-n1356986677,1356986677,2000-12-31T20:32:26.823,154.28,781.95,84.90,5,0.00,5,84.90,44.57,222.87,1.90,1.73,,1 frame(s); median area 5.0 px; flags: none
N1356991149,T0411,1356991149-0264,0.3625,1,11,co-iss-n1356991149,1356991149,2000-12-31T21:46:58.792,542.90,428.64,46.26,5,0.00,5,46.26,19.82,99.08,2.33,5.83,,1 frame(s); median area 5.0 px; flags: none
N1356991149,T0416,1356991149-0302,0.3625,1,11,co-iss-n1356991149,1356991149,2000-12-31T21:46:58.792,682.49,489.20,60.68,5,0.00,5,60.68,26.88,134.41,2.26,1.73,,1 frame(s); median area 5.0 px; flags: none
N1356991149,T0418,1356991149-0316,0.3625,1,11,co-iss-n1356991149,1356991149,2000-12-31T21:46:58.792,921.87,528.78,52.44,5,0.00,5,52.44,27.23,136.14,1.93,1.73,,1 frame(s); median area 5.0 px; flags: none
N1356991149,T0432,1356991149-0418,0.3625,1,11,co-iss-n1356991149,1356991149,2000-12-31T21:46:58.792,211.04,777.84,76.85,5,0.00,5,76.85,51.37,256.84,1.50,2.62,,1 frame(s); median area 5.0 px; flags: none
N1356981455,T0125,1356981455-0069,0.3590,1,3,co-iss-n1356981455,1356981455,2000-12-31T19:05:24.859,220.28,203.10,20.25,6,0.00,6,20.25,10.62,63.72,1.91,3.47,,1 frame(s); median area 6.0 px; flags: none
N1356990789,T0377,1356990789-0164,0.3572,1,10,co-iss-n1356990789,1356990789,2000-12-31T21:40:58.795,1020.62,467.87,11.62,18,0.15,18,11.62,8.65,155.67,1.34,6.19,,1 frame(s); median area 18.0 px; flags: none
N1356985927,T0227,1356985927-0121,0.3571,1,6,co-iss-n1356985927,1356985927,2000-12-31T20:19:56.828,871.49,395.65,19.93,6,0.00,6,19.93,13.72,82.34,1.45,6.00,,1 frame(s); median area 6.0 px; flags: none
N1356990399,T0349,1356990399-0159,0.3568,1,9,co-iss-n1356990399,1356990399,2000-12-31T21:34:28.797,845.66,533.03,19.89,6,0.00,6,19.89,13.00,78.00,1.53,5.29,,1 frame(s); median area 6.0 px; flags: none
N1356986677,T0313,1356986677-0264,0.3510,1,8,co-iss-n1356986677,1356986677,2000-12-31T20:32:26.823,887.91,547.44,18.92,6,0.15,6,18.92,11.04,66.26,1.71,6.17,,1 frame(s); median area 6.0 px; flags: none
N1356981455,T0130,1356981455-0096,0.3452,1,3,co-iss-n1356981455,1356981455,2000-12-31T19:05:24.859,361.27,288.10,17.95,6,0.15,6,17.95,11.20,67.17,1.60,7.37,,1 frame(s); median area 6.0 px; flags: none
N1356990789,T0388,1356990789-0418,0.3450,1,10,co-iss-n1356990789,1356990789,2000-12-31T21:40:58.795,788.19,935.55,9.58,15,0.00,15,9.58,7.55,113.26,1.27,4.81,,1 frame(s); median area 15.0 px; flags: none
N1356991149,T0391,1356991149-0009,0.3445,1,11,co-iss-n1356991149,1356991149,2000-12-31T21:46:58.792,886.54,5.17,9.49,13,0.00,13,9.49,8.15,105.96,1.16,1.67,,1 frame(s); median area 13.0 px; flags: none
N1356985927,T0229,1356985927-0134,0.3443,1,6,co-iss-n1356985927,1356985927,2000-12-31T20:19:56.828,677.91,429.41,17.80,6,0.00,6,17.80,11.34,68.01,1.57,2.64,,1 frame(s); median area 6.0 px; flags: none
N1356977733,T0070,1356977733-0010,0.3441,1,2,co-iss-n1356977733,1356977733,2000-12-31T18:03:22.885,867.38,6.03,9.43,33,0.00,33,9.43,7.81,257.87,1.21,2.29,,1 frame(s); median area 33.0 px; flags: none
N1356986677,T0300,1356986677-0008,0.3433,1,8,co-iss-n1356986677,1356986677,2000-12-31T20:32:26.823,870.71,5.25,9.29,12,0.00,12,9.29,7.98,95.73,1.16,1.82,,1 frame(s); median area 12.0 px; flags: none
N1356991149,T0404,1356991149-0162,0.3432,1,11,co-iss-n1356991149,1356991149,2000-12-31T21:46:58.792,852.30,173.88,21.78,5,0.00,5,21.78,14.70,73.49,1.48,3.52,,1 frame(s); median area 5.0 px; flags: none
N1356977373,T0066,1356977373-0352,0.3428,1,1,co-iss-n1356977373,1356977373,2000-12-31T17:57:22.887,803.90,931.78,9.22,26,0.00,26,9.22,8.04,209.16,1.15,3.29,,1 frame(s); median area 26.0 px; flags: none
N1356985927,T0288,1356985927-0521,0.3417,1,6,co-iss-n1356985927,1356985927,2000-12-31T20:19:56.828,732.04,943.10,9.04,9,0.00,9,9.04,8.08,72.70,1.12,4.11,,1 frame(s); median area 9.0 px; flags: none
N1356981845,T0180,1356981845-0363,0.3411,1,4,co-iss-n1356981845,1356981845,2000-12-31T19:11:54.857,789.41,933.43,8.94,9,0.00,9,8.94,7.82,70.38,1.14,2.49,,1 frame(s); median area 9.0 px; flags: none
N1356985927,T0248,1356985927-0217,0.3385,1,6,co-iss-n1356985927,1356985927,2000-12-31T20:19:56.828,546.41,633.22,21.01,5,0.00,5,21.01,14.57,72.85,1.44,1.73,,1 frame(s); median area 5.0 px; flags: none
N1356991149,T0390,1356991149-0008,0.3385,1,11,co-iss-n1356991149,1356991149,2000-12-31T21:46:58.792,878.05,5.17,8.50,19,0.00,19,8.50,7.64,145.12,1.11,2.32,,1 frame(s); median area 19.0 px; flags: none
N1356982205,T0182,1356982205-0036,0.3381,1,5,co-iss-n1356982205,1356982205,2000-12-31T19:17:54.854,932.60,13.75,8.43,9,0.00,9,8.43,7.50,67.54,1.12,3.79,,1 frame(s); median area 9.0 px; flags: none
N1356976983,T0004,1356976983-0040,0.3375,1,0,co-iss-n1356976983,1356976983,2000-12-31T17:50:52.890,745.21,142.07,32.31,4,0.15,4,32.31,15.24,60.94,2.12,6.17,,1 frame(s); median area 4.0 px; flags: none
N1356976983,T0011,1356976983-0085,0.3375,1,0,co-iss-n1356976983,1356976983,2000-12-31T17:50:52.890,959.33,275.56,35.90,4,0.00,4,35.90,16.38,65.53,2.19,2.62,,1 frame(s); median area 4.0 px; flags: none
N1356976983,T0038,1356976983-0321,0.3375,1,0,co-iss-n1356976983,1356976983,2000-12-31T17:50:52.890,277.87,870.06,49.61,4,0.00,4,49.61,23.18,92.72,2.14,3.60,,1 frame(s); median area 4.0 px; flags: none
N1356977373,T0050,1356977373-0074,0.3375,1,1,co-iss-n1356977373,1356977373,2000-12-31T17:57:22.887,307.78,226.45,45.36,4,0.00,4,45.36,25.95,103.81,1.75,1.00,,1 frame(s); median area 4.0 px; flags: none
N1356977733,T0076,1356977733-0053,0.3375,1,2,co-iss-n1356977733,1356977733,2000-12-31T18:03:22.885,268.75,14.38,113.67,4,0.00,4,113.67,50.81,203.24,2.24,1.00,,1 frame(s); median area 4.0 px; flags: none
N1356977733,T0094,1356977733-0273,0.3375,1,2,co-iss-n1356977733,1356977733,2000-12-31T18:03:22.885,694.99,570.37,59.19,4,0.00,4,59.19,26.29,105.15,2.25,2.62,,1 frame(s); median area 4.0 px; flags: none
N1356977733,T0097,1356977733-0298,0.3375,1,2,co-iss-n1356977733,1356977733,2000-12-31T18:03:22.885,503.52,620.12,39.62,4,0.00,4,39.62,20.62,82.47,1.92,2.45,,1 frame(s); median area 4.0 px; flags: none
N1356977733,T0104,1356977733-0341,0.3375,1,2,co-iss-n1356977733,1356977733,2000-12-31T18:03:22.885,836.26,720.71,30.10,4,0.00,4,30.10,18.78,75.13,1.60,2.62,,1 frame(s); median area 4.0 px; flags: none
N1356977733,T0106,1356977733-0364,0.3375,1,2,co-iss-n1356977733,1356977733,2000-12-31T18:03:22.885,807.49,783.33,55.36,4,0.00,4,55.36,32.31,129.24,1.71,1.00,,1 frame(s); median area 4.0 px; flags: none
N1356981455,T0119,1356981455-0021,0.3375,1,3,co-iss-n1356981455,1356981455,2000-12-31T19:05:24.859,528.60,61.72,28.83,4,0.00,4,28.83,16.36,65.42,1.76,1.00,,1 frame(s); median area 4.0 px; flags: none
N1356981455,T0139,1356981455-0159,0.3375,1,3,co-iss-n1356981455,1356981455,2000-12-31T19:05:24.859,28.75,444.47,49.39,4,0.00,4,49.39,32.76,131.05,1.51,1.00,,1 frame(s); median area 4.0 px; flags: none
N1356981455,T0140,1356981455-0169,0.3375,1,3,co-iss-n1356981455,1356981455,2000-12-31T19:05:24.859,904.85,465.13,28.77,4,0.00,4,28.77,18.63,74.54,1.54,2.45,,1 frame(s); median area 4.0 px; flags: none
N1356981455,T0153,1356981455-0268,0.3375,1,3,co-iss-n1356981455,1356981455,2000-12-31T19:05:24.859,371.38,766.23,45.49,4,0.00,4,45.49,22.61,90.44,2.01,1.00,,1 frame(s); median area 4.0 px; flags: none
N1356981455,T0158,1356981455-0302,0.3375,1,3,co-iss-n1356981455,1356981455,2000-12-31T19:05:24.859,220.78,852.38,48.36,4,0.00,4,48.36,27.16,108.64,1.78,2.62,,1 frame(s); median area 4.0 px; flags: none
N1356981845,T0169,1356981845-0095,0.3375,1,4,co-iss-n1356981845,1356981845,2000-12-31T19:11:54.857,960.20,321.50,40.93,4,0.00,4,40.93,25.46,101.84,1.61,1.00,,1 frame(s); median area 4.0 px; flags: none
N1356981845,T0174,1356981845-0208,0.3375,1,4,co-iss-n1356981845,1356981845,2000-12-31T19:11:54.857,100.11,622.59,25.28,4,0.00,4,25.28,17.35,69.42,1.46,2.62,,1 frame(s); median area 4.0 px; flags: none
N1356981845,T0177,1356981845-0254,0.3375,1,4,co-iss-n1356981845,1356981845,2000-12-31T19:11:54.857,573.29,779.63,44.72,4,0.00,4,44.72,22.83,91.32,1.96,1.00,,1 frame(s); median area 4.0 px; flags: none
N1356982205,T0187,1356982205-0142,0.3375,1,5,co-iss-n1356982205,1356982205,2000-12-31T19:17:54.854,241.74,204.32,47.98,4,0.00,4,47.98,24.23,96.90,1.98,1.00,,1 frame(s); median area 4.0 px; flags: none
N1356982205,T0189,1356982205-0184,0.3375,1,5,co-iss-n1356982205,1356982205,2000-12-31T19:17:54.854,17.79,331.51,53.17,4,0.00,4,53.17,30.99,123.95,1.72,1.00,,1 frame(s); median area 4.0 px; flags: none
N1356982205,T0194,1356982205-0267,0.3375,1,5,co-iss-n1356982205,1356982205,2000-12-31T19:17:54.854,200.35,623.52,32.44,4,0.00,4,32.44,20.12,80.48,1.61,1.00,,1 frame(s); median area 4.0 px; flags: none
N1356982205,T0208,1356982205-0388,0.3375,1,5,co-iss-n1356982205,1356982205,2000-12-31T19:17:54.854,456.06,904.55,96.53,4,0.00,4,96.53,44.46,177.84,2.17,2.45,,1 frame(s); median area 4.0 px; flags: none
N1356985927,T0210,1356985927-0005,0.3375,1,6,co-iss-n1356985927,1356985927,2000-12-31T20:19:56.828,677.99,24.44,47.55,4,0.00,4,47.55,41.62,166.48,1.14,2.62,,1 frame(s); median area 4.0 px; flags: none
N1356985927,T0225,1356985927-0085,0.3375,1,6,co-iss-n1356985927,1356985927,2000-12-31T20:19:56.828,792.49,278.82,38.58,4,0.00,4,38.58,25.13,100.50,1.54,2.62,,1 frame(s); median area 4.0 px; flags: none
N1356985927,T0253,1356985927-0237,0.3375,1,6,co-iss-n1356985927,1356985927,2000-12-31T20:19:56.828,117.26,700.54,47.96,4,0.00,4,47.96,27.23,108.92,1.76,1.00,,1 frame(s); median area 4.0 px; flags: none
N1356985927,T0261,1356985927-0280,0.3375,1,6,co-iss-n1356985927,1356985927,2000-12-31T20:19:56.828,195.63,740.54,31.24,4,0.00,4,31.24,22.05,88.22,1.42,1.00,,1 frame(s); median area 4.0 px; flags: none
N1356985927,T0284,1356985927-0440,0.3375,1,6,co-iss-n1356985927,1356985927,2000-12-31T20:19:56.828,157.74,919.40,30.39,4,0.00,4,30.39,17.03,68.14,1.78,1.00,,1 frame(s); median area 4.0 px; flags: none
N1356986317,T0294,1356986317-0140,0.3375,1,7,co-iss-n1356986317,1356986317,2000-12-31T20:26:26.826,583.53,388.50,45.17,4,0.00,4,45.17,36.85,147.40,1.23,1.00,,1 frame(s); median area 4.0 px; flags: none
N1356986677,T0308,1356986677-0153,0.3375,1,8,co-iss-n1356986677,1356986677,2000-12-31T20:32:26.823,313.25,223.72,55.64,4,0.00,4,55.64,24.89,99.56,2.24,1.00,,1 frame(s); median area 4.0 px; flags: none
N1356986677,T0309,1356986677-0186,0.3375,1,8,co-iss-n1356986677,1356986677,2000-12-31T20:32:26.823,884.21,323.93,29.94,4,0.00,4,29.94,15.53,62.13,1.93,1.63,,1 frame(s); median area 4.0 px; flags: none
N1356986677,T0319,1356986677-0311,0.3375,1,8,co-iss-n1356986677,1356986677,2000-12-31T20:32:26.823,585.64,643.60,45.77,4,0.00,4,45.77,27.09,108.35,1.69,1.00,,1 frame(s); median area 4.0 px; flags: none
N1356986677,T0320,1356986677-0315,0.3375,1,8,co-iss-n1356986677,1356986677,2000-12-31T20:32:26.823,989.01,654.69,62.33,4,0.00,4,62.33,29.72,118.89,2.10,2.62,,1 frame(s); median area 4.0 px; flags: none
N1356986677,T0325,1356986677-0386,0.3375,1,8,co-iss-n1356986677,1356986677,2000-12-31T20:32:26.823,342.87,839.91,90.68,4,0.00,4,90.68,34.11,136.44,2.66,1.63,,1 frame(s); median area 4.0 px; flags: none
N1356990399,T0330,1356990399-0020,0.3375,1,9,co-iss-n1356990399,1356990399,2000-12-31T21:34:28.797,271.73,71.71,48.38,4,0.00,4,48.38,27.25,109.01,1.78,2.62,,1 frame(s); median area 4.0 px; flags: none
N1356990789,T0380,1356990789-0231,0.3375,1,10,co-iss-n1356990789,1356990789,2000-12-31T21:40:58.795,316.49,620.54,27.89,4,0.00,4,27.89,19.19,76.75,1.45,1.00,,1 frame(s); median area 4.0 px; flags: none
N1356991149,T0402,1356991149-0152,0.3375,1,11,co-iss-n1356991149,1356991149,2000-12-31T21:46:58.792,611.28,151.13,44.11,4,0.00,4,44.11,20.18,80.74,2.19,2.45,,1 frame(s); median area 4.0 px; flags: none
N1356991149,T0408,1356991149-0215,0.3375,1,11,co-iss-n1356991149,1356991149,2000-12-31T21:46:58.792,19.50,317.80,78.12,4,0.00,4,78.12,48.90,195.60,1.60,1.00,,1 frame(s); median area 4.0 px; flags: none
N1356991149,T0415,1356991149-0300,0.3375,1,11,co-iss-n1356991149,1356991149,2000-12-31T21:46:58.792,679.89,485.92,48.60,4,0.00,4,48.60,18.90,75.60,2.57,2.45,,1 frame(s); median area 4.0 px; flags: none
N1356991149,T0428,1356991149-0406,0.3375,1,11,co-iss-n1356991149,1356991149,2000-12-31T21:46:58.792,719.12,755.56,33.99,4,0.00,4,33.99,24.90,99.58,1.37,2.62,,1 frame(s); median area 4.0 px; flags: none
N1356991149,T0437,1356991149-0490,0.3375,1,11,co-iss-n1356991149,1356991149,2000-12-31T21:46:58.792,247.31,910.21,78.75,4,0.00,4,78.75,36.97,147.86,2.13,1.00,,1 frame(s); median area 4.0 px; flags: none
N1356985927,T0241,1356985927-0184,0.3360,1,6,co-iss-n1356985927,1356985927,2000-12-31T20:19:56.828,595.12,563.30,20.58,5,0.15,5,20.58,13.44,67.22,1.53,6.85,,1 frame(s); median area 5.0 px; flags: none
N1356981455,T0162,1356981455-0347,0.3359,1,3,co-iss-n1356981455,1356981455,2000-12-31T19:05:24.859,909.35,930.67,8.07,9,0.00,9,8.07,7.55,67.95,1.07,2.71,,1 frame(s); median area 9.0 px; flags: none
N1356991149,T0389,1356991149-0007,0.3359,1,11,co-iss-n1356991149,1356991149,2000-12-31T21:46:58.792,870.64,6.66,8.06,14,0.00,14,8.06,7.46,104.49,1.08,1.35,,1 frame(s); median area 14.0 px; flags: none
N1356981845,T0172,1356981845-0186,0.3308,1,4,co-iss-n1356981845,1356981845,2000-12-31T19:11:54.857,865.35,576.90,23.88,4,0.15,4,23.88,15.21,60.86,1.57,6.85,,1 frame(s); median area 4.0 px; flags: none
N1356985927,T0256,1356985927-0247,0.3303,1,6,co-iss-n1356985927,1356985927,2000-12-31T20:19:56.828,554.58,715.87,19.64,5,0.00,5,19.64,13.22,66.10,1.49,3.04,,1 frame(s); median area 5.0 px; flags: none
N1356990399,T0350,1356990399-0168,0.3277,1,9,co-iss-n1356990399,1356990399,2000-12-31T21:34:28.797,942.86,558.52,23.37,4,0.00,4,23.37,16.63,66.53,1.41,2.62,,1 frame(s); median area 4.0 px; flags: none
N1356977733,T0083,1356977733-0148,0.3246,1,2,co-iss-n1356977733,1356977733,2000-12-31T18:03:22.885,564.18,223.42,18.68,5,0.00,5,18.68,12.58,62.91,1.48,1.73,,1 frame(s); median area 5.0 px; flags: none
N1356985927,T0260,1356985927-0269,0.3203,1,6,co-iss-n1356985927,1356985927,2000-12-31T20:19:56.828,553.22,728.53,22.13,4,0.00,4,22.13,13.03,52.10,1.70,2.45,,1 frame(s); median area 4.0 px; flags: none
N1356981455,T0142,1356981455-0189,0.3198,1,3,co-iss-n1356981455,1356981455,2000-12-31T19:05:24.859,565.61,519.49,22.06,4,0.00,4,22.06,17.22,68.86,1.28,1.00,,1 frame(s); median area 4.0 px; flags: none
N1356990789,T0368,1356990789-0022,0.3194,1,10,co-iss-n1356990789,1356990789,2000-12-31T21:40:58.795,802.89,87.63,17.82,5,0.00,5,17.82,10.26,51.29,1.74,4.78,,1 frame(s); median area 5.0 px; flags: none
N1356990399,T0327,1356990399-0011,0.3179,1,9,co-iss-n1356990399,1356990399,2000-12-31T21:34:28.797,28.56,54.04,17.56,5,0.15,5,17.56,13.05,65.24,1.35,6.31,,1 frame(s); median area 5.0 px; flags: none
N1356985927,T0236,1356985927-0172,0.3178,1,6,co-iss-n1356985927,1356985927,2000-12-31T20:19:56.828,988.43,526.43,21.71,4,0.00,4,21.71,17.57,70.27,1.24,1.00,,1 frame(s); median area 4.0 px; flags: none
N1356976983,T0013,1356976983-0090,0.3175,1,0,co-iss-n1356976983,1356976983,2000-12-31T17:50:52.890,698.42,285.85,21.66,4,0.00,4,21.66,11.98,47.93,1.81,2.45,,1 frame(s); median area 4.0 px; flags: none
N1356986677,T0303,1356986677-0051,0.3159,1,8,co-iss-n1356986677,1356986677,2000-12-31T20:32:26.823,910.85,12.98,8.90,7,0.00,7,8.90,7.61,53.24,1.17,3.67,,1 frame(s); median area 7.0 px; flags: none
N1356977733,T0089,1356977733-0219,0.3148,1,2,co-iss-n1356977733,1356977733,2000-12-31T18:03:22.885,679.40,426.50,21.21,4,0.00,4,21.21,16.95,67.79,1.25,1.00,,1 frame(s); median area 4.0 px; flags: none
N1356985927,T0252,1356985927-0234,0.3142,1,6,co-iss-n1356985927,1356985927,2000-12-31T20:19:56.828,922.96,692.44,21.11,4,0.00,4,21.11,15.03,60.11,1.40,2.62,,1 frame(s); median area 4.0 px; flags: none
N1356977733,T0111,1356977733-0392,0.3128,1,2,co-iss-n1356977733,1356977733,2000-12-31T18:03:22.885,524.13,851.73,20.89,4,0.15,4,20.89,14.62,58.46,1.43,6.85,,1 frame(s); median area 4.0 px; flags: none
N1356976983,T0006,1356976983-0045,0.3125,1,0,co-iss-n1356976983,1356976983,2000-12-31T17:50:52.890,858.21,158.76,44.90,3,0.00,3,44.90,27.27,81.82,1.65,1.73,,1 frame(s); median area 3.0 px; flags: none
N1356976983,T0012,1356976983-0088,0.3125,1,0,co-iss-n1356976983,1356976983,2000-12-31T17:50:52.890,506.36,281.78,32.22,3,0.00,3,32.22,25.34,76.02,1.27,1.73,,1 frame(s); median area 3.0 px; flags: none
N1356976983,T0032,1356976983-0271,0.3125,1,0,co-iss-n1356976983,1356976983,2000-12-31T17:50:52.890,526.67,759.23,30.43,3,0.00,3,30.43,23.16,69.48,1.31,1.73,,1 frame(s); median area 3.0 px; flags: none
N1356977373,T0047,1356977373-0042,0.3125,1,1,co-iss-n1356977373,1356977373,2000-12-31T17:57:22.887,39.62,125.18,35.36,3,0.00,3,35.36,19.11,57.33,1.85,1.73,,1 frame(s); median area 3.0 px; flags: none
N1356977373,T0048,1356977373-0047,0.3125,1,1,co-iss-n1356977373,1356977373,2000-12-31T17:57:22.887,54.88,155.30,33.26,3,0.00,3,33.26,19.18,57.55,1.73,1.73,,1 frame(s); median area 3.0 px; flags: none
N1356977373,T0049,1356977373-0069,0.3125,1,1,co-iss-n1356977373,1356977373,2000-12-31T17:57:22.887,66.38,215.80,54.91,3,0.00,3,54.91,43.92,131.77,1.25,1.73,,1 frame(s); median area 3.0 px; flags: none
N1356977373,T0063,1356977373-0334,0.3125,1,1,co-iss-n1356977373,1356977373,2000-12-31T17:57:22.887,823.75,923.08,72.43,3,0.00,3,72.43,32.34,97.02,2.24,1.73,,1 frame(s); median area 3.0 px; flags: none
N1356977733,T0080,1356977733-0117,0.3125,1,2,co-iss-n1356977733,1356977733,2000-12-31T18:03:22.885,874.51,128.90,78.28,3,0.00,3,78.28,50.67,152.02,1.54,1.73,,1 frame(s); median area 3.0 px; flags: none
N1356977733,T0082,1356977733-0126,0.3125,1,2,co-iss-n1356977733,1356977733,2000-12-31T18:03:22.885,726.35,150.11,77.15,3,0.00,3,77.15,39.50,118.51,1.95,1.73,,1 frame(s); median area 3.0 px; flags: none
N1356977733,T0085,1356977733-0185,0.3125,1,2,co-iss-n1356977733,1356977733,2000-12-31T18:03:22.885,133.55,331.87,40.54,3,0.00,3,40.54,20.03,60.10,2.02,4.39,,1 frame(s); median area 3.0 px; flags: none
N1356977733,T0086,1356977733-0190,0.3125,1,2,co-iss-n1356977733,1356977733,2000-12-31T18:03:22.885,166.81,337.07,69.60,3,0.00,3,69.60,31.35,94.06,2.22,1.73,,1 frame(s); median area 3.0 px; flags: none
N1356977733,T0092,1356977733-0247,0.3125,1,2,co-iss-n1356977733,1356977733,2000-12-31T18:03:22.885,669.78,485.43,32.21,3,0.00,3,32.21,25.23,75.68,1.28,1.73,,1 frame(s); median area 3.0 px; flags: none
N1356977733,T0093,1356977733-0256,0.3125,1,2,co-iss-n1356977733,1356977733,2000-12-31T18:03:22.885,528.88,514.44,31.07,3,0.00,3,31.07,23.49,70.46,1.32,1.73,,1 frame(s); median area 3.0 px; flags: none
N1356977733,T0099,1356977733-0316,0.3125,1,2,co-iss-n1356977733,1356977733,2000-12-31T18:03:22.885,134.46,650.79,28.34,3,0.00,3,28.34,20.36,61.08,1.39,1.73,,1 frame(s); median area 3.0 px; flags: none
N1356977733,T0108,1356977733-0386,0.3125,1,2,co-iss-n1356977733,1356977733,2000-12-31T18:03:22.885,682.81,836.82,33.45,3,0.00,3,33.45,17.76,53.27,1.88,1.73,,1 frame(s); median area 3.0 px; flags: none
N1356977733,T0113,1356977733-0396,0.3125,1,2,co-iss-n1356977733,1356977733,2000-12-31T18:03:22.885,946.75,853.97,38.88,3,0.00,3,38.88,27.52,82.56,1.41,4.39,,1 frame(s); median area 3.0 px; flags: none
N1356981455,T0123,1356981455-0047,0.3125,1,3,co-iss-n1356981455,1356981455,2000-12-31T19:05:24.859,413.74,143.73,27.43,3,0.00,3,27.43,19.52,58.55,1.41,1.73,,1 frame(s); median area 3.0 px; flags: none
N1356981455,T0134,1356981455-0141,0.3125,1,3,co-iss-n1356981455,1356981455,2000-12-31T19:05:24.859,467.47,409.74,27.90,3,0.00,3,27.90,17.61,52.82,1.58,1.73,,1 frame(s); median area 3.0 px; flags: none
N1356981455,T0137,1356981455-0154,0.3125,1,3,co-iss-n1356981455,1356981455,2000-12-31T19:05:24.859,581.62,434.48,41.55,3,0.00,3,41.55,26.88,80.65,1.55,1.73,,1 frame(s); median area 3.0 px; flags: none
N1356981845,T0166,1356981845-0068,0.3125,1,4,co-iss-n1356981845,1356981845,2000-12-31T19:11:54.857,952.50,231.17,31.95,3,0.00,3,31.95,21.12,63.36,1.51,4.39,,1 frame(s); median area 3.0 px; flags: none
N1356981845,T0176,1356981845-0225,0.3125,1,4,co-iss-n1356981845,1356981845,2000-12-31T19:11:54.857,637.08,672.85,117.73,3,0.00,3,117.73,50.66,151.99,2.32,1.73,,1 frame(s); median area 3.0 px; flags: none
N1356982205,T0184,1356982205-0099,0.3125,1,5,co-iss-n1356982205,1356982205,2000-12-31T19:17:54.854,895.81,78.21,56.00,3,0.00,3,56.00,31.20,93.61,1.79,1.73,,1 frame(s); median area 3.0 px; flags: none
N1356982205,T0185,1356982205-0111,0.3125,1,5,co-iss-n1356982205,1356982205,2000-12-31T19:17:54.854,549.57,119.17,33.43,3,0.00,3,33.43,19.47,58.40,1.72,1.73,,1 frame(s); median area 3.0 px; flags: none
N1356982205,T0200,1356982205-0319,0.3125,1,5,co-iss-n1356982205,1356982205,2000-12-31T19:17:54.854,494.65,743.14,34.28,3,0.00,3,34.28,17.53,52.59,1.96,1.73,,1 frame(s); median area 3.0 px; flags: none
N1356982205,T0209,1356982205-0414,0.3125,1,5,co-iss-n1356982205,1356982205,2000-12-31T19:17:54.854,161.23,944.25,91.72,3,0.00,3,91.72,58.11,174.33,1.58,1.73,,1 frame(s); median area 3.0 px; flags: none
N1356985927,T0215,1356985927-0030,0.3125,1,6,co-iss-n1356985927,1356985927,2000-12-31T20:19:56.828,950.24,133.25,39.80,3,0.00,3,39.80,26.31,78.92,1.51,1.73,,1 frame(s); median area 3.0 px; flags: none
N1356985927,T0217,1356985927-0036,0.3125,1,6,co-iss-n1356985927,1356985927,2000-12-31T20:19:56.828,588.54,141.86,46.75,3,0.00,3,46.75,34.19,102.57,1.37,1.73,,1 frame(s); median area 3.0 px; flags: none
N1356985927,T0219,1356985927-0046,0.3125,1,6,co-iss-n1356985927,1356985927,2000-12-31T20:19:56.828,676.54,169.25,26.54,3,0.00,3,26.54,19.39,58.16,1.37,1.73,,1 frame(s); median area 3.0 px; flags: none
N1356985927,T0257,1356985927-0248,0.3125,1,6,co-iss-n1356985927,1356985927,2000-12-31T20:19:56.828,671.37,714.22,34.03,3,0.00,3,34.03,19.15,57.44,1.78,4.39,,1 frame(s); median area 3.0 px; flags: none
N1356985927,T0259,1356985927-0259,0.3125,1,6,co-iss-n1356985927,1356985927,2000-12-31T20:19:56.828,711.19,721.20,32.41,3,0.00,3,32.41,17.94,53.81,1.81,1.73,,1 frame(s); median area 3.0 px; flags: none
N1356986317,T0297,1356986317-0253,0.3125,1,7,co-iss-n1356986317,1356986317,2000-12-31T20:26:26.826,285.49,677.96,108.98,3,0.00,3,108.98,73.86,221.59,1.48,1.73,,1 frame(s); median area 3.0 px; flags: none
N1356986677,T0310,1356986677-0189,0.3125,1,8,co-iss-n1356986677,1356986677,2000-12-31T20:32:26.823,946.41,332.87,54.41,3,0.00,3,54.41,30.65,91.94,1.78,1.73,,1 frame(s); median area 3.0 px; flags: none
N1356986677,T0316,1356986677-0294,0.3125,1,8,co-iss-n1356986677,1356986677,2000-12-31T20:32:26.823,651.33,629.27,76.24,3,0.00,3,76.24,64.46,193.38,1.18,1.73,,1 frame(s); median area 3.0 px; flags: none
N1356986677,T0322,1356986677-0326,0.3125,1,8,co-iss-n1356986677,1356986677,2000-12-31T20:32:26.823,1001.10,694.76,60.44,3,0.00,3,60.44,30.38,91.15,1.99,1.73,,1 frame(s); median area 3.0 px; flags: none
N1356990399,T0354,1356990399-0211,0.3125,1,9,co-iss-n1356990399,1356990399,2000-12-31T21:34:28.797,671.15,689.65,27.61,3,0.00,3,27.61,18.33,54.99,1.51,1.73,,1 frame(s); median area 3.0 px; flags: none
N1356990789,T0379,1356990789-0212,0.3125,1,10,co-iss-n1356990789,1356990789,2000-12-31T21:40:58.795,263.46,585.76,33.23,3,0.00,3,33.23,20.50,61.50,1.62,1.73,,1 frame(s); median area 3.0 px; flags: none
N1356991149,T0410,1356991149-0236,0.3125,1,11,co-iss-n1356991149,1356991149,2000-12-31T21:46:58.792,396.94,357.35,73.05,3,0.00,3,73.05,37.39,112.16,1.95,1.73,,1 frame(s); median area 3.0 px; flags: none
N1356991149,T0414,1356991149-0294,0.3125,1,11,co-iss-n1356991149,1356991149,2000-12-31T21:46:58.792,497.21,476.72,26.91,3,0.00,3,26.91,17.59,52.78,1.53,1.73,,1 frame(s); median area 3.0 px; flags: none
N1356991149,T0424,1356991149-0395,0.3125,1,11,co-iss-n1356991149,1356991149,2000-12-31T21:46:58.792,345.63,735.52,29.34,3,0.00,3,29.34,20.22,60.65,1.45,1.73,,1 frame(s); median area 3.0 px; flags: none
N1356991149,T0426,1356991149-0399,0.3125,1,11,co-iss-n1356991149,1356991149,2000-12-31T21:46:58.792,515.09,747.12,73.68,3,0.00,3,73.68,31.18,93.55,2.36,1.73,,1 frame(s); median area 3.0 px; flags: none
N1356991149,T0429,1356991149-0407,0.3125,1,11,co-iss-n1356991149,1356991149,2000-12-31T21:46:58.792,231.77,756.72,65.26,3,0.00,3,65.26,43.92,131.77,1.49,1.73,,1 frame(s); median area 3.0 px; flags: none
N1356991149,T0436,1356991149-0466,0.3125,1,11,co-iss-n1356991149,1356991149,2000-12-31T21:46:58.792,201.89,886.23,65.15,3,0.00,3,65.15,32.85,98.55,1.98,1.73,,1 frame(s); median area 3.0 px; flags: none
N1356985927,T0216,1356985927-0034,0.3112,1,6,co-iss-n1356985927,1356985927,2000-12-31T20:19:56.828,869.35,137.16,16.45,5,0.00,5,16.45,10.65,53.24,1.54,4.39,,1 frame(s); median area 5.0 px; flags: none
N1356977733,T0087,1356977733-0198,0.3097,1,2,co-iss-n1356977733,1356977733,2000-12-31T18:03:22.885,128.19,347.09,16.20,5,0.15,5,16.20,11.15,55.77,1.45,7.25,,1 frame(s); median area 5.0 px; flags: none
N1356990399,T0331,1356990399-0026,0.3095,1,9,co-iss-n1356990399,1356990399,2000-12-31T21:34:28.797,904.27,90.50,20.33,4,0.00,4,20.33,17.14,68.54,1.19,4.47,,1 frame(s); median area 4.0 px; flags: none
N1356991149,T0417,1356991149-0311,0.3075,1,11,co-iss-n1356991149,1356991149,2000-12-31T21:46:58.792,852.39,522.80,24.16,3,0.00,3,24.16,13.11,39.33,1.84,1.73,,1 frame(s); median area 3.0 px; flags: none
N1356977733,T0105,1356977733-0345,0.3060,1,2,co-iss-n1356977733,1356977733,2000-12-31T18:03:22.885,536.53,728.81,23.92,3,0.00,3,23.92,16.88,50.63,1.42,1.73,,1 frame(s); median area 3.0 px; flags: none
N1356977733,T0091,1356977733-0244,0.2992,1,2,co-iss-n1356977733,1356977733,2000-12-31T18:03:22.885,623.51,483.07,18.62,4,0.00,4,18.62,15.50,62.01,1.20,2.62,,1 frame(s); median area 4.0 px; flags: none
N1356990399,T0363,1356990399-0282,0.2986,1,9,co-iss-n1356990399,1356990399,2000-12-31T21:34:28.797,930.53,926.49,10.19,6,0.00,6,10.19,9.49,56.96,1.07,2.45,,1 frame(s); median area 6.0 px; flags: none
N1356976983,T0037,1356976983-0318,0.2984,1,0,co-iss-n1356976983,1356976983,2000-12-31T17:50:52.890,202.02,869.44,18.48,4,0.15,4,18.48,12.84,51.36,1.44,6.85,,1 frame(s); median area 4.0 px; flags: none
N1356991149,T0399,1356991149-0107,0.2950,1,11,co-iss-n1356991149,1356991149,2000-12-31T21:46:58.792,689.60,50.75,22.08,3,0.00,3,22.08,16.67,50.02,1.32,4.39,,1 frame(s); median area 3.0 px; flags: none
N1356976983,T0025,1356976983-0200,0.2936,1,0,co-iss-n1356976983,1356976983,2000-12-31T17:50:52.890,1003.11,603.42,17.68,4,0.00,4,17.68,15.09,60.38,1.17,2.62,,1 frame(s); median area 4.0 px; flags: none
N1356986677,T0302,1356986677-0022,0.2906,1,8,co-iss-n1356986677,1356986677,2000-12-31T20:32:26.823,979.01,6.80,8.85,6,0.00,6,8.85,8.06,48.34,1.10,2.87,,1 frame(s); median area 6.0 px; flags: none
N1356990399,T0358,1356990399-0251,0.2899,1,9,co-iss-n1356990399,1356990399,2000-12-31T21:34:28.797,597.38,824.43,21.23,3,0.00,3,21.23,12.47,37.40,1.70,4.39,,1 frame(s); median area 3.0 px; flags: none
N1356977733,T0072,1356977733-0031,0.2897,1,2,co-iss-n1356977733,1356977733,2000-12-31T18:03:22.885,881.15,10.19,8.71,6,0.00,6,8.71,7.67,46.02,1.14,1.35,,1 frame(s); median area 6.0 px; flags: none
N1356982205,T0181,1356982205-0010,0.2888,1,5,co-iss-n1356982205,1356982205,2000-12-31T19:17:54.854,984.70,4.33,8.54,6,0.00,6,8.54,7.87,47.22,1.09,3.17,,1 frame(s); median area 6.0 px; flags: none
N1356986677,T0299,1356986677-0007,0.2880,1,8,co-iss-n1356986677,1356986677,2000-12-31T20:32:26.823,865.50,4.50,8.42,6,0.00,6,8.42,7.93,47.60,1.06,1.29,,1 frame(s); median area 6.0 px; flags: none
N1356977373,T0051,1356977373-0125,0.2878,1,1,co-iss-n1356977373,1356977373,2000-12-31T17:57:22.887,928.17,386.59,20.88,3,0.00,3,20.88,16.59,49.78,1.26,1.73,,1 frame(s); median area 3.0 px; flags: none
N1356977733,T0077,1356977733-0058,0.2871,1,2,co-iss-n1356977733,1356977733,2000-12-31T18:03:22.885,928.19,15.50,8.27,6,0.00,6,8.27,7.63,45.75,1.08,2.64,,1 frame(s); median area 6.0 px; flags: none
N1356985927,T0282,1356985927-0425,0.2867,1,6,co-iss-n1356985927,1356985927,2000-12-31T20:19:56.828,488.34,903.17,16.53,4,0.00,4,16.53,11.97,47.86,1.38,2.62,,1 frame(s); median area 4.0 px; flags: none
N1356977733,T0073,1356977733-0032,0.2866,1,2,co-iss-n1356977733,1356977733,2000-12-31T18:03:22.885,906.18,9.52,8.18,6,0.00,6,8.18,7.78,46.70,1.05,1.94,,1 frame(s); median area 6.0 px; flags: none
N1356977733,T0078,1356977733-0063,0.2866,1,2,co-iss-n1356977733,1356977733,2000-12-31T18:03:22.885,955.50,15.31,8.18,6,0.00,6,8.18,7.66,45.98,1.07,3.72,,1 frame(s); median area 6.0 px; flags: none
N1356991149,T0407,1356991149-0213,0.2858,1,11,co-iss-n1356991149,1356991149,2000-12-31T21:46:58.792,489.27,316.38,20.55,3,0.00,3,20.55,18.02,54.07,1.14,1.73,,1 frame(s); median area 3.0 px; flags: none
N1356977733,T0109,1356977733-0387,0.2854,1,2,co-iss-n1356977733,1356977733,2000-12-31T18:03:22.885,681.57,839.84,20.49,3,0.00,3,20.49,15.93,47.80,1.29,1.73,,1 frame(s); median area 3.0 px; flags: none
N1356977733,T0079,1356977733-0106,0.2854,1,2,co-iss-n1356977733,1356977733,2000-12-31T18:03:22.885,450.72,76.71,20.48,3,0.00,3,20.48,15.86,47.57,1.29,1.73,,1 frame(s); median area 3.0 px; flags: none
N1356986677,T0321,1356986677-0324,0.2843,1,8,co-iss-n1356986677,1356986677,2000-12-31T20:32:26.823,155.80,692.62,16.13,4,0.00,4,16.13,10.64,42.56,1.52,2.45,,1 frame(s); median area 4.0 px; flags: none
N1356976983,T0035,1356976983-0304,0.2840,1,0,co-iss-n1356976983,1356976983,2000-12-31T17:50:52.890,253.35,848.47,16.08,4,0.00,4,16.08,12.39,49.55,1.30,1.00,,1 frame(s); median area 4.0 px; flags: none
N1356981455,T0146,1356981455-0228,0.2834,1,3,co-iss-n1356981455,1356981455,2000-12-31T19:05:24.859,531.45,626.72,15.99,4,0.00,4,15.99,11.26,45.05,1.42,2.45,,1 frame(s); median area 4.0 px; flags: none
N1356985927,T0280,1356985927-0402,0.2834,1,6,co-iss-n1356985927,1356985927,2000-12-31T20:19:56.828,418.40,879.19,15.98,4,0.00,4,15.98,9.69,38.75,1.65,2.62,,1 frame(s); median area 4.0 px; flags: none
N1356985927,T0283,1356985927-0431,0.2824,1,6,co-iss-n1356985927,1356985927,2000-12-31T20:19:56.828,77.15,914.13,11.64,5,0.15,5,11.64,9.11,45.54,1.28,7.25,,1 frame(s); median area 5.0 px; flags: none
N1356985927,T0246,1356985927-0203,0.2807,1,6,co-iss-n1356985927,1356985927,2000-12-31T20:19:56.828,984.61,592.39,19.70,3,0.00,3,19.70,16.69,50.07,1.18,1.73,,1 frame(s); median area 3.0 px; flags: none
N1356982205,T0204,1356982205-0352,0.2801,1,5,co-iss-n1356982205,1356982205,2000-12-31T19:17:54.854,443.58,830.68,19.60,3,0.00,3,19.60,15.53,46.58,1.26,1.73,,1 frame(s); median area 3.0 px; flags: none
N1356977733,T0116,1356977733-0414,0.2798,1,2,co-iss-n1356977733,1356977733,2000-12-31T18:03:22.885,612.44,890.44,15.39,4,0.00,4,15.39,11.24,44.97,1.37,1.00,,1 frame(s); median area 4.0 px; flags: none
N1356990399,T0351,1356990399-0170,0.2794,1,9,co-iss-n1356990399,1356990399,2000-12-31T21:34:28.797,987.32,562.34,19.49,3,0.00,3,19.49,19.04,57.12,1.02,1.73,,1 frame(s); median area 3.0 px; flags: none
N1356986677,T0311,1356986677-0225,0.2775,1,8,co-iss-n1356986677,1356986677,2000-12-31T20:32:26.823,259.89,447.71,19.16,3,0.00,3,19.16,16.14,48.42,1.19,4.39,,1 frame(s); median area 3.0 px; flags: none
N1356976983,T0030,1356976983-0241,0.2769,1,0,co-iss-n1356976983,1356976983,2000-12-31T17:50:52.890,313.88,699.81,19.07,3,0.00,3,19.07,12.70,38.10,1.50,4.39,,1 frame(s); median area 3.0 px; flags: none
N1356991149,T0425,1356991149-0398,0.2765,1,11,co-iss-n1356991149,1356991149,2000-12-31T21:46:58.792,274.74,739.73,19.00,3,0.00,3,19.00,13.69,41.07,1.39,1.73,,1 frame(s); median area 3.0 px; flags: none
N1356981455,T0145,1356981455-0204,0.2760,1,3,co-iss-n1356981455,1356981455,2000-12-31T19:05:24.859,1017.54,568.91,14.75,4,0.00,4,14.75,13.02,52.09,1.13,2.62,,1 frame(s); median area 4.0 px; flags: none
N1356981455,T0154,1356981455-0269,0.2750,1,3,co-iss-n1356981455,1356981455,2000-12-31T19:05:24.859,457.61,772.17,18.75,3,0.00,3,18.75,14.12,42.35,1.33,1.73,,1 frame(s); median area 3.0 px; flags: none
N1356985927,T0223,1356985927-0076,0.2734,1,6,co-iss-n1356985927,1356985927,2000-12-31T20:19:56.828,61.35,258.82,18.49,3,0.00,3,18.49,13.13,39.40,1.41,1.73,,1 frame(s); median area 3.0 px; flags: none
N1356981455,T0127,1356981455-0088,0.2731,1,3,co-iss-n1356981455,1356981455,2000-12-31T19:05:24.859,589.47,269.74,18.43,3,0.00,3,18.43,13.07,39.22,1.41,1.73,,1 frame(s); median area 3.0 px; flags: none
N1356986677,T0315,1356986677-0268,0.2697,1,8,co-iss-n1356986677,1356986677,2000-12-31T20:32:26.823,798.29,558.75,17.87,3,0.00,3,17.87,12.94,38.82,1.38,1.73,,1 frame(s); median area 3.0 px; flags: none
N1356985927,T0276,1356985927-0378,0.2683,1,6,co-iss-n1356985927,1356985927,2000-12-31T20:19:56.828,828.25,848.26,17.63,3,0.00,3,17.63,11.77,35.31,1.50,1.73,,1 frame(s); median area 3.0 px; flags: none
N1356985927,T0281,1356985927-0404,0.2670,1,6,co-iss-n1356985927,1356985927,2000-12-31T20:19:56.828,383.47,882.00,13.26,4,0.00,4,13.26,9.50,38.02,1.39,2.62,,1 frame(s); median area 4.0 px; flags: none
N1356981455,T0156,1356981455-0281,0.2657,1,3,co-iss-n1356981455,1356981455,2000-12-31T19:05:24.859,719.29,800.22,17.19,3,0.00,3,17.19,11.26,33.78,1.53,4.39,,1 frame(s); median area 3.0 px; flags: none
N1356986677,T0304,1356986677-0079,0.2654,1,8,co-iss-n1356986677,1356986677,2000-12-31T20:32:26.823,982.04,19.27,8.82,5,0.00,5,8.82,7.78,38.91,1.13,2.43,,1 frame(s); median area 5.0 px; flags: none
N1356982205,T0201,1356982205-0326,0.2645,1,5,co-iss-n1356982205,1356982205,2000-12-31T19:17:54.854,459.33,764.53,17.01,3,0.00,3,17.01,12.01,36.02,1.42,1.73,,1 frame(s); median area 3.0 px; flags: none
N1356976983,T0024,1356976983-0193,0.2644,1,0,co-iss-n1356976983,1356976983,2000-12-31T17:50:52.890,131.64,586.23,12.81,4,0.00,4,12.81,10.00,40.00,1.28,5.83,,1 frame(s); median area 4.0 px; flags: none
N1356991149,T0392,1356991149-0012,0.2639,1,11,co-iss-n1356991149,1356991149,2000-12-31T21:46:58.792,984.98,4.36,8.57,5,0.00,5,8.57,7.71,38.55,1.11,1.83,,1 frame(s); median area 5.0 px; flags: none
N1356991149,T0394,1356991149-0035,0.2637,1,11,co-iss-n1356991149,1356991149,2000-12-31T21:46:58.792,899.60,11.57,8.54,5,0.00,5,8.54,7.98,39.91,1.07,2.54,,1 frame(s); median area 5.0 px; flags: none
N1356991149,T0395,1356991149-0053,0.2636,1,11,co-iss-n1356991149,1356991149,2000-12-31T21:46:58.792,933.57,14.16,8.51,5,0.00,5,8.51,7.67,38.34,1.11,1.67,,1 frame(s); median area 5.0 px; flags: none
N1356977733,T0069,1356977733-0008,0.2631,1,2,co-iss-n1356977733,1356977733,2000-12-31T18:03:22.885,853.86,5.03,8.43,5,0.00,5,8.43,7.55,37.77,1.12,2.43,,1 frame(s); median area 5.0 px; flags: none
N1356986317,T0290,1356986317-0032,0.2624,1,7,co-iss-n1356986317,1356986317,2000-12-31T20:26:26.826,157.24,72.77,16.65,3,0.00,3,16.65,10.35,31.05,1.61,1.73,,1 frame(s); median area 3.0 px; flags: none
N1356977733,T0068,1356977733-0007,0.2616,1,2,co-iss-n1356977733,1356977733,2000-12-31T18:03:22.885,848.62,5.01,8.18,5,0.00,5,8.18,7.41,37.07,1.10,2.44,,1 frame(s); median area 5.0 px; flags: none
N1356977733,T0074,1356977733-0046,0.2606,1,2,co-iss-n1356977733,1356977733,2000-12-31T18:03:22.885,906.20,13.21,8.01,5,0.00,5,8.01,7.56,37.79,1.06,2.89,,1 frame(s); median area 5.0 px; flags: none
N1356985927,T0224,1356985927-0080,0.2603,1,6,co-iss-n1356985927,1356985927,2000-12-31T20:19:56.828,61.52,268.48,12.13,4,0.00,4,12.13,9.42,37.66,1.29,1.00,,1 frame(s); median area 4.0 px; flags: none
N1356985927,T0275,1356985927-0377,0.2601,1,6,co-iss-n1356985927,1356985927,2000-12-31T20:19:56.828,736.42,848.74,16.27,3,0.00,3,16.27,12.77,38.30,1.27,1.73,,1 frame(s); median area 3.0 px; flags: none
N1356982205,T0183,1356982205-0091,0.2596,1,5,co-iss-n1356982205,1356982205,2000-12-31T19:17:54.854,651.67,49.77,16.19,3,0.00,3,16.19,12.32,36.95,1.31,1.73,,1 frame(s); median area 3.0 px; flags: none
N1356991149,T0420,1356991149-0353,0.2595,1,11,co-iss-n1356991149,1356991149,2000-12-31T21:46:58.792,584.41,621.21,16.16,3,0.00,3,16.16,13.24,39.73,1.22,1.73,,1 frame(s); median area 3.0 px; flags: none
N1356981455,T0149,1356981455-0255,0.2594,1,3,co-iss-n1356981455,1356981455,2000-12-31T19:05:24.859,808.52,719.23,16.15,3,0.00,3,16.15,11.10,33.30,1.45,1.73,,1 frame(s); median area 3.0 px; flags: none
N1356986677,T0305,1356986677-0094,0.2593,1,8,co-iss-n1356986677,1356986677,2000-12-31T20:32:26.823,853.65,41.58,16.14,3,0.00,3,16.14,12.78,38.33,1.26,1.73,,1 frame(s); median area 3.0 px; flags: none
N1356986677,T0318,1356986677-0305,0.2592,1,8,co-iss-n1356986677,1356986677,2000-12-31T20:32:26.823,675.07,636.39,11.96,4,0.15,4,11.96,9.24,36.96,1.29,6.85,,1 frame(s); median area 4.0 px; flags: none
N1356985927,T0270,1356985927-0350,0.2591,1,6,co-iss-n1356985927,1356985927,2000-12-31T20:19:56.828,713.56,821.23,16.09,3,0.00,3,16.09,12.32,36.95,1.31,4.39,,1 frame(s); median area 3.0 px; flags: none
N1356985927,T0242,1356985927-0185,0.2584,1,6,co-iss-n1356985927,1356985927,2000-12-31T20:19:56.828,617.48,562.49,11.82,4,0.00,4,11.82,10.31,41.22,1.15,5.83,,1 frame(s); median area 4.0 px; flags: none
N1356977733,T0090,1356977733-0240,0.2581,1,2,co-iss-n1356977733,1356977733,2000-12-31T18:03:22.885,584.19,481.36,11.76,4,0.00,4,11.76,10.26,41.04,1.15,4.47,,1 frame(s); median area 4.0 px; flags: none
N1356991149,T0403,1356991149-0157,0.2560,1,11,co-iss-n1356991149,1356991149,2000-12-31T21:46:58.792,536.47,161.98,11.42,4,0.15,4,11.42,9.91,39.65,1.15,6.85,,1 frame(s); median area 4.0 px; flags: none
N1356985927,T0212,1356985927-0018,0.2559,1,6,co-iss-n1356985927,1356985927,2000-12-31T20:19:56.828,791.26,68.94,15.57,3,0.00,3,15.57,12.49,37.48,1.25,4.39,,1 frame(s); median area 3.0 px; flags: none
N1356977733,T0115,1356977733-0413,0.2550,1,2,co-iss-n1356977733,1356977733,2000-12-31T18:03:22.885,576.58,890.66,15.42,3,0.00,3,15.42,12.28,36.83,1.26,1.73,,1 frame(s); median area 3.0 px; flags: none
N1356990789,T0383,1356990789-0254,0.2547,1,10,co-iss-n1356990789,1356990789,2000-12-31T21:40:58.795,42.23,648.75,15.37,3,0.00,3,15.37,10.69,32.08,1.44,4.39,,1 frame(s); median area 3.0 px; flags: none
N1356991149,T0419,1356991149-0349,0.2546,1,11,co-iss-n1356991149,1356991149,2000-12-31T21:46:58.792,631.92,610.70,15.35,3,0.00,3,15.35,10.84,32.53,1.42,4.39,,1 frame(s); median area 3.0 px; flags: none
N1356982205,T0199,1356982205-0315,0.2525,1,5,co-iss-n1356982205,1356982205,2000-12-31T19:17:54.854,925.13,728.92,10.84,4,0.00,4,10.84,9.19,36.77,1.18,3.60,,1 frame(s); median area 4.0 px; flags: none
N1356991149,T0397,1356991149-0085,0.2524,1,11,co-iss-n1356991149,1356991149,2000-12-31T21:46:58.792,20.91,19.31,14.98,3,0.00,3,14.98,10.77,32.32,1.39,4.39,,1 frame(s); median area 3.0 px; flags: none
