image_id,track_id,candidate_id,confidence,track_length,frame_index,opus_id,image_number,time,x,y,brightness,blob_size,artifact_score,area_px,peak_snr,mean_snr,integrated_snr,sharpness,elongation,flags,reason
N1358063118,T0437,1358063118-0174,0.7427,3,1,co-iss-n1358063118,1358063118,2001-01-13T07:32:24.388,843.21,663.75,36.55,18,0.00,18,36.55,12.77,229.82,2.86,1.50,,"3 frame(s); median area 14.0 px; net motion dx=-0.9, dy=-81.3; flags: none"
N1358063287,T0437,1358063287-0207,0.7427,3,2,co-iss-n1358063287,1358063287,2001-01-13T07:34:41.395,844.06,642.59,25.82,14,0.00,14,25.82,14.12,197.62,1.83,2.54,,"3 frame(s); median area 14.0 px; net motion dx=-0.9, dy=-81.3; flags: none"
N1358063796,T0437,1358063796-0075,0.7427,3,3,co-iss-n1358063796,1358063796,2001-01-13T07:44:18.415,842.36,582.46,22.76,4,0.00,4,22.76,16.51,66.05,1.38,1.00,,"3 frame(s); median area 14.0 px; net motion dx=-0.9, dy=-81.3; flags: none"
N1358063118,T0431,1358063118-0094,0.7221,3,1,co-iss-n1358063118,1358063118,2001-01-13T07:32:24.388,839.28,388.45,20.10,9,0.00,9,20.10,12.16,109.44,1.65,2.23,,"3 frame(s); median area 7.0 px; net motion dx=0.7, dy=-62.2; flags: none"
N1358063287,T0431,1358063287-0111,0.7221,3,2,co-iss-n1358063287,1358063287,2001-01-13T07:34:41.395,837.01,368.98,21.25,5,0.00,5,21.25,10.79,53.96,1.97,1.00,,"3 frame(s); median area 7.0 px; net motion dx=0.7, dy=-62.2; flags: none"
N1358063796,T0431,1358063796-0032,0.7221,3,3,co-iss-n1358063796,1358063796,2001-01-13T07:44:18.415,839.95,326.28,28.31,7,0.00,7,28.31,13.93,97.52,2.03,1.08,,"3 frame(s); median area 7.0 px; net motion dx=0.7, dy=-62.2; flags: none"
N1358063118,T0487,1358063118-0738,0.7210,3,1,co-iss-n1358063118,1358063118,2001-01-13T07:32:24.388,588.83,1007.71,9.75,7,0.00,7,9.75,8.18,57.23,1.19,2.72,,"3 frame(s); median area 7.0 px; net motion dx=-0.2, dy=-34.1; flags: none"
N1358063287,T0487,1358063287-0553,0.7210,3,2,co-iss-n1358063287,1358063287,2001-01-13T07:34:41.395,574.94,993.60,13.01,8,0.00,8,13.01,10.90,87.17,1.19,1.23,,"3 frame(s); median area 7.0 px; net motion dx=-0.2, dy=-34.1; flags: none"
N1358063796,T0487,1358063796-0229,0.7210,3,3,co-iss-n1358063796,1358063796,2001-01-13T07:44:18.415,588.67,973.65,8.27,3,0.00,3,8.27,7.98,23.94,1.04,1.73,,"3 frame(s); median area 7.0 px; net motion dx=-0.2, dy=-34.1; flags: none"
N1358063118,T0481,1358063118-0640,0.7120,3,1,co-iss-n1358063118,1358063118,2001-01-13T07:32:24.388,586.78,997.65,9.75,6,0.00,6,9.75,8.29,49.76,1.18,1.48,,"3 frame(s); median area 6.0 px; net motion dx=-11.5, dy=-25.2; flags: none"
N1358063287,T0481,1358063287-0543,0.7120,3,2,co-iss-n1358063287,1358063287,2001-01-13T07:34:41.395,573.76,990.17,11.81,7,0.00,7,11.81,10.20,71.39,1.16,1.62,,"3 frame(s); median area 6.0 px; net motion dx=-11.5, dy=-25.2; flags: none"
N1358063796,T0481,1358063796-0226,0.7120,3,3,co-iss-n1358063796,1358063796,2001-01-13T07:44:18.415,575.29,972.40,12.38,3,0.00,3,12.38,10.22,30.66,1.21,1.73,,"3 frame(s); median area 6.0 px; net motion dx=-11.5, dy=-25.2; flags: none"
N1358063118,T0482,1358063118-0657,0.7090,3,1,co-iss-n1358063118,1358063118,2001-01-13T07:32:24.388,720.96,999.64,11.64,7,0.00,7,11.64,9.29,65.02,1.25,2.81,,"3 frame(s); median area 7.0 px; net motion dx=-16.5, dy=12.2; flags: none"
N1358063287,T0482,1358063287-0533,0.7090,3,2,co-iss-n1358063287,1358063287,2001-01-13T07:34:41.395,709.52,984.28,11.40,4,0.00,4,11.40,10.21,40.83,1.12,4.47,,"3 frame(s); median area 7.0 px; net motion dx=-16.5, dy=12.2; flags: none"
N1358063796,T0482,1358063796-0376,0.7090,3,3,co-iss-n1358063796,1358063796,2001-01-13T07:44:18.415,704.44,1011.81,10.33,8,0.00,8,10.33,8.44,67.53,1.22,1.93,,"3 frame(s); median area 7.0 px; net motion dx=-16.5, dy=12.2; flags: none"
N1358108118,T1407,1358108118-0340,0.7032,3,14,co-iss-n1358108118,1358108118,2001-01-13T20:02:24.077,580.42,961.96,9.62,4,0.00,4,9.62,8.34,33.37,1.15,2.45,,"3 frame(s); median area 6.0 px; net motion dx=10.5, dy=-17.2; flags: none"
N1358108287,T1407,1358108287-0371,0.7032,3,15,co-iss-n1358108287,1358108287,2001-01-13T20:04:41.083,576.47,945.81,8.30,6,0.00,6,8.30,7.91,47.47,1.05,1.15,,"3 frame(s); median area 6.0 px; net motion dx=10.5, dy=-17.2; flags: none"
N1358108796,T1407,1358108796-0182,0.7032,3,16,co-iss-n1358108796,1358108796,2001-01-13T20:14:18.103,590.93,944.75,14.70,8,0.00,8,14.70,10.33,82.60,1.42,1.70,,"3 frame(s); median area 6.0 px; net motion dx=10.5, dy=-17.2; flags: none"
N1358063118,T0455,1358063118-0285,0.6997,3,1,co-iss-n1358063118,1358063118,2001-01-13T07:32:24.388,606.49,939.69,11.67,4,0.00,4,11.67,9.28,37.14,1.26,2.70,,"3 frame(s); median area 5.0 px; net motion dx=-14.2, dy=1.1; flags: none"
N1358063287,T0455,1358063287-0346,0.6997,3,2,co-iss-n1358063287,1358063287,2001-01-13T07:34:41.395,599.28,928.58,12.61,5,0.00,5,12.61,9.72,48.58,1.30,2.89,,"3 frame(s); median area 5.0 px; net motion dx=-14.2, dy=1.1; flags: none"
N1358063796,T0455,1358063796-0147,0.6997,3,3,co-iss-n1358063796,1358063796,2001-01-13T07:44:18.415,592.27,940.81,11.07,5,0.00,5,11.07,9.80,49.00,1.13,1.62,,"3 frame(s); median area 5.0 px; net motion dx=-14.2, dy=1.1; flags: none"
N1358063118,T0480,1358063118-0578,0.6970,3,1,co-iss-n1358063118,1358063118,2001-01-13T07:32:24.388,710.14,991.92,12.82,11,0.00,11,12.82,9.83,108.17,1.30,1.85,,"3 frame(s); median area 11.0 px; net motion dx=-32.6, dy=13.4; flags: none"
N1358063287,T0480,1358063287-0521,0.6970,3,2,co-iss-n1358063287,1358063287,2001-01-13T07:34:41.395,697.66,983.48,11.00,16,0.00,16,11.00,8.44,135.08,1.30,2.37,,"3 frame(s); median area 11.0 px; net motion dx=-32.6, dy=13.4; flags: none"
N1358063796,T0480,1358063796-0314,0.6970,3,3,co-iss-n1358063796,1358063796,2001-01-13T07:44:18.415,677.57,1005.29,8.27,7,0.15,7,8.27,8.27,57.92,1.00,7.15,,"3 frame(s); median area 11.0 px; net motion dx=-32.6, dy=13.4; flags: none"
N1358105418,T1091,1358105418-1935,0.6954,3,11,co-iss-n1358105418,1358105418,2001-01-13T19:17:24.095,985.85,918.56,9.02,6,0.15,6,9.02,8.12,48.74,1.11,7.37,,"3 frame(s); median area 6.0 px; net motion dx=-24.6, dy=-42.0; flags: none"
N1358105587,T1091,1358105587-1186,0.6954,3,12,co-iss-n1358105587,1358105587,2001-01-13T19:19:41.102,990.27,892.38,10.00,3,0.00,3,10.00,8.82,26.47,1.13,1.73,,"3 frame(s); median area 6.0 px; net motion dx=-24.6, dy=-42.0; flags: none"
N1358106096,T1091,1358106096-1351,0.6954,3,13,co-iss-n1358106096,1358106096,2001-01-13T19:29:18.122,961.28,876.60,11.20,7,0.00,7,11.20,8.92,62.42,1.26,3.49,,"3 frame(s); median area 6.0 px; net motion dx=-24.6, dy=-42.0; flags: none"
N1358114418,T1664,1358114418-1139,0.6899,3,19,co-iss-n1358114418,1358114418,2001-01-13T21:47:24.033,414.36,866.30,10.27,4,0.00,4,10.27,8.50,34.01,1.21,4.47,,"3 frame(s); median area 5.0 px; net motion dx=32.5, dy=-69.3; flags: none"
N1358114587,T1664,1358114587-0740,0.6899,3,20,co-iss-n1358114587,1358114587,2001-01-13T21:49:41.040,444.45,836.37,10.57,5,0.00,5,10.57,9.11,45.56,1.16,2.09,,"3 frame(s); median area 5.0 px; net motion dx=32.5, dy=-69.3; flags: none"
N1358115096,T1664,1358115096-0346,0.6899,3,21,co-iss-n1358115096,1358115096,2001-01-13T21:59:18.060,446.84,797.03,9.55,5,0.00,5,9.55,8.36,41.82,1.14,1.62,,"3 frame(s); median area 5.0 px; net motion dx=32.5, dy=-69.3; flags: none"
N1358114418,T1685,1358114418-1651,0.6893,3,19,co-iss-n1358114418,1358114418,2001-01-13T21:47:24.033,360.97,906.67,8.64,3,0.00,3,8.64,7.98,23.93,1.08,4.39,,"3 frame(s); median area 6.0 px; net motion dx=48.6, dy=-79.2; flags: none"
N1358114587,T1685,1358114587-1073,0.6893,3,20,co-iss-n1358114587,1358114587,2001-01-13T21:49:41.040,420.87,877.09,10.10,6,0.00,6,10.10,8.56,51.34,1.18,1.65,,"3 frame(s); median area 6.0 px; net motion dx=48.6, dy=-79.2; flags: none"
N1358115096,T1685,1358115096-0561,0.6893,3,21,co-iss-n1358115096,1358115096,2001-01-13T21:59:18.060,409.59,827.48,11.25,6,0.00,6,11.25,9.14,54.83,1.23,1.43,,"3 frame(s); median area 6.0 px; net motion dx=48.6, dy=-79.2; flags: none"
N1358117118,T1975,1358117118-0264,0.6893,3,22,co-iss-n1358117118,1358117118,2001-01-13T22:32:24.014,446.35,941.73,9.39,5,0.00,5,9.39,8.55,42.76,1.10,1.42,,"3 frame(s); median area 5.0 px; net motion dx=16.6, dy=1.3; flags: none"
N1358117287,T1975,1358117287-0315,0.6893,3,23,co-iss-n1358117287,1358117287,2001-01-13T22:34:41.021,454.45,921.80,9.86,4,0.00,4,9.86,9.16,36.63,1.08,2.70,,"3 frame(s); median area 5.0 px; net motion dx=16.6, dy=1.3; flags: none"
N1358117796,T1975,1358117796-0118,0.6893,3,24,co-iss-n1358117796,1358117796,2001-01-13T22:44:18.041,462.94,942.98,10.09,15,0.00,15,10.09,9.46,141.92,1.07,1.41,,"3 frame(s); median area 5.0 px; net motion dx=16.6, dy=1.3; flags: none"
N1358114418,T1671,1358114418-1264,0.6862,3,19,co-iss-n1358114418,1358114418,2001-01-13T21:47:24.033,410.20,876.10,11.71,5,0.15,5,11.71,8.81,44.07,1.33,6.85,,"3 frame(s); median area 5.0 px; net motion dx=25.4, dy=-73.5; flags: none"
N1358114587,T1671,1358114587-0836,0.6862,3,20,co-iss-n1358114587,1358114587,2001-01-13T21:49:41.040,436.73,848.32,11.91,5,0.00,5,11.91,8.79,43.95,1.35,2.62,,"3 frame(s); median area 5.0 px; net motion dx=25.4, dy=-73.5; flags: none"
N1358115096,T1671,1358115096-0384,0.6862,3,21,co-iss-n1358115096,1358115096,2001-01-13T21:59:18.060,435.65,802.65,8.81,3,0.00,3,8.81,8.46,25.38,1.04,1.73,,"3 frame(s); median area 5.0 px; net motion dx=25.4, dy=-73.5; flags: none"
N1358114418,T1625,1358114418-0422,0.6839,3,19,co-iss-n1358114418,1358114418,2001-01-13T21:47:24.033,335.39,788.65,11.02,3,0.00,3,11.02,9.45,28.35,1.17,1.73,,"3 frame(s); median area 6.0 px; net motion dx=18.5, dy=16.5; flags: none"
N1358114587,T1625,1358114587-0461,0.6839,3,20,co-iss-n1358114587,1358114587,2001-01-13T21:49:41.040,290.49,797.99,10.28,7,0.00,7,10.28,9.00,63.03,1.14,2.54,,"3 frame(s); median area 6.0 px; net motion dx=18.5, dy=16.5; flags: none"
N1358115096,T1625,1358115096-0394,0.6839,3,21,co-iss-n1358115096,1358115096,2001-01-13T21:59:18.060,353.94,805.16,10.40,6,0.00,6,10.40,9.21,55.28,1.13,1.63,,"3 frame(s); median area 6.0 px; net motion dx=18.5, dy=16.5; flags: none"
N1358114418,T1686,1358114418-1694,0.6839,3,19,co-iss-n1358114418,1358114418,2001-01-13T21:47:24.033,358.16,909.81,8.82,5,0.00,5,8.82,8.14,40.69,1.08,2.14,,"3 frame(s); median area 5.0 px; net motion dx=30.7, dy=-80.8; flags: none"
N1358114587,T1686,1358114587-1138,0.6839,3,20,co-iss-n1358114587,1358114587,2001-01-13T21:49:41.040,412.16,888.26,9.61,5,0.00,5,9.61,8.46,42.29,1.14,1.07,,"3 frame(s); median area 5.0 px; net motion dx=30.7, dy=-80.8; flags: none"
N1358115096,T1686,1358115096-0583,0.6839,3,21,co-iss-n1358115096,1358115096,2001-01-13T21:59:18.060,388.85,829.02,11.25,5,0.00,5,11.25,9.14,45.71,1.23,3.84,,"3 frame(s); median area 5.0 px; net motion dx=30.7, dy=-80.8; flags: none"
N1358105418,T1108,1358105418-2694,0.6834,3,11,co-iss-n1358105418,1358105418,2001-01-13T19:17:24.095,988.43,992.75,10.36,5,0.00,5,10.36,9.00,45.00,1.15,1.73,,"3 frame(s); median area 5.0 px; net motion dx=-1.6, dy=-96.4; flags: none"
N1358105587,T1108,1358105587-1419,0.6834,3,12,co-iss-n1358105587,1358105587,2001-01-13T19:19:41.102,988.36,947.68,8.60,3,0.00,3,8.60,7.91,23.74,1.09,1.73,,"3 frame(s); median area 5.0 px; net motion dx=-1.6, dy=-96.4; flags: none"
N1358106096,T1108,1358106096-1769,0.6834,3,13,co-iss-n1358106096,1358106096,2001-01-13T19:29:18.122,986.79,896.38,11.30,5,0.00,5,11.30,10.56,52.78,1.07,2.86,,"3 frame(s); median area 5.0 px; net motion dx=-1.6, dy=-96.4; flags: none"
N1358114418,T1609,1358114418-0240,0.6834,3,19,co-iss-n1358114418,1358114418,2001-01-13T21:47:24.033,407.08,753.67,11.71,3,0.00,3,11.71,9.42,28.27,1.24,4.39,,"3 frame(s); median area 5.0 px; net motion dx=37.0, dy=-11.8; flags: none"
N1358114587,T1609,1358114587-0226,0.6834,3,20,co-iss-n1358114587,1358114587,2001-01-13T21:49:41.040,418.38,734.43,11.40,5,0.00,5,11.40,8.55,42.75,1.33,1.28,,"3 frame(s); median area 5.0 px; net motion dx=37.0, dy=-11.8; flags: none"
N1358115096,T1609,1358115096-0106,0.6834,3,21,co-iss-n1358115096,1358115096,2001-01-13T21:59:18.060,444.03,741.86,9.53,6,0.00,6,9.53,8.35,50.09,1.14,1.69,,"3 frame(s); median area 5.0 px; net motion dx=37.0, dy=-11.8; flags: none"
N1358114418,T1592,1358114418-0068,0.6823,3,19,co-iss-n1358114418,1358114418,2001-01-13T21:47:24.033,539.23,429.49,14.73,37,0.00,37,14.73,9.54,352.96,1.54,4.20,,"3 frame(s); median area 37.0 px; net motion dx=1.2, dy=-3.3; flags: none"
N1358114587,T1592,1358114587-0076,0.6823,3,20,co-iss-n1358114587,1358114587,2001-01-13T21:49:41.040,537.79,429.33,16.79,45,0.00,45,16.79,10.26,461.62,1.64,3.62,,"3 frame(s); median area 37.0 px; net motion dx=1.2, dy=-3.3; flags: none"
N1358115096,T1592,1358115096-0047,0.6823,3,21,co-iss-n1358115096,1358115096,2001-01-13T21:59:18.060,540.40,426.20,8.95,5,0.00,5,8.95,8.08,40.41,1.11,1.73,,"3 frame(s); median area 37.0 px; net motion dx=1.2, dy=-3.3; flags: none"
N1358105418,T1096,1358105418-2389,0.6814,3,11,co-iss-n1358105418,1358105418,2001-01-13T19:17:24.095,989.05,951.31,10.50,3,0.00,3,10.50,9.63,28.88,1.09,4.39,,"3 frame(s); median area 5.0 px; net motion dx=-35.9, dy=-74.1; flags: none"
N1358105587,T1096,1358105587-1295,0.6814,3,12,co-iss-n1358105587,1358105587,2001-01-13T19:19:41.102,989.93,909.38,8.80,5,0.15,5,8.80,8.14,40.68,1.08,6.31,,"3 frame(s); median area 5.0 px; net motion dx=-35.9, dy=-74.1; flags: none"
N1358106096,T1096,1358106096-1365,0.6814,3,13,co-iss-n1358106096,1358106096,2001-01-13T19:29:18.122,953.18,877.17,11.30,6,0.00,6,11.30,9.81,58.86,1.15,2.68,,"3 frame(s); median area 5.0 px; net motion dx=-35.9, dy=-74.1; flags: none"
N1358114418,T1595,1358114418-0111,0.6803,3,19,co-iss-n1358114418,1358114418,2001-01-13T21:47:24.033,228.71,643.41,22.12,3,0.00,3,22.12,17.94,53.81,1.23,1.73,,"3 frame(s); median area 5.0 px; net motion dx=-17.7, dy=-99.0; flags: none"
N1358114587,T1595,1358114587-0125,0.6803,3,20,co-iss-n1358114587,1358114587,2001-01-13T21:49:41.040,245.80,611.97,14.99,5,0.00,5,14.99,10.39,51.97,1.44,3.52,,"3 frame(s); median area 5.0 px; net motion dx=-17.7, dy=-99.0; flags: none"
N1358115096,T1595,1358115096-0061,0.6803,3,21,co-iss-n1358115096,1358115096,2001-01-13T21:59:18.060,211.00,544.42,193.92,5,0.00,5,193.92,64.67,323.37,3.00,1.00,,"3 frame(s); median area 5.0 px; net motion dx=-17.7, dy=-99.0; flags: none"
N1358117118,T2008,1358117118-0660,0.6759,3,22,co-iss-n1358117118,1358117118,2001-01-13T22:32:24.014,390.16,1007.57,9.39,6,0.00,6,9.39,8.33,49.97,1.13,1.15,,"3 frame(s); median area 6.0 px; net motion dx=38.0, dy=-9.6; flags: none"
N1358117287,T2008,1358117287-0522,0.6759,3,23,co-iss-n1358117287,1358117287,2001-01-13T22:34:41.021,413.20,1006.60,8.25,5,0.00,5,8.25,8.25,41.23,1.00,1.73,,"3 frame(s); median area 6.0 px; net motion dx=38.0, dy=-9.6; flags: none"
N1358117796,T2008,1358117796-0230,0.6759,3,24,co-iss-n1358117796,1358117796,2001-01-13T22:44:18.041,428.15,998.00,8.08,13,0.00,13,8.08,8.08,105.08,1.00,1.50,,"3 frame(s); median area 6.0 px; net motion dx=38.0, dy=-9.6; flags: none"
N1358063118,T0501,1358063118-0848,0.6753,3,1,co-iss-n1358063118,1358063118,2001-01-13T07:32:24.388,686.96,1015.77,9.75,5,0.00,5,9.75,8.34,41.72,1.17,5.21,,"3 frame(s); median area 5.0 px; net motion dx=6.7, dy=2.2; flags: none"
N1358063287,T0501,1358063287-0702,0.6753,3,2,co-iss-n1358063287,1358063287,2001-01-13T07:34:41.395,760.02,1014.84,8.19,6,0.00,6,8.19,8.05,48.32,1.02,2.13,,"3 frame(s); median area 5.0 px; net motion dx=6.7, dy=2.2; flags: none"
N1358063796,T0501,1358063796-0432,0.6753,3,3,co-iss-n1358063796,1358063796,2001-01-13T07:44:18.415,693.66,1017.98,8.27,3,0.00,3,8.27,8.09,24.28,1.02,1.73,,"3 frame(s); median area 5.0 px; net motion dx=6.7, dy=2.2; flags: none"
N1358114418,T1694,1358114418-2172,0.6749,3,19,co-iss-n1358114418,1358114418,2001-01-13T21:47:24.033,368.55,948.22,10.93,4,0.00,4,10.93,9.76,39.04,1.12,2.70,,"3 frame(s); median area 4.0 px; net motion dx=61.1, dy=-114.4; flags: none"
N1358114587,T1694,1358114587-1185,0.6749,3,20,co-iss-n1358114587,1358114587,2001-01-13T21:49:41.040,411.65,896.74,11.91,3,0.00,3,11.91,10.25,30.76,1.16,1.73,,"3 frame(s); median area 4.0 px; net motion dx=61.1, dy=-114.4; flags: none"
N1358115096,T1694,1358115096-0630,0.6749,3,21,co-iss-n1358115096,1358115096,2001-01-13T21:59:18.060,429.68,833.81,9.71,5,0.00,5,9.71,8.39,41.97,1.16,2.46,,"3 frame(s); median area 4.0 px; net motion dx=61.1, dy=-114.4; flags: none"
N1358105418,T0987,1358105418-0024,0.6733,3,11,co-iss-n1358105418,1358105418,2001-01-13T19:17:24.095,834.31,153.65,17.26,20,0.00,20,17.26,11.10,222.08,1.55,2.65,,"3 frame(s); median area 14.0 px; net motion dx=-0.9, dy=-61.8; flags: none"
N1358105587,T0987,1358105587-0022,0.6733,3,12,co-iss-n1358105587,1358105587,2001-01-13T19:19:41.102,833.75,140.40,27.22,14,0.00,14,27.22,12.57,175.93,2.17,3.25,,"3 frame(s); median area 14.0 px; net motion dx=-0.9, dy=-61.8; flags: none"
N1358106096,T0987,1358106096-0013,0.6733,3,13,co-iss-n1358106096,1358106096,2001-01-13T19:29:18.122,833.40,91.85,11.02,5,0.00,5,11.02,9.25,46.25,1.19,1.73,,"3 frame(s); median area 14.0 px; net motion dx=-0.9, dy=-61.8; flags: none"
N1358105418,T1105,1358105418-2669,0.6723,3,11,co-iss-n1358105418,1358105418,2001-01-13T19:17:24.095,989.21,989.78,9.60,5,0.00,5,9.60,8.53,42.67,1.12,3.52,,"3 frame(s); median area 5.0 px; net motion dx=-58.9, dy=-99.7; flags: none"
N1358105587,T1105,1358105587-1369,0.6723,3,12,co-iss-n1358105587,1358105587,2001-01-13T19:19:41.102,990.66,929.67,9.85,6,0.00,6,9.85,8.77,52.63,1.12,1.38,,"3 frame(s); median area 5.0 px; net motion dx=-58.9, dy=-99.7; flags: none"
N1358106096,T1105,1358106096-1628,0.6723,3,13,co-iss-n1358106096,1358106096,2001-01-13T19:29:18.122,930.31,890.06,9.44,3,0.00,3,9.44,8.40,25.19,1.12,1.73,,"3 frame(s); median area 5.0 px; net motion dx=-58.9, dy=-99.7; flags: none"
N1358114418,T1679,1358114418-1604,0.6688,3,19,co-iss-n1358114418,1358114418,2001-01-13T21:47:24.033,333.97,905.22,8.82,4,0.00,4,8.82,8.05,32.18,1.10,1.62,,"3 frame(s); median area 4.0 px; net motion dx=-0.0, dy=-0.0; flags: none"
N1358114587,T1679,1358114587-1486,0.6688,3,20,co-iss-n1358114587,1358114587,2001-01-13T21:49:41.040,346.36,989.08,10.71,3,0.00,3,10.71,9.78,29.34,1.09,1.73,,"3 frame(s); median area 4.0 px; net motion dx=-0.0, dy=-0.0; flags: none"
N1358115096,T1679,1358115096-1792,0.6688,3,21,co-iss-n1358115096,1358115096,2001-01-13T21:59:18.060,333.97,905.21,9.39,4,0.00,4,9.39,8.52,34.06,1.10,1.62,,"3 frame(s); median area 4.0 px; net motion dx=-0.0, dy=-0.0; flags: none"
N1358063118,T0476,1358063118-0524,0.6682,3,1,co-iss-n1358063118,1358063118,2001-01-13T07:32:24.388,679.01,984.43,9.75,6,0.00,6,9.75,8.54,51.27,1.14,1.62,,"3 frame(s); median area 4.0 px; net motion dx=8.6, dy=19.3; flags: none"
N1358063287,T0476,1358063287-0534,0.6682,3,2,co-iss-n1358063287,1358063287,2001-01-13T07:34:41.395,700.31,986.00,8.19,3,0.00,3,8.19,7.87,23.60,1.04,1.73,,"3 frame(s); median area 4.0 px; net motion dx=8.6, dy=19.3; flags: none"
N1358063796,T0476,1358063796-0315,0.6682,3,3,co-iss-n1358063796,1358063796,2001-01-13T07:44:18.415,687.57,1003.70,9.72,4,0.15,4,9.72,8.83,35.33,1.10,6.17,,"3 frame(s); median area 4.0 px; net motion dx=8.6, dy=19.3; flags: none"
N1358114418,T1605,1358114418-0183,0.6663,3,19,co-iss-n1358114418,1358114418,2001-01-13T21:47:24.033,428.48,737.21,11.62,4,0.00,4,11.62,8.85,35.41,1.31,2.70,,"3 frame(s); median area 5.0 px; net motion dx=31.7, dy=-9.7; flags: none"
N1358114587,T1605,1358114587-0183,0.6663,3,20,co-iss-n1358114587,1358114587,2001-01-13T21:49:41.040,444.38,712.67,9.91,7,0.00,7,9.91,8.19,57.34,1.21,2.54,,"3 frame(s); median area 5.0 px; net motion dx=31.7, dy=-9.7; flags: none"
N1358115096,T1605,1358115096-0088,0.6663,3,21,co-iss-n1358115096,1358115096,2001-01-13T21:59:18.060,460.22,727.52,10.96,5,0.00,5,10.96,8.96,44.81,1.22,1.16,,"3 frame(s); median area 5.0 px; net motion dx=31.7, dy=-9.7; flags: none"
N1358108118,T1373,1358108118-0034,0.6650,3,14,co-iss-n1358108118,1358108118,2001-01-13T20:02:24.077,844.21,161.16,8.97,5,0.00,5,8.97,8.27,41.37,1.08,2.89,,"3 frame(s); median area 3.0 px; net motion dx=102.4, dy=-114.8; flags: none"
N1358108287,T1373,1358108287-0035,0.6650,3,15,co-iss-n1358108287,1358108287,2001-01-13T20:04:41.083,894.40,108.81,53.12,3,0.00,3,53.12,29.33,87.99,1.81,1.73,,"3 frame(s); median area 3.0 px; net motion dx=102.4, dy=-114.8; flags: none"
N1358108796,T1373,1358108796-0006,0.6650,3,16,co-iss-n1358108796,1358108796,2001-01-13T20:14:18.103,946.59,46.32,15.32,3,0.00,3,15.32,12.51,37.54,1.22,1.73,,"3 frame(s); median area 3.0 px; net motion dx=102.4, dy=-114.8; flags: none"
N1358117118,T1996,1358117118-0594,0.6627,3,22,co-iss-n1358117118,1358117118,2001-01-13T22:32:24.014,335.13,1001.06,11.25,4,0.00,4,11.25,9.74,38.96,1.15,1.17,,"3 frame(s); median area 7.0 px; net motion dx=26.3, dy=9.1; flags: none"
N1358117287,T1996,1358117287-0474,0.6627,3,23,co-iss-n1358117287,1358117287,2001-01-13T22:34:41.021,344.44,994.58,8.25,7,0.00,7,8.25,8.06,56.43,1.02,1.77,,"3 frame(s); median area 7.0 px; net motion dx=26.3, dy=9.1; flags: none"
N1358117796,T1996,1358117796-0302,0.6627,3,24,co-iss-n1358117796,1358117796,2001-01-13T22:44:18.041,361.42,1010.21,10.09,7,0.00,7,10.09,9.20,64.38,1.10,1.41,,"3 frame(s); median area 7.0 px; net motion dx=26.3, dy=9.1; flags: none"
N1358108118,T1405,1358108118-0315,0.6597,3,14,co-iss-n1358108118,1358108118,2001-01-13T20:02:24.077,619.68,956.20,9.62,4,0.00,4,9.62,8.83,35.30,1.09,3.16,,"3 frame(s); median area 4.0 px; net motion dx=-13.7, dy=2.3; flags: none"
N1358108287,T1405,1358108287-0348,0.6597,3,15,co-iss-n1358108287,1358108287,2001-01-13T20:04:41.083,615.33,937.33,11.56,3,0.00,3,11.56,11.56,34.68,1.00,1.73,,"3 frame(s); median area 4.0 px; net motion dx=-13.7, dy=2.3; flags: none"
N1358108796,T1405,1358108796-0195,0.6597,3,16,co-iss-n1358108796,1358108796,2001-01-13T20:14:18.103,605.97,958.49,12.26,9,0.00,9,12.26,9.98,89.80,1.23,1.20,,"3 frame(s); median area 4.0 px; net motion dx=-13.7, dy=2.3; flags: none"
N1358114418,T1689,1358114418-2024,0.6585,3,19,co-iss-n1358114418,1358114418,2001-01-13T21:47:24.033,374.63,934.69,10.27,3,0.00,3,10.27,9.16,27.48,1.12,1.73,,"3 frame(s); median area 4.0 px; net motion dx=7.9, dy=-101.4; flags: none"
N1358114587,T1689,1358114587-1150,0.6585,3,20,co-iss-n1358114587,1358114587,2001-01-13T21:49:41.040,416.46,889.51,8.90,4,0.00,4,8.90,8.00,32.01,1.11,2.24,,"3 frame(s); median area 4.0 px; net motion dx=7.9, dy=-101.4; flags: none"
N1358115096,T1689,1358115096-0627,0.6585,3,21,co-iss-n1358115096,1358115096,2001-01-13T21:59:18.060,382.50,833.27,9.01,4,0.00,4,9.01,8.46,33.83,1.07,4.47,,"3 frame(s); median area 4.0 px; net motion dx=7.9, dy=-101.4; flags: none"
N1358114418,T1669,1358114418-1223,0.6510,3,19,co-iss-n1358114418,1358114418,2001-01-13T21:47:24.033,410.03,872.67,8.90,3,0.00,3,8.90,8.14,24.42,1.09,4.39,,"3 frame(s); median area 3.0 px; net motion dx=31.7, dy=-72.0; flags: none"
N1358114587,T1669,1358114587-0787,0.6510,3,20,co-iss-n1358114587,1358114587,2001-01-13T21:49:41.040,442.79,843.00,11.88,4,0.00,4,11.88,10.11,40.45,1.17,3.60,,"3 frame(s); median area 3.0 px; net motion dx=31.7, dy=-72.0; flags: none"
N1358115096,T1669,1358115096-0371,0.6510,3,21,co-iss-n1358115096,1358115096,2001-01-13T21:59:18.060,441.71,800.72,11.49,3,0.00,3,11.49,9.10,27.30,1.26,1.73,,"3 frame(s); median area 3.0 px; net motion dx=31.7, dy=-72.0; flags: none"
N1358105418,T1106,1358105418-2685,0.6504,3,11,co-iss-n1358105418,1358105418,2001-01-13T19:17:24.095,993.86,992.80,12.41,8,0.00,8,12.41,10.00,79.97,1.24,2.14,,"3 frame(s); median area 6.0 px; net motion dx=-56.4, dy=-93.8; flags: none"
N1358105587,T1106,1358105587-1431,0.6504,3,12,co-iss-n1358105587,1358105587,2001-01-13T19:19:41.102,989.05,951.31,8.80,3,0.00,3,8.80,8.07,24.21,1.09,4.39,,"3 frame(s); median area 6.0 px; net motion dx=-56.4, dy=-93.8; flags: none"
N1358106096,T1106,1358106096-1815,0.6504,3,13,co-iss-n1358106096,1358106096,2001-01-13T19:29:18.122,937.45,899.00,9.44,6,0.00,6,9.44,8.28,49.66,1.14,3.54,,"3 frame(s); median area 6.0 px; net motion dx=-56.4, dy=-93.8; flags: none"
N1358114418,T1634,1358114418-0663,0.6493,3,19,co-iss-n1358114418,1358114418,2001-01-13T21:47:24.033,439.44,826.33,10.54,4,0.15,4,10.54,8.70,34.80,1.21,6.17,,"3 frame(s); median area 4.0 px; net motion dx=11.3, dy=-32.8; flags: none"
N1358114587,T1634,1358114587-0571,0.6493,3,20,co-iss-n1358114587,1358114587,2001-01-13T21:49:41.040,453.91,815.60,11.64,3,0.00,3,11.64,9.61,28.84,1.21,4.39,,"3 frame(s); median area 4.0 px; net motion dx=11.3, dy=-32.8; flags: none"
N1358115096,T1634,1358115096-0323,0.6493,3,21,co-iss-n1358115096,1358115096,2001-01-13T21:59:18.060,450.72,793.56,10.46,4,0.00,4,10.46,8.88,35.53,1.18,1.82,,"3 frame(s); median area 4.0 px; net motion dx=11.3, dy=-32.8; flags: none"
N1358108118,T1422,1358108118-0498,0.6490,3,14,co-iss-n1358108118,1358108118,2001-01-13T20:02:24.077,681.22,988.76,9.62,6,0.00,6,9.62,8.34,50.04,1.15,1.99,,"3 frame(s); median area 6.0 px; net motion dx=-21.5, dy=3.7; flags: none"
N1358108287,T1422,1358108287-0450,0.6490,3,15,co-iss-n1358108287,1358108287,2001-01-13T20:04:41.083,679.67,973.78,10.67,6,0.00,6,10.67,8.97,53.85,1.19,1.77,,"3 frame(s); median area 6.0 px; net motion dx=-21.5, dy=3.7; flags: none"
N1358108796,T1422,1358108796-0332,0.6490,3,16,co-iss-n1358108796,1358108796,2001-01-13T20:14:18.103,659.74,992.48,9.82,4,0.00,4,9.82,9.34,37.38,1.05,1.82,,"3 frame(s); median area 6.0 px; net motion dx=-21.5, dy=3.7; flags: none"
N1358105418,T1008,1358105418-0196,0.6471,3,11,co-iss-n1358105418,1358105418,2001-01-13T19:17:24.095,614.77,737.69,10.99,6,0.00,6,10.99,9.98,59.88,1.10,3.02,,"3 frame(s); median area 6.0 px; net motion dx=17.3, dy=-28.2; flags: none"
N1358105587,T1008,1358105587-0222,0.6471,3,12,co-iss-n1358105587,1358105587,2001-01-13T19:19:41.102,618.92,727.60,13.30,3,0.00,3,13.30,11.20,33.59,1.19,4.39,,"3 frame(s); median area 6.0 px; net motion dx=17.3, dy=-28.2; flags: none"
N1358106096,T1008,1358106096-0093,0.6471,3,13,co-iss-n1358106096,1358106096,2001-01-13T19:29:18.122,632.12,709.50,11.83,21,0.00,21,11.83,9.28,194.84,1.27,1.31,,"3 frame(s); median area 6.0 px; net motion dx=17.3, dy=-28.2; flags: none"
N1358105418,T1084,1358105418-1599,0.6465,3,11,co-iss-n1358105418,1358105418,2001-01-13T19:17:24.095,989.57,892.61,10.50,5,0.00,5,10.50,9.46,47.30,1.11,3.40,,"3 frame(s); median area 6.0 px; net motion dx=-54.1, dy=-21.6; flags: none"
N1358105587,T1084,1358105587-0983,0.6465,3,12,co-iss-n1358105587,1358105587,2001-01-13T19:19:41.102,987.43,865.53,9.38,11,0.00,11,9.38,8.26,90.84,1.14,2.05,,"3 frame(s); median area 6.0 px; net motion dx=-54.1, dy=-21.6; flags: none"
N1358106096,T1084,1358106096-1234,0.6465,3,13,co-iss-n1358106096,1358106096,2001-01-13T19:29:18.122,935.46,871.04,13.16,6,0.00,6,13.16,10.66,63.98,1.23,1.31,,"3 frame(s); median area 6.0 px; net motion dx=-54.1, dy=-21.6; flags: none"
N1358105418,T1094,1358105418-2335,0.6455,3,11,co-iss-n1358105418,1358105418,2001-01-13T19:17:24.095,988.70,947.75,10.25,4,0.00,4,10.25,8.92,35.68,1.15,2.45,,"3 frame(s); median area 4.0 px; net motion dx=-35.7, dy=-73.4; flags: none"
N1358105587,T1094,1358105587-1210,0.6455,3,12,co-iss-n1358105587,1358105587,2001-01-13T19:19:41.102,987.26,896.49,8.80,4,0.00,4,8.80,8.04,32.18,1.09,1.82,,"3 frame(s); median area 4.0 px; net motion dx=-35.7, dy=-73.4; flags: none"
N1358106096,T1094,1358106096-1325,0.6455,3,13,co-iss-n1358106096,1358106096,2001-01-13T19:29:18.122,953.05,874.30,13.16,3,0.00,3,13.16,12.31,36.92,1.07,4.39,,"3 frame(s); median area 4.0 px; net motion dx=-35.7, dy=-73.4; flags: none"
N1358063118,T0438,1358063118-0175,0.6455,3,1,co-iss-n1358063118,1358063118,2001-01-13T07:32:24.388,842.34,669.75,12.97,3,0.00,3,12.97,10.60,31.79,1.22,1.73,,"3 frame(s); median area 3.0 px; net motion dx=35.4, dy=0.7; flags: none"
N1358063287,T0438,1358063287-0209,0.6455,3,2,co-iss-n1358063287,1358063287,2001-01-13T07:34:41.395,842.15,649.09,54.12,16,0.00,16,54.12,21.94,350.96,2.47,1.42,,"3 frame(s); median area 3.0 px; net motion dx=35.4, dy=0.7; flags: none"
N1358063796,T0438,1358063796-0090,0.6455,3,3,co-iss-n1358063796,1358063796,2001-01-13T07:44:18.415,877.69,670.41,23.61,3,0.00,3,23.61,19.30,57.91,1.22,1.73,,"3 frame(s); median area 3.0 px; net motion dx=35.4, dy=0.7; flags: none"
N1358063118,T0483,1358063118-0705,0.6440,3,1,co-iss-n1358063118,1358063118,2001-01-13T07:32:24.388,720.37,1003.98,9.41,3,0.00,3,9.41,8.51,25.54,1.11,1.73,,"3 frame(s); median area 5.0 px; net motion dx=-7.6, dy=8.3; flags: none"
N1358063287,T0483,1358063287-0537,0.6440,3,2,co-iss-n1358063287,1358063287,2001-01-13T07:34:41.395,720.43,987.26,10.26,5,0.00,5,10.26,8.83,44.15,1.16,1.73,,"3 frame(s); median area 5.0 px; net motion dx=-7.6, dy=8.3; flags: none"
N1358063796,T0483,1358063796-0377,0.6440,3,3,co-iss-n1358063796,1358063796,2001-01-13T07:44:18.415,712.77,1012.29,10.33,9,0.00,9,10.33,9.20,82.80,1.12,2.82,,"3 frame(s); median area 5.0 px; net motion dx=-7.6, dy=8.3; flags: none"
N1358114418,T1721,1358114418-3009,0.6438,3,19,co-iss-n1358114418,1358114418,2001-01-13T21:47:24.033,321.13,1018.63,12.58,6,0.00,6,12.58,9.03,54.17,1.39,2.11,,"3 frame(s); median area 5.0 px; net motion dx=65.9, dy=-117.7; flags: none"
N1358114587,T1721,1358114587-1455,0.6438,3,20,co-iss-n1358114587,1358114587,2001-01-13T21:49:41.040,351.62,975.53,9.56,5,0.00,5,9.56,8.63,43.14,1.11,1.83,,"3 frame(s); median area 5.0 px; net motion dx=65.9, dy=-117.7; flags: none"
N1358115096,T1721,1358115096-1734,0.6438,3,21,co-iss-n1358115096,1358115096,2001-01-13T21:59:18.060,386.98,900.97,10.21,4,0.00,4,10.21,8.99,35.94,1.14,1.73,,"3 frame(s); median area 5.0 px; net motion dx=65.9, dy=-117.7; flags: none"
N1358114418,T1623,1358114418-0420,0.6429,3,19,co-iss-n1358114418,1358114418,2001-01-13T21:47:24.033,453.36,787.32,8.42,3,0.00,3,8.42,7.70,23.09,1.09,1.73,,"3 frame(s); median area 4.0 px; net motion dx=4.6, dy=-10.2; flags: none"
N1358114587,T1623,1358114587-0534,0.6429,3,20,co-iss-n1358114587,1358114587,2001-01-13T21:49:41.040,454.66,808.89,13.08,4,0.15,4,13.08,9.74,38.94,1.34,6.85,,"3 frame(s); median area 4.0 px; net motion dx=4.6, dy=-10.2; flags: none"
N1358115096,T1623,1358115096-0229,0.6429,3,21,co-iss-n1358115096,1358115096,2001-01-13T21:59:18.060,457.95,777.15,15.94,8,0.00,8,15.94,10.53,84.25,1.51,2.46,,"3 frame(s); median area 4.0 px; net motion dx=4.6, dy=-10.2; flags: none"
N1358063118,T0456,1358063118-0298,0.6408,3,1,co-iss-n1358063118,1358063118,2001-01-13T07:32:24.388,598.34,943.04,9.75,3,0.00,3,9.75,9.07,27.22,1.07,4.39,,"3 frame(s); median area 3.0 px; net motion dx=-2.3, dy=-2.7; flags: none"
N1358063287,T0456,1358063287-0348,0.6408,3,2,co-iss-n1358063287,1358063287,2001-01-13T07:34:41.395,603.72,930.36,13.01,5,0.00,5,13.01,10.21,51.03,1.27,1.39,,"3 frame(s); median area 3.0 px; net motion dx=-2.3, dy=-2.7; flags: none"
N1358063796,T0456,1358063796-0152,0.6408,3,3,co-iss-n1358063796,1358063796,2001-01-13T07:44:18.415,596.08,940.31,10.82,3,0.00,3,10.82,9.31,27.94,1.16,4.39,,"3 frame(s); median area 3.0 px; net motion dx=-2.3, dy=-2.7; flags: none"
N1358108118,T1442,1358108118-0783,0.6407,3,14,co-iss-n1358108118,1358108118,2001-01-13T20:02:24.077,739.37,1016.34,9.62,3,0.00,3,9.62,8.73,26.18,1.10,1.73,,"3 frame(s); median area 3.0 px; net motion dx=-69.3, dy=-13.7; flags: none"
N1358108287,T1442,1358108287-0625,0.6407,3,15,co-iss-n1358108287,1358108287,2001-01-13T20:04:41.083,703.35,1019.96,8.30,3,0.00,3,8.30,7.95,23.84,1.04,4.39,,"3 frame(s); median area 3.0 px; net motion dx=-69.3, dy=-13.7; flags: none"
N1358108796,T1442,1358108796-0393,0.6407,3,16,co-iss-n1358108796,1358108796,2001-01-13T20:14:18.103,670.07,1002.64,9.82,3,0.00,3,9.82,9.19,27.56,1.07,4.39,,"3 frame(s); median area 3.0 px; net motion dx=-69.3, dy=-13.7; flags: none"
N1358114418,T1631,1358114418-0619,0.6402,3,19,co-iss-n1358114418,1358114418,2001-01-13T21:47:24.033,388.04,820.30,8.82,3,0.00,3,8.82,8.46,25.39,1.04,4.39,,"3 frame(s); median area 3.0 px; net motion dx=0.8, dy=-0.3; flags: none"
N1358114587,T1631,1358114587-1037,0.6402,3,20,co-iss-n1358114587,1358114587,2001-01-13T21:49:41.040,412.96,871.65,8.39,3,0.00,3,8.39,8.08,24.23,1.04,4.39,,"3 frame(s); median area 3.0 px; net motion dx=0.8, dy=-0.3; flags: none"
N1358115096,T1631,1358115096-0481,0.6402,3,21,co-iss-n1358115096,1358115096,2001-01-13T21:59:18.060,388.88,820.02,11.25,5,0.00,5,11.25,9.92,49.58,1.13,3.32,,"3 frame(s); median area 3.0 px; net motion dx=0.8, dy=-0.3; flags: none"
N1358117118,T1993,1358117118-0517,0.6401,3,22,co-iss-n1358117118,1358117118,2001-01-13T22:32:24.014,452.23,991.40,9.39,10,0.00,10,9.39,8.64,86.39,1.09,2.38,,"3 frame(s); median area 4.0 px; net motion dx=6.5, dy=-43.4; flags: none"
N1358117287,T1993,1358117287-0429,0.6401,3,23,co-iss-n1358117287,1358117287,2001-01-13T22:34:41.021,465.36,974.32,9.46,3,0.00,3,9.46,8.69,26.06,1.09,1.73,,"3 frame(s); median area 4.0 px; net motion dx=6.5, dy=-43.4; flags: none"
N1358117796,T1993,1358117796-0126,0.6401,3,24,co-iss-n1358117796,1358117796,2001-01-13T22:44:18.041,458.75,948.00,8.08,4,0.00,4,8.08,8.07,32.27,1.00,1.62,,"3 frame(s); median area 4.0 px; net motion dx=6.5, dy=-43.4; flags: none"
N1358108118,T1403,1358108118-0307,0.6394,3,14,co-iss-n1358108118,1358108118,2001-01-13T20:02:24.077,615.08,953.36,9.62,3,0.00,3,9.62,8.86,26.59,1.08,4.39,,"3 frame(s); median area 3.0 px; net motion dx=-28.6, dy=-4.0; flags: none"
N1358108287,T1403,1358108287-0337,0.6394,3,15,co-iss-n1358108287,1358108287,2001-01-13T20:04:41.083,603.91,934.62,9.52,3,0.00,3,9.52,8.31,24.92,1.15,4.39,,"3 frame(s); median area 3.0 px; net motion dx=-28.6, dy=-4.0; flags: none"
N1358108796,T1403,1358108796-0185,0.6394,3,16,co-iss-n1358108796,1358108796,2001-01-13T20:14:18.103,586.44,949.34,12.26,8,0.00,8,12.26,9.33,74.65,1.31,5.79,,"3 frame(s); median area 3.0 px; net motion dx=-28.6, dy=-4.0; flags: none"
N1358108118,T1413,1358108118-0384,0.6392,3,14,co-iss-n1358108118,1358108118,2001-01-13T20:02:24.077,580.71,969.35,9.62,3,0.00,3,9.62,8.94,26.81,1.08,1.73,,"3 frame(s); median area 3.0 px; net motion dx=7.3, dy=-21.6; flags: none"
N1358108287,T1413,1358108287-0397,0.6392,3,15,co-iss-n1358108287,1358108287,2001-01-13T20:04:41.083,572.38,953.53,11.56,4,0.00,4,11.56,8.97,35.88,1.29,2.62,,"3 frame(s); median area 3.0 px; net motion dx=7.3, dy=-21.6; flags: none"
N1358108796,T1413,1358108796-0183,0.6392,3,16,co-iss-n1358108796,1358108796,2001-01-13T20:14:18.103,588.05,947.71,10.02,3,0.00,3,10.02,8.78,26.34,1.14,1.73,,"3 frame(s); median area 3.0 px; net motion dx=7.3, dy=-21.6; flags: none"
N1358108118,T1443,1358108118-0795,0.6375,2,14,co-iss-n1358108118,1358108118,2001-01-13T20:02:24.077,1012.26,1020.04,47.56,44,0.00,44,47.56,22.79,1002.65,2.09,4.15,,"2 frame(s); median area 32.5 px; net motion dx=0.1, dy=0.3; flags: none"
N1358108796,T1443,1358108796-0522,0.6375,2,16,co-iss-n1358108796,1358108796,2001-01-13T20:14:18.103,1012.34,1020.37,23.12,21,0.00,21,23.12,14.23,298.73,1.63,3.31,,"2 frame(s); median area 32.5 px; net motion dx=0.1, dy=0.3; flags: none"
N1358105418,T1086,1358105418-1642,0.6365,3,11,co-iss-n1358105418,1358105418,2001-01-13T19:17:24.095,986.87,896.39,10.50,5,0.00,5,10.50,8.97,44.86,1.17,2.86,,"3 frame(s); median area 5.0 px; net motion dx=-40.2, dy=-23.9; flags: none"
N1358105587,T1086,1358105587-1027,0.6365,3,12,co-iss-n1358105587,1358105587,2001-01-13T19:19:41.102,990.16,870.81,10.03,5,0.00,5,10.03,8.66,43.32,1.16,1.62,,"3 frame(s); median area 5.0 px; net motion dx=-40.2, dy=-23.9; flags: none"
N1358106096,T1086,1358106096-1262,0.6365,3,13,co-iss-n1358106096,1358106096,2001-01-13T19:29:18.122,946.65,872.47,12.56,7,0.00,7,12.56,10.27,71.86,1.22,1.96,,"3 frame(s); median area 5.0 px; net motion dx=-40.2, dy=-23.9; flags: none"
N1358063118,T0478,1358063118-0551,0.6357,3,1,co-iss-n1358063118,1358063118,2001-01-13T07:32:24.388,579.94,989.92,11.67,11,0.00,11,11.67,9.30,102.33,1.25,1.38,,"3 frame(s); median area 7.0 px; net motion dx=6.8, dy=-21.2; flags: none"
N1358063287,T0478,1358063287-0529,0.6357,3,2,co-iss-n1358063287,1358063287,2001-01-13T07:34:41.395,574.92,984.28,9.80,3,0.00,3,9.80,9.11,27.33,1.08,4.39,,"3 frame(s); median area 7.0 px; net motion dx=6.8, dy=-21.2; flags: none"
N1358063796,T0478,1358063796-0217,0.6357,3,3,co-iss-n1358063796,1358063796,2001-01-13T07:44:18.415,586.71,968.72,8.27,7,0.00,7,8.27,8.14,56.97,1.02,1.91,,"3 frame(s); median area 7.0 px; net motion dx=6.8, dy=-21.2; flags: none"
N1358114418,T1688,1358114418-1931,0.6349,3,19,co-iss-n1358114418,1358114418,2001-01-13T21:47:24.033,374.53,926.72,10.22,4,0.00,4,10.22,8.99,35.97,1.14,1.82,,"3 frame(s); median area 3.0 px; net motion dx=-0.4, dy=-103.0; flags: none"
N1358114587,T1688,1358114587-1091,0.6349,3,20,co-iss-n1358114587,1358114587,2001-01-13T21:49:41.040,415.07,879.68,9.56,3,0.00,3,9.56,8.32,24.97,1.15,4.39,,"3 frame(s); median area 3.0 px; net motion dx=-0.4, dy=-103.0; flags: none"
N1358115096,T1688,1358115096-0523,0.6349,3,21,co-iss-n1358115096,1358115096,2001-01-13T21:59:18.060,374.09,823.70,11.25,3,0.00,3,11.25,9.50,28.49,1.18,1.73,,"3 frame(s); median area 3.0 px; net motion dx=-0.4, dy=-103.0; flags: none"
N1358117118,T1976,1358117118-0272,0.6349,3,22,co-iss-n1358117118,1358117118,2001-01-13T22:32:24.014,572.27,942.45,18.60,3,0.00,3,18.60,13.93,41.80,1.34,1.73,,"3 frame(s); median area 4.0 px; net motion dx=17.0, dy=38.4; flags: none"
N1358117287,T1976,1358117287-0622,0.6349,3,23,co-iss-n1358117287,1358117287,2001-01-13T22:34:41.021,589.83,1017.33,24.51,9,0.00,9,24.51,13.58,122.25,1.80,3.21,,"3 frame(s); median area 4.0 px; net motion dx=17.0, dy=38.4; flags: none"
N1358117796,T1976,1358117796-0182,0.6349,3,24,co-iss-n1358117796,1358117796,2001-01-13T22:44:18.041,589.24,980.88,15.81,4,0.00,4,15.81,11.82,47.29,1.34,1.63,,"3 frame(s); median area 4.0 px; net motion dx=17.0, dy=38.4; flags: none"
N1358114418,T1718,1358114418-2946,0.6316,3,19,co-iss-n1358114418,1358114418,2001-01-13T21:47:24.033,320.80,1012.36,12.19,8,0.00,8,12.19,9.11,72.90,1.34,2.00,,"3 frame(s); median area 3.0 px; net motion dx=45.3, dy=-126.0; flags: none"
N1358114587,T1718,1358114587-1423,0.6316,3,20,co-iss-n1358114587,1358114587,2001-01-13T21:49:41.040,365.00,963.71,10.74,3,0.00,3,10.74,8.47,25.41,1.27,4.39,,"3 frame(s); median area 3.0 px; net motion dx=45.3, dy=-126.0; flags: none"
N1358115096,T1718,1358115096-1468,0.6316,3,21,co-iss-n1358115096,1358115096,2001-01-13T21:59:18.060,366.11,886.34,9.88,3,0.00,3,9.88,8.58,25.75,1.15,1.73,,"3 frame(s); median area 3.0 px; net motion dx=45.3, dy=-126.0; flags: none"
N1358108118,T1390,1358108118-0190,0.6310,3,14,co-iss-n1358108118,1358108118,2001-01-13T20:02:24.077,316.44,722.86,17.44,4,0.00,4,17.44,13.08,52.33,1.33,2.62,,"3 frame(s); median area 4.0 px; net motion dx=-18.3, dy=54.6; flags: none"
N1358108287,T1390,1358108287-0248,0.6310,3,15,co-iss-n1358108287,1358108287,2001-01-13T20:04:41.083,280.60,795.46,50.30,3,0.00,3,50.30,36.71,110.14,1.37,1.73,,"3 frame(s); median area 4.0 px; net motion dx=-18.3, dy=54.6; flags: none"
N1358108796,T1390,1358108796-0159,0.6310,3,16,co-iss-n1358108796,1358108796,2001-01-13T20:14:18.103,298.17,777.47,32.72,8,0.00,8,32.72,18.23,145.83,1.79,4.71,,"3 frame(s); median area 4.0 px; net motion dx=-18.3, dy=54.6; flags: none"
N1358117118,T1974,1358117118-0252,0.6306,3,22,co-iss-n1358117118,1358117118,2001-01-13T22:32:24.014,437.11,938.93,13.10,7,0.00,7,13.10,10.42,72.95,1.26,1.93,,"3 frame(s); median area 7.0 px; net motion dx=-2.5, dy=21.8; flags: none"
N1358117287,T1974,1358117287-0354,0.6306,3,23,co-iss-n1358117287,1358117287,2001-01-13T22:34:41.021,429.21,939.49,9.86,7,0.00,7,9.86,8.56,59.93,1.15,3.15,,"3 frame(s); median area 7.0 px; net motion dx=-2.5, dy=21.8; flags: none"
N1358117796,T1974,1358117796-0141,0.6306,3,24,co-iss-n1358117796,1358117796,2001-01-13T22:44:18.041,434.61,960.76,10.09,8,0.00,8,10.09,8.59,68.76,1.17,3.75,,"3 frame(s); median area 7.0 px; net motion dx=-2.5, dy=21.8; flags: none"
N1358114418,T1660,1358114418-1044,0.6300,3,19,co-iss-n1358114418,1358114418,2001-01-13T21:47:24.033,418.72,862.41,11.58,6,0.00,6,11.58,9.23,55.39,1.25,1.90,,"3 frame(s); median area 3.0 px; net motion dx=-1.7, dy=-68.1; flags: none"
N1358114587,T1660,1358114587-0712,0.6300,3,20,co-iss-n1358114587,1358114587,2001-01-13T21:49:41.040,445.92,833.41,11.25,3,0.00,3,11.25,9.14,27.41,1.23,4.39,,"3 frame(s); median area 3.0 px; net motion dx=-1.7, dy=-68.1; flags: none"
N1358115096,T1660,1358115096-0327,0.6300,3,21,co-iss-n1358115096,1358115096,2001-01-13T21:59:18.060,417.03,794.32,11.25,3,0.00,3,11.25,9.40,28.19,1.20,4.39,,"3 frame(s); median area 3.0 px; net motion dx=-1.7, dy=-68.1; flags: none"
N1358108118,T1425,1358108118-0578,0.6240,3,14,co-iss-n1358108118,1358108118,2001-01-13T20:02:24.077,700.43,997.56,9.62,5,0.00,5,9.62,9.02,45.08,1.07,1.83,,"3 frame(s); median area 4.0 px; net motion dx=-44.5, dy=-0.9; flags: none"
N1358108287,T1425,1358108287-0464,0.6240,3,15,co-iss-n1358108287,1358108287,2001-01-13T20:04:41.083,685.05,980.65,8.30,3,0.00,3,8.30,7.92,23.77,1.05,1.73,,"3 frame(s); median area 4.0 px; net motion dx=-44.5, dy=-0.9; flags: none"
N1358108796,T1425,1358108796-0357,0.6240,3,16,co-iss-n1358108796,1358108796,2001-01-13T20:14:18.103,655.95,996.67,9.82,4,0.00,4,9.82,8.13,32.50,1.21,1.17,,"3 frame(s); median area 4.0 px; net motion dx=-44.5, dy=-0.9; flags: none"
N1358108118,T1417,1358108118-0419,0.6237,3,14,co-iss-n1358108118,1358108118,2001-01-13T20:02:24.077,658.38,975.34,9.62,9,0.00,9,9.62,8.45,76.07,1.14,2.27,,"3 frame(s); median area 3.0 px; net motion dx=-2.0, dy=15.0; flags: none"
N1358108287,T1417,1358108287-0462,0.6237,3,15,co-iss-n1358108287,1358108287,2001-01-13T20:04:41.083,679.01,979.67,8.30,3,0.00,3,8.30,8.17,24.50,1.02,4.39,,"3 frame(s); median area 3.0 px; net motion dx=-2.0, dy=15.0; flags: none"
N1358108796,T1417,1358108796-0323,0.6237,3,16,co-iss-n1358108796,1358108796,2001-01-13T20:14:18.103,656.34,990.34,9.82,3,0.00,3,9.82,9.52,28.57,1.03,1.73,,"3 frame(s); median area 3.0 px; net motion dx=-2.0, dy=15.0; flags: none"
N1358117118,T2021,1358117118-0768,0.6223,3,22,co-iss-n1358117118,1358117118,2001-01-13T22:32:24.014,435.49,1018.50,9.39,4,0.00,4,9.39,8.74,34.97,1.07,2.24,,"3 frame(s); median area 4.0 px; net motion dx=22.0, dy=-58.6; flags: none"
N1358117287,T2021,1358117287-0460,0.6223,3,23,co-iss-n1358117287,1358117287,2001-01-13T22:34:41.021,461.48,987.53,9.30,4,0.00,4,9.30,8.51,34.04,1.09,1.00,,"3 frame(s); median area 4.0 px; net motion dx=22.0, dy=-58.6; flags: none"
N1358117796,T2021,1358117796-0140,0.6223,3,24,co-iss-n1358117796,1358117796,2001-01-13T22:44:18.041,457.50,959.95,8.08,12,0.00,12,8.08,7.86,94.28,1.03,2.30,,"3 frame(s); median area 4.0 px; net motion dx=22.0, dy=-58.6; flags: none"
N1358063118,T0502,1358063118-0853,0.6211,3,1,co-iss-n1358063118,1358063118,2001-01-13T07:32:24.388,746.67,1016.06,9.75,3,0.00,3,9.75,8.41,25.23,1.16,4.39,,"3 frame(s); median area 5.0 px; net motion dx=-37.1, dy=0.0; flags: none"
N1358063287,T0502,1358063287-0582,0.6211,3,2,co-iss-n1358063287,1358063287,2001-01-13T07:34:41.395,737.40,1002.01,8.19,5,0.00,5,8.19,8.12,40.60,1.01,1.61,,"3 frame(s); median area 5.0 px; net motion dx=-37.1, dy=0.0; flags: none"
N1358063796,T0502,1358063796-0404,0.6211,3,3,co-iss-n1358063796,1358063796,2001-01-13T07:44:18.415,709.53,1016.09,10.33,8,0.00,8,10.33,8.26,66.10,1.25,1.19,,"3 frame(s); median area 5.0 px; net motion dx=-37.1, dy=0.0; flags: none"
N1358105418,T1114,1358105418-2894,0.6211,3,11,co-iss-n1358105418,1358105418,2001-01-13T19:17:24.095,716.39,1010.74,10.44,5,0.00,5,10.44,8.71,43.56,1.20,1.39,,"3 frame(s); median area 5.0 px; net motion dx=-48.7, dy=-105.9; flags: none"
N1358105587,T1114,1358105587-1536,0.6211,3,12,co-iss-n1358105587,1358105587,2001-01-13T19:19:41.102,688.07,984.25,12.19,5,0.00,5,12.19,9.62,48.11,1.27,1.88,,"3 frame(s); median area 5.0 px; net motion dx=-48.7, dy=-105.9; flags: none"
N1358106096,T1114,1358106096-1915,0.6211,3,13,co-iss-n1358106096,1358106096,2001-01-13T19:29:18.122,667.73,904.85,12.17,3,0.00,3,12.17,9.48,28.45,1.28,4.39,,"3 frame(s); median area 5.0 px; net motion dx=-48.7, dy=-105.9; flags: none"
N1358108118,T1433,1358108118-0683,0.6208,3,14,co-iss-n1358108118,1358108118,2001-01-13T20:02:24.077,726.38,1007.99,9.62,5,0.00,5,9.62,9.13,45.65,1.05,1.61,,"3 frame(s); median area 5.0 px; net motion dx=-121.9, dy=-7.1; flags: none"
N1358108287,T1433,1358108287-0606,0.6208,3,15,co-iss-n1358108287,1358108287,2001-01-13T20:04:41.083,683.69,1017.94,8.30,3,0.00,3,8.30,7.46,22.39,1.11,1.73,,"3 frame(s); median area 5.0 px; net motion dx=-121.9, dy=-7.1; flags: none"
N1358108796,T1433,1358108796-0362,0.6208,3,16,co-iss-n1358108796,1358108796,2001-01-13T20:14:18.103,604.53,1000.93,9.82,13,0.00,13,9.82,9.05,117.66,1.09,1.93,,"3 frame(s); median area 5.0 px; net motion dx=-121.9, dy=-7.1; flags: none"
N1358114418,T1722,1358114418-3021,0.6201,3,19,co-iss-n1358114418,1358114418,2001-01-13T21:47:24.033,296.38,1018.93,10.27,3,0.00,3,10.27,9.08,27.25,1.13,1.73,,"3 frame(s); median area 3.0 px; net motion dx=26.6, dy=-114.6; flags: none"
N1358114587,T1722,1358114587-1467,0.6201,3,20,co-iss-n1358114587,1358114587,2001-01-13T21:49:41.040,348.54,979.75,9.56,4,0.00,4,9.56,8.00,32.01,1.20,1.82,,"3 frame(s); median area 3.0 px; net motion dx=26.6, dy=-114.6; flags: none"
N1358115096,T1722,1358115096-1791,0.6201,3,21,co-iss-n1358115096,1358115096,2001-01-13T21:59:18.060,323.00,904.37,9.39,3,0.00,3,9.39,8.47,25.40,1.11,1.73,,"3 frame(s); median area 3.0 px; net motion dx=26.6, dy=-114.6; flags: none"
N1358114418,T1651,1358114418-0813,0.6199,3,19,co-iss-n1358114418,1358114418,2001-01-13T21:47:24.033,162.76,841.54,9.39,4,0.00,4,9.39,7.78,31.13,1.21,1.82,,"3 frame(s); median area 6.0 px; net motion dx=3.8, dy=21.6; flags: none"
N1358114587,T1651,1358114587-0684,0.6199,3,20,co-iss-n1358114587,1358114587,2001-01-13T21:49:41.040,158.89,830.61,13.08,6,0.00,6,13.08,8.98,53.88,1.46,2.91,,"3 frame(s); median area 6.0 px; net motion dx=3.8, dy=21.6; flags: none"
N1358115096,T1651,1358115096-0948,0.6199,3,21,co-iss-n1358115096,1358115096,2001-01-13T21:59:18.060,166.54,863.10,14.96,11,0.00,11,14.96,10.58,116.35,1.41,3.12,,"3 frame(s); median area 6.0 px; net motion dx=3.8, dy=21.6; flags: none"
N1358063118,T0484,1358063118-0706,0.6188,3,1,co-iss-n1358063118,1358063118,2001-01-13T07:32:24.388,592.66,1005.03,9.75,3,0.00,3,9.75,9.44,28.32,1.03,4.39,,"3 frame(s); median area 3.0 px; net motion dx=-12.5, dy=-30.4; flags: none"
N1358063287,T0484,1358063287-0565,0.6188,3,2,co-iss-n1358063287,1358063287,2001-01-13T07:34:41.395,577.00,996.71,11.40,3,0.00,3,11.40,10.64,31.91,1.07,1.73,,"3 frame(s); median area 3.0 px; net motion dx=-12.5, dy=-30.4; flags: none"
N1358063796,T0484,1358063796-0234,0.6188,3,3,co-iss-n1358063796,1358063796,2001-01-13T07:44:18.415,580.11,974.63,9.98,3,0.00,3,9.98,8.98,26.95,1.11,4.39,,"3 frame(s); median area 3.0 px; net motion dx=-12.5, dy=-30.4; flags: none"
N1358063118,T0485,1358063118-0733,0.6174,3,1,co-iss-n1358063118,1358063118,2001-01-13T07:32:24.388,731.49,1005.74,9.75,4,0.00,4,9.75,9.50,37.99,1.03,4.47,,"3 frame(s); median area 4.0 px; net motion dx=-36.0, dy=4.5; flags: none"
N1358063287,T0485,1358063287-0549,0.6174,3,2,co-iss-n1358063287,1358063287,2001-01-13T07:34:41.395,718.38,991.64,9.56,6,0.00,6,9.56,7.89,47.36,1.21,2.45,,"3 frame(s); median area 4.0 px; net motion dx=-36.0, dy=4.5; flags: none"
N1358063796,T0485,1358063796-0373,0.6174,3,3,co-iss-n1358063796,1358063796,2001-01-13T07:44:18.415,695.53,1010.24,8.27,4,0.00,4,8.27,7.89,31.55,1.05,2.70,,"3 frame(s); median area 4.0 px; net motion dx=-36.0, dy=4.5; flags: none"
N1358108118,T1438,1358108118-0739,0.6155,3,14,co-iss-n1358108118,1358108118,2001-01-13T20:02:24.077,601.00,1013.67,9.37,3,0.00,3,9.37,8.96,26.89,1.04,4.39,,"3 frame(s); median area 3.0 px; net motion dx=47.1, dy=-23.4; flags: none"
N1358108287,T1438,1358108287-0541,0.6155,3,15,co-iss-n1358108287,1358108287,2001-01-13T20:04:41.083,632.01,1009.39,8.30,8,0.00,8,8.30,8.04,64.33,1.03,2.76,,"3 frame(s); median area 3.0 px; net motion dx=47.1, dy=-23.4; flags: none"
N1358108796,T1438,1358108796-0322,0.6155,3,16,co-iss-n1358108796,1358108796,2001-01-13T20:14:18.103,648.10,990.30,9.82,3,0.00,3,9.82,8.19,24.58,1.20,1.73,,"3 frame(s); median area 3.0 px; net motion dx=47.1, dy=-23.4; flags: none"
N1358063118,T0454,1358063118-0275,0.6149,3,1,co-iss-n1358063118,1358063118,2001-01-13T07:32:24.388,570.08,936.65,9.75,3,0.00,3,9.75,8.70,26.10,1.12,4.39,,"3 frame(s); median area 3.0 px; net motion dx=19.7, dy=2.5; flags: none"
N1358063287,T0454,1358063287-0337,0.6149,3,2,co-iss-n1358063287,1358063287,2001-01-13T07:34:41.395,584.32,926.93,9.80,3,0.00,3,9.80,8.72,26.16,1.12,1.73,,"3 frame(s); median area 3.0 px; net motion dx=19.7, dy=2.5; flags: none"
N1358063796,T0454,1358063796-0144,0.6149,3,3,co-iss-n1358063796,1358063796,2001-01-13T07:44:18.415,589.74,939.18,12.38,3,0.00,3,12.38,9.22,27.66,1.34,4.39,,"3 frame(s); median area 3.0 px; net motion dx=19.7, dy=2.5; flags: none"
N1358105418,T1100,1358105418-2534,0.6140,3,11,co-iss-n1358105418,1358105418,2001-01-13T19:17:24.095,989.05,967.63,10.50,3,0.00,3,10.50,9.39,28.17,1.12,4.39,,"3 frame(s); median area 3.0 px; net motion dx=-36.1, dy=-82.3; flags: none"
N1358105587,T1100,1358105587-1358,0.6140,3,12,co-iss-n1358105587,1358105587,2001-01-13T19:19:41.102,988.05,925.68,8.80,3,0.00,3,8.80,7.88,23.63,1.12,4.39,,"3 frame(s); median area 3.0 px; net motion dx=-36.1, dy=-82.3; flags: none"
N1358106096,T1100,1358106096-1540,0.6140,3,13,co-iss-n1358106096,1358106096,2001-01-13T19:29:18.122,953.00,885.29,9.44,3,0.00,3,9.44,8.92,26.75,1.06,1.73,,"3 frame(s); median area 3.0 px; net motion dx=-36.1, dy=-82.3; flags: none"
N1358063118,T0503,1358063118-0858,0.6139,3,1,co-iss-n1358063118,1358063118,2001-01-13T07:32:24.388,612.43,1017.49,9.75,4,0.00,4,9.75,8.16,32.64,1.20,2.24,,"3 frame(s); median area 4.0 px; net motion dx=-26.5, dy=-31.8; flags: none"
N1358063287,T0503,1358063287-0602,0.6139,3,2,co-iss-n1358063287,1358063287,2001-01-13T07:34:41.395,580.36,1005.82,10.27,5,0.00,5,10.27,8.37,41.83,1.23,3.52,,"3 frame(s); median area 4.0 px; net motion dx=-26.5, dy=-31.8; flags: none"
N1358063796,T0503,1358063796-0257,0.6139,3,3,co-iss-n1358063796,1358063796,2001-01-13T07:44:18.415,585.96,985.71,10.33,3,0.00,3,10.33,9.23,27.68,1.12,4.39,,"3 frame(s); median area 4.0 px; net motion dx=-26.5, dy=-31.8; flags: none"
N1358117118,T2015,1358117118-0689,0.6138,3,22,co-iss-n1358117118,1358117118,2001-01-13T22:32:24.014,340.59,1011.74,9.39,8,0.00,8,9.39,8.68,69.44,1.08,2.49,,"3 frame(s); median area 3.0 px; net motion dx=-7.3, dy=4.5; flags: none"
N1358117287,T2015,1358117287-0492,0.6138,3,23,co-iss-n1358117287,1358117287,2001-01-13T22:34:41.021,335.00,1001.33,8.25,3,0.00,3,8.25,8.25,24.74,1.00,4.39,,"3 frame(s); median area 3.0 px; net motion dx=-7.3, dy=4.5; flags: none"
N1358117796,T2015,1358117796-0351,0.6138,3,24,co-iss-n1358117796,1358117796,2001-01-13T22:44:18.041,333.33,1016.28,10.47,3,0.00,3,10.47,8.94,26.81,1.17,1.73,,"3 frame(s); median area 3.0 px; net motion dx=-7.3, dy=4.5; flags: none"
N1358108118,T1401,1358108118-0288,0.6137,3,14,co-iss-n1358108118,1358108118,2001-01-13T20:02:24.077,611.49,948.50,9.62,4,0.00,4,9.62,9.36,37.44,1.03,5.83,,"3 frame(s); median area 4.0 px; net motion dx=-26.2, dy=6.4; flags: none"
N1358108287,T1401,1358108287-0323,0.6137,3,15,co-iss-n1358108287,1358108287,2001-01-13T20:04:41.083,604.29,930.66,13.19,7,0.00,7,13.19,9.99,69.92,1.32,1.66,,"3 frame(s); median area 4.0 px; net motion dx=-26.2, dy=6.4; flags: none"
N1358108796,T1401,1358108796-0191,0.6137,3,16,co-iss-n1358108796,1358108796,2001-01-13T20:14:18.103,585.29,954.88,9.82,3,0.00,3,9.82,7.98,23.95,1.23,4.39,,"3 frame(s); median area 4.0 px; net motion dx=-26.2, dy=6.4; flags: none"
N1358114418,T1692,1358114418-2138,0.6127,3,19,co-iss-n1358114418,1358114418,2001-01-13T21:47:24.033,355.68,946.01,8.09,3,0.00,3,8.09,7.79,23.38,1.04,1.73,,"3 frame(s); median area 3.0 px; net motion dx=72.7, dy=-109.1; flags: none"
N1358114587,T1692,1358114587-1280,0.6127,3,20,co-iss-n1358114587,1358114587,2001-01-13T21:49:41.040,402.54,910.00,11.53,4,0.00,4,11.53,8.79,35.17,1.31,2.62,,"3 frame(s); median area 3.0 px; net motion dx=72.7, dy=-109.1; flags: none"
N1358115096,T1692,1358115096-0660,0.6127,3,21,co-iss-n1358115096,1358115096,2001-01-13T21:59:18.060,428.36,836.93,9.81,3,0.00,3,9.81,8.98,26.93,1.09,4.39,,"3 frame(s); median area 3.0 px; net motion dx=72.7, dy=-109.1; flags: none"
N1358117118,T1960,1358117118-0105,0.6125,2,22,co-iss-n1358117118,1358117118,2001-01-13T22:32:24.014,792.40,440.75,33.68,4,0.00,4,33.68,16.37,65.47,2.06,2.62,,"2 frame(s); median area 7.0 px; net motion dx=25.4, dy=12.0; flags: none"
N1358117287,T1960,1358117287-0140,0.6125,2,23,co-iss-n1358117287,1358117287,2001-01-13T22:34:41.021,817.78,452.71,399.34,10,0.00,10,399.34,164.46,1644.56,2.43,1.27,,"2 frame(s); median area 7.0 px; net motion dx=25.4, dy=12.0; flags: none"
N1358114418,T1608,1358114418-0236,0.6124,3,19,co-iss-n1358114418,1358114418,2001-01-13T21:47:24.033,408.67,751.64,8.44,3,0.00,3,8.44,7.91,23.73,1.07,1.73,,"3 frame(s); median area 3.0 px; net motion dx=44.8, dy=-15.4; flags: none"
N1358114587,T1608,1358114587-0219,0.6124,3,20,co-iss-n1358114587,1358114587,2001-01-13T21:49:41.040,419.63,731.32,12.23,3,0.00,3,12.23,10.98,32.94,1.11,1.73,,"3 frame(s); median area 3.0 px; net motion dx=44.8, dy=-15.4; flags: none"
N1358115096,T1608,1358115096-0094,0.6124,3,21,co-iss-n1358115096,1358115096,2001-01-13T21:59:18.060,453.45,736.27,14.11,7,0.00,7,14.11,10.21,71.46,1.38,2.16,,"3 frame(s); median area 3.0 px; net motion dx=44.8, dy=-15.4; flags: none"
N1358117118,T1997,1358117118-0596,0.6113,3,22,co-iss-n1358117118,1358117118,2001-01-13T22:32:24.014,350.94,1000.64,9.39,3,0.00,3,9.39,8.79,26.38,1.07,1.73,,"3 frame(s); median area 3.0 px; net motion dx=21.3, dy=6.0; flags: none"
N1358117287,T1997,1358117287-0453,0.6113,3,23,co-iss-n1358117287,1358117287,2001-01-13T22:34:41.021,361.31,986.01,8.15,3,0.00,3,8.15,7.71,23.14,1.06,1.73,,"3 frame(s); median area 3.0 px; net motion dx=21.3, dy=6.0; flags: none"
N1358117796,T1997,1358117796-0291,0.6113,3,24,co-iss-n1358117796,1358117796,2001-01-13T22:44:18.041,372.21,1006.60,10.09,5,0.00,5,10.09,9.39,46.95,1.07,1.67,,"3 frame(s); median area 3.0 px; net motion dx=21.3, dy=6.0; flags: none"
N1358063118,T0472,1358063118-0461,0.6113,3,1,co-iss-n1358063118,1358063118,2001-01-13T07:32:24.388,658.77,973.94,9.75,4,0.00,4,9.75,8.70,34.78,1.12,1.17,,"3 frame(s); median area 8.0 px; net motion dx=-25.9, dy=35.6; flags: none"
N1358063287,T0472,1358063287-0473,0.6113,3,2,co-iss-n1358063287,1358063287,2001-01-13T07:34:41.395,665.96,963.76,9.80,8,0.00,8,9.80,9.24,73.94,1.06,2.64,,"3 frame(s); median area 8.0 px; net motion dx=-25.9, dy=35.6; flags: none"
N1358063796,T0472,1358063796-0345,0.6113,3,3,co-iss-n1358063796,1358063796,2001-01-13T07:44:18.415,632.86,1009.59,8.27,10,0.00,10,8.27,8.19,81.86,1.01,3.63,,"3 frame(s); median area 8.0 px; net motion dx=-25.9, dy=35.6; flags: none"
N1358114418,T1653,1358114418-0873,0.6113,3,19,co-iss-n1358114418,1358114418,2001-01-13T21:47:24.033,140.05,847.65,8.27,3,0.00,3,8.27,7.88,23.65,1.05,1.73,,"3 frame(s); median area 4.0 px; net motion dx=19.9, dy=15.1; flags: none"
N1358114587,T1653,1358114587-0715,0.6113,3,20,co-iss-n1358114587,1358114587,2001-01-13T21:49:41.040,152.15,835.77,10.09,7,0.00,7,10.09,8.49,59.45,1.19,1.50,,"3 frame(s); median area 4.0 px; net motion dx=19.9, dy=15.1; flags: none"
N1358115096,T1653,1358115096-0947,0.6113,3,21,co-iss-n1358115096,1358115096,2001-01-13T21:59:18.060,159.99,862.75,10.45,4,0.00,4,10.45,8.63,34.53,1.21,1.62,,"3 frame(s); median area 4.0 px; net motion dx=19.9, dy=15.1; flags: none"
N1358114418,T1706,1358114418-2621,0.6110,3,19,co-iss-n1358114418,1358114418,2001-01-13T21:47:24.033,331.56,985.76,10.27,4,0.00,4,10.27,9.17,36.68,1.12,2.70,,"3 frame(s); median area 4.0 px; net motion dx=9.3, dy=-106.0; flags: none"
N1358114587,T1706,1358114587-1406,0.6110,3,20,co-iss-n1358114587,1358114587,2001-01-13T21:49:41.040,370.88,957.50,11.91,8,0.00,8,11.91,8.87,70.98,1.34,2.03,,"3 frame(s); median area 4.0 px; net motion dx=9.3, dy=-106.0; flags: none"
N1358115096,T1706,1358115096-1302,0.6110,3,21,co-iss-n1358115096,1358115096,2001-01-13T21:59:18.060,340.88,879.74,10.80,3,0.00,3,10.80,9.67,29.02,1.12,4.39,,"3 frame(s); median area 4.0 px; net motion dx=9.3, dy=-106.0; flags: none"
N1358114418,T1693,1358114418-2171,0.6097,3,19,co-iss-n1358114418,1358114418,2001-01-13T21:47:24.033,360.73,948.52,10.27,4,0.00,4,10.27,9.24,36.95,1.11,1.82,,"3 frame(s); median area 3.0 px; net motion dx=6.6, dy=-112.6; flags: none"
N1358114587,T1693,1358114587-1249,0.6097,3,20,co-iss-n1358114587,1358114587,2001-01-13T21:49:41.040,393.05,905.37,8.39,3,0.00,3,8.39,7.61,22.83,1.10,4.39,,"3 frame(s); median area 3.0 px; net motion dx=6.6, dy=-112.6; flags: none"
N1358115096,T1693,1358115096-0648,0.6097,3,21,co-iss-n1358115096,1358115096,2001-01-13T21:59:18.060,367.30,835.89,10.79,3,0.00,3,10.79,8.84,26.52,1.22,1.73,,"3 frame(s); median area 3.0 px; net motion dx=6.6, dy=-112.6; flags: none"
N1358117118,T2026,1358117118-0797,0.6088,3,22,co-iss-n1358117118,1358117118,2001-01-13T22:32:24.014,449.97,1020.29,13.10,3,0.00,3,13.10,9.90,29.69,1.32,4.39,,"3 frame(s); median area 3.0 px; net motion dx=12.5, dy=-71.5; flags: none"
N1358117287,T2026,1358117287-0440,0.6088,3,23,co-iss-n1358117287,1358117287,2001-01-13T22:34:41.021,468.07,978.63,11.82,3,0.00,3,11.82,10.62,31.86,1.11,4.39,,"3 frame(s); median area 3.0 px; net motion dx=12.5, dy=-71.5; flags: none"
N1358117796,T2026,1358117796-0127,0.6088,3,24,co-iss-n1358117796,1358117796,2001-01-13T22:44:18.041,462.52,948.76,10.09,4,0.00,4,10.09,9.25,36.98,1.09,1.82,,"3 frame(s); median area 3.0 px; net motion dx=12.5, dy=-71.5; flags: none"
N1358108118,T1408,1358108118-0342,0.6086,3,14,co-iss-n1358108118,1358108118,2001-01-13T20:02:24.077,630.65,961.35,9.62,3,0.00,3,9.62,9.10,27.31,1.06,1.73,,"3 frame(s); median area 3.0 px; net motion dx=-41.7, dy=-4.6; flags: none"
N1358108287,T1408,1358108287-0376,0.6086,3,15,co-iss-n1358108287,1358108287,2001-01-13T20:04:41.083,615.34,947.00,8.30,3,0.00,3,8.30,8.20,24.61,1.01,4.39,,"3 frame(s); median area 3.0 px; net motion dx=-41.7, dy=-4.6; flags: none"
N1358108796,T1408,1358108796-0192,0.6086,3,16,co-iss-n1358108796,1358108796,2001-01-13T20:14:18.103,588.90,956.78,9.82,6,0.00,6,9.82,8.99,53.96,1.09,2.23,,"3 frame(s); median area 3.0 px; net motion dx=-41.7, dy=-4.6; flags: none"
N1358065818,T0555,1358065818-0110,0.6064,2,4,co-iss-n1358065818,1358065818,2001-01-13T08:17:24.370,455.26,192.68,19.43,7,0.00,7,19.43,16.26,113.83,1.19,2.18,,"2 frame(s); median area 8.5 px; net motion dx=2.9, dy=-2.8; flags: none"
N1358065987,T0555,1358065987-0113,0.6064,2,5,co-iss-n1358065987,1358065987,2001-01-13T08:19:41.376,458.13,189.93,20.22,10,0.15,10,20.22,14.73,147.27,1.37,6.27,,"2 frame(s); median area 8.5 px; net motion dx=2.9, dy=-2.8; flags: none"
N1358063118,T0432,1358063118-0097,0.6064,2,1,co-iss-n1358063118,1358063118,2001-01-13T07:32:24.388,836.63,392.22,13.77,7,0.00,7,13.77,9.72,68.06,1.42,2.78,,"2 frame(s); median area 8.5 px; net motion dx=3.7, dy=-18.9; flags: none"
N1358063287,T0432,1358063287-0114,0.6064,2,2,co-iss-n1358063287,1358063287,2001-01-13T07:34:41.395,840.35,373.33,25.86,10,0.00,10,25.86,13.68,136.78,1.89,2.14,,"2 frame(s); median area 8.5 px; net motion dx=3.7, dy=-18.9; flags: none"
N1358105418,T1025,1358105418-0449,0.6063,3,11,co-iss-n1358105418,1358105418,2001-01-13T19:17:24.095,720.49,792.87,12.00,10,0.00,10,12.00,9.59,95.88,1.25,1.36,,"3 frame(s); median area 10.0 px; net motion dx=-69.1, dy=-11.8; flags: none"
N1358105587,T1025,1358105587-0400,0.6063,3,12,co-iss-n1358105587,1358105587,2001-01-13T19:19:41.102,717.47,782.21,9.91,4,0.00,4,9.91,9.34,37.37,1.06,1.82,,"3 frame(s); median area 10.0 px; net motion dx=-69.1, dy=-11.8; flags: none"
N1358106096,T1025,1358106096-0256,0.6063,3,13,co-iss-n1358106096,1358106096,2001-01-13T19:29:18.122,651.36,781.08,18.73,15,0.00,15,18.73,9.09,136.39,2.06,2.95,,"3 frame(s); median area 10.0 px; net motion dx=-69.1, dy=-11.8; flags: none"
N1358065818,T0553,1358065818-0096,0.6062,2,4,co-iss-n1358065818,1358065818,2001-01-13T08:17:24.370,932.45,166.76,19.43,11,0.00,11,19.43,17.79,195.64,1.09,3.26,,"2 frame(s); median area 15.0 px; net motion dx=-1.7, dy=-9.9; flags: none"
N1358065987,T0553,1358065987-0089,0.6062,2,5,co-iss-n1358065987,1358065987,2001-01-13T08:19:41.376,930.71,156.83,20.13,19,0.00,19,20.13,15.04,285.73,1.34,2.91,,"2 frame(s); median area 15.0 px; net motion dx=-1.7, dy=-9.9; flags: none"
N1358108118,T1427,1358108118-0633,0.6055,3,14,co-iss-n1358108118,1358108118,2001-01-13T20:02:24.077,592.02,1004.63,11.52,9,0.00,9,11.52,9.72,87.47,1.19,1.40,,"3 frame(s); median area 9.0 px; net motion dx=-8.4, dy=-39.6; flags: none"
N1358108287,T1427,1358108287-0493,0.6055,3,15,co-iss-n1358108287,1358108287,2001-01-13T20:04:41.083,592.84,997.81,8.30,11,0.00,11,8.30,8.00,88.02,1.04,2.76,,"3 frame(s); median area 9.0 px; net motion dx=-8.4, dy=-39.6; flags: none"
N1358108796,T1427,1358108796-0208,0.6055,3,16,co-iss-n1358108796,1358108796,2001-01-13T20:14:18.103,583.65,965.04,9.82,3,0.00,3,9.82,9.39,28.17,1.05,1.73,,"3 frame(s); median area 9.0 px; net motion dx=-8.4, dy=-39.6; flags: none"
N1358105418,T1005,1358105418-0176,0.6030,3,11,co-iss-n1358105418,1358105418,2001-01-13T19:17:24.095,559.36,731.62,11.92,9,0.00,9,11.92,9.40,84.56,1.27,1.92,,"3 frame(s); median area 3.0 px; net motion dx=7.9, dy=-4.4; flags: none"
N1358105587,T1005,1358105587-0214,0.6030,3,12,co-iss-n1358105587,1358105587,2001-01-13T19:19:41.102,551.32,725.35,8.24,3,0.00,3,8.24,7.75,23.24,1.06,1.73,,"3 frame(s); median area 3.0 px; net motion dx=7.9, dy=-4.4; flags: none"
N1358106096,T1005,1358106096-0102,0.6030,3,13,co-iss-n1358106096,1358106096,2001-01-13T19:29:18.122,567.29,727.24,15.97,3,0.00,3,15.97,11.15,33.45,1.43,1.73,,"3 frame(s); median area 3.0 px; net motion dx=7.9, dy=-4.4; flags: none"
N1358114418,T1704,1358114418-2588,0.6025,3,19,co-iss-n1358114418,1358114418,2001-01-13T21:47:24.033,339.81,982.76,10.08,4,0.00,4,10.08,8.70,34.81,1.16,2.45,,"3 frame(s); median area 4.0 px; net motion dx=28.9, dy=-108.0; flags: none"
N1358114587,T1704,1358114587-1396,0.6025,3,20,co-iss-n1358114587,1358114587,2001-01-13T21:49:41.040,373.22,953.67,11.07,9,0.00,9,11.07,8.60,77.41,1.29,2.16,,"3 frame(s); median area 4.0 px; net motion dx=28.9, dy=-108.0; flags: none"
N1358115096,T1704,1358115096-1198,0.6025,3,21,co-iss-n1358115096,1358115096,2001-01-13T21:59:18.060,368.75,874.73,9.70,4,0.00,4,9.70,8.20,32.80,1.18,3.16,,"3 frame(s); median area 4.0 px; net motion dx=28.9, dy=-108.0; flags: none"
N1358114418,T1675,1358114418-1449,0.6017,3,19,co-iss-n1358114418,1358114418,2001-01-13T21:47:24.033,406.63,890.91,13.16,9,0.00,9,13.16,8.78,79.05,1.50,2.55,,"3 frame(s); median area 5.0 px; net motion dx=40.7, dy=-87.6; flags: none"
N1358114587,T1675,1358114587-1005,0.6017,3,20,co-iss-n1358114587,1358114587,2001-01-13T21:49:41.040,418.23,867.49,8.65,4,0.00,4,8.65,7.81,31.25,1.11,1.82,,"3 frame(s); median area 5.0 px; net motion dx=40.7, dy=-87.6; flags: none"
N1358115096,T1675,1358115096-0385,0.6017,3,21,co-iss-n1358115096,1358115096,2001-01-13T21:59:18.060,447.38,803.30,13.94,5,0.00,5,13.94,10.70,53.52,1.30,1.93,,"3 frame(s); median area 5.0 px; net motion dx=40.7, dy=-87.6; flags: none"
N1358063118,T0469,1358063118-0404,0.6006,3,1,co-iss-n1358063118,1358063118,2001-01-13T07:32:24.388,571.25,966.34,11.67,5,0.00,5,11.67,9.54,47.68,1.22,4.39,,"3 frame(s); median area 4.0 px; net motion dx=6.0, dy=-11.1; flags: none"
N1358063287,T0469,1358063287-0468,0.6006,3,2,co-iss-n1358063287,1358063287,2001-01-13T07:34:41.395,565.07,962.49,11.40,4,0.00,4,11.40,9.78,39.11,1.17,2.62,,"3 frame(s); median area 4.0 px; net motion dx=6.0, dy=-11.1; flags: none"
N1358063796,T0469,1358063796-0178,0.6006,3,3,co-iss-n1358063796,1358063796,2001-01-13T07:44:18.415,577.25,955.22,8.27,4,0.00,4,8.27,7.98,31.94,1.04,2.45,,"3 frame(s); median area 4.0 px; net motion dx=6.0, dy=-11.1; flags: none"
N1358063118,T0495,1358063118-0802,0.5994,3,1,co-iss-n1358063118,1358063118,2001-01-13T07:32:24.388,625.08,1012.64,9.75,3,0.00,3,9.75,9.00,27.00,1.08,4.39,,"3 frame(s); median area 3.0 px; net motion dx=-24.2, dy=-7.6; flags: none"
N1358063287,T0495,1358063287-0651,0.5994,3,2,co-iss-n1358063287,1358063287,2001-01-13T07:34:41.395,614.33,1011.00,8.19,3,0.00,3,8.19,8.19,24.57,1.00,4.39,,"3 frame(s); median area 3.0 px; net motion dx=-24.2, dy=-7.6; flags: none"
N1358063796,T0495,1358063796-0311,0.5994,3,3,co-iss-n1358063796,1358063796,2001-01-13T07:44:18.415,600.86,1005.01,8.27,7,0.00,7,8.27,8.22,57.57,1.01,2.53,,"3 frame(s); median area 3.0 px; net motion dx=-24.2, dy=-7.6; flags: none"
N1358117118,T2006,1358117118-0656,0.5979,3,22,co-iss-n1358117118,1358117118,2001-01-13T22:32:24.014,333.41,1008.10,9.39,10,0.00,10,9.39,8.77,87.67,1.07,5.63,,"3 frame(s); median area 4.0 px; net motion dx=17.6, dy=5.3; flags: none"
N1358117287,T2006,1358117287-0481,0.5979,3,23,co-iss-n1358117287,1358117287,2001-01-13T22:34:41.021,338.48,998.48,8.25,4,0.00,4,8.25,7.99,31.96,1.03,2.24,,"3 frame(s); median area 4.0 px; net motion dx=17.6, dy=5.3; flags: none"
N1358117796,T2006,1358117796-0331,0.5979,3,24,co-iss-n1358117796,1358117796,2001-01-13T22:44:18.041,351.03,1013.40,10.05,3,0.00,3,10.05,8.35,25.04,1.20,1.73,,"3 frame(s); median area 4.0 px; net motion dx=17.6, dy=5.3; flags: none"
N1358105418,T1097,1358105418-2506,0.5966,3,11,co-iss-n1358105418,1358105418,2001-01-13T19:17:24.095,991.07,963.63,10.86,3,0.00,3,10.86,9.83,29.48,1.11,4.39,,"3 frame(s); median area 3.0 px; net motion dx=-59.4, dy=-80.7; flags: none"
N1358105587,T1097,1358105587-1335,0.5966,3,12,co-iss-n1358105587,1358105587,2001-01-13T19:19:41.102,990.63,918.25,10.03,5,0.00,5,10.03,8.51,42.53,1.18,2.41,,"3 frame(s); median area 3.0 px; net motion dx=-59.4, dy=-80.7; flags: none"
N1358106096,T1097,1358106096-1485,0.5966,3,13,co-iss-n1358106096,1358106096,2001-01-13T19:29:18.122,931.70,882.96,8.95,3,0.00,3,8.95,8.18,24.55,1.09,4.39,,"3 frame(s); median area 3.0 px; net motion dx=-59.4, dy=-80.7; flags: none"
N1358114418,T1606,1358114418-0207,0.5964,3,19,co-iss-n1358114418,1358114418,2001-01-13T21:47:24.033,435.48,743.24,8.91,4,0.00,4,8.91,8.61,34.45,1.04,2.70,,"3 frame(s); median area 5.0 px; net motion dx=27.3, dy=-20.7; flags: none"
N1358114587,T1606,1358114587-0186,0.5964,3,20,co-iss-n1358114587,1358114587,2001-01-13T21:49:41.040,453.77,712.37,11.91,5,0.00,5,11.91,8.74,43.69,1.36,3.05,,"3 frame(s); median area 5.0 px; net motion dx=27.3, dy=-20.7; flags: none"
N1358115096,T1606,1358115096-0081,0.5964,3,21,co-iss-n1358115096,1358115096,2001-01-13T21:59:18.060,462.78,722.57,17.00,7,0.00,7,17.00,10.17,71.17,1.67,2.00,,"3 frame(s); median area 5.0 px; net motion dx=27.3, dy=-20.7; flags: none"
N1358114418,T1630,1358114418-0594,0.5962,3,19,co-iss-n1358114418,1358114418,2001-01-13T21:47:24.033,279.98,817.66,8.55,3,0.00,3,8.55,7.90,23.71,1.08,4.39,,"3 frame(s); median area 3.0 px; net motion dx=51.5, dy=-9.1; flags: none"
N1358114587,T1630,1358114587-0449,0.5962,3,20,co-iss-n1358114587,1358114587,2001-01-13T21:49:41.040,289.56,794.69,13.08,3,0.00,3,13.08,10.00,30.01,1.31,1.73,,"3 frame(s); median area 3.0 px; net motion dx=51.5, dy=-9.1; flags: none"
N1358115096,T1630,1358115096-0415,0.5962,3,21,co-iss-n1358115096,1358115096,2001-01-13T21:59:18.060,331.47,808.58,16.81,11,0.00,11,16.81,9.35,102.89,1.80,2.00,,"3 frame(s); median area 3.0 px; net motion dx=51.5, dy=-9.1; flags: none"
N1358114418,T1652,1358114418-0859,0.5962,3,19,co-iss-n1358114418,1358114418,2001-01-13T21:47:24.033,151.91,846.68,10.54,4,0.00,4,10.54,8.22,32.90,1.28,1.62,,"3 frame(s); median area 4.0 px; net motion dx=17.1, dy=13.6; flags: none"
N1358114587,T1652,1358114587-0704,0.5962,3,20,co-iss-n1358114587,1358114587,2001-01-13T21:49:41.040,160.78,834.01,9.01,4,0.00,4,9.01,8.17,32.68,1.10,1.17,,"3 frame(s); median area 4.0 px; net motion dx=17.1, dy=13.6; flags: none"
N1358115096,T1652,1358115096-0921,0.5962,3,21,co-iss-n1358115096,1358115096,2001-01-13T21:59:18.060,169.05,860.31,8.91,3,0.00,3,8.91,8.22,24.66,1.08,4.39,,"3 frame(s); median area 4.0 px; net motion dx=17.1, dy=13.6; flags: none"
N1358114418,T1698,1358114418-2345,0.5955,3,19,co-iss-n1358114418,1358114418,2001-01-13T21:47:24.033,343.00,960.69,8.82,3,0.00,3,8.82,7.65,22.96,1.15,4.39,,"3 frame(s); median area 3.0 px; net motion dx=33.1, dy=-110.1; flags: none"
N1358114587,T1698,1358114587-1345,0.5955,3,20,co-iss-n1358114587,1358114587,2001-01-13T21:49:41.040,390.27,930.71,9.03,4,0.00,4,9.03,8.09,32.37,1.12,1.63,,"3 frame(s); median area 3.0 px; net motion dx=33.1, dy=-110.1; flags: none"
N1358115096,T1698,1358115096-0803,0.5955,3,21,co-iss-n1358115096,1358115096,2001-01-13T21:59:18.060,376.08,850.62,10.05,3,0.00,3,10.05,8.90,26.71,1.13,4.39,,"3 frame(s); median area 3.0 px; net motion dx=33.1, dy=-110.1; flags: none"
N1358063118,T0474,1358063118-0497,0.5955,3,1,co-iss-n1358063118,1358063118,2001-01-13T07:32:24.388,688.12,979.29,13.58,4,0.00,4,13.58,11.82,47.29,1.15,1.63,,"3 frame(s); median area 4.0 px; net motion dx=-10.5, dy=14.0; flags: none"
N1358063287,T0474,1358063287-0501,0.5955,3,2,co-iss-n1358063287,1358063287,2001-01-13T07:34:41.395,679.57,973.50,9.80,4,0.00,4,9.80,8.56,34.25,1.14,2.62,,"3 frame(s); median area 4.0 px; net motion dx=-10.5, dy=14.0; flags: none"
N1358063796,T0474,1358063796-0281,0.5955,3,3,co-iss-n1358063796,1358063796,2001-01-13T07:44:18.415,677.59,993.32,10.38,7,0.00,7,10.38,9.28,64.93,1.12,3.63,,"3 frame(s); median area 4.0 px; net motion dx=-10.5, dy=14.0; flags: none"
N1358063118,T0489,1358063118-0749,0.5951,3,1,co-iss-n1358063118,1358063118,2001-01-13T07:32:24.388,625.36,1008.69,8.59,3,0.00,3,8.59,7.88,23.65,1.09,1.73,,"3 frame(s); median area 3.0 px; net motion dx=-9.7, dy=-6.7; flags: none"
N1358063287,T0489,1358063287-0597,0.5951,3,2,co-iss-n1358063287,1358063287,2001-01-13T07:34:41.395,620.02,1004.31,8.19,3,0.00,3,8.19,7.70,23.09,1.06,1.73,,"3 frame(s); median area 3.0 px; net motion dx=-9.7, dy=-6.7; flags: none"
N1358063796,T0489,1358063796-0297,0.5951,3,3,co-iss-n1358063796,1358063796,2001-01-13T07:44:18.415,615.67,1002.00,8.27,3,0.00,3,8.27,8.27,24.82,1.00,1.73,,"3 frame(s); median area 3.0 px; net motion dx=-9.7, dy=-6.7; flags: none"
N1358063118,T0486,1358063118-0734,0.5947,3,1,co-iss-n1358063118,1358063118,2001-01-13T07:32:24.388,737.90,1006.23,11.67,7,0.00,7,11.67,9.29,65.05,1.26,2.76,,"3 frame(s); median area 5.0 px; net motion dx=-38.9, dy=7.1; flags: none"
N1358063287,T0486,1358063287-0552,0.5947,3,2,co-iss-n1358063287,1358063287,2001-01-13T07:34:41.395,730.25,992.19,9.73,5,0.00,5,9.73,8.53,42.65,1.14,1.88,,"3 frame(s); median area 5.0 px; net motion dx=-38.9, dy=7.1; flags: none"
N1358063796,T0486,1358063796-0396,0.5947,3,3,co-iss-n1358063796,1358063796,2001-01-13T07:44:18.415,699.00,1013.33,8.27,3,0.00,3,8.27,8.27,24.82,1.00,4.39,,"3 frame(s); median area 5.0 px; net motion dx=-38.9, dy=7.1; flags: none"
N1358114418,T1617,1358114418-0363,0.5944,3,19,co-iss-n1358114418,1358114418,2001-01-13T21:47:24.033,354.59,781.51,11.71,9,0.00,9,11.71,8.90,80.06,1.32,3.09,,"3 frame(s); median area 3.0 px; net motion dx=60.2, dy=-11.1; flags: none"
N1358114587,T1617,1358114587-0289,0.5944,3,20,co-iss-n1358114587,1358114587,2001-01-13T21:49:41.040,370.30,759.09,10.44,3,0.00,3,10.44,8.74,26.23,1.19,1.73,,"3 frame(s); median area 3.0 px; net motion dx=60.2, dy=-11.1; flags: none"
N1358115096,T1617,1358115096-0210,0.5944,3,21,co-iss-n1358115096,1358115096,2001-01-13T21:59:18.060,414.83,770.39,13.09,3,0.00,3,13.09,11.15,33.45,1.17,1.73,,"3 frame(s); median area 3.0 px; net motion dx=60.2, dy=-11.1; flags: none"
N1358114418,T1684,1358114418-1640,0.5937,3,19,co-iss-n1358114418,1358114418,2001-01-13T21:47:24.033,393.00,905.33,10.27,3,0.00,3,10.27,10.27,30.81,1.00,4.39,,"3 frame(s); median area 3.0 px; net motion dx=19.6, dy=-100.3; flags: none"
N1358114587,T1684,1358114587-1030,0.5937,3,20,co-iss-n1358114587,1358114587,2001-01-13T21:49:41.040,421.70,870.62,8.97,3,0.00,3,8.97,7.93,23.78,1.13,1.73,,"3 frame(s); median area 3.0 px; net motion dx=19.6, dy=-100.3; flags: none"
N1358115096,T1684,1358115096-0397,0.5937,3,21,co-iss-n1358115096,1358115096,2001-01-13T21:59:18.060,412.63,805.04,8.44,3,0.00,3,8.44,7.65,22.95,1.10,4.39,,"3 frame(s); median area 3.0 px; net motion dx=19.6, dy=-100.3; flags: none"
N1358105418,T1098,1358105418-2508,0.5936,3,11,co-iss-n1358105418,1358105418,2001-01-13T19:17:24.095,697.04,964.70,9.02,3,0.00,3,9.02,8.10,24.31,1.11,1.73,,"3 frame(s); median area 4.0 px; net motion dx=-12.0, dy=-99.2; flags: none"
N1358105587,T1098,1358105587-1407,0.5936,3,12,co-iss-n1358105587,1358105587,2001-01-13T19:19:41.102,656.96,944.64,9.51,5,0.00,5,9.51,8.17,40.84,1.16,1.79,,"3 frame(s); median area 4.0 px; net motion dx=-12.0, dy=-99.2; flags: none"
N1358106096,T1098,1358106096-1106,0.5936,3,13,co-iss-n1358106096,1358106096,2001-01-13T19:29:18.122,685.00,865.51,10.58,4,0.15,4,10.58,8.69,34.77,1.22,6.85,,"3 frame(s); median area 4.0 px; net motion dx=-12.0, dy=-99.2; flags: none"
N1358114418,T1610,1358114418-0254,0.5931,3,19,co-iss-n1358114418,1358114418,2001-01-13T21:47:24.033,394.87,757.29,11.48,3,0.00,3,11.48,8.94,26.81,1.28,4.39,,"3 frame(s); median area 3.0 px; net motion dx=39.7, dy=-4.1; flags: none"
N1358114587,T1610,1358114587-0252,0.5931,3,20,co-iss-n1358114587,1358114587,2001-01-13T21:49:41.040,407.06,745.38,9.56,3,0.00,3,9.56,8.37,25.10,1.14,4.39,,"3 frame(s); median area 3.0 px; net motion dx=39.7, dy=-4.1; flags: none"
N1358115096,T1610,1358115096-0143,0.5931,3,21,co-iss-n1358115096,1358115096,2001-01-13T21:59:18.060,434.61,753.15,13.75,6,0.00,6,13.75,10.15,60.93,1.35,2.03,,"3 frame(s); median area 3.0 px; net motion dx=39.7, dy=-4.1; flags: none"
N1358114418,T1696,1358114418-2186,0.5923,3,19,co-iss-n1358114418,1358114418,2001-01-13T21:47:24.033,356.85,951.16,10.27,10,0.00,10,10.27,9.02,90.17,1.14,1.53,,"3 frame(s); median area 3.0 px; net motion dx=71.2, dy=-109.5; flags: none"
N1358114587,T1696,1358114587-1311,0.5923,3,20,co-iss-n1358114587,1358114587,2001-01-13T21:49:41.040,398.03,915.66,8.70,3,0.00,3,8.70,8.36,25.07,1.04,4.39,,"3 frame(s); median area 3.0 px; net motion dx=71.2, dy=-109.5; flags: none"
N1358115096,T1696,1358115096-0713,0.5923,3,21,co-iss-n1358115096,1358115096,2001-01-13T21:59:18.060,428.01,841.67,8.30,3,0.00,3,8.30,8.13,24.38,1.02,4.39,,"3 frame(s); median area 3.0 px; net motion dx=71.2, dy=-109.5; flags: none"
N1358063118,T0493,1358063118-0793,0.5916,3,1,co-iss-n1358063118,1358063118,2001-01-13T07:32:24.388,739.05,1012.19,9.75,7,0.00,7,9.75,9.21,64.47,1.06,3.26,,"3 frame(s); median area 7.0 px; net motion dx=-78.0, dy=2.1; flags: none"
N1358063287,T0493,1358063287-0563,0.5916,3,2,co-iss-n1358063287,1358063287,2001-01-13T07:34:41.395,734.31,994.89,9.80,9,0.00,9,9.80,8.53,76.81,1.15,1.46,,"3 frame(s); median area 7.0 px; net motion dx=-78.0, dy=2.1; flags: none"
N1358063796,T0493,1358063796-0399,0.5916,3,3,co-iss-n1358063796,1358063796,2001-01-13T07:44:18.415,661.00,1014.34,8.27,3,0.00,3,8.27,8.11,24.32,1.02,4.39,,"3 frame(s); median area 7.0 px; net motion dx=-78.0, dy=2.1; flags: none"
N1358108118,T1421,1358108118-0482,0.5916,3,14,co-iss-n1358108118,1358108118,2001-01-13T20:02:24.077,589.93,985.71,9.62,3,0.00,3,9.62,8.98,26.94,1.07,4.39,,"3 frame(s); median area 3.0 px; net motion dx=6.8, dy=10.9; flags: none"
N1358108287,T1421,1358108287-0547,0.5916,3,15,co-iss-n1358108287,1358108287,2001-01-13T20:04:41.083,614.33,1011.00,8.30,3,0.00,3,8.30,8.30,24.89,1.00,4.39,,"3 frame(s); median area 3.0 px; net motion dx=6.8, dy=10.9; flags: none"
N1358108796,T1421,1358108796-0349,0.5916,3,16,co-iss-n1358108796,1358108796,2001-01-13T20:14:18.103,596.73,996.62,9.82,5,0.00,5,9.82,8.38,41.90,1.17,1.16,,"3 frame(s); median area 3.0 px; net motion dx=6.8, dy=10.9; flags: none"
N1358114418,T1709,1358114418-2702,0.5909,3,19,co-iss-n1358114418,1358114418,2001-01-13T21:47:24.033,329.38,993.60,13.16,7,0.00,7,13.16,10.02,70.13,1.31,5.10,,"3 frame(s); median area 3.0 px; net motion dx=40.7, dy=-111.9; flags: none"
N1358114587,T1709,1358114587-1416,0.5909,3,20,co-iss-n1358114587,1358114587,2001-01-13T21:49:41.040,370.30,961.35,8.52,3,0.00,3,8.52,8.02,24.06,1.06,1.73,,"3 frame(s); median area 3.0 px; net motion dx=40.7, dy=-111.9; flags: none"
N1358115096,T1709,1358115096-1353,0.5909,3,21,co-iss-n1358115096,1358115096,2001-01-13T21:59:18.060,370.08,881.71,9.28,3,0.00,3,9.28,8.23,24.68,1.13,4.39,,"3 frame(s); median area 3.0 px; net motion dx=40.7, dy=-111.9; flags: none"
N1358108118,T1441,1358108118-0776,0.5908,3,14,co-iss-n1358108118,1358108118,2001-01-13T20:02:24.077,612.44,1017.49,9.62,4,0.00,4,9.62,8.31,33.25,1.16,2.24,,"3 frame(s); median area 4.0 px; net motion dx=22.1, dy=-37.1; flags: none"
N1358108287,T1441,1358108287-0519,0.5908,3,15,co-iss-n1358108287,1358108287,2001-01-13T20:04:41.083,619.77,1004.70,8.30,4,0.00,4,8.30,7.82,31.28,1.06,1.63,,"3 frame(s); median area 4.0 px; net motion dx=22.1, dy=-37.1; flags: none"
N1358108796,T1441,1358108796-0269,0.5908,3,16,co-iss-n1358108796,1358108796,2001-01-13T20:14:18.103,634.54,980.36,9.82,5,0.00,5,9.82,8.46,42.31,1.16,3.40,,"3 frame(s); median area 4.0 px; net motion dx=22.1, dy=-37.1; flags: none"
N1358110818,T1522,1358110818-0276,0.5892,2,17,co-iss-n1358110818,1358110818,2001-01-13T20:47:24.058,458.01,456.46,16.02,23,0.15,23,16.02,15.09,347.10,1.06,7.65,,"2 frame(s); median area 14.0 px; net motion dx=-24.8, dy=-68.6; flags: none"
N1358110987,T1522,1358110987-0217,0.5892,2,18,co-iss-n1358110987,1358110987,2001-01-13T20:49:41.065,433.25,387.88,17.87,5,0.00,5,17.87,11.58,57.90,1.54,5.21,,"2 frame(s); median area 14.0 px; net motion dx=-24.8, dy=-68.6; flags: none"
N1358105418,T1115,1358105418-2913,0.5879,3,11,co-iss-n1358105418,1358105418,2001-01-13T19:17:24.095,739.29,1012.59,10.37,4,0.00,4,10.37,8.71,34.83,1.19,1.82,,"3 frame(s); median area 4.0 px; net motion dx=-23.6, dy=-97.2; flags: none"
N1358105587,T1115,1358105587-1599,0.5879,3,12,co-iss-n1358105587,1358105587,2001-01-13T19:19:41.102,701.04,998.32,9.46,3,0.00,3,9.46,8.64,25.92,1.09,4.39,,"3 frame(s); median area 4.0 px; net motion dx=-23.6, dy=-97.2; flags: none"
N1358106096,T1115,1358106096-2154,0.5879,3,13,co-iss-n1358106096,1358106096,2001-01-13T19:29:18.122,715.72,915.37,11.30,4,0.00,4,11.30,10.09,40.37,1.12,2.70,,"3 frame(s); median area 4.0 px; net motion dx=-23.6, dy=-97.2; flags: none"
N1358063118,T0426,1358063118-0044,0.5875,2,1,co-iss-n1358063118,1358063118,2001-01-13T07:32:24.388,255.96,202.83,221.62,7,0.15,7,221.62,43.15,302.07,5.14,1.90,,"2 frame(s); median area 6.0 px; net motion dx=-28.3, dy=-74.9; flags: none"
N1358063118,T0430,1358063118-0085,0.5875,2,1,co-iss-n1358063118,1358063118,2001-01-13T07:32:24.388,531.49,344.89,69.20,3,0.00,3,69.20,45.47,136.42,1.52,1.73,,"2 frame(s); median area 6.0 px; net motion dx=-43.9, dy=-41.0; flags: none"
N1358063287,T0426,1358063287-0034,0.5875,2,2,co-iss-n1358063287,1358063287,2001-01-13T07:34:41.395,227.65,127.97,34.64,5,0.00,5,34.64,23.73,118.66,1.46,1.73,,"2 frame(s); median area 6.0 px; net motion dx=-28.3, dy=-74.9; flags: none"
N1358063796,T0430,1358063796-0026,0.5875,2,3,co-iss-n1358063796,1358063796,2001-01-13T07:44:18.415,487.60,303.87,72.18,9,0.00,9,72.18,26.41,237.69,2.73,5.55,,"2 frame(s); median area 6.0 px; net motion dx=-43.9, dy=-41.0; flags: none"
N1358108118,T1370,1358108118-0015,0.5875,2,14,co-iss-n1358108118,1358108118,2001-01-13T20:02:24.077,455.99,75.13,464.01,8,0.15,8,464.01,128.99,1031.94,3.60,1.22,,"2 frame(s); median area 6.0 px; net motion dx=-73.6, dy=-32.7; flags: none"
N1358108287,T1370,1358108287-0012,0.5875,2,15,co-iss-n1358108287,1358108287,2001-01-13T20:04:41.083,382.39,42.42,15.60,4,0.00,4,15.60,9.86,39.44,1.58,1.00,,"2 frame(s); median area 6.0 px; net motion dx=-73.6, dy=-32.7; flags: none"
N1358105418,T1071,1358105418-1159,0.5870,3,11,co-iss-n1358105418,1358105418,2001-01-13T19:17:24.095,620.46,862.44,10.61,4,0.00,4,10.61,9.19,36.77,1.15,2.24,,"3 frame(s); median area 4.0 px; net motion dx=17.6, dy=-43.2; flags: none"
N1358105587,T1071,1358105587-1226,0.5870,3,12,co-iss-n1358105587,1358105587,2001-01-13T19:19:41.102,629.61,899.93,9.41,5,0.00,5,9.41,8.27,41.37,1.14,1.83,,"3 frame(s); median area 4.0 px; net motion dx=17.6, dy=-43.2; flags: none"
N1358106096,T1071,1358106096-0527,0.5870,3,13,co-iss-n1358106096,1358106096,2001-01-13T19:29:18.122,638.01,819.25,10.56,4,0.00,4,10.56,9.41,37.63,1.12,1.62,,"3 frame(s); median area 4.0 px; net motion dx=17.6, dy=-43.2; flags: none"
N1358117118,T2010,1358117118-0666,0.5864,3,22,co-iss-n1358117118,1358117118,2001-01-13T22:32:24.014,386.62,1007.67,9.39,3,0.00,3,9.39,8.18,24.53,1.15,1.73,,"3 frame(s); median area 3.0 px; net motion dx=41.0, dy=-18.4; flags: none"
N1358117287,T2010,1358117287-0523,0.5864,3,23,co-iss-n1358117287,1358117287,2001-01-13T22:34:41.021,416.65,1005.99,8.22,3,0.00,3,8.22,7.79,23.37,1.06,4.39,,"3 frame(s); median area 3.0 px; net motion dx=41.0, dy=-18.4; flags: none"
N1358117796,T2010,1358117796-0199,0.5864,3,24,co-iss-n1358117796,1358117796,2001-01-13T22:44:18.041,427.66,989.32,8.08,3,0.00,3,8.08,7.87,23.62,1.03,1.73,,"3 frame(s); median area 3.0 px; net motion dx=41.0, dy=-18.4; flags: none"
N1358114418,T1690,1358114418-2049,0.5863,3,19,co-iss-n1358114418,1358114418,2001-01-13T21:47:24.033,344.22,937.25,8.82,4,0.00,4,8.82,8.08,32.33,1.09,1.63,,"3 frame(s); median area 4.0 px; net motion dx=71.7, dy=-89.1; flags: none"
N1358114587,T1690,1358114587-1338,0.5863,3,20,co-iss-n1358114587,1358114587,2001-01-13T21:49:41.040,386.66,926.99,8.39,3,0.00,3,8.39,8.22,24.65,1.02,4.39,,"3 frame(s); median area 4.0 px; net motion dx=71.7, dy=-89.1; flags: none"
N1358115096,T1690,1358115096-0751,0.5863,3,21,co-iss-n1358115096,1358115096,2001-01-13T21:59:18.060,415.92,848.10,11.25,9,0.00,9,11.25,8.03,72.24,1.40,1.48,,"3 frame(s); median area 4.0 px; net motion dx=71.7, dy=-89.1; flags: none"
N1358101818,T0894,1358101818-0070,0.5841,2,9,co-iss-n1358101818,1358101818,2001-01-13T18:17:24.120,379.95,118.46,19.53,4,0.00,4,19.53,18.23,72.94,1.07,2.62,,"2 frame(s); median area 7.0 px; net motion dx=13.6, dy=-58.9; flags: none"
N1358101987,T0894,1358101987-0035,0.5841,2,10,co-iss-n1358101987,1358101987,2001-01-13T18:19:41.127,393.59,59.56,21.01,10,0.15,10,21.01,13.30,132.97,1.58,6.28,,"2 frame(s); median area 7.0 px; net motion dx=13.6, dy=-58.9; flags: none"
N1358108118,T1416,1358108118-0408,0.5833,3,14,co-iss-n1358108118,1358108118,2001-01-13T20:02:24.077,653.74,973.42,9.62,4,0.00,4,9.62,9.13,36.53,1.05,2.70,,"3 frame(s); median area 4.0 px; net motion dx=-38.0, dy=28.7; flags: none"
N1358108287,T1416,1358108287-0470,0.5833,3,15,co-iss-n1358108287,1358108287,2001-01-13T20:04:41.083,688.49,984.00,8.30,4,0.15,4,8.30,8.15,32.60,1.02,6.85,,"3 frame(s); median area 4.0 px; net motion dx=-38.0, dy=28.7; flags: none"
N1358108796,T1416,1358108796-0384,0.5833,3,16,co-iss-n1358108796,1358108796,2001-01-13T20:14:18.103,615.70,1002.10,9.82,3,0.00,3,9.82,8.19,24.58,1.20,1.73,,"3 frame(s); median area 4.0 px; net motion dx=-38.0, dy=28.7; flags: none"
N1358065818,T0584,1358065818-0396,0.5821,2,4,co-iss-n1358065818,1358065818,2001-01-13T08:17:24.370,841.75,632.08,14.90,13,0.00,13,14.90,11.33,147.29,1.32,1.11,,"2 frame(s); median area 8.5 px; net motion dx=-11.3, dy=-77.6; flags: none"
N1358065987,T0584,1358065987-0391,0.5821,2,5,co-iss-n1358065987,1358065987,2001-01-13T08:19:41.376,830.48,554.48,16.62,4,0.00,4,16.62,16.09,64.35,1.03,1.00,,"2 frame(s); median area 8.5 px; net motion dx=-11.3, dy=-77.6; flags: none"
N1358108118,T1383,1358108118-0158,0.5810,3,14,co-iss-n1358108118,1358108118,2001-01-13T20:02:24.077,184.02,625.79,8.32,4,0.00,4,8.32,7.84,31.37,1.06,3.60,,"3 frame(s); median area 3.0 px; net motion dx=-14.9, dy=-96.6; flags: none"
N1358108287,T1383,1358108287-0178,0.5810,3,15,co-iss-n1358108287,1358108287,2001-01-13T20:04:41.083,198.73,597.76,15.77,3,0.00,3,15.77,10.84,32.52,1.45,1.73,,"3 frame(s); median area 3.0 px; net motion dx=-14.9, dy=-96.6; flags: none"
N1358108796,T1383,1358108796-0092,0.5810,3,16,co-iss-n1358108796,1358108796,2001-01-13T20:14:18.103,169.13,529.17,41.76,3,0.00,3,41.76,19.90,59.71,2.10,1.73,,"3 frame(s); median area 3.0 px; net motion dx=-14.9, dy=-96.6; flags: none"
N1358117118,T1986,1358117118-0398,0.5801,3,22,co-iss-n1358117118,1358117118,2001-01-13T22:32:24.014,461.96,968.98,9.39,5,0.00,5,9.39,8.86,44.31,1.06,1.00,,"3 frame(s); median area 4.0 px; net motion dx=7.4, dy=-26.0; flags: none"
N1358117287,T1986,1358117287-0334,0.5801,3,23,co-iss-n1358117287,1358117287,2001-01-13T22:34:41.021,482.74,929.97,11.47,3,0.00,3,11.47,9.84,29.52,1.17,1.73,,"3 frame(s); median area 4.0 px; net motion dx=7.4, dy=-26.0; flags: none"
N1358117796,T1986,1358117796-0122,0.5801,3,24,co-iss-n1358117796,1358117796,2001-01-13T22:44:18.041,469.32,943.00,12.09,4,0.00,4,12.09,9.53,38.12,1.27,3.60,,"3 frame(s); median area 4.0 px; net motion dx=7.4, dy=-26.0; flags: none"
N1358114418,T1612,1358114418-0303,0.5793,3,19,co-iss-n1358114418,1358114418,2001-01-13T21:47:24.033,467.38,767.21,12.19,4,0.00,4,12.19,9.00,36.00,1.35,2.70,,"3 frame(s); median area 4.0 px; net motion dx=-6.3, dy=-35.5; flags: none"
N1358114587,T1612,1358114587-0191,0.5793,3,20,co-iss-n1358114587,1358114587,2001-01-13T21:49:41.040,479.62,715.58,8.46,5,0.00,5,8.46,7.91,39.57,1.07,2.54,,"3 frame(s); median area 4.0 px; net motion dx=-6.3, dy=-35.5; flags: none"
N1358115096,T1612,1358115096-0091,0.5793,3,21,co-iss-n1358115096,1358115096,2001-01-13T21:59:18.060,461.07,731.69,9.75,3,0.00,3,9.75,8.50,25.51,1.15,1.73,,"3 frame(s); median area 4.0 px; net motion dx=-6.3, dy=-35.5; flags: none"
N1358105418,T1104,1358105418-2663,0.5788,3,11,co-iss-n1358105418,1358105418,2001-01-13T19:17:24.095,702.27,989.96,10.98,3,0.00,3,10.98,8.76,26.27,1.25,4.39,,"3 frame(s); median area 5.0 px; net motion dx=-58.5, dy=-91.8; flags: none"
N1358105587,T1104,1358105587-1509,0.5788,3,12,co-iss-n1358105587,1358105587,2001-01-13T19:19:41.102,679.38,973.81,10.61,5,0.00,5,10.61,8.46,42.28,1.25,1.73,,"3 frame(s); median area 5.0 px; net motion dx=-58.5, dy=-91.8; flags: none"
N1358106096,T1104,1358106096-1770,0.5788,3,13,co-iss-n1358106096,1358106096,2001-01-13T19:29:18.122,643.73,898.11,12.33,5,0.00,5,12.33,10.31,51.55,1.20,1.20,,"3 frame(s); median area 5.0 px; net motion dx=-58.5, dy=-91.8; flags: none"
N1358117118,T1989,1358117118-0442,0.5783,3,22,co-iss-n1358117118,1358117118,2001-01-13T22:32:24.014,378.18,977.81,11.25,8,0.00,8,11.25,9.68,77.46,1.16,2.19,,"3 frame(s); median area 8.0 px; net motion dx=36.5, dy=28.2; flags: none"
N1358117287,T1989,1358117287-0443,0.5783,3,23,co-iss-n1358117287,1358117287,2001-01-13T22:34:41.021,371.00,980.67,8.25,3,0.00,3,8.25,8.25,24.74,1.00,4.39,,"3 frame(s); median area 8.0 px; net motion dx=36.5, dy=28.2; flags: none"
N1358117796,T1989,1358117796-0279,0.5783,3,24,co-iss-n1358117796,1358117796,2001-01-13T22:44:18.041,414.72,1006.01,8.08,11,0.00,11,8.08,7.88,86.71,1.03,1.71,,"3 frame(s); median area 8.0 px; net motion dx=36.5, dy=28.2; flags: none"
N1358063118,T0477,1358063118-0525,0.5780,3,1,co-iss-n1358063118,1358063118,2001-01-13T07:32:24.388,688.45,984.13,11.67,6,0.00,6,11.67,10.22,61.33,1.14,1.98,,"3 frame(s); median area 6.0 px; net motion dx=-15.7, dy=26.9; flags: none"
N1358063287,T0477,1358063287-0509,0.5780,3,2,co-iss-n1358063287,1358063287,2001-01-13T07:34:41.395,695.53,977.39,11.40,7,0.00,7,11.40,10.06,70.45,1.13,3.04,,"3 frame(s); median area 6.0 px; net motion dx=-15.7, dy=26.9; flags: none"
N1358063796,T0477,1358063796-0370,0.5780,3,3,co-iss-n1358063796,1358063796,2001-01-13T07:44:18.415,672.74,1010.99,8.27,4,0.00,4,8.27,8.02,32.10,1.03,1.62,,"3 frame(s); median area 6.0 px; net motion dx=-15.7, dy=26.9; flags: none"
N1358063118,T0496,1358063118-0816,0.5779,3,1,co-iss-n1358063118,1358063118,2001-01-13T07:32:24.388,601.00,1013.67,9.13,3,0.00,3,9.13,8.72,26.17,1.05,4.39,,"3 frame(s); median area 5.0 px; net motion dx=-15.7, dy=-23.4; flags: none"
N1358063287,T0496,1358063287-0595,0.5779,3,2,co-iss-n1358063287,1358063287,2001-01-13T07:34:41.395,600.82,1005.58,8.19,5,0.00,5,8.19,7.78,38.91,1.05,4.39,,"3 frame(s); median area 5.0 px; net motion dx=-15.7, dy=-23.4; flags: none"
N1358063796,T0496,1358063796-0268,0.5779,3,3,co-iss-n1358063796,1358063796,2001-01-13T07:44:18.415,585.33,990.32,10.33,6,0.00,6,10.33,9.98,59.87,1.03,2.53,,"3 frame(s); median area 5.0 px; net motion dx=-15.7, dy=-23.4; flags: none"
N1358117118,T1984,1358117118-0391,0.5778,3,22,co-iss-n1358117118,1358117118,2001-01-13T22:32:24.014,395.23,971.70,11.25,9,0.00,9,11.25,9.23,83.06,1.22,3.52,,"3 frame(s); median area 8.0 px; net motion dx=23.8, dy=28.8; flags: none"
N1358117287,T1984,1358117287-0408,0.5778,3,23,co-iss-n1358117287,1358117287,2001-01-13T22:34:41.021,392.25,965.75,8.25,4,0.00,4,8.25,8.25,32.98,1.00,2.45,,"3 frame(s); median area 8.0 px; net motion dx=23.8, dy=28.8; flags: none"
N1358117796,T1984,1358117796-0250,0.5778,3,24,co-iss-n1358117796,1358117796,2001-01-13T22:44:18.041,418.99,1000.52,8.08,8,0.00,8,8.08,7.96,63.69,1.02,1.41,,"3 frame(s); median area 8.0 px; net motion dx=23.8, dy=28.8; flags: none"
N1358105418,T1110,1358105418-2728,0.5776,3,11,co-iss-n1358105418,1358105418,2001-01-13T19:17:24.095,744.93,997.64,9.02,3,0.00,3,9.02,8.44,25.32,1.07,4.39,,"3 frame(s); median area 3.0 px; net motion dx=-28.7, dy=-61.0; flags: none"
N1358105587,T1110,1358105587-1724,0.5776,3,12,co-iss-n1358105587,1358105587,2001-01-13T19:19:41.102,703.34,1019.96,12.76,3,0.00,3,12.76,11.94,35.82,1.07,4.39,,"3 frame(s); median area 3.0 px; net motion dx=-28.7, dy=-61.0; flags: none"
N1358106096,T1110,1358106096-2560,0.5776,3,13,co-iss-n1358106096,1358106096,2001-01-13T19:29:18.122,716.25,936.66,10.10,4,0.00,4,10.10,8.60,34.41,1.17,1.63,,"3 frame(s); median area 3.0 px; net motion dx=-28.7, dy=-61.0; flags: none"
N1358065818,T0590,1358065818-0438,0.5761,2,4,co-iss-n1358065818,1358065818,2001-01-13T08:17:24.370,839.55,698.11,14.05,9,0.00,9,14.05,11.05,99.48,1.27,2.62,,"2 frame(s); median area 15.0 px; net motion dx=2.3, dy=-74.6; flags: none"
N1358065987,T0590,1358065987-0470,0.5761,2,5,co-iss-n1358065987,1358065987,2001-01-13T08:19:41.376,841.84,623.56,15.48,21,0.00,21,15.48,12.32,258.77,1.26,1.62,,"2 frame(s); median area 15.0 px; net motion dx=2.3, dy=-74.6; flags: none"
N1358114418,T1607,1358114418-0231,0.5759,3,19,co-iss-n1358114418,1358114418,2001-01-13T21:47:24.033,402.42,750.92,10.98,4,0.00,4,10.98,9.36,37.43,1.17,2.45,,"3 frame(s); median area 4.0 px; net motion dx=10.5, dy=14.4; flags: none"
N1358114587,T1607,1358114587-0239,0.5759,3,20,co-iss-n1358114587,1358114587,2001-01-13T21:49:41.040,402.96,739.30,13.65,3,0.00,3,13.65,10.14,30.43,1.35,4.39,,"3 frame(s); median area 4.0 px; net motion dx=10.5, dy=14.4; flags: none"
N1358115096,T1607,1358115096-0190,0.5759,3,21,co-iss-n1358115096,1358115096,2001-01-13T21:59:18.060,412.87,765.29,10.93,5,0.00,5,10.93,8.66,43.31,1.26,3.95,,"3 frame(s); median area 4.0 px; net motion dx=10.5, dy=14.4; flags: none"
N1358114418,T1640,1358114418-0704,0.5755,3,19,co-iss-n1358114418,1358114418,2001-01-13T21:47:24.033,432.69,829.58,11.59,3,0.00,3,11.59,9.13,27.39,1.27,1.73,,"3 frame(s); median area 4.0 px; net motion dx=-23.5, dy=-42.6; flags: none"
N1358114587,T1640,1358114587-0582,0.5755,3,20,co-iss-n1358114587,1358114587,2001-01-13T21:49:41.040,451.47,818.71,10.96,4,0.00,4,10.96,9.40,37.62,1.17,1.82,,"3 frame(s); median area 4.0 px; net motion dx=-23.5, dy=-42.6; flags: none"
N1358115096,T1640,1358115096-0287,0.5755,3,21,co-iss-n1358115096,1358115096,2001-01-13T21:59:18.060,409.22,786.93,11.25,4,0.00,4,11.25,9.56,38.25,1.18,1.17,,"3 frame(s); median area 4.0 px; net motion dx=-23.5, dy=-42.6; flags: none"
N1358069418,T0657,1358069418-0023,0.5750,2,6,co-iss-n1358069418,1358069418,2001-01-13T09:17:24.345,814.15,133.67,29.26,3,0.00,3,29.26,18.88,56.65,1.55,1.73,,"2 frame(s); median area 5.5 px; net motion dx=21.0, dy=35.1; flags: none"
N1358069587,T0657,1358069587-0033,0.5750,2,7,co-iss-n1358069587,1358069587,2001-01-13T09:19:41.351,835.11,168.75,23.31,8,0.00,8,23.31,9.90,79.23,2.35,1.58,,"2 frame(s); median area 5.5 px; net motion dx=21.0, dy=35.1; flags: none"
N1358114587,T1728,1358114587-0091,0.5750,2,20,co-iss-n1358114587,1358114587,2001-01-13T21:49:41.040,616.72,457.26,14.55,3,0.00,3,14.55,10.52,31.56,1.38,1.73,,"2 frame(s); median area 5.5 px; net motion dx=-19.8, dy=3.9; flags: none"
N1358115096,T1728,1358115096-0050,0.5750,2,21,co-iss-n1358115096,1358115096,2001-01-13T21:59:18.060,596.90,461.12,44.74,8,0.00,8,44.74,19.37,154.96,2.31,5.26,,"2 frame(s); median area 5.5 px; net motion dx=-19.8, dy=3.9; flags: none"
N1358105418,T1087,1358105418-1779,0.5742,3,11,co-iss-n1358105418,1358105418,2001-01-13T19:17:24.095,984.06,906.25,9.02,4,0.00,4,9.02,8.23,32.90,1.10,1.17,,"3 frame(s); median area 4.0 px; net motion dx=-62.0, dy=-30.8; flags: none"
N1358105587,T1087,1358105587-1085,0.5742,3,12,co-iss-n1358105587,1358105587,2001-01-13T19:19:41.102,990.26,876.51,9.61,4,0.15,4,9.61,8.19,32.78,1.17,6.17,,"3 frame(s); median area 4.0 px; net motion dx=-62.0, dy=-30.8; flags: none"
N1358106096,T1087,1358106096-1323,0.5742,3,13,co-iss-n1358106096,1358106096,2001-01-13T19:29:18.122,922.08,875.40,11.30,4,0.00,4,11.30,9.01,36.04,1.25,2.45,,"3 frame(s); median area 4.0 px; net motion dx=-62.0, dy=-30.8; flags: none"
N1358114418,T1701,1358114418-2521,0.5739,3,19,co-iss-n1358114418,1358114418,2001-01-13T21:47:24.033,344.22,975.88,11.71,5,0.00,5,11.71,9.46,47.29,1.24,1.07,,"3 frame(s); median area 3.0 px; net motion dx=15.1, dy=-100.9; flags: none"
N1358114587,T1701,1358114587-1390,0.5739,3,20,co-iss-n1358114587,1358114587,2001-01-13T21:49:41.040,373.71,949.43,10.72,3,0.00,3,10.72,8.32,24.95,1.29,1.73,,"3 frame(s); median area 3.0 px; net motion dx=15.1, dy=-100.9; flags: none"
N1358115096,T1701,1358115096-1197,0.5739,3,21,co-iss-n1358115096,1358115096,2001-01-13T21:59:18.060,359.34,874.95,10.81,3,0.00,3,10.81,9.96,29.89,1.09,4.39,,"3 frame(s); median area 3.0 px; net motion dx=15.1, dy=-100.9; flags: none"
N1358101818,T0899,1358101818-0118,0.5739,2,9,co-iss-n1358101818,1358101818,2001-01-13T18:17:24.120,39.90,188.20,20.20,6,0.00,6,20.20,16.80,100.80,1.20,2.99,,"2 frame(s); median area 6.5 px; net motion dx=10.7, dy=16.5; flags: none"
N1358101987,T0899,1358101987-0124,0.5739,2,10,co-iss-n1358101987,1358101987,2001-01-13T18:19:41.127,50.63,204.70,21.10,7,0.00,7,21.10,17.08,119.55,1.24,2.29,,"2 frame(s); median area 6.5 px; net motion dx=10.7, dy=16.5; flags: none"
N1358117118,T1963,1358117118-0143,0.5738,2,22,co-iss-n1358117118,1358117118,2001-01-13T22:32:24.014,535.56,626.16,12.72,25,0.00,25,12.72,9.16,228.94,1.39,2.66,,"2 frame(s); median area 30.5 px; net motion dx=-1.2, dy=-0.7; flags: none"
N1358117287,T1963,1358117287-0202,0.5738,2,23,co-iss-n1358117287,1358117287,2001-01-13T22:34:41.021,534.41,625.47,16.03,36,0.00,36,16.03,10.78,387.95,1.49,2.48,,"2 frame(s); median area 30.5 px; net motion dx=-1.2, dy=-0.7; flags: none"
N1358108118,T1429,1358108118-0643,0.5736,3,14,co-iss-n1358108118,1358108118,2001-01-13T20:02:24.077,720.27,1004.48,9.62,4,0.00,4,9.62,8.95,35.80,1.07,2.70,,"3 frame(s); median area 3.0 px; net motion dx=-46.7, dy=2.6; flags: none"
N1358108287,T1429,1358108287-0479,0.5736,3,15,co-iss-n1358108287,1358108287,2001-01-13T20:04:41.083,706.99,987.66,8.64,3,0.00,3,8.64,8.41,25.23,1.03,4.39,,"3 frame(s); median area 3.0 px; net motion dx=-46.7, dy=2.6; flags: none"
N1358108796,T1429,1358108796-0414,0.5736,3,16,co-iss-n1358108796,1358108796,2001-01-13T20:14:18.103,673.60,1007.10,9.82,3,0.00,3,9.82,8.15,24.45,1.20,4.39,,"3 frame(s); median area 3.0 px; net motion dx=-46.7, dy=2.6; flags: none"
N1358105418,T1109,1358105418-2718,0.5734,3,11,co-iss-n1358105418,1358105418,2001-01-13T19:17:24.095,992.44,995.30,13.45,3,0.00,3,13.45,10.24,30.73,1.31,1.73,,"3 frame(s); median area 3.0 px; net motion dx=-2.1, dy=-95.8; flags: none"
N1358105587,T1109,1358105587-1473,0.5734,3,12,co-iss-n1358105587,1358105587,2001-01-13T19:19:41.102,991.07,963.63,9.10,3,0.00,3,9.10,8.23,24.70,1.10,4.39,,"3 frame(s); median area 3.0 px; net motion dx=-2.1, dy=-95.8; flags: none"
N1358106096,T1109,1358106096-1840,0.5734,3,13,co-iss-n1358106096,1358106096,2001-01-13T19:29:18.122,990.29,899.54,11.75,5,0.00,5,11.75,8.67,43.35,1.35,1.73,,"3 frame(s); median area 3.0 px; net motion dx=-2.1, dy=-95.8; flags: none"
N1358108118,T1432,1358108118-0682,0.5720,3,14,co-iss-n1358108118,1358108118,2001-01-13T20:02:24.077,721.62,1007.82,9.62,5,0.00,5,9.62,7.97,39.83,1.21,4.39,,"3 frame(s); median area 5.0 px; net motion dx=-41.1, dy=0.9; flags: none"
N1358108287,T1432,1358108287-0491,0.5720,3,15,co-iss-n1358108287,1358108287,2001-01-13T20:04:41.083,722.66,992.72,9.93,5,0.00,5,9.93,8.47,42.36,1.17,1.39,,"3 frame(s); median area 5.0 px; net motion dx=-41.1, dy=0.9; flags: none"
N1358108796,T1432,1358108796-0432,0.5720,3,16,co-iss-n1358108796,1358108796,2001-01-13T20:14:18.103,680.48,1008.74,9.82,4,0.00,4,9.82,9.49,37.96,1.03,4.47,,"3 frame(s); median area 5.0 px; net motion dx=-41.1, dy=0.9; flags: none"
N1358114418,T1632,1358114418-0630,0.5705,3,19,co-iss-n1358114418,1358114418,2001-01-13T21:47:24.033,249.37,822.68,8.60,3,0.00,3,8.60,7.70,23.09,1.12,1.73,,"3 frame(s); median area 5.0 px; net motion dx=40.9, dy=3.2; flags: none"
N1358114587,T1632,1358114587-0544,0.5705,3,20,co-iss-n1358114587,1358114587,2001-01-13T21:49:41.040,237.94,812.17,11.91,8,0.00,8,11.91,9.27,74.12,1.29,3.20,,"3 frame(s); median area 5.0 px; net motion dx=40.9, dy=3.2; flags: none"
N1358115096,T1632,1358115096-0538,0.5705,3,21,co-iss-n1358115096,1358115096,2001-01-13T21:59:18.060,290.24,825.86,14.96,5,0.00,5,14.96,11.10,55.52,1.35,3.52,,"3 frame(s); median area 5.0 px; net motion dx=40.9, dy=3.2; flags: none"
N1358063118,T0459,1358063118-0313,0.5703,3,1,co-iss-n1358063118,1358063118,2001-01-13T07:32:24.388,615.59,946.64,11.67,6,0.00,6,11.67,9.70,58.22,1.20,1.41,,"3 frame(s); median area 4.0 px; net motion dx=-10.8, dy=12.4; flags: none"
N1358063287,T0459,1358063287-0382,0.5703,3,2,co-iss-n1358063287,1358063287,2001-01-13T07:34:41.395,615.33,937.33,11.40,3,0.00,3,11.40,11.40,34.21,1.00,1.73,,"3 frame(s); median area 4.0 px; net motion dx=-10.8, dy=12.4; flags: none"
N1358063796,T0459,1358063796-0193,0.5703,3,3,co-iss-n1358063796,1358063796,2001-01-13T07:44:18.415,604.77,959.00,8.27,4,0.00,4,8.27,8.01,32.05,1.03,1.63,,"3 frame(s); median area 4.0 px; net motion dx=-10.8, dy=12.4; flags: none"
N1358110818,T1508,1358110818-0150,0.5698,2,17,co-iss-n1358110818,1358110818,2001-01-13T20:47:24.058,656.93,250.15,17.40,4,0.00,4,17.40,11.40,45.61,1.53,3.60,,"2 frame(s); median area 7.0 px; net motion dx=17.3, dy=2.8; flags: none"
N1358110987,T1508,1358110987-0137,0.5698,2,18,co-iss-n1358110987,1358110987,2001-01-13T20:49:41.065,674.18,252.94,18.38,10,0.00,10,18.38,14.91,149.07,1.23,3.60,,"2 frame(s); median area 7.0 px; net motion dx=17.3, dy=2.8; flags: none"
N1358063118,T0491,1358063118-0759,0.5666,3,1,co-iss-n1358063118,1358063118,2001-01-13T07:32:24.388,594.06,1009.78,9.75,4,0.00,4,9.75,8.84,35.35,1.10,3.60,,"3 frame(s); median area 4.0 px; net motion dx=-9.7, dy=-33.8; flags: none"
N1358063287,T0491,1358063287-0578,0.5666,3,2,co-iss-n1358063287,1358063287,2001-01-13T07:34:41.395,585.34,1002.05,8.19,7,0.00,7,8.19,7.58,53.06,1.08,3.39,,"3 frame(s); median area 4.0 px; net motion dx=-9.7, dy=-33.8; flags: none"
N1358063796,T0491,1358063796-0235,0.5666,3,3,co-iss-n1358063796,1358063796,2001-01-13T07:44:18.415,584.34,976.00,8.27,3,0.00,3,8.27,8.05,24.16,1.03,4.39,,"3 frame(s); median area 4.0 px; net motion dx=-9.7, dy=-33.8; flags: none"
N1358114418,T1680,1358114418-1607,0.5651,3,19,co-iss-n1358114418,1358114418,2001-01-13T21:47:24.033,37.48,905.26,10.27,4,0.00,4,10.27,9.78,39.12,1.05,2.70,,"3 frame(s); median area 4.0 px; net motion dx=7.8, dy=-20.3; flags: none"
N1358114587,T1680,1358114587-1194,0.5651,3,20,co-iss-n1358114587,1358114587,2001-01-13T21:49:41.040,32.47,899.54,9.58,4,0.00,4,9.58,8.85,35.41,1.08,2.62,,"3 frame(s); median area 4.0 px; net motion dx=7.8, dy=-20.3; flags: none"
N1358115096,T1680,1358115096-1380,0.5651,3,21,co-iss-n1358115096,1358115096,2001-01-13T21:59:18.060,45.24,884.99,14.96,9,0.00,9,14.96,9.46,85.15,1.58,1.99,,"3 frame(s); median area 4.0 px; net motion dx=7.8, dy=-20.3; flags: none"
N1358114418,T1691,1358114418-2098,0.5647,3,19,co-iss-n1358114418,1358114418,2001-01-13T21:47:24.033,34.29,942.70,10.86,3,0.00,3,10.86,8.69,26.06,1.25,1.73,,"3 frame(s); median area 3.0 px; net motion dx=16.6, dy=-53.6; flags: none"
N1358114587,T1691,1358114587-1331,0.5647,3,20,co-iss-n1358114587,1358114587,2001-01-13T21:49:41.040,35.93,924.38,9.10,3,0.00,3,9.10,7.92,23.75,1.15,4.39,,"3 frame(s); median area 3.0 px; net motion dx=16.6, dy=-53.6; flags: none"
N1358115096,T1691,1358115096-1496,0.5647,3,21,co-iss-n1358115096,1358115096,2001-01-13T21:59:18.060,50.91,889.07,11.25,4,0.00,4,11.25,9.68,38.72,1.16,1.00,,"3 frame(s); median area 3.0 px; net motion dx=16.6, dy=-53.6; flags: none"
N1358117118,T1983,1358117118-0373,0.5625,3,22,co-iss-n1358117118,1358117118,2001-01-13T22:32:24.014,410.64,966.94,9.39,8,0.00,8,9.39,7.77,62.16,1.21,3.27,,"3 frame(s); median area 5.0 px; net motion dx=26.4, dy=-2.7; flags: none"
N1358117287,T1983,1358117287-0394,0.5625,3,23,co-iss-n1358117287,1358117287,2001-01-13T22:34:41.021,410.03,957.66,8.25,3,0.00,3,8.25,7.98,23.93,1.03,4.39,,"3 frame(s); median area 5.0 px; net motion dx=26.4, dy=-2.7; flags: none"
N1358117796,T1983,1358117796-0149,0.5625,3,24,co-iss-n1358117796,1358117796,2001-01-13T22:44:18.041,437.00,964.20,8.08,5,0.00,5,8.08,8.08,40.41,1.00,1.89,,"3 frame(s); median area 5.0 px; net motion dx=26.4, dy=-2.7; flags: none"
N1358063287,T0515,1358063287-0054,0.5625,2,2,co-iss-n1358063287,1358063287,2001-01-13T07:34:41.395,426.74,194.28,24.04,3,0.00,3,24.04,17.31,51.94,1.39,1.73,,"2 frame(s); median area 5.0 px; net motion dx=-1.5, dy=3.0; flags: none"
N1358063796,T0515,1358063796-0018,0.5625,2,3,co-iss-n1358063796,1358063796,2001-01-13T07:44:18.415,425.25,197.31,47.01,7,0.00,7,47.01,23.08,161.57,2.04,2.95,,"2 frame(s); median area 5.0 px; net motion dx=-1.5, dy=3.0; flags: none"
N1358069418,T0656,1358069418-0017,0.5625,2,6,co-iss-n1358069418,1358069418,2001-01-13T09:17:24.345,681.72,99.41,19.41,5,0.00,5,19.41,13.15,65.74,1.48,2.99,,"2 frame(s); median area 5.0 px; net motion dx=26.2, dy=31.3; flags: none"
N1358069587,T0656,1358069587-0027,0.5625,2,7,co-iss-n1358069587,1358069587,2001-01-13T09:19:41.351,707.90,130.75,102.86,5,0.00,5,102.86,46.49,232.46,2.21,1.73,,"2 frame(s); median area 5.0 px; net motion dx=26.2, dy=31.3; flags: none"
N1358105587,T1127,1358105587-1360,0.5625,2,12,co-iss-n1358105587,1358105587,2001-01-13T19:19:41.102,455.29,926.69,253.19,7,0.00,7,253.19,102.09,714.65,2.48,1.73,,"2 frame(s); median area 5.0 px; net motion dx=73.4, dy=-21.6; flags: none"
N1358106096,T1127,1358106096-1914,0.5625,2,13,co-iss-n1358106096,1358106096,2001-01-13T19:29:18.122,528.74,905.06,13.05,3,0.00,3,13.05,10.49,31.47,1.24,4.39,,"2 frame(s); median area 5.0 px; net motion dx=73.4, dy=-21.6; flags: none"
N1358108118,T1381,1358108118-0122,0.5625,2,14,co-iss-n1358108118,1358108118,2001-01-13T20:02:24.077,219.04,511.53,16.17,4,0.15,4,16.17,10.91,43.62,1.48,6.85,,"2 frame(s); median area 5.0 px; net motion dx=-69.0, dy=-44.6; flags: none"
N1358108796,T1381,1358108796-0078,0.5625,2,16,co-iss-n1358108796,1358108796,2001-01-13T20:14:18.103,150.01,466.90,181.43,6,0.00,6,181.43,78.53,471.19,2.31,1.82,,"2 frame(s); median area 5.0 px; net motion dx=-69.0, dy=-44.6; flags: none"
N1358105418,T1101,1358105418-2591,0.5621,3,11,co-iss-n1358105418,1358105418,2001-01-13T19:17:24.095,690.31,976.93,9.94,3,0.00,3,9.94,8.63,25.89,1.15,4.39,,"3 frame(s); median area 4.0 px; net motion dx=10.1, dy=-101.8; flags: none"
N1358105587,T1101,1358105587-1428,0.5621,3,12,co-iss-n1358105587,1358105587,2001-01-13T19:19:41.102,667.48,953.20,8.39,6,0.00,6,8.39,7.96,47.77,1.05,1.86,,"3 frame(s); median area 4.0 px; net motion dx=10.1, dy=-101.8; flags: none"
N1358106096,T1101,1358106096-1313,0.5621,3,13,co-iss-n1358106096,1358106096,2001-01-13T19:29:18.122,700.37,875.16,10.66,4,0.15,4,10.66,8.50,33.98,1.25,6.17,,"3 frame(s); median area 4.0 px; net motion dx=10.1, dy=-101.8; flags: none"
N1358063118,T0447,1358063118-0236,0.5615,2,1,co-iss-n1358063118,1358063118,2001-01-13T07:32:24.388,566.07,920.71,11.67,9,0.00,9,11.67,9.69,87.23,1.20,2.15,,"2 frame(s); median area 9.5 px; net motion dx=-14.1, dy=-14.8; flags: none"
N1358063287,T0447,1358063287-0290,0.5615,2,2,co-iss-n1358063287,1358063287,2001-01-13T07:34:41.395,551.93,905.92,13.01,10,0.00,10,13.01,10.58,105.85,1.23,3.49,,"2 frame(s); median area 9.5 px; net motion dx=-14.1, dy=-14.8; flags: none"
N1358063118,T0445,1358063118-0227,0.5607,2,1,co-iss-n1358063118,1358063118,2001-01-13T07:32:24.388,561.68,910.78,13.58,15,0.00,15,13.58,10.02,150.25,1.36,2.20,,"2 frame(s); median area 10.5 px; net motion dx=-14.4, dy=-15.1; flags: none"
N1358063287,T0445,1358063287-0277,0.5607,2,2,co-iss-n1358063287,1358063287,2001-01-13T07:34:41.395,547.25,895.64,10.80,6,0.00,6,10.80,8.43,50.59,1.28,2.99,,"2 frame(s); median area 10.5 px; net motion dx=-14.4, dy=-15.1; flags: none"
N1358114418,T1657,1358114418-0993,0.5600,2,19,co-iss-n1358114418,1358114418,2001-01-13T21:47:24.033,66.67,857.66,12.92,13,0.00,13,12.92,9.12,118.58,1.42,2.77,,"2 frame(s); median area 10.0 px; net motion dx=66.0, dy=19.2; flags: none"
N1358115096,T1657,1358115096-1229,0.5600,2,21,co-iss-n1358115096,1358115096,2001-01-13T21:59:18.060,132.72,876.87,11.25,7,0.00,7,11.25,9.31,65.16,1.21,3.36,,"2 frame(s); median area 10.0 px; net motion dx=66.0, dy=19.2; flags: none"
N1358105418,T1111,1358105418-2747,0.5599,3,11,co-iss-n1358105418,1358105418,2001-01-13T19:17:24.095,988.19,999.45,10.50,5,0.00,5,10.50,9.52,47.60,1.10,1.39,,"3 frame(s); median area 4.0 px; net motion dx=-45.6, dy=-98.5; flags: none"
N1358105587,T1111,1358105587-1489,0.5599,3,12,co-iss-n1358105587,1358105587,2001-01-13T19:19:41.102,989.05,967.63,8.80,3,0.00,3,8.80,7.87,23.62,1.12,4.39,,"3 frame(s); median area 4.0 px; net motion dx=-45.6, dy=-98.5; flags: none"
N1358106096,T1111,1358106096-1861,0.5599,3,13,co-iss-n1358106096,1358106096,2001-01-13T19:29:18.122,942.55,901.00,9.44,4,0.00,4,9.44,8.70,34.80,1.09,2.45,,"3 frame(s); median area 4.0 px; net motion dx=-45.6, dy=-98.5; flags: none"
N1358065818,T0599,1358065818-0522,0.5599,2,4,co-iss-n1358065818,1358065818,2001-01-13T08:17:24.370,974.63,811.63,12.17,3,0.00,3,12.17,10.98,32.93,1.11,1.73,,"2 frame(s); median area 8.5 px; net motion dx=-47.4, dy=7.8; flags: none"
N1358065987,T0599,1358065987-0608,0.5599,2,5,co-iss-n1358065987,1358065987,2001-01-13T08:19:41.376,927.18,819.44,11.97,14,0.00,14,11.97,11.08,155.12,1.08,5.21,,"2 frame(s); median area 8.5 px; net motion dx=-47.4, dy=7.8; flags: none"
N1358065818,T0594,1358065818-0469,0.5591,2,4,co-iss-n1358065818,1358065818,2001-01-13T08:17:24.370,778.56,748.01,12.25,13,0.00,13,12.25,11.32,147.10,1.08,5.50,,"2 frame(s); median area 9.5 px; net motion dx=-24.9, dy=25.1; flags: none"
N1358065987,T0594,1358065987-0571,0.5591,2,5,co-iss-n1358065987,1358065987,2001-01-13T08:19:41.376,753.70,773.08,11.62,6,0.00,6,11.62,11.03,66.17,1.05,4.26,,"2 frame(s); median area 9.5 px; net motion dx=-24.9, dy=25.1; flags: none"
N1358105418,T1088,1358105418-1795,0.5583,3,11,co-iss-n1358105418,1358105418,2001-01-13T19:17:24.095,674.42,907.72,10.50,3,0.00,3,10.50,8.42,25.25,1.25,1.73,,"3 frame(s); median area 3.0 px; net motion dx=-41.4, dy=-48.4; flags: none"
N1358105587,T1088,1358105587-1395,0.5583,3,12,co-iss-n1358105587,1358105587,2001-01-13T19:19:41.102,654.07,940.69,11.22,3,0.00,3,11.22,10.00,30.00,1.12,4.39,,"3 frame(s); median area 3.0 px; net motion dx=-41.4, dy=-48.4; flags: none"
N1358106096,T1088,1358106096-1033,0.5583,3,13,co-iss-n1358106096,1358106096,2001-01-13T19:29:18.122,633.02,859.34,10.16,3,0.00,3,10.16,9.62,28.86,1.06,4.39,,"3 frame(s); median area 3.0 px; net motion dx=-41.4, dy=-48.4; flags: none"
N1358105418,T1009,1358105418-0199,0.5583,2,11,co-iss-n1358105418,1358105418,2001-01-13T19:17:24.095,596.38,738.01,11.71,3,0.00,3,11.71,10.19,30.58,1.15,4.39,,"2 frame(s); median area 9.0 px; net motion dx=-6.0, dy=-0.4; flags: none"
N1358106096,T1009,1358106096-0114,0.5583,2,13,co-iss-n1358106096,1358106096,2001-01-13T19:29:18.122,590.37,737.63,11.88,15,0.00,15,11.88,9.73,145.95,1.22,1.60,,"2 frame(s); median area 9.0 px; net motion dx=-6.0, dy=-0.4; flags: none"
N1358108118,T1419,1358108118-0467,0.5580,3,14,co-iss-n1358108118,1358108118,2001-01-13T20:02:24.077,670.56,982.47,8.88,4,0.00,4,8.88,7.93,31.73,1.12,2.62,,"3 frame(s); median area 3.0 px; net motion dx=-10.9, dy=6.9; flags: none"
N1358108287,T1419,1358108287-0446,0.5580,3,15,co-iss-n1358108287,1358108287,2001-01-13T20:04:41.083,669.32,972.99,8.30,3,0.00,3,8.30,7.57,22.70,1.10,4.39,,"3 frame(s); median area 3.0 px; net motion dx=-10.9, dy=6.9; flags: none"
N1358108796,T1419,1358108796-0318,0.5580,3,16,co-iss-n1358108796,1358108796,2001-01-13T20:14:18.103,659.69,989.40,12.07,3,0.00,3,12.07,10.13,30.39,1.19,1.73,,"3 frame(s); median area 3.0 px; net motion dx=-10.9, dy=6.9; flags: none"
N1358108118,T1398,1358108118-0270,0.5576,2,14,co-iss-n1358108118,1358108118,2001-01-13T20:02:24.077,570.05,944.20,13.42,10,0.00,10,13.42,9.35,93.51,1.44,2.15,,"2 frame(s); median area 8.0 px; net motion dx=-3.0, dy=-23.6; flags: none"
N1358108287,T1398,1358108287-0297,0.5576,2,15,co-iss-n1358108287,1358108287,2001-01-13T20:04:41.083,567.02,920.58,9.93,6,0.00,6,9.93,8.56,51.37,1.16,2.74,,"2 frame(s); median area 8.0 px; net motion dx=-3.0, dy=-23.6; flags: none"
N1358063118,T0448,1358063118-0240,0.5567,2,1,co-iss-n1358063118,1358063118,2001-01-13T07:32:24.388,573.82,924.65,11.67,6,0.00,6,11.67,9.35,56.08,1.25,2.94,,"2 frame(s); median area 8.0 px; net motion dx=-0.4, dy=-10.1; flags: none"
N1358063287,T0448,1358063287-0304,0.5567,2,2,co-iss-n1358063287,1358063287,2001-01-13T07:34:41.395,573.42,914.57,11.40,10,0.00,10,11.40,9.24,92.38,1.23,2.91,,"2 frame(s); median area 8.0 px; net motion dx=-0.4, dy=-10.1; flags: none"
N1358110818,T1538,1358110818-0420,0.5566,2,17,co-iss-n1358110818,1358110818,2001-01-13T20:47:24.058,872.79,648.40,13.52,3,0.00,3,13.52,11.37,34.11,1.19,1.73,,"2 frame(s); median area 7.5 px; net motion dx=-23.4, dy=52.4; flags: none"
N1358110987,T1538,1358110987-0412,0.5566,2,18,co-iss-n1358110987,1358110987,2001-01-13T20:49:41.065,849.42,700.78,13.66,12,0.00,12,13.66,13.12,157.42,1.04,4.79,,"2 frame(s); median area 7.5 px; net motion dx=-23.4, dy=52.4; flags: none"
N1358105418,T1117,1358105418-2958,0.5560,3,11,co-iss-n1358105418,1358105418,2001-01-13T19:17:24.095,987.50,1015.49,8.11,4,0.00,4,8.11,7.52,30.09,1.08,1.00,,"3 frame(s); median area 4.0 px; net motion dx=-1.2, dy=-114.4; flags: none"
N1358105587,T1117,1358105587-1541,0.5560,3,12,co-iss-n1358105587,1358105587,2001-01-13T19:19:41.102,988.17,984.66,9.80,7,0.00,7,9.80,8.17,57.22,1.20,5.37,,"3 frame(s); median area 4.0 px; net motion dx=-1.2, dy=-114.4; flags: none"
N1358106096,T1117,1358106096-1865,0.5560,3,13,co-iss-n1358106096,1358106096,2001-01-13T19:29:18.122,986.30,901.06,10.27,3,0.00,3,10.27,9.10,27.29,1.13,1.73,,"3 frame(s); median area 4.0 px; net motion dx=-1.2, dy=-114.4; flags: none"
N1358117118,T1970,1358117118-0220,0.5553,2,22,co-iss-n1358117118,1358117118,2001-01-13T22:32:24.014,452.49,926.77,13.10,11,0.00,11,13.10,9.98,109.74,1.31,5.68,,"2 frame(s); median area 8.0 px; net motion dx=24.9, dy=-20.2; flags: none"
N1358117287,T1970,1358117287-0284,0.5553,2,23,co-iss-n1358117287,1358117287,2001-01-13T22:34:41.021,477.41,906.56,9.49,5,0.00,5,9.49,8.47,42.36,1.12,2.99,,"2 frame(s); median area 8.0 px; net motion dx=24.9, dy=-20.2; flags: none"
N1358105418,T1015,1358105418-0291,0.5542,3,11,co-iss-n1358105418,1358105418,2001-01-13T19:17:24.095,656.34,761.35,9.09,3,0.00,3,9.09,8.62,25.86,1.05,1.73,,"3 frame(s); median area 6.0 px; net motion dx=-51.1, dy=-7.8; flags: none"
N1358105587,T1015,1358105587-0291,0.5542,3,12,co-iss-n1358105587,1358105587,2001-01-13T19:19:41.102,659.44,752.24,13.97,6,0.00,6,13.97,10.84,65.07,1.29,3.96,,"3 frame(s); median area 6.0 px; net motion dx=-51.1, dy=-7.8; flags: none"
N1358106096,T1015,1358106096-0157,0.5542,3,13,co-iss-n1358106096,1358106096,2001-01-13T19:29:18.122,605.28,753.60,11.05,10,0.00,10,11.05,8.45,84.48,1.31,1.69,,"3 frame(s); median area 6.0 px; net motion dx=-51.1, dy=-7.8; flags: none"
N1358105418,T1107,1358105418-2686,0.5539,3,11,co-iss-n1358105418,1358105418,2001-01-13T19:17:24.095,709.43,993.33,11.04,4,0.15,4,11.04,8.59,34.36,1.28,6.17,,"3 frame(s); median area 4.0 px; net motion dx=-50.3, dy=-93.0; flags: none"
N1358105587,T1107,1358105587-1529,0.5539,3,12,co-iss-n1358105587,1358105587,2001-01-13T19:19:41.102,684.67,980.75,11.26,4,0.00,4,11.26,8.94,35.76,1.26,2.70,,"3 frame(s); median area 4.0 px; net motion dx=-50.3, dy=-93.0; flags: none"
N1358106096,T1107,1358106096-1841,0.5539,3,13,co-iss-n1358106096,1358106096,2001-01-13T19:29:18.122,659.15,900.31,11.74,3,0.00,3,11.74,9.25,27.75,1.27,1.73,,"3 frame(s); median area 4.0 px; net motion dx=-50.3, dy=-93.0; flags: none"
N1358114418,T1646,1358114418-0752,0.5529,3,19,co-iss-n1358114418,1358114418,2001-01-13T21:47:24.033,183.66,837.28,13.06,18,0.00,18,13.06,9.04,162.76,1.44,1.41,,"3 frame(s); median area 5.0 px; net motion dx=19.8, dy=20.2; flags: none"
N1358114587,T1646,1358114587-0689,0.5529,3,20,co-iss-n1358114587,1358114587,2001-01-13T21:49:41.040,175.71,831.92,10.04,4,0.00,4,10.04,8.48,33.93,1.18,3.60,,"3 frame(s); median area 5.0 px; net motion dx=19.8, dy=20.2; flags: none"
N1358115096,T1646,1358115096-0863,0.5529,3,21,co-iss-n1358115096,1358115096,2001-01-13T21:59:18.060,203.47,857.47,10.68,5,0.00,5,10.68,9.04,45.22,1.18,3.07,,"3 frame(s); median area 5.0 px; net motion dx=19.8, dy=20.2; flags: none"
N1358108118,T1399,1358108118-0273,0.5527,3,14,co-iss-n1358108118,1358108118,2001-01-13T20:02:24.077,598.34,943.04,9.62,3,0.00,3,9.62,9.19,27.57,1.05,4.39,,"3 frame(s); median area 4.0 px; net motion dx=3.1, dy=53.8; flags: none"
N1358108287,T1399,1358108287-0306,0.5527,3,15,co-iss-n1358108287,1358108287,2001-01-13T20:04:41.083,578.17,924.55,8.94,5,0.00,5,8.94,8.21,41.07,1.09,4.39,,"3 frame(s); median area 4.0 px; net motion dx=3.1, dy=53.8; flags: none"
N1358108796,T1399,1358108796-0350,0.5527,3,16,co-iss-n1358108796,1358108796,2001-01-13T20:14:18.103,601.49,996.79,9.82,4,0.00,4,9.82,8.65,34.60,1.14,4.47,,"3 frame(s); median area 4.0 px; net motion dx=3.1, dy=53.8; flags: none"
N1358108118,T1409,1358108118-0343,0.5526,3,14,co-iss-n1358108118,1358108118,2001-01-13T20:02:24.077,633.81,962.00,9.62,5,0.00,5,9.62,8.28,41.38,1.16,2.05,,"3 frame(s); median area 4.0 px; net motion dx=-44.2, dy=27.8; flags: none"
N1358108287,T1409,1358108287-0554,0.5526,3,15,co-iss-n1358108287,1358108287,2001-01-13T20:04:41.083,590.02,1012.05,10.79,4,0.00,4,10.79,9.41,37.64,1.15,1.73,,"3 frame(s); median area 4.0 px; net motion dx=-44.2, dy=27.8; flags: none"
N1358108796,T1409,1358108796-0312,0.5526,3,16,co-iss-n1358108796,1358108796,2001-01-13T20:14:18.103,589.57,989.79,12.26,4,0.00,4,12.26,11.28,45.10,1.09,4.47,,"3 frame(s); median area 4.0 px; net motion dx=-44.2, dy=27.8; flags: none"
N1358101818,T0953,1358101818-0555,0.5523,2,9,co-iss-n1358101818,1358101818,2001-01-13T18:17:24.120,835.28,807.81,10.24,39,0.00,39,10.24,9.74,379.95,1.05,1.67,,"2 frame(s); median area 46.5 px; net motion dx=-0.1, dy=-13.6; flags: none"
N1358101987,T0953,1358101987-0506,0.5523,2,10,co-iss-n1358101987,1358101987,2001-01-13T18:19:41.127,835.14,794.19,11.34,54,0.00,54,11.34,10.62,573.27,1.07,2.58,,"2 frame(s); median area 46.5 px; net motion dx=-0.1, dy=-13.6; flags: none"
N1358117118,T1995,1358117118-0583,0.5516,3,22,co-iss-n1358117118,1358117118,2001-01-13T22:32:24.014,344.33,998.33,9.39,3,0.00,3,9.39,9.39,28.18,1.00,1.73,,"3 frame(s); median area 3.0 px; net motion dx=26.2, dy=14.8; flags: none"
N1358117287,T1995,1358117287-0452,0.5516,3,23,co-iss-n1358117287,1358117287,2001-01-13T22:34:41.021,351.99,984.65,8.58,3,0.00,3,8.58,8.20,24.59,1.05,4.39,,"3 frame(s); median area 3.0 px; net motion dx=26.2, dy=14.8; flags: none"
N1358117796,T1995,1358117796-0313,0.5516,3,24,co-iss-n1358117796,1358117796,2001-01-13T22:44:18.041,370.49,1013.18,10.09,11,0.00,11,10.09,8.99,98.94,1.12,2.43,,"3 frame(s); median area 3.0 px; net motion dx=26.2, dy=14.8; flags: none"
N1358105418,T1052,1358105418-0820,0.5507,3,11,co-iss-n1358105418,1358105418,2001-01-13T19:17:24.095,843.49,834.55,9.53,4,0.00,4,9.53,8.44,33.78,1.13,2.62,,"3 frame(s); median area 4.0 px; net motion dx=-32.4, dy=8.3; flags: none"
N1358105587,T1052,1358105587-0638,0.5507,3,12,co-iss-n1358105587,1358105587,2001-01-13T19:19:41.102,854.42,824.31,11.26,3,0.00,3,11.26,8.91,26.72,1.26,1.73,,"3 frame(s); median area 4.0 px; net motion dx=-32.4, dy=8.3; flags: none"
N1358106096,T1052,1358106096-0819,0.5507,3,13,co-iss-n1358106096,1358106096,2001-01-13T19:29:18.122,811.11,842.87,15.01,6,0.00,6,15.01,9.93,59.59,1.51,2.42,,"3 frame(s); median area 4.0 px; net motion dx=-32.4, dy=8.3; flags: none"
N1358063118,T0427,1358063118-0048,0.5500,2,1,co-iss-n1358063118,1358063118,2001-01-13T07:32:24.388,989.47,215.33,23.51,4,0.00,4,23.51,17.95,71.80,1.31,5.83,,"2 frame(s); median area 4.5 px; net motion dx=3.8, dy=-18.2; flags: none"
N1358063287,T0427,1358063287-0057,0.5500,2,2,co-iss-n1358063287,1358063287,2001-01-13T07:34:41.395,993.28,197.12,147.11,5,0.00,5,147.11,52.38,261.89,2.81,1.73,,"2 frame(s); median area 4.5 px; net motion dx=3.8, dy=-18.2; flags: none"
N1358108118,T1382,1358108118-0127,0.5500,2,14,co-iss-n1358108118,1358108118,2001-01-13T20:02:24.077,157.81,527.07,449.63,6,0.15,6,449.63,103.22,619.33,4.36,1.35,,"2 frame(s); median area 4.5 px; net motion dx=7.9, dy=-78.7; flags: none"
N1358108118,T1387,1358108118-0182,0.5500,2,14,co-iss-n1358108118,1358108118,2001-01-13T20:02:24.077,596.27,684.51,23.69,3,0.00,3,23.69,15.49,46.47,1.53,1.73,,"2 frame(s); median area 4.5 px; net motion dx=61.4, dy=33.6; flags: none"
N1358108796,T1382,1358108796-0071,0.5500,2,16,co-iss-n1358108796,1358108796,2001-01-13T20:14:18.103,165.70,448.36,11.31,3,0.00,3,11.31,10.40,31.19,1.09,1.73,,"2 frame(s); median area 4.5 px; net motion dx=7.9, dy=-78.7; flags: none"
N1358108796,T1387,1358108796-0138,0.5500,2,16,co-iss-n1358108796,1358108796,2001-01-13T20:14:18.103,657.64,718.12,90.70,6,0.00,6,90.70,33.13,198.77,2.74,2.03,,"2 frame(s); median area 4.5 px; net motion dx=61.4, dy=33.6; flags: none"
N1358117118,T1964,1358117118-0151,0.5500,2,22,co-iss-n1358117118,1358117118,2001-01-13T22:32:24.014,498.73,647.81,59.84,4,0.00,4,59.84,22.74,90.97,2.63,1.00,,"2 frame(s); median area 4.5 px; net motion dx=-26.2, dy=-68.1; flags: none"
N1358117287,T1964,1358117287-0189,0.5500,2,23,co-iss-n1358117287,1358117287,2001-01-13T22:34:41.021,472.53,579.70,31.55,5,0.00,5,31.55,15.62,78.11,2.02,1.62,,"2 frame(s); median area 4.5 px; net motion dx=-26.2, dy=-68.1; flags: none"
N1358063118,T0479,1358063118-0558,0.5496,3,1,co-iss-n1358063118,1358063118,2001-01-13T07:32:24.388,585.34,990.31,9.75,6,0.00,6,9.75,9.04,54.25,1.08,2.53,,"3 frame(s); median area 5.0 px; net motion dx=-4.6, dy=-21.0; flags: none"
N1358063287,T0479,1358063287-0540,0.5496,3,2,co-iss-n1358063287,1358063287,2001-01-13T07:34:41.395,579.96,989.96,9.80,5,0.00,5,9.80,8.34,41.69,1.18,2.62,,"3 frame(s); median area 5.0 px; net motion dx=-4.6, dy=-21.0; flags: none"
N1358063796,T0479,1358063796-0220,0.5496,3,3,co-iss-n1358063796,1358063796,2001-01-13T07:44:18.415,580.70,969.35,8.27,3,0.00,3,8.27,7.89,23.67,1.05,1.73,,"3 frame(s); median area 5.0 px; net motion dx=-4.6, dy=-21.0; flags: none"
N1358105418,T1092,1358105418-2098,0.5486,3,11,co-iss-n1358105418,1358105418,2001-01-13T19:17:24.095,657.00,930.41,8.32,5,0.00,5,8.32,8.01,40.03,1.04,1.83,,"3 frame(s); median area 5.0 px; net motion dx=-24.1, dy=-96.3; flags: none"
N1358105587,T1092,1358105587-1312,0.5486,3,12,co-iss-n1358105587,1358105587,2001-01-13T19:19:41.102,641.42,915.05,9.21,5,0.00,5,9.21,8.16,40.79,1.13,3.05,,"3 frame(s); median area 5.0 px; net motion dx=-24.1, dy=-96.3; flags: none"
N1358106096,T1092,1358106096-0687,0.5486,3,13,co-iss-n1358106096,1358106096,2001-01-13T19:29:18.122,632.85,834.08,13.53,4,0.00,4,13.53,10.60,42.39,1.28,1.17,,"3 frame(s); median area 5.0 px; net motion dx=-24.1, dy=-96.3; flags: none"
N1358069418,T0744,1358069418-1292,0.5485,2,6,co-iss-n1358069418,1358069418,2001-01-13T09:17:24.345,987.64,865.54,10.43,12,0.00,12,10.43,9.02,108.18,1.16,2.34,,"2 frame(s); median area 9.5 px; net motion dx=1.5, dy=-4.0; flags: none"
N1358069587,T0744,1358069587-1016,0.5485,2,7,co-iss-n1358069587,1358069587,2001-01-13T09:19:41.351,989.17,861.55,9.91,7,0.00,7,9.91,8.39,58.70,1.18,2.11,,"2 frame(s); median area 9.5 px; net motion dx=1.5, dy=-4.0; flags: none"
N1358105418,T1064,1358105418-1074,0.5484,2,11,co-iss-n1358105418,1358105418,2001-01-13T19:17:24.095,952.71,854.90,9.46,3,0.00,3,9.46,8.05,24.14,1.18,4.39,,"2 frame(s); median area 7.5 px; net motion dx=-72.9, dy=4.1; flags: none"
N1358106096,T1064,1358106096-1032,0.5484,2,13,co-iss-n1358106096,1358106096,2001-01-13T19:29:18.122,879.79,859.01,15.01,12,0.00,12,15.01,10.05,120.63,1.49,3.38,,"2 frame(s); median area 7.5 px; net motion dx=-72.9, dy=4.1; flags: none"
N1358105418,T1083,1358105418-1564,0.5480,3,11,co-iss-n1358105418,1358105418,2001-01-13T19:17:24.095,988.59,889.69,10.50,3,0.00,3,10.50,8.62,25.87,1.22,1.73,,"3 frame(s); median area 3.0 px; net motion dx=-66.0, dy=-18.4; flags: none"
N1358105587,T1083,1358105587-0951,0.5480,3,12,co-iss-n1358105587,1358105587,2001-01-13T19:19:41.102,989.17,861.55,10.03,7,0.00,7,10.03,8.51,59.55,1.18,2.11,,"3 frame(s); median area 3.0 px; net motion dx=-66.0, dy=-18.4; flags: none"
N1358106096,T1083,1358106096-1260,0.5480,3,13,co-iss-n1358106096,1358106096,2001-01-13T19:29:18.122,922.61,871.26,11.30,3,0.00,3,11.30,9.73,29.20,1.16,1.73,,"3 frame(s); median area 3.0 px; net motion dx=-66.0, dy=-18.4; flags: none"
N1358110818,T1505,1358110818-0135,0.5480,2,17,co-iss-n1358110818,1358110818,2001-01-13T20:47:24.058,972.70,225.54,18.21,8,0.00,8,18.21,14.47,115.73,1.26,2.08,,"2 frame(s); median area 6.0 px; net motion dx=29.8, dy=-6.9; flags: none"
N1358110987,T1505,1358110987-0122,0.5480,2,18,co-iss-n1358110987,1358110987,2001-01-13T20:49:41.065,1002.53,218.66,18.63,4,0.00,4,18.63,17.42,69.68,1.07,1.82,,"2 frame(s); median area 6.0 px; net motion dx=29.8, dy=-6.9; flags: none"
N1358105587,T1130,1358105587-1571,0.5475,2,12,co-iss-n1358105587,1358105587,2001-01-13T19:19:41.102,988.79,992.50,8.70,4,0.00,4,8.70,8.07,32.26,1.08,1.82,,"2 frame(s); median area 9.0 px; net motion dx=-2.9, dy=-74.8; flags: none"
N1358106096,T1130,1358106096-2183,0.5475,2,13,co-iss-n1358106096,1358106096,2001-01-13T19:29:18.122,985.93,917.68,11.30,14,0.00,14,11.30,8.90,124.60,1.27,1.20,,"2 frame(s); median area 9.0 px; net motion dx=-2.9, dy=-74.8; flags: none"
N1358065818,T0602,1358065818-0536,0.5472,2,4,co-iss-n1358065818,1358065818,2001-01-13T08:17:24.370,839.51,834.23,9.52,48,0.00,48,9.52,8.98,430.88,1.06,2.82,,"2 frame(s); median area 55.5 px; net motion dx=-1.8, dy=-15.0; flags: none"
N1358065987,T0602,1358065987-0607,0.5472,2,5,co-iss-n1358065987,1358065987,2001-01-13T08:19:41.376,837.71,819.24,10.39,63,0.00,63,10.39,9.60,604.70,1.08,2.89,,"2 frame(s); median area 55.5 px; net motion dx=-1.8, dy=-15.0; flags: none"
N1358114418,T1621,1358114418-0395,0.5472,3,19,co-iss-n1358114418,1358114418,2001-01-13T21:47:24.033,342.97,785.53,13.16,5,0.00,5,13.16,10.07,50.33,1.31,2.44,,"3 frame(s); median area 5.0 px; net motion dx=40.0, dy=7.3; flags: none"
N1358114587,T1621,1358114587-0347,0.5472,3,20,co-iss-n1358114587,1358114587,2001-01-13T21:49:41.040,337.35,778.15,10.29,7,0.00,7,10.29,8.93,62.50,1.15,2.67,,"3 frame(s); median area 5.0 px; net motion dx=40.0, dy=7.3; flags: none"
N1358115096,T1621,1358115096-0315,0.5472,3,21,co-iss-n1358115096,1358115096,2001-01-13T21:59:18.060,382.97,792.80,13.10,5,0.00,5,13.10,8.73,43.65,1.50,2.89,,"3 frame(s); median area 5.0 px; net motion dx=40.0, dy=7.3; flags: none"
N1358101818,T0933,1358101818-0382,0.5470,2,9,co-iss-n1358101818,1358101818,2001-01-13T18:17:24.120,940.94,575.69,15.30,9,0.00,9,15.30,13.69,123.20,1.12,3.91,,"2 frame(s); median area 6.5 px; net motion dx=-35.3, dy=-72.9; flags: none"
N1358101987,T0933,1358101987-0307,0.5470,2,10,co-iss-n1358101987,1358101987,2001-01-13T18:19:41.127,905.63,502.81,17.04,4,0.00,4,17.04,12.81,51.26,1.33,2.45,,"2 frame(s); median area 6.5 px; net motion dx=-35.3, dy=-72.9; flags: none"
N1358114587,T1731,1358114587-1480,0.5466,2,20,co-iss-n1358114587,1358114587,2001-01-13T21:49:41.040,588.65,988.45,12.40,10,0.00,10,12.40,10.48,104.82,1.18,3.47,,"2 frame(s); median area 7.0 px; net motion dx=2.7, dy=-35.9; flags: none"
N1358115096,T1731,1358115096-2783,0.5466,2,21,co-iss-n1358115096,1358115096,2001-01-13T21:59:18.060,591.35,952.53,15.63,4,0.00,4,15.63,11.77,47.07,1.33,1.00,,"2 frame(s); median area 7.0 px; net motion dx=2.7, dy=-35.9; flags: none"
N1358101818,T0888,1358101818-0041,0.5466,2,9,co-iss-n1358101818,1358101818,2001-01-13T18:17:24.120,257.58,75.94,20.03,6,0.00,6,20.03,14.60,87.60,1.37,2.87,,"2 frame(s); median area 5.5 px; net motion dx=16.1, dy=42.8; flags: none"
N1358101987,T0888,1358101987-0073,0.5466,2,10,co-iss-n1358101987,1358101987,2001-01-13T18:19:41.127,273.69,118.72,20.50,5,0.00,5,20.50,18.15,90.75,1.13,4.39,,"2 frame(s); median area 5.5 px; net motion dx=16.1, dy=42.8; flags: none"
N1358108118,T1424,1358108118-0534,0.5466,3,14,co-iss-n1358108118,1358108118,2001-01-13T20:02:24.077,696.63,991.93,9.62,3,0.00,3,9.62,8.58,25.73,1.12,1.73,,"3 frame(s); median area 3.0 px; net motion dx=-32.5, dy=12.8; flags: none"
N1358108287,T1424,1358108287-0463,0.5466,3,15,co-iss-n1358108287,1358108287,2001-01-13T20:04:41.083,688.37,979.31,9.93,3,0.00,3,9.93,8.99,26.96,1.10,1.73,,"3 frame(s); median area 3.0 px; net motion dx=-32.5, dy=12.8; flags: none"
N1358108796,T1424,1358108796-0387,0.5466,3,16,co-iss-n1358108796,1358108796,2001-01-13T20:14:18.103,664.10,1004.73,9.82,24,0.00,24,9.82,9.19,220.59,1.07,1.43,,"3 frame(s); median area 3.0 px; net motion dx=-32.5, dy=12.8; flags: none"
N1358117118,T1982,1358117118-0372,0.5459,2,22,co-iss-n1358117118,1358117118,2001-01-13T22:32:24.014,405.20,966.20,9.39,5,0.00,5,9.39,9.39,46.97,1.00,2.89,,"2 frame(s); median area 9.0 px; net motion dx=23.2, dy=0.7; flags: none"
N1358117796,T1982,1358117796-0152,0.5459,2,24,co-iss-n1358117796,1358117796,2001-01-13T22:44:18.041,428.40,966.95,10.09,13,0.00,13,10.09,8.31,108.06,1.21,1.16,,"2 frame(s); median area 9.0 px; net motion dx=23.2, dy=0.7; flags: none"
N1358108118,T1412,1358108118-0358,0.5458,2,14,co-iss-n1358108118,1358108118,2001-01-13T20:02:24.077,642.16,966.10,9.62,12,0.00,12,9.62,8.62,103.41,1.12,1.67,,"2 frame(s); median area 8.0 px; net motion dx=-27.1, dy=4.4; flags: none"
N1358108796,T1412,1358108796-0227,0.5458,2,16,co-iss-n1358108796,1358108796,2001-01-13T20:14:18.103,615.02,970.48,9.82,4,0.15,4,9.82,8.59,34.38,1.14,6.85,,"2 frame(s); median area 8.0 px; net motion dx=-27.1, dy=4.4; flags: none"
N1358069418,T0662,1358069418-0068,0.5458,2,6,co-iss-n1358069418,1358069418,2001-01-13T09:17:24.345,843.22,386.79,17.33,8,0.00,8,17.33,11.52,92.12,1.50,3.78,,"2 frame(s); median area 6.5 px; net motion dx=-3.9, dy=-20.0; flags: none"
N1358069587,T0662,1358069587-0078,0.5458,2,7,co-iss-n1358069587,1358069587,2001-01-13T09:19:41.351,839.34,366.84,14.60,5,0.00,5,14.60,9.87,49.35,1.48,1.73,,"2 frame(s); median area 6.5 px; net motion dx=-3.9, dy=-20.0; flags: none"
N1358117118,T1988,1358117118-0424,0.5457,3,22,co-iss-n1358117118,1358117118,2001-01-13T22:32:24.014,462.26,973.20,9.39,4,0.00,4,9.39,8.50,33.99,1.11,2.45,,"3 frame(s); median area 4.0 px; net motion dx=6.5, dy=-39.7; flags: none"
N1358117287,T1988,1358117287-0348,0.5457,3,23,co-iss-n1358117287,1358117287,2001-01-13T22:34:41.021,481.06,935.61,11.47,3,0.00,3,11.47,9.82,29.45,1.17,4.39,,"3 frame(s); median area 4.0 px; net motion dx=6.5, dy=-39.7; flags: none"
N1358117796,T1988,1358117796-0114,0.5457,3,24,co-iss-n1358117796,1358117796,2001-01-13T22:44:18.041,468.78,933.46,12.09,5,0.00,5,12.09,11.11,55.57,1.09,1.42,,"3 frame(s); median area 4.0 px; net motion dx=6.5, dy=-39.7; flags: none"
N1358108118,T1418,1358108118-0424,0.5452,3,14,co-iss-n1358108118,1358108118,2001-01-13T20:02:24.077,584.36,975.97,9.62,3,0.00,3,9.62,8.89,26.68,1.08,4.39,,"3 frame(s); median area 3.0 px; net motion dx=-4.7, dy=-27.3; flags: none"
N1358108287,T1418,1358108287-0445,0.5452,3,15,co-iss-n1358108287,1358108287,2001-01-13T20:04:41.083,575.28,972.43,11.56,3,0.00,3,11.56,9.05,27.15,1.28,1.73,,"3 frame(s); median area 3.0 px; net motion dx=-4.7, dy=-27.3; flags: none"
N1358108796,T1418,1358108796-0184,0.5452,3,16,co-iss-n1358108796,1358108796,2001-01-13T20:14:18.103,579.66,948.72,10.61,4,0.00,4,10.61,9.44,37.76,1.12,2.45,,"3 frame(s); median area 3.0 px; net motion dx=-4.7, dy=-27.3; flags: none"
N1358105418,T1016,1358105418-0316,0.5444,3,11,co-iss-n1358105418,1358105418,2001-01-13T19:17:24.095,665.99,767.56,16.40,4,0.00,4,16.40,9.58,38.32,1.71,3.60,,"3 frame(s); median area 4.0 px; net motion dx=-45.1, dy=-7.6; flags: none"
N1358105587,T1016,1358105587-0313,0.5444,3,12,co-iss-n1358105587,1358105587,2001-01-13T19:19:41.102,671.95,759.24,8.48,4,0.00,4,8.48,7.52,30.06,1.13,1.63,,"3 frame(s); median area 4.0 px; net motion dx=-45.1, dy=-7.6; flags: none"
N1358106096,T1016,1358106096-0175,0.5444,3,13,co-iss-n1358106096,1358106096,2001-01-13T19:29:18.122,620.91,760.01,17.13,9,0.00,9,17.13,11.53,103.75,1.49,2.98,,"3 frame(s); median area 4.0 px; net motion dx=-45.1, dy=-7.6; flags: none"
N1358117118,T2019,1358117118-0736,0.5440,3,22,co-iss-n1358117118,1358117118,2001-01-13T22:32:24.014,423.03,1014.32,9.39,3,0.00,3,9.39,8.07,24.20,1.16,4.39,,"3 frame(s); median area 4.0 px; net motion dx=21.9, dy=-23.8; flags: none"
N1358117287,T2019,1358117287-0473,0.5440,3,23,co-iss-n1358117287,1358117287,2001-01-13T22:34:41.021,458.10,993.88,11.47,8,0.00,8,11.47,8.74,69.93,1.31,3.20,,"3 frame(s); median area 4.0 px; net motion dx=21.9, dy=-23.8; flags: none"
N1358117796,T2019,1358117796-0203,0.5440,3,24,co-iss-n1358117796,1358117796,2001-01-13T22:44:18.041,444.97,990.52,8.08,4,0.00,4,8.08,7.81,31.25,1.03,2.62,,"3 frame(s); median area 4.0 px; net motion dx=21.9, dy=-23.8; flags: none"
N1358105418,T1048,1358105418-0790,0.5439,2,11,co-iss-n1358105418,1358105418,2001-01-13T19:17:24.095,797.53,832.31,10.50,4,0.00,4,10.50,8.48,33.91,1.24,2.70,,"2 frame(s); median area 7.5 px; net motion dx=-40.1, dy=-6.2; flags: none"
N1358106096,T1048,1358106096-0607,0.5439,2,13,co-iss-n1358106096,1358106096,2001-01-13T19:29:18.122,757.39,826.12,12.46,11,0.00,11,12.46,8.93,98.22,1.40,2.01,,"2 frame(s); median area 7.5 px; net motion dx=-40.1, dy=-6.2; flags: none"
N1358114418,T1705,1358114418-2589,0.5425,3,19,co-iss-n1358114418,1358114418,2001-01-13T21:47:24.033,46.28,983.87,10.27,3,0.00,3,10.27,8.30,24.90,1.24,4.39,,"3 frame(s); median area 3.0 px; net motion dx=-7.6, dy=-43.1; flags: none"
N1358114587,T1705,1358114587-1635,0.5425,3,20,co-iss-n1358114587,1358114587,2001-01-13T21:49:41.040,39.61,1014.31,9.36,3,0.00,3,9.36,8.10,24.31,1.16,1.73,,"3 frame(s); median area 3.0 px; net motion dx=-7.6, dy=-43.1; flags: none"
N1358115096,T1705,1358115096-2526,0.5425,3,21,co-iss-n1358115096,1358115096,2001-01-13T21:59:18.060,38.73,940.77,8.35,4,0.00,4,8.35,7.98,31.92,1.05,3.16,,"3 frame(s); median area 3.0 px; net motion dx=-7.6, dy=-43.1; flags: none"
N1358063118,T0509,1358063118-0908,0.5416,2,1,co-iss-n1358063118,1358063118,2001-01-13T07:32:24.388,681.93,1020.69,9.75,3,0.00,3,9.75,8.56,25.68,1.14,1.73,,"2 frame(s); median area 8.0 px; net motion dx=-16.0, dy=-16.2; flags: none"
N1358063796,T0509,1358063796-0302,0.5416,2,3,co-iss-n1358063796,1358063796,2001-01-13T07:44:18.415,665.93,1004.53,8.27,13,0.00,13,8.27,8.00,103.95,1.03,2.05,,"2 frame(s); median area 8.0 px; net motion dx=-16.0, dy=-16.2; flags: none"
N1358105418,T1002,1358105418-0137,0.5409,3,11,co-iss-n1358105418,1358105418,2001-01-13T19:17:24.095,560.09,712.13,9.94,6,0.00,6,9.94,8.00,48.02,1.24,1.65,,"3 frame(s); median area 5.0 px; net motion dx=16.2, dy=48.1; flags: none"
N1358105587,T1002,1358105587-0185,0.5409,3,12,co-iss-n1358105587,1358105587,2001-01-13T19:19:41.102,547.67,708.66,10.62,5,0.00,5,10.62,8.98,44.91,1.18,2.99,,"3 frame(s); median area 5.0 px; net motion dx=16.2, dy=48.1; flags: none"
N1358106096,T1002,1358106096-0176,0.5409,3,13,co-iss-n1358106096,1358106096,2001-01-13T19:29:18.122,576.29,760.24,14.51,5,0.00,5,14.51,10.89,54.46,1.33,4.24,,"3 frame(s); median area 5.0 px; net motion dx=16.2, dy=48.1; flags: none"
N1358108118,T1404,1358108118-0308,0.5408,3,14,co-iss-n1358108118,1358108118,2001-01-13T20:02:24.077,577.37,955.52,9.28,5,0.00,5,9.28,8.44,42.22,1.10,3.40,,"3 frame(s); median area 5.0 px; net motion dx=-3.2, dy=-21.4; flags: none"
N1358108287,T1404,1358108287-0342,0.5408,3,15,co-iss-n1358108287,1358108287,2001-01-13T20:04:41.083,570.01,936.67,8.30,3,0.00,3,8.30,7.83,23.49,1.06,4.39,,"3 frame(s); median area 5.0 px; net motion dx=-3.2, dy=-21.4; flags: none"
N1358108796,T1404,1358108796-0177,0.5408,3,16,co-iss-n1358108796,1358108796,2001-01-13T20:14:18.103,574.20,934.12,13.67,7,0.00,7,13.67,9.98,69.84,1.37,1.67,,"3 frame(s); median area 5.0 px; net motion dx=-3.2, dy=-21.4; flags: none"
N1358114418,T1673,1358114418-1288,0.5408,2,19,co-iss-n1358114418,1358114418,2001-01-13T21:47:24.033,133.02,877.31,8.82,3,0.00,3,8.82,8.30,24.91,1.06,4.39,,"2 frame(s); median area 7.5 px; net motion dx=40.2, dy=-11.2; flags: none"
N1358115096,T1673,1358115096-0989,0.5408,2,21,co-iss-n1358115096,1358115096,2001-01-13T21:59:18.060,173.19,866.15,13.10,12,0.00,12,13.10,9.59,115.06,1.37,1.70,,"2 frame(s); median area 7.5 px; net motion dx=40.2, dy=-11.2; flags: none"
N1358117118,T1998,1358117118-0605,0.5401,3,22,co-iss-n1358117118,1358117118,2001-01-13T22:32:24.014,345.33,1001.33,9.39,3,0.00,3,9.39,9.39,28.18,1.00,1.73,,"3 frame(s); median area 3.0 px; net motion dx=-2.3, dy=17.4; flags: none"
N1358117287,T1998,1358117287-0461,0.5401,3,23,co-iss-n1358117287,1358117287,2001-01-13T22:34:41.021,346.35,989.05,8.25,3,0.00,3,8.25,7.87,23.61,1.05,1.73,,"3 frame(s); median area 3.0 px; net motion dx=-2.3, dy=17.4; flags: none"
N1358117796,T1998,1358117796-0369,0.5401,3,24,co-iss-n1358117796,1358117796,2001-01-13T22:44:18.041,343.01,1018.69,9.54,3,0.00,3,9.54,9.14,27.41,1.04,1.73,,"3 frame(s); median area 3.0 px; net motion dx=-2.3, dy=17.4; flags: none"
N1358110818,T1501,1358110818-0087,0.5398,2,17,co-iss-n1358110818,1358110818,2001-01-13T20:47:24.058,627.53,155.47,18.29,8,0.00,8,18.29,14.51,116.11,1.26,3.77,,"2 frame(s); median area 5.5 px; net motion dx=-22.3, dy=-69.8; flags: none"
N1358110987,T1501,1358110987-0038,0.5398,2,18,co-iss-n1358110987,1358110987,2001-01-13T20:49:41.065,605.19,85.68,19.97,3,0.00,3,19.97,13.55,40.64,1.47,1.73,,"2 frame(s); median area 5.5 px; net motion dx=-22.3, dy=-69.8; flags: none"
N1358117118,T1985,1358117118-0392,0.5395,2,22,co-iss-n1358117118,1358117118,2001-01-13T22:32:24.014,400.25,969.25,9.39,6,0.00,6,9.39,8.68,52.11,1.08,5.57,,"2 frame(s); median area 7.5 px; net motion dx=1.1, dy=11.1; flags: none"
N1358117796,T1985,1358117796-0173,0.5395,2,24,co-iss-n1358117796,1358117796,2001-01-13T22:44:18.041,401.34,980.39,12.09,9,0.00,9,12.09,8.59,77.29,1.41,2.53,,"2 frame(s); median area 7.5 px; net motion dx=1.1, dy=11.1; flags: none"
N1358117118,T2005,1358117118-0651,0.5388,3,22,co-iss-n1358117118,1358117118,2001-01-13T22:32:24.014,413.91,1006.77,9.39,7,0.00,7,9.39,8.35,58.48,1.12,1.42,,"3 frame(s); median area 3.0 px; net motion dx=25.4, dy=-13.7; flags: none"
N1358117287,T2005,1358117287-0483,0.5388,3,23,co-iss-n1358117287,1358117287,2001-01-13T22:34:41.021,456.36,997.92,9.86,3,0.00,3,9.86,9.17,27.51,1.08,4.39,,"3 frame(s); median area 3.0 px; net motion dx=25.4, dy=-13.7; flags: none"
N1358117796,T2005,1358117796-0210,0.5388,3,24,co-iss-n1358117796,1358117796,2001-01-13T22:44:18.041,439.35,993.04,8.08,3,0.00,3,8.08,7.80,23.40,1.04,1.73,,"3 frame(s); median area 3.0 px; net motion dx=25.4, dy=-13.7; flags: none"
N1358105418,T1067,1358105418-1107,0.5380,3,11,co-iss-n1358105418,1358105418,2001-01-13T19:17:24.095,871.01,857.70,9.02,3,0.00,3,9.02,8.56,25.68,1.05,1.73,,"3 frame(s); median area 3.0 px; net motion dx=-66.7, dy=-10.7; flags: none"
N1358105587,T1067,1358105587-0676,0.5380,3,12,co-iss-n1358105587,1358105587,2001-01-13T19:19:41.102,871.72,829.93,9.63,3,0.00,3,9.63,8.67,26.00,1.11,4.39,,"3 frame(s); median area 3.0 px; net motion dx=-66.7, dy=-10.7; flags: none"
N1358106096,T1067,1358106096-0864,0.5380,3,13,co-iss-n1358106096,1358106096,2001-01-13T19:29:18.122,804.32,847.04,10.01,3,0.00,3,10.01,9.39,28.16,1.07,4.39,,"3 frame(s); median area 3.0 px; net motion dx=-66.7, dy=-10.7; flags: none"
N1358063118,T0443,1358063118-0221,0.5375,2,1,co-iss-n1358063118,1358063118,2001-01-13T07:32:24.388,844.84,890.59,48.17,5,0.00,5,48.17,21.18,105.89,2.27,1.73,,"2 frame(s); median area 4.0 px; net motion dx=34.0, dy=-31.0; flags: none"
N1358063287,T0443,1358063287-0266,0.5375,2,2,co-iss-n1358063287,1358063287,2001-01-13T07:34:41.395,878.85,859.54,20.90,3,0.00,3,20.90,15.30,45.89,1.37,1.73,,"2 frame(s); median area 4.0 px; net motion dx=34.0, dy=-31.0; flags: none"
N1358108118,T1380,1358108118-0115,0.5375,2,14,co-iss-n1358108118,1358108118,2001-01-13T20:02:24.077,389.54,472.57,14.86,4,0.00,4,14.86,11.40,45.59,1.30,1.00,,"2 frame(s); median area 4.0 px; net motion dx=13.6, dy=-13.6; flags: none"
N1358108287,T1380,1358108287-0139,0.5375,2,15,co-iss-n1358108287,1358108287,2001-01-13T20:04:41.083,403.19,458.98,53.08,4,0.00,4,53.08,21.19,84.77,2.50,1.63,,"2 frame(s); median area 4.0 px; net motion dx=13.6, dy=-13.6; flags: none"
N1358105418,T1112,1358105418-2861,0.5375,3,11,co-iss-n1358105418,1358105418,2001-01-13T19:17:24.095,721.03,1008.32,8.29,3,0.00,3,8.29,7.80,23.41,1.06,4.39,,"3 frame(s); median area 3.0 px; net motion dx=-21.1, dy=-103.0; flags: none"
N1358105587,T1112,1358105587-1549,0.5375,3,12,co-iss-n1358105587,1358105587,2001-01-13T19:19:41.102,695.65,988.40,10.03,8,0.00,8,10.03,8.90,71.24,1.13,3.24,,"3 frame(s); median area 3.0 px; net motion dx=-21.1, dy=-103.0; flags: none"
N1358106096,T1112,1358106096-1940,0.5375,3,13,co-iss-n1358106096,1358106096,2001-01-13T19:29:18.122,699.93,905.33,10.95,3,0.00,3,10.95,8.93,26.78,1.23,4.39,,"3 frame(s); median area 3.0 px; net motion dx=-21.1, dy=-103.0; flags: none"
N1358108118,T1439,1358108118-0761,0.5366,3,14,co-iss-n1358108118,1358108118,2001-01-13T20:02:24.077,636.66,1015.68,8.31,3,0.00,3,8.31,8.08,24.24,1.03,1.73,,"3 frame(s); median area 3.0 px; net motion dx=16.0, dy=-22.4; flags: none"
N1358108287,T1439,1358108287-0540,0.5366,3,15,co-iss-n1358108287,1358108287,2001-01-13T20:04:41.083,625.31,1008.67,8.30,3,0.00,3,8.30,7.70,23.09,1.08,1.73,,"3 frame(s); median area 3.0 px; net motion dx=16.0, dy=-22.4; flags: none"
N1358108796,T1439,1358108796-0337,0.5366,3,16,co-iss-n1358108796,1358108796,2001-01-13T20:14:18.103,652.65,993.31,9.82,3,0.00,3,9.82,9.31,27.93,1.05,1.73,,"3 frame(s); median area 3.0 px; net motion dx=16.0, dy=-22.4; flags: none"
N1358108118,T1431,1358108118-0655,0.5361,3,14,co-iss-n1358108118,1358108118,2001-01-13T20:02:24.077,596.57,1006.34,9.62,5,0.00,5,9.62,8.73,43.67,1.10,1.48,,"3 frame(s); median area 6.0 px; net motion dx=-9.7, dy=-37.3; flags: none"
N1358108287,T1431,1358108287-0516,0.5361,3,15,co-iss-n1358108287,1358108287,2001-01-13T20:04:41.083,591.60,1004.48,9.93,6,0.00,6,9.93,8.73,52.40,1.14,1.43,,"3 frame(s); median area 6.0 px; net motion dx=-9.7, dy=-37.3; flags: none"
N1358108796,T1431,1358108796-0217,0.5361,3,16,co-iss-n1358108796,1358108796,2001-01-13T20:14:18.103,586.88,969.08,9.82,9,0.00,9,9.82,9.45,85.01,1.04,1.67,,"3 frame(s); median area 6.0 px; net motion dx=-9.7, dy=-37.3; flags: none"
N1358114418,T1619,1358114418-0375,0.5357,3,19,co-iss-n1358114418,1358114418,2001-01-13T21:47:24.033,460.31,781.31,12.20,7,0.00,7,12.20,8.56,59.93,1.43,1.60,,"3 frame(s); median area 5.0 px; net motion dx=4.1, dy=-18.6; flags: none"
N1358114587,T1619,1358114587-0384,0.5357,3,20,co-iss-n1358114587,1358114587,2001-01-13T21:49:41.040,463.71,782.46,10.76,4,0.00,4,10.76,9.59,38.36,1.12,1.82,,"3 frame(s); median area 5.0 px; net motion dx=4.1, dy=-18.6; flags: none"
N1358115096,T1619,1358115096-0185,0.5357,3,21,co-iss-n1358115096,1358115096,2001-01-13T21:59:18.060,464.38,762.74,11.87,5,0.00,5,11.87,10.11,50.55,1.17,1.67,,"3 frame(s); median area 5.0 px; net motion dx=4.1, dy=-18.6; flags: none"
N1358101818,T0946,1358101818-0476,0.5355,2,9,co-iss-n1358101818,1358101818,2001-01-13T18:17:24.120,736.26,698.61,13.23,11,0.00,11,13.23,9.32,102.49,1.42,3.32,,"2 frame(s); median area 7.0 px; net motion dx=1.4, dy=-9.0; flags: none"
N1358101987,T0946,1358101987-0432,0.5355,2,10,co-iss-n1358101987,1358101987,2001-01-13T18:19:41.127,737.69,689.60,11.10,3,0.00,3,11.10,9.15,27.46,1.21,1.73,,"2 frame(s); median area 7.0 px; net motion dx=1.4, dy=-9.0; flags: none"
N1358114418,T1613,1358114418-0311,0.5353,3,19,co-iss-n1358114418,1358114418,2001-01-13T21:47:24.033,377.99,770.28,11.71,3,0.00,3,11.71,8.87,26.60,1.32,4.39,,"3 frame(s); median area 3.0 px; net motion dx=31.7, dy=0.4; flags: none"
N1358114587,T1613,1358114587-0279,0.5353,3,20,co-iss-n1358114587,1358114587,2001-01-13T21:49:41.040,373.41,756.67,10.49,5,0.00,5,10.49,8.17,40.83,1.28,1.28,,"3 frame(s); median area 3.0 px; net motion dx=31.7, dy=0.4; flags: none"
N1358115096,T1613,1358115096-0209,0.5353,3,21,co-iss-n1358115096,1358115096,2001-01-13T21:59:18.060,409.69,770.69,9.31,3,0.00,3,9.31,8.17,24.50,1.14,1.73,,"3 frame(s); median area 3.0 px; net motion dx=31.7, dy=0.4; flags: none"
N1358105418,T1011,1358105418-0227,0.5336,2,11,co-iss-n1358105418,1358105418,2001-01-13T19:17:24.095,628.76,745.75,14.65,8,0.00,8,14.65,10.02,80.15,1.46,2.72,,"2 frame(s); median area 6.5 px; net motion dx=-32.5, dy=-3.3; flags: none"
N1358106096,T1011,1358106096-0128,0.5336,2,13,co-iss-n1358106096,1358106096,2001-01-13T19:29:18.122,596.28,742.46,13.23,5,0.00,5,13.23,10.35,51.77,1.28,2.25,,"2 frame(s); median area 6.5 px; net motion dx=-32.5, dy=-3.3; flags: none"
N1358105418,T1090,1358105418-1912,0.5331,3,11,co-iss-n1358105418,1358105418,2001-01-13T19:17:24.095,645.45,915.54,11.10,4,0.00,4,11.10,9.15,36.58,1.21,1.00,,"3 frame(s); median area 3.0 px; net motion dx=5.3, dy=-105.6; flags: none"
N1358105587,T1090,1358105587-1179,0.5331,3,12,co-iss-n1358105587,1358105587,2001-01-13T19:19:41.102,628.99,891.33,8.49,3,0.00,3,8.49,8.00,24.01,1.06,4.39,,"3 frame(s); median area 3.0 px; net motion dx=5.3, dy=-105.6; flags: none"
N1358106096,T1090,1358106096-0452,0.5331,3,13,co-iss-n1358106096,1358106096,2001-01-13T19:29:18.122,650.73,809.98,13.52,3,0.00,3,13.52,10.35,31.05,1.31,4.39,,"3 frame(s); median area 3.0 px; net motion dx=5.3, dy=-105.6; flags: none"
N1358114418,T1672,1358114418-1266,0.5331,3,19,co-iss-n1358114418,1358114418,2001-01-13T21:47:24.033,37.16,876.74,11.71,5,0.00,5,11.71,8.75,43.76,1.34,1.62,,"3 frame(s); median area 5.0 px; net motion dx=39.5, dy=8.5; flags: none"
N1358114587,T1672,1358114587-1007,0.5331,3,20,co-iss-n1358114587,1358114587,2001-01-13T21:49:41.040,34.45,868.80,10.58,4,0.15,4,10.58,9.00,36.00,1.18,6.17,,"3 frame(s); median area 5.0 px; net motion dx=39.5, dy=8.5; flags: none"
N1358115096,T1672,1358115096-1406,0.5331,3,21,co-iss-n1358115096,1358115096,2001-01-13T21:59:18.060,76.64,885.26,11.25,7,0.00,7,11.25,9.33,65.29,1.21,3.01,,"3 frame(s); median area 5.0 px; net motion dx=39.5, dy=8.5; flags: none"
N1358114418,T1650,1358114418-0804,0.5323,3,19,co-iss-n1358114418,1358114418,2001-01-13T21:47:24.033,177.55,841.52,11.71,6,0.00,6,11.71,10.12,60.74,1.16,2.13,,"3 frame(s); median area 4.0 px; net motion dx=12.1, dy=15.2; flags: none"
N1358114587,T1650,1358114587-0725,0.5323,3,20,co-iss-n1358114587,1358114587,2001-01-13T21:49:41.040,174.33,836.00,8.39,3,0.00,3,8.39,8.33,25.00,1.01,1.73,,"3 frame(s); median area 4.0 px; net motion dx=12.1, dy=15.2; flags: none"
N1358115096,T1650,1358115096-0861,0.5323,3,21,co-iss-n1358115096,1358115096,2001-01-13T21:59:18.060,189.64,856.68,14.96,4,0.00,4,14.96,10.25,41.00,1.46,2.45,,"3 frame(s); median area 4.0 px; net motion dx=12.1, dy=15.2; flags: none"
N1358101818,T0895,1358101818-0078,0.5313,2,9,co-iss-n1358101818,1358101818,2001-01-13T18:17:24.120,509.07,132.77,19.29,6,0.00,6,19.29,16.89,101.35,1.14,2.03,,"2 frame(s); median area 5.0 px; net motion dx=-26.6, dy=3.7; flags: none"
N1358101987,T0895,1358101987-0088,0.5313,2,10,co-iss-n1358101987,1358101987,2001-01-13T18:19:41.127,482.50,136.50,20.32,4,0.00,4,20.32,20.32,81.29,1.00,1.00,,"2 frame(s); median area 5.0 px; net motion dx=-26.6, dy=3.7; flags: none"
N1358114418,T1628,1358114418-0478,0.5307,3,19,co-iss-n1358114418,1358114418,2001-01-13T21:47:24.033,317.67,798.32,8.99,3,0.00,3,8.99,8.46,25.37,1.06,1.73,,"3 frame(s); median area 4.0 px; net motion dx=47.0, dy=0.9; flags: none"
N1358114587,T1628,1358114587-0385,0.5307,3,20,co-iss-n1358114587,1358114587,2001-01-13T21:49:41.040,315.73,784.03,9.74,4,0.00,4,9.74,8.11,32.43,1.20,3.60,,"3 frame(s); median area 4.0 px; net motion dx=47.0, dy=0.9; flags: none"
N1358115096,T1628,1358115096-0350,0.5307,3,21,co-iss-n1358115096,1358115096,2001-01-13T21:59:18.060,364.70,799.18,13.10,6,0.00,6,13.10,9.57,57.43,1.37,1.52,,"3 frame(s); median area 4.0 px; net motion dx=47.0, dy=0.9; flags: none"
N1358063287,T0524,1358063287-0198,0.5305,2,2,co-iss-n1358063287,1358063287,2001-01-13T07:34:41.395,334.74,612.57,28.17,4,0.00,4,28.17,16.62,66.50,1.69,1.00,,"2 frame(s); median area 4.0 px; net motion dx=16.8, dy=-69.1; flags: none"
N1358063796,T0524,1358063796-0069,0.5305,2,3,co-iss-n1358063796,1358063796,2001-01-13T07:44:18.415,351.59,543.42,19.51,4,0.00,4,19.51,13.02,52.06,1.50,1.00,,"2 frame(s); median area 4.0 px; net motion dx=16.8, dy=-69.1; flags: none"
N1358063118,T0470,1358063118-0436,0.5300,3,1,co-iss-n1358063118,1358063118,2001-01-13T07:32:24.388,651.34,969.32,9.75,6,0.00,6,9.75,9.22,55.33,1.06,3.37,,"3 frame(s); median area 5.0 px; net motion dx=-26.7, dy=39.3; flags: none"
N1358063287,T0470,1358063287-0467,0.5300,3,2,co-iss-n1358063287,1358063287,2001-01-13T07:34:41.395,660.69,961.95,9.80,5,0.00,5,9.80,8.77,43.86,1.12,3.84,,"3 frame(s); median area 5.0 px; net motion dx=-26.7, dy=39.3; flags: none"
N1358063796,T0470,1358063796-0344,0.5300,3,3,co-iss-n1358063796,1358063796,2001-01-13T07:44:18.415,624.62,1008.59,8.27,5,0.00,5,8.27,8.10,40.49,1.02,2.53,,"3 frame(s); median area 5.0 px; net motion dx=-26.7, dy=39.3; flags: none"
N1358105418,T1027,1358105418-0464,0.5300,3,11,co-iss-n1358105418,1358105418,2001-01-13T19:17:24.095,704.43,793.96,9.61,4,0.15,4,9.61,8.38,33.54,1.15,6.85,,"3 frame(s); median area 4.0 px; net motion dx=-70.5, dy=-25.0; flags: none"
N1358105587,T1027,1358105587-0377,0.5300,3,12,co-iss-n1358105587,1358105587,2001-01-13T19:19:41.102,697.06,777.64,10.31,3,0.00,3,10.31,9.46,28.39,1.09,4.39,,"3 frame(s); median area 4.0 px; net motion dx=-70.5, dy=-25.0; flags: none"
N1358106096,T1027,1358106096-0215,0.5300,3,13,co-iss-n1358106096,1358106096,2001-01-13T19:29:18.122,633.97,768.93,9.53,6,0.00,6,9.53,7.96,47.75,1.20,2.45,,"3 frame(s); median area 4.0 px; net motion dx=-70.5, dy=-25.0; flags: none"
N1358114418,T1626,1358114418-0432,0.5295,3,19,co-iss-n1358114418,1358114418,2001-01-13T21:47:24.033,330.75,790.56,10.31,4,0.00,4,10.31,8.85,35.38,1.17,1.82,,"3 frame(s); median area 4.0 px; net motion dx=52.1, dy=8.7; flags: none"
N1358114587,T1626,1358114587-0432,0.5295,3,20,co-iss-n1358114587,1358114587,2001-01-13T21:49:41.040,311.69,791.30,9.91,4,0.00,4,9.91,8.13,32.52,1.22,2.45,,"3 frame(s); median area 4.0 px; net motion dx=52.1, dy=8.7; flags: none"
N1358115096,T1626,1358115096-0360,0.5295,3,21,co-iss-n1358115096,1358115096,2001-01-13T21:59:18.060,382.88,799.26,11.25,3,0.00,3,11.25,10.08,30.23,1.12,4.39,,"3 frame(s); median area 4.0 px; net motion dx=52.1, dy=8.7; flags: none"
N1358108118,T1447,1358108118-0815,0.5285,3,14,co-iss-n1358108118,1358108118,2001-01-13T20:02:24.077,772.06,1019.31,11.52,3,0.00,3,11.52,10.48,31.43,1.10,4.39,,"3 frame(s); median area 5.0 px; net motion dx=-53.6, dy=0.5; flags: none"
N1358108287,T1447,1358108287-0610,0.5285,3,15,co-iss-n1358108287,1358108287,2001-01-13T20:04:41.083,782.84,1018.28,9.93,5,0.00,5,9.93,8.87,44.33,1.12,2.89,,"3 frame(s); median area 5.0 px; net motion dx=-53.6, dy=0.5; flags: none"
N1358108796,T1447,1358108796-0533,0.5285,3,16,co-iss-n1358108796,1358108796,2001-01-13T20:14:18.103,718.42,1019.82,12.26,5,0.00,5,12.26,9.49,47.45,1.29,2.46,,"3 frame(s); median area 5.0 px; net motion dx=-53.6, dy=0.5; flags: none"
N1358108118,T1446,1358108118-0814,0.5278,3,14,co-iss-n1358108118,1358108118,2001-01-13T20:02:24.077,757.82,1019.80,9.62,5,0.00,5,9.62,9.22,46.11,1.04,4.24,,"3 frame(s); median area 5.0 px; net motion dx=-70.8, dy=-4.0; flags: none"
N1358108287,T1446,1358108287-0533,0.5278,3,15,co-iss-n1358108287,1358108287,2001-01-13T20:04:41.083,754.49,1007.01,9.93,4,0.15,4,9.93,9.05,36.21,1.10,6.85,,"3 frame(s); median area 5.0 px; net motion dx=-70.8, dy=-4.0; flags: none"
N1358108796,T1446,1358108796-0494,0.5278,3,16,co-iss-n1358108796,1358108796,2001-01-13T20:14:18.103,687.01,1015.79,9.82,5,0.00,5,9.82,9.37,46.87,1.05,5.21,,"3 frame(s); median area 5.0 px; net motion dx=-70.8, dy=-4.0; flags: none"
N1358105418,T1031,1358105418-0554,0.5277,2,11,co-iss-n1358105418,1358105418,2001-01-13T19:17:24.095,717.55,808.69,11.98,5,0.00,5,11.98,8.98,44.91,1.33,3.40,,"2 frame(s); median area 6.0 px; net motion dx=-57.2, dy=-24.1; flags: none"
N1358106096,T1031,1358106096-0292,0.5277,2,13,co-iss-n1358106096,1358106096,2001-01-13T19:29:18.122,660.38,784.59,18.09,7,0.00,7,18.09,10.90,76.32,1.66,2.76,,"2 frame(s); median area 6.0 px; net motion dx=-57.2, dy=-24.1; flags: none"
N1358105418,T1055,1358105418-0933,0.5275,3,11,co-iss-n1358105418,1358105418,2001-01-13T19:17:24.095,867.35,843.95,10.50,3,0.00,3,10.50,10.04,30.11,1.05,1.73,,"3 frame(s); median area 4.0 px; net motion dx=-87.9, dy=-0.3; flags: none"
N1358105587,T1055,1358105587-0639,0.5275,3,12,co-iss-n1358105587,1358105587,2001-01-13T19:19:41.102,858.00,825.51,9.61,4,0.15,4,9.61,9.23,36.93,1.04,6.85,,"3 frame(s); median area 4.0 px; net motion dx=-87.9, dy=-0.3; flags: none"
N1358106096,T1055,1358106096-0828,0.5275,3,13,co-iss-n1358106096,1358106096,2001-01-13T19:29:18.122,779.41,843.61,12.17,4,0.00,4,12.17,9.84,39.35,1.24,2.62,,"3 frame(s); median area 4.0 px; net motion dx=-87.9, dy=-0.3; flags: none"
N1358065818,T0552,1358065818-0087,0.5261,2,4,co-iss-n1358065818,1358065818,2001-01-13T08:17:24.370,325.47,155.80,17.49,5,0.00,5,17.49,10.52,52.61,1.66,3.40,,"2 frame(s); median area 5.0 px; net motion dx=-4.8, dy=5.9; flags: none"
N1358065987,T0552,1358065987-0092,0.5261,2,5,co-iss-n1358065987,1358065987,2001-01-13T08:19:41.376,320.72,161.73,20.39,5,0.00,5,20.39,11.85,59.27,1.72,2.89,,"2 frame(s); median area 5.0 px; net motion dx=-4.8, dy=5.9; flags: none"
N1358110818,T1529,1358110818-0312,0.5261,2,17,co-iss-n1358110818,1358110818,2001-01-13T20:47:24.058,198.76,512.71,16.51,7,0.00,7,16.51,12.24,85.65,1.35,3.77,,"2 frame(s); median area 5.5 px; net motion dx=50.8, dy=-6.2; flags: none"
N1358110987,T1529,1358110987-0296,0.5261,2,18,co-iss-n1358110987,1358110987,2001-01-13T20:49:41.065,249.54,506.54,17.20,4,0.00,4,17.20,15.94,63.75,1.08,1.00,,"2 frame(s); median area 5.5 px; net motion dx=50.8, dy=-6.2; flags: none"
N1358069418,T0743,1358069418-1274,0.5255,2,6,co-iss-n1358069418,1358069418,2001-01-13T09:17:24.345,905.02,863.36,8.67,3,0.00,3,8.67,8.03,24.08,1.08,1.73,,"2 frame(s); median area 7.0 px; net motion dx=16.0, dy=-31.1; flags: none"
N1358069587,T0743,1358069587-0759,0.5255,2,7,co-iss-n1358069587,1358069587,2001-01-13T09:19:41.351,921.07,832.28,12.35,11,0.00,11,12.35,9.17,100.92,1.35,1.61,,"2 frame(s); median area 7.0 px; net motion dx=16.0, dy=-31.1; flags: none"
N1358114418,T1643,1358114418-0719,0.5254,3,19,co-iss-n1358114418,1358114418,2001-01-13T21:47:24.033,199.91,833.47,12.38,4,0.00,4,12.38,10.04,40.16,1.23,2.45,,"3 frame(s); median area 4.0 px; net motion dx=39.4, dy=11.9; flags: none"
N1358114587,T1643,1358114587-0631,0.5254,3,20,co-iss-n1358114587,1358114587,2001-01-13T21:49:41.040,203.97,825.77,8.72,4,0.00,4,8.72,8.19,32.74,1.07,1.63,,"3 frame(s); median area 4.0 px; net motion dx=39.4, dy=11.9; flags: none"
N1358115096,T1643,1358115096-0741,0.5254,3,21,co-iss-n1358115096,1358115096,2001-01-13T21:59:18.060,239.29,845.41,13.10,6,0.00,6,13.10,9.91,59.48,1.32,2.91,,"3 frame(s); median area 4.0 px; net motion dx=39.4, dy=11.9; flags: none"
N1358063118,T0444,1358063118-0223,0.5250,2,1,co-iss-n1358063118,1358063118,2001-01-13T07:32:24.388,416.36,893.91,50.16,3,0.00,3,50.16,25.95,77.86,1.93,1.73,,"2 frame(s); median area 3.5 px; net motion dx=-17.4, dy=58.4; flags: none"
N1358063287,T0525,1358063287-0308,0.5250,2,2,co-iss-n1358063287,1358063287,2001-01-13T07:34:41.395,998.34,915.70,44.31,4,0.00,4,44.31,24.26,97.05,1.83,1.00,,"2 frame(s); median area 3.5 px; net motion dx=2.4, dy=-64.9; flags: none"
N1358063287,T0444,1358063287-0433,0.5250,2,2,co-iss-n1358063287,1358063287,2001-01-13T07:34:41.395,398.93,952.34,99.97,4,0.00,4,99.97,42.29,169.15,2.36,2.70,,"2 frame(s); median area 3.5 px; net motion dx=-17.4, dy=58.4; flags: none"
N1358063796,T0525,1358063796-0115,0.5250,2,3,co-iss-n1358063796,1358063796,2001-01-13T07:44:18.415,1000.71,850.82,32.66,3,0.00,3,32.66,20.64,61.91,1.58,1.73,,"2 frame(s); median area 3.5 px; net motion dx=2.4, dy=-64.9; flags: none"
N1358108118,T1374,1358108118-0068,0.5250,2,14,co-iss-n1358108118,1358108118,2001-01-13T20:02:24.077,505.85,315.42,21.67,3,0.00,3,21.67,16.60,49.80,1.31,1.73,,"2 frame(s); median area 3.5 px; net motion dx=7.9, dy=-16.7; flags: none"
N1358108796,T1374,1358108796-0035,0.5250,2,16,co-iss-n1358108796,1358108796,2001-01-13T20:14:18.103,513.78,298.74,76.25,4,0.00,4,76.25,30.78,123.13,2.48,1.00,,"2 frame(s); median area 3.5 px; net motion dx=7.9, dy=-16.7; flags: none"
N1358114418,T1590,1358114418-0055,0.5250,2,19,co-iss-n1358114418,1358114418,2001-01-13T21:47:24.033,222.45,351.16,24.12,3,0.00,3,24.12,17.68,53.04,1.36,1.73,,"2 frame(s); median area 3.5 px; net motion dx=-39.7, dy=-36.7; flags: none"
N1358114587,T1726,1358114587-0087,0.5250,2,20,co-iss-n1358114587,1358114587,2001-01-13T21:49:41.040,547.20,452.37,100.87,4,0.00,4,100.87,50.52,202.10,2.00,1.00,,"2 frame(s); median area 3.5 px; net motion dx=54.0, dy=14.9; flags: none"
N1358115096,T1590,1358115096-0029,0.5250,2,21,co-iss-n1358115096,1358115096,2001-01-13T21:59:18.060,182.74,314.43,28.51,4,0.00,4,28.51,16.60,66.40,1.72,1.00,,"2 frame(s); median area 3.5 px; net motion dx=-39.7, dy=-36.7; flags: none"
N1358115096,T1726,1358115096-0051,0.5250,2,21,co-iss-n1358115096,1358115096,2001-01-13T21:59:18.060,601.25,467.30,20.84,3,0.00,3,20.84,15.44,46.31,1.35,1.73,,"2 frame(s); median area 3.5 px; net motion dx=54.0, dy=14.9; flags: none"
N1358117118,T1949,1358117118-0022,0.5250,2,22,co-iss-n1358117118,1358117118,2001-01-13T22:32:24.014,124.87,108.52,25.99,3,0.00,3,25.99,18.22,54.67,1.43,1.73,,"2 frame(s); median area 3.5 px; net motion dx=-2.6, dy=-42.2; flags: none"
N1358117118,T1958,1358117118-0098,0.5250,2,22,co-iss-n1358117118,1358117118,2001-01-13T22:32:24.014,925.13,422.71,12.31,4,0.00,4,12.31,9.77,39.08,1.26,1.63,,"2 frame(s); median area 3.5 px; net motion dx=-42.8, dy=72.5; flags: none"
N1358117287,T1958,1358117287-0161,0.5250,2,23,co-iss-n1358117287,1358117287,2001-01-13T22:34:41.021,882.28,495.18,79.36,3,0.00,3,79.36,48.99,146.96,1.62,1.73,,"2 frame(s); median area 3.5 px; net motion dx=-42.8, dy=72.5; flags: none"
N1358117796,T1949,1358117796-0008,0.5250,2,24,co-iss-n1358117796,1358117796,2001-01-13T22:44:18.041,122.28,66.37,35.94,4,0.00,4,35.94,20.15,80.60,1.78,1.00,,"2 frame(s); median area 3.5 px; net motion dx=-2.6, dy=-42.2; flags: none"
N1358110818,T1516,1358110818-0223,0.5249,2,17,co-iss-n1358110818,1358110818,2001-01-13T20:47:24.058,495.31,368.29,16.75,6,0.00,6,16.75,13.27,79.62,1.26,2.64,,"2 frame(s); median area 5.5 px; net motion dx=19.7, dy=-48.0; flags: none"
N1358110987,T1516,1358110987-0180,0.5249,2,18,co-iss-n1358110987,1358110987,2001-01-13T20:49:41.065,515.02,320.33,16.56,5,0.00,5,16.56,10.15,50.76,1.63,4.65,,"2 frame(s); median area 5.5 px; net motion dx=19.7, dy=-48.0; flags: none"
N1358117118,T2012,1358117118-0679,0.5240,3,22,co-iss-n1358117118,1358117118,2001-01-13T22:32:24.014,315.56,1009.62,11.25,5,0.00,5,11.25,9.62,48.11,1.17,3.40,,"3 frame(s); median area 5.0 px; net motion dx=45.9, dy=10.9; flags: none"
N1358117287,T2012,1358117287-0486,0.5240,3,23,co-iss-n1358117287,1358117287,2001-01-13T22:34:41.021,310.77,1001.16,9.86,5,0.00,5,9.86,8.39,41.94,1.18,2.89,,"3 frame(s); median area 5.0 px; net motion dx=45.9, dy=10.9; flags: none"
N1358117796,T2012,1358117796-0389,0.5240,3,24,co-iss-n1358117796,1358117796,2001-01-13T22:44:18.041,361.50,1020.50,10.09,4,0.00,4,10.09,10.09,40.35,1.00,1.00,,"3 frame(s); median area 5.0 px; net motion dx=45.9, dy=10.9; flags: none"
N1358108287,T1452,1358108287-0080,0.5233,2,15,co-iss-n1358108287,1358108287,2001-01-13T20:04:41.083,155.52,231.87,13.89,4,0.00,4,13.89,10.59,42.37,1.31,2.62,,"2 frame(s); median area 4.5 px; net motion dx=70.4, dy=-9.1; flags: none"
N1358108796,T1452,1358108796-0024,0.5233,2,16,co-iss-n1358108796,1358108796,2001-01-13T20:14:18.103,225.90,222.74,27.23,5,0.00,5,27.23,17.14,85.68,1.59,1.73,,"2 frame(s); median area 4.5 px; net motion dx=70.4, dy=-9.1; flags: none"
N1358105418,T1065,1358105418-1089,0.5228,3,11,co-iss-n1358105418,1358105418,2001-01-13T19:17:24.095,971.93,856.02,10.10,5,0.00,5,10.10,8.65,43.25,1.17,2.62,,"3 frame(s); median area 5.0 px; net motion dx=-67.5, dy=14.4; flags: none"
N1358105587,T1065,1358105587-0944,0.5228,3,12,co-iss-n1358105587,1358105587,2001-01-13T19:19:41.102,986.02,859.33,8.05,3,0.00,3,8.05,7.73,23.19,1.04,1.73,,"3 frame(s); median area 5.0 px; net motion dx=-67.5, dy=14.4; flags: none"
N1358106096,T1065,1358106096-1217,0.5228,3,13,co-iss-n1358106096,1358106096,2001-01-13T19:29:18.122,904.43,870.43,11.30,6,0.00,6,11.30,8.63,51.78,1.31,1.21,,"3 frame(s); median area 5.0 px; net motion dx=-67.5, dy=14.4; flags: none"
N1358069418,T0710,1358069418-0635,0.5224,2,6,co-iss-n1358069418,1358069418,2001-01-13T09:17:24.345,586.29,811.95,15.73,3,0.00,3,15.73,11.42,34.25,1.38,4.39,,"2 frame(s); median area 6.0 px; net motion dx=-8.8, dy=-1.9; flags: none"
N1358069587,T0710,1358069587-0590,0.5224,2,7,co-iss-n1358069587,1358069587,2001-01-13T09:19:41.351,577.47,810.08,12.56,9,0.00,9,12.56,9.18,82.58,1.37,1.59,,"2 frame(s); median area 6.0 px; net motion dx=-8.8, dy=-1.9; flags: none"
N1358114418,T1656,1358114418-0977,0.5219,3,19,co-iss-n1358114418,1358114418,2001-01-13T21:47:24.033,72.44,857.30,13.16,6,0.00,6,13.16,9.26,55.55,1.42,2.94,,"3 frame(s); median area 5.0 px; net motion dx=76.2, dy=13.6; flags: none"
N1358114587,T1656,1358114587-0826,0.5219,3,20,co-iss-n1358114587,1358114587,2001-01-13T21:49:41.040,74.94,847.94,11.83,5,0.00,5,11.83,8.69,43.44,1.36,2.62,,"3 frame(s); median area 5.0 px; net motion dx=76.2, dy=13.6; flags: none"
N1358115096,T1656,1358115096-1102,0.5219,3,21,co-iss-n1358115096,1358115096,2001-01-13T21:59:18.060,148.59,870.93,13.10,4,0.00,4,13.10,10.30,41.19,1.27,2.45,,"3 frame(s); median area 5.0 px; net motion dx=76.2, dy=13.6; flags: none"
N1358110818,T1541,1358110818-0435,0.5216,2,17,co-iss-n1358110818,1358110818,2001-01-13T20:47:24.058,715.29,674.57,13.36,7,0.00,7,13.36,13.36,93.52,1.00,2.18,,"2 frame(s); median area 6.0 px; net motion dx=-57.0, dy=-24.7; flags: none"
N1358110987,T1541,1358110987-0386,0.5216,2,18,co-iss-n1358110987,1358110987,2001-01-13T20:49:41.065,658.27,649.84,14.67,5,0.00,5,14.67,13.91,69.56,1.05,2.89,,"2 frame(s); median area 6.0 px; net motion dx=-57.0, dy=-24.7; flags: none"
N1358065818,T0587,1358065818-0419,0.5215,2,4,co-iss-n1358065818,1358065818,2001-01-13T08:17:24.370,797.07,672.65,14.39,9,0.00,9,14.39,11.35,102.15,1.27,5.30,,"2 frame(s); median area 6.0 px; net motion dx=0.3, dy=-59.8; flags: none"
N1358065987,T0587,1358065987-0457,0.5215,2,5,co-iss-n1358065987,1358065987,2001-01-13T08:19:41.376,797.33,612.90,13.62,3,0.00,3,13.62,10.49,31.47,1.30,4.39,,"2 frame(s); median area 6.0 px; net motion dx=0.3, dy=-59.8; flags: none"
N1358069418,T0751,1358069418-1647,0.5215,2,6,co-iss-n1358069418,1358069418,2001-01-13T09:17:24.345,988.59,889.69,10.43,3,0.00,3,10.43,8.54,25.63,1.22,1.73,,"2 frame(s); median area 7.0 px; net motion dx=-1.2, dy=-24.2; flags: none"
N1358069587,T0751,1358069587-1048,0.5215,2,7,co-iss-n1358069587,1358069587,2001-01-13T09:19:41.351,987.43,865.53,9.24,11,0.00,11,9.24,8.15,89.63,1.13,2.05,,"2 frame(s); median area 7.0 px; net motion dx=-1.2, dy=-24.2; flags: none"
N1358117118,T2003,1358117118-0636,0.5209,2,22,co-iss-n1358117118,1358117118,2001-01-13T22:32:24.014,382.95,1005.26,9.39,4,0.00,4,9.39,8.51,34.05,1.10,1.62,,"2 frame(s); median area 7.0 px; net motion dx=-5.4, dy=-5.9; flags: none"
N1358117796,T2003,1358117796-0228,0.5209,2,24,co-iss-n1358117796,1358117796,2001-01-13T22:44:18.041,377.55,999.38,10.09,10,0.00,10,10.09,9.51,95.14,1.06,2.03,,"2 frame(s); median area 7.0 px; net motion dx=-5.4, dy=-5.9; flags: none"
N1358101818,T0915,1358101818-0227,0.5207,2,9,co-iss-n1358101818,1358101818,2001-01-13T18:17:24.120,412.68,345.77,17.54,7,0.00,7,17.54,10.96,76.73,1.60,5.96,,"2 frame(s); median area 5.0 px; net motion dx=8.4, dy=9.0; flags: none"
N1358101987,T0915,1358101987-0213,0.5207,2,10,co-iss-n1358101987,1358101987,2001-01-13T18:19:41.127,421.12,354.77,18.51,3,0.00,3,18.51,15.13,45.39,1.22,4.39,,"2 frame(s); median area 5.0 px; net motion dx=8.4, dy=9.0; flags: none"
N1358117118,T1966,1358117118-0158,0.5203,2,22,co-iss-n1358117118,1358117118,2001-01-13T22:32:24.014,422.77,675.98,36.06,5,0.00,5,36.06,14.59,72.93,2.47,2.44,,"2 frame(s); median area 4.0 px; net motion dx=76.2, dy=-9.3; flags: none"
N1358117287,T1966,1358117287-0219,0.5203,2,23,co-iss-n1358117287,1358117287,2001-01-13T22:34:41.021,499.00,666.66,8.22,3,0.00,3,8.22,8.10,24.30,1.01,4.39,,"2 frame(s); median area 4.0 px; net motion dx=76.2, dy=-9.3; flags: none"
N1358114418,T1629,1358114418-0485,0.5201,3,19,co-iss-n1358114418,1358114418,2001-01-13T21:47:24.033,310.39,799.36,11.96,3,0.00,3,11.96,10.27,30.80,1.16,1.73,,"3 frame(s); median area 3.0 px; net motion dx=36.9, dy=4.5; flags: none"
N1358114587,T1629,1358114587-0429,0.5201,3,20,co-iss-n1358114587,1358114587,2001-01-13T21:49:41.040,297.95,792.04,10.52,4,0.00,4,10.52,9.13,36.50,1.15,1.73,,"3 frame(s); median area 3.0 px; net motion dx=36.9, dy=4.5; flags: none"
N1358115096,T1629,1358115096-0386,0.5201,3,21,co-iss-n1358115096,1358115096,2001-01-13T21:59:18.060,347.24,803.89,12.63,3,0.00,3,12.63,9.74,29.22,1.30,1.73,,"3 frame(s); median area 3.0 px; net motion dx=36.9, dy=4.5; flags: none"
N1358117118,T2004,1358117118-0642,0.5192,3,22,co-iss-n1358117118,1358117118,2001-01-13T22:32:24.014,326.96,1005.26,11.25,3,0.00,3,11.25,9.62,28.86,1.17,1.73,,"3 frame(s); median area 3.0 px; net motion dx=10.7, dy=13.1; flags: none"
N1358117287,T2004,1358117287-0477,0.5192,3,23,co-iss-n1358117287,1358117287,2001-01-13T22:34:41.021,322.36,998.58,9.86,7,0.00,7,9.86,8.61,60.27,1.15,3.14,,"3 frame(s); median area 3.0 px; net motion dx=10.7, dy=13.1; flags: none"
N1358117796,T2004,1358117796-0368,0.5192,3,24,co-iss-n1358117796,1358117796,2001-01-13T22:44:18.041,337.66,1018.35,8.51,3,0.00,3,8.51,8.07,24.20,1.05,1.73,,"3 frame(s); median area 3.0 px; net motion dx=10.7, dy=13.1; flags: none"
N1358065818,T0563,1358065818-0145,0.5187,2,4,co-iss-n1358065818,1358065818,2001-01-13T08:17:24.370,174.32,243.74,19.34,3,0.00,3,19.34,15.62,46.86,1.24,1.73,,"2 frame(s); median area 4.5 px; net motion dx=-27.9, dy=8.1; flags: none"
N1358065987,T0563,1358065987-0145,0.5187,2,5,co-iss-n1358065987,1358065987,2001-01-13T08:19:41.376,146.44,251.80,20.22,6,0.00,6,20.22,18.76,112.53,1.08,2.08,,"2 frame(s); median area 4.5 px; net motion dx=-27.9, dy=8.1; flags: none"
N1358105418,T1032,1358105418-0560,0.5187,2,11,co-iss-n1358105418,1358105418,2001-01-13T19:17:24.095,768.89,809.28,12.80,8,0.00,8,12.80,8.61,68.91,1.49,1.37,,"2 frame(s); median area 6.0 px; net motion dx=-58.4, dy=0.0; flags: none"
N1358106096,T1032,1358106096-0447,0.5187,2,13,co-iss-n1358106096,1358106096,2001-01-13T19:29:18.122,710.44,809.28,14.25,4,0.00,4,14.25,9.85,39.39,1.45,1.82,,"2 frame(s); median area 6.0 px; net motion dx=-58.4, dy=0.0; flags: none"
N1358101818,T0923,1358101818-0277,0.5184,2,9,co-iss-n1358101818,1358101818,2001-01-13T18:17:24.120,369.72,423.21,16.96,6,0.00,6,16.96,14.06,84.33,1.21,3.60,,"2 frame(s); median area 5.0 px; net motion dx=65.8, dy=-48.2; flags: none"
N1358101987,T0923,1358101987-0225,0.5184,2,10,co-iss-n1358101987,1358101987,2001-01-13T18:19:41.127,435.47,374.99,18.34,4,0.00,4,18.34,17.33,69.33,1.06,2.62,,"2 frame(s); median area 5.0 px; net motion dx=65.8, dy=-48.2; flags: none"
N1358063118,T0468,1358063118-0396,0.5183,3,1,co-iss-n1358063118,1358063118,2001-01-13T07:32:24.388,641.54,965.20,9.75,8,0.00,8,9.75,8.10,64.77,1.20,1.38,,"3 frame(s); median area 3.0 px; net motion dx=-7.5, dy=12.1; flags: none"
N1358063287,T0468,1358063287-0463,0.5183,3,2,co-iss-n1358063287,1358063287,2001-01-13T07:34:41.395,647.34,960.03,8.19,3,0.00,3,8.19,7.91,23.72,1.04,1.73,,"3 frame(s); median area 3.0 px; net motion dx=-7.5, dy=12.1; flags: none"
N1358063796,T0468,1358063796-0243,0.5183,3,3,co-iss-n1358063796,1358063796,2001-01-13T07:44:18.415,634.00,977.33,8.27,3,0.00,3,8.27,8.27,24.82,1.00,4.39,,"3 frame(s); median area 3.0 px; net motion dx=-7.5, dy=12.1; flags: none"
N1358069418,T0706,1358069418-0566,0.5173,2,6,co-iss-n1358069418,1358069418,2001-01-13T09:17:24.345,585.31,802.61,13.19,8,0.00,8,13.19,9.43,75.43,1.40,1.31,,"2 frame(s); median area 6.5 px; net motion dx=-7.2, dy=11.8; flags: none"
N1358069587,T0706,1358069587-0619,0.5173,2,7,co-iss-n1358069587,1358069587,2001-01-13T09:19:41.351,578.13,814.39,9.24,5,0.00,5,9.24,8.23,41.14,1.12,1.73,,"2 frame(s); median area 6.5 px; net motion dx=-7.2, dy=11.8; flags: none"
N1358114418,T1635,1358114418-0664,0.5168,3,19,co-iss-n1358114418,1358114418,2001-01-13T21:47:24.033,218.71,826.98,12.09,4,0.00,4,12.09,9.62,38.48,1.26,3.60,,"3 frame(s); median area 4.0 px; net motion dx=72.1, dy=2.4; flags: none"
N1358114587,T1635,1358114587-0565,0.5168,3,20,co-iss-n1358114587,1358114587,2001-01-13T21:49:41.040,224.99,815.42,10.04,5,0.00,5,10.04,8.45,42.25,1.19,3.05,,"3 frame(s); median area 4.0 px; net motion dx=72.1, dy=2.4; flags: none"
N1358115096,T1635,1358115096-0577,0.5168,3,21,co-iss-n1358115096,1358115096,2001-01-13T21:59:18.060,290.76,829.41,12.63,4,0.00,4,12.63,9.50,38.00,1.33,4.47,,"3 frame(s); median area 4.0 px; net motion dx=72.1, dy=2.4; flags: none"
N1358110818,T1523,1358110818-0279,0.5166,2,17,co-iss-n1358110818,1358110818,2001-01-13T20:47:24.058,250.56,453.19,16.99,7,0.00,7,16.99,12.77,89.41,1.33,2.03,,"2 frame(s); median area 5.0 px; net motion dx=-13.3, dy=32.7; flags: none"
N1358110987,T1523,1358110987-0288,0.5166,2,18,co-iss-n1358110987,1358110987,2001-01-13T20:49:41.065,237.23,485.85,17.70,3,0.00,3,17.70,15.38,46.14,1.15,4.39,,"2 frame(s); median area 5.0 px; net motion dx=-13.3, dy=32.7; flags: none"
N1358114418,T1713,1358114418-2841,0.5161,3,19,co-iss-n1358114418,1358114418,2001-01-13T21:47:24.033,61.63,1004.74,10.27,3,0.00,3,10.27,9.27,27.80,1.11,1.73,,"3 frame(s); median area 3.0 px; net motion dx=-19.7, dy=-67.4; flags: none"
N1358114587,T1713,1358114587-1596,0.5161,3,20,co-iss-n1358114587,1358114587,2001-01-13T21:49:41.040,39.52,1009.31,9.87,4,0.00,4,9.87,8.42,33.67,1.17,1.82,,"3 frame(s); median area 3.0 px; net motion dx=-19.7, dy=-67.4; flags: none"
N1358115096,T1713,1358115096-2477,0.5161,3,21,co-iss-n1358115096,1358115096,2001-01-13T21:59:18.060,41.91,937.31,9.85,3,0.00,3,9.85,8.22,24.66,1.20,4.39,,"3 frame(s); median area 3.0 px; net motion dx=-19.7, dy=-67.4; flags: none"
N1358108118,T1435,1358108118-0693,0.5160,3,14,co-iss-n1358108118,1358108118,2001-01-13T20:02:24.077,742.04,1009.05,9.99,5,0.00,5,9.99,8.57,42.87,1.17,2.62,,"3 frame(s); median area 5.0 px; net motion dx=-65.2, dy=4.7; flags: none"
N1358108287,T1435,1358108287-0505,0.5160,3,15,co-iss-n1358108287,1358108287,2001-01-13T20:04:41.083,739.00,999.30,9.93,3,0.00,3,9.93,9.44,28.33,1.05,1.73,,"3 frame(s); median area 5.0 px; net motion dx=-65.2, dy=4.7; flags: none"
N1358108796,T1435,1358108796-0464,0.5160,3,16,co-iss-n1358108796,1358108796,2001-01-13T20:14:18.103,676.81,1013.76,9.82,5,0.00,5,9.82,9.19,45.96,1.07,4.65,,"3 frame(s); median area 5.0 px; net motion dx=-65.2, dy=4.7; flags: none"
N1358063118,T0464,1358063118-0362,0.5159,3,1,co-iss-n1358063118,1358063118,2001-01-13T07:32:24.388,636.55,958.46,10.39,6,0.00,6,10.39,9.13,54.78,1.14,2.55,,"3 frame(s); median area 5.0 px; net motion dx=-22.2, dy=52.5; flags: none"
N1358063287,T0464,1358063287-0416,0.5159,3,2,co-iss-n1358063287,1358063287,2001-01-13T07:34:41.395,633.22,948.42,9.80,5,0.00,5,9.80,8.39,41.95,1.17,1.67,,"3 frame(s); median area 5.0 px; net motion dx=-22.2, dy=52.5; flags: none"
N1358063796,T0464,1358063796-0365,0.5159,3,3,co-iss-n1358063796,1358063796,2001-01-13T07:44:18.415,614.33,1011.00,8.27,3,0.00,3,8.27,8.27,24.82,1.00,4.39,,"3 frame(s); median area 5.0 px; net motion dx=-22.2, dy=52.5; flags: none"
N1358069418,T0666,1358069418-0130,0.5143,2,6,co-iss-n1358069418,1358069418,2001-01-13T09:17:24.345,550.64,694.36,11.69,5,0.00,5,11.69,9.65,48.27,1.21,2.53,,"2 frame(s); median area 5.5 px; net motion dx=-7.8, dy=-18.4; flags: none"
N1358069587,T0666,1358069587-0153,0.5143,2,7,co-iss-n1358069587,1358069587,2001-01-13T09:19:41.351,542.88,675.97,18.09,6,0.00,6,18.09,11.10,66.59,1.63,4.83,,"2 frame(s); median area 5.5 px; net motion dx=-7.8, dy=-18.4; flags: none"
N1358105418,T1093,1358105418-2171,0.5141,3,11,co-iss-n1358105418,1358105418,2001-01-13T19:17:24.095,660.58,936.49,11.13,4,0.00,4,11.13,9.65,38.61,1.15,2.24,,"3 frame(s); median area 4.0 px; net motion dx=-30.9, dy=-91.2; flags: none"
N1358105587,T1093,1358105587-1352,0.5141,3,12,co-iss-n1358105587,1358105587,2001-01-13T19:19:41.102,646.56,925.37,10.30,6,0.00,6,10.30,9.06,54.37,1.14,4.17,,"3 frame(s); median area 4.0 px; net motion dx=-30.9, dy=-91.2; flags: none"
N1358106096,T1093,1358106096-0846,0.5141,3,13,co-iss-n1358106096,1358106096,2001-01-13T19:29:18.122,629.65,845.33,9.03,3,0.00,3,9.03,8.51,25.53,1.06,1.73,,"3 frame(s); median area 4.0 px; net motion dx=-30.9, dy=-91.2; flags: none"
N1358105418,T1007,1358105418-0192,0.5138,3,11,co-iss-n1358105418,1358105418,2001-01-13T19:17:24.095,610.39,735.94,10.84,3,0.00,3,10.84,9.21,27.62,1.18,1.73,,"3 frame(s); median area 3.0 px; net motion dx=36.4, dy=-20.6; flags: none"
N1358105587,T1007,1358105587-0230,0.5138,3,12,co-iss-n1358105587,1358105587,2001-01-13T19:19:41.102,618.65,731.64,9.43,3,0.00,3,9.43,8.63,25.88,1.09,1.73,,"3 frame(s); median area 3.0 px; net motion dx=36.4, dy=-20.6; flags: none"
N1358106096,T1007,1358106096-0096,0.5138,3,13,co-iss-n1358106096,1358106096,2001-01-13T19:29:18.122,646.78,715.31,10.98,4,0.00,4,10.98,9.07,36.28,1.21,2.45,,"3 frame(s); median area 3.0 px; net motion dx=36.4, dy=-20.6; flags: none"
N1358069418,T0714,1358069418-0744,0.5133,2,6,co-iss-n1358069418,1358069418,2001-01-13T09:17:24.345,837.97,823.15,11.11,9,0.00,9,11.11,8.23,74.07,1.35,1.71,,"2 frame(s); median area 6.5 px; net motion dx=-11.3, dy=-14.4; flags: none"
N1358069587,T0714,1358069587-0588,0.5133,2,7,co-iss-n1358069587,1358069587,2001-01-13T09:19:41.351,826.68,808.72,9.99,4,0.00,4,9.99,9.03,36.14,1.11,2.45,,"2 frame(s); median area 6.5 px; net motion dx=-11.3, dy=-14.4; flags: none"
N1358063118,T0467,1358063118-0388,0.5131,3,1,co-iss-n1358063118,1358063118,2001-01-13T07:32:24.388,638.02,962.64,9.75,3,0.00,3,9.75,9.01,27.02,1.08,1.73,,"3 frame(s); median area 4.0 px; net motion dx=6.5, dy=48.1; flags: none"
N1358063287,T0467,1358063287-0432,0.5131,3,2,co-iss-n1358063287,1358063287,2001-01-13T07:34:41.395,644.97,951.11,11.40,8,0.00,8,11.40,9.32,74.54,1.22,4.17,,"3 frame(s); median area 4.0 px; net motion dx=6.5, dy=48.1; flags: none"
N1358063796,T0467,1358063796-0367,0.5131,3,3,co-iss-n1358063796,1358063796,2001-01-13T07:44:18.415,644.50,1010.74,8.27,4,0.15,4,8.27,8.04,32.16,1.03,6.17,,"3 frame(s); median area 4.0 px; net motion dx=6.5, dy=48.1; flags: none"
N1358105418,T1095,1358105418-2351,0.5130,3,11,co-iss-n1358105418,1358105418,2001-01-13T19:17:24.095,672.68,949.37,12.89,5,0.00,5,12.89,8.90,44.48,1.45,1.73,,"3 frame(s); median area 3.0 px; net motion dx=-9.7, dy=-92.8; flags: none"
N1358105587,T1095,1358105587-1390,0.5130,3,12,co-iss-n1358105587,1358105587,2001-01-13T19:19:41.102,656.63,937.65,10.31,3,0.00,3,10.31,9.24,27.71,1.12,1.73,,"3 frame(s); median area 3.0 px; net motion dx=-9.7, dy=-92.8; flags: none"
N1358106096,T1095,1358106096-0994,0.5130,3,13,co-iss-n1358106096,1358106096,2001-01-13T19:29:18.122,662.95,856.56,13.16,3,0.00,3,13.16,9.89,29.68,1.33,1.73,,"3 frame(s); median area 3.0 px; net motion dx=-9.7, dy=-92.8; flags: none"
N1358063118,T0465,1358063118-0373,0.5127,3,1,co-iss-n1358063118,1358063118,2001-01-13T07:32:24.388,569.13,961.64,11.67,6,0.00,6,11.67,10.33,62.00,1.13,1.18,,"3 frame(s); median area 6.0 px; net motion dx=3.5, dy=-8.4; flags: none"
N1358063287,T0465,1358063287-0464,0.5127,3,2,co-iss-n1358063287,1358063287,2001-01-13T07:34:41.395,569.31,960.96,9.16,3,0.00,3,9.16,8.73,26.18,1.05,4.39,,"3 frame(s); median area 6.0 px; net motion dx=3.5, dy=-8.4; flags: none"
N1358063796,T0465,1358063796-0171,0.5127,3,3,co-iss-n1358063796,1358063796,2001-01-13T07:44:18.415,572.59,953.22,10.33,6,0.00,6,10.33,8.72,52.34,1.18,1.76,,"3 frame(s); median area 6.0 px; net motion dx=3.5, dy=-8.4; flags: none"
N1358105418,T1022,1358105418-0408,0.5126,3,11,co-iss-n1358105418,1358105418,2001-01-13T19:17:24.095,706.26,785.98,11.67,9,0.00,9,11.67,9.50,85.46,1.23,5.14,,"3 frame(s); median area 4.0 px; net motion dx=-68.2, dy=-16.5; flags: none"
N1358105587,T1022,1358105587-0363,0.5126,3,12,co-iss-n1358105587,1358105587,2001-01-13T19:19:41.102,702.03,774.50,9.74,4,0.15,4,9.74,8.80,35.21,1.11,6.85,,"3 frame(s); median area 4.0 px; net motion dx=-68.2, dy=-16.5; flags: none"
N1358106096,T1022,1358106096-0223,0.5126,3,13,co-iss-n1358106096,1358106096,2001-01-13T19:29:18.122,638.07,769.47,12.11,4,0.00,4,12.11,9.79,39.17,1.24,2.62,,"3 frame(s); median area 4.0 px; net motion dx=-68.2, dy=-16.5; flags: none"
N1358108287,T1456,1358108287-0113,0.5125,2,15,co-iss-n1358108287,1358108287,2001-01-13T20:04:41.083,733.82,345.26,22.14,3,0.00,3,22.14,13.24,39.72,1.67,1.73,,"2 frame(s); median area 3.0 px; net motion dx=-25.5, dy=2.6; flags: none"
N1358108796,T1456,1358108796-0051,0.5125,2,16,co-iss-n1358108796,1358108796,2001-01-13T20:14:18.103,708.35,347.87,41.71,3,0.00,3,41.71,21.43,64.28,1.95,1.73,,"2 frame(s); median area 3.0 px; net motion dx=-25.5, dy=2.6; flags: none"
N1358117118,T1952,1358117118-0039,0.5125,2,22,co-iss-n1358117118,1358117118,2001-01-13T22:32:24.014,763.06,170.66,10.05,3,0.00,3,10.05,8.69,26.06,1.16,4.39,,"2 frame(s); median area 3.0 px; net motion dx=1.8, dy=-78.1; flags: none"
N1358117118,T1961,1358117118-0107,0.5125,2,22,co-iss-n1358117118,1358117118,2001-01-13T22:32:24.014,130.89,445.15,50.21,3,0.00,3,50.21,22.66,67.99,2.22,1.73,,"2 frame(s); median area 3.0 px; net motion dx=3.8, dy=-67.8; flags: none"
N1358117287,T1952,1358117287-0018,0.5125,2,23,co-iss-n1358117287,1358117287,2001-01-13T22:34:41.021,764.87,92.59,42.55,3,0.00,3,42.55,31.17,93.51,1.37,1.73,,"2 frame(s); median area 3.0 px; net motion dx=1.8, dy=-78.1; flags: none"
N1358117287,T1961,1358117287-0110,0.5125,2,23,co-iss-n1358117287,1358117287,2001-01-13T22:34:41.021,134.65,377.35,8.83,3,0.00,3,8.83,8.40,25.19,1.05,1.73,,"2 frame(s); median area 3.0 px; net motion dx=3.8, dy=-67.8; flags: none"
N1358108118,T1379,1358108118-0094,0.5125,2,14,co-iss-n1358108118,1358108118,2001-01-13T20:02:24.077,576.53,379.99,9.28,4,0.00,4,9.28,8.03,32.12,1.16,2.62,,"2 frame(s); median area 6.5 px; net motion dx=1.8, dy=-3.0; flags: none"
N1358108287,T1379,1358108287-0117,0.5125,2,15,co-iss-n1358108287,1358108287,2001-01-13T20:04:41.083,578.30,376.99,11.54,9,0.00,9,11.54,9.03,81.25,1.28,1.63,,"2 frame(s); median area 6.5 px; net motion dx=1.8, dy=-3.0; flags: none"
N1358105418,T1080,1358105418-1463,0.5124,3,11,co-iss-n1358105418,1358105418,2001-01-13T19:17:24.095,629.10,884.82,12.20,5,0.00,5,12.20,9.06,45.29,1.35,1.84,,"3 frame(s); median area 5.0 px; net motion dx=-1.4, dy=-74.0; flags: none"
N1358105587,T1080,1358105587-1172,0.5124,3,12,co-iss-n1358105587,1358105587,2001-01-13T19:19:41.102,621.95,890.67,8.06,3,0.00,3,8.06,7.50,22.50,1.08,1.73,,"3 frame(s); median area 5.0 px; net motion dx=-1.4, dy=-74.0; flags: none"
N1358106096,T1080,1358106096-0460,0.5124,3,13,co-iss-n1358106096,1358106096,2001-01-13T19:29:18.122,627.69,810.82,13.94,5,0.00,5,13.94,8.75,43.77,1.59,3.54,,"3 frame(s); median area 5.0 px; net motion dx=-1.4, dy=-74.0; flags: none"
N1358114418,T1615,1358114418-0360,0.5120,3,19,co-iss-n1358114418,1358114418,2001-01-13T21:47:24.033,463.67,777.99,9.74,3,0.00,3,9.74,9.61,28.83,1.01,1.73,,"3 frame(s); median area 3.0 px; net motion dx=3.8, dy=-53.2; flags: none"
N1358114587,T1615,1358114587-0210,0.5120,3,20,co-iss-n1358114587,1358114587,2001-01-13T21:49:41.040,481.15,727.28,11.91,3,0.00,3,11.91,9.11,27.33,1.31,4.39,,"3 frame(s); median area 3.0 px; net motion dx=3.8, dy=-53.2; flags: none"
N1358115096,T1615,1358115096-0084,0.5120,3,21,co-iss-n1358115096,1358115096,2001-01-13T21:59:18.060,467.46,724.77,15.66,8,0.00,8,15.66,11.38,91.02,1.38,1.69,,"3 frame(s); median area 3.0 px; net motion dx=3.8, dy=-53.2; flags: none"
N1358117118,T1977,1358117118-0289,0.5118,2,22,co-iss-n1358117118,1358117118,2001-01-13T22:32:24.014,468.69,948.33,9.39,6,0.00,6,9.39,8.34,50.03,1.13,2.29,,"2 frame(s); median area 6.5 px; net motion dx=15.4, dy=-30.5; flags: none"
N1358117287,T1977,1358117287-0304,0.5118,2,23,co-iss-n1358117287,1358117287,2001-01-13T22:34:41.021,484.13,917.87,11.22,7,0.00,7,11.22,8.54,59.80,1.31,2.67,,"2 frame(s); median area 6.5 px; net motion dx=15.4, dy=-30.5; flags: none"
N1358108118,T1397,1358108118-0257,0.5116,2,14,co-iss-n1358108118,1358108118,2001-01-13T20:02:24.077,596.91,936.60,11.52,5,0.00,5,11.52,8.87,44.35,1.30,1.73,,"2 frame(s); median area 6.0 px; net motion dx=-14.7, dy=-19.7; flags: none"
N1358108287,T1397,1358108287-0291,0.5116,2,15,co-iss-n1358108287,1358108287,2001-01-13T20:04:41.083,582.23,916.92,13.19,7,0.00,7,13.19,8.35,58.45,1.58,2.18,,"2 frame(s); median area 6.0 px; net motion dx=-14.7, dy=-19.7; flags: none"
N1358105418,T1034,1358105418-0594,0.5111,2,11,co-iss-n1358105418,1358105418,2001-01-13T19:17:24.095,789.54,813.25,12.63,6,0.00,6,12.63,10.25,61.48,1.23,2.08,,"2 frame(s); median area 6.0 px; net motion dx=-64.6, dy=6.6; flags: none"
N1358106096,T1034,1358106096-0545,0.5111,2,13,co-iss-n1358106096,1358106096,2001-01-13T19:29:18.122,724.90,819.83,11.89,6,0.00,6,11.89,8.74,52.46,1.36,1.53,,"2 frame(s); median area 6.0 px; net motion dx=-64.6, dy=6.6; flags: none"
N1358101818,T0949,1358101818-0485,0.5110,2,9,co-iss-n1358101818,1358101818,2001-01-13T18:17:24.120,189.50,708.01,15.97,6,0.00,6,15.97,15.69,94.11,1.02,2.18,,"2 frame(s); median area 5.0 px; net motion dx=-30.1, dy=36.4; flags: none"
N1358101987,T0949,1358101987-0478,0.5110,2,10,co-iss-n1358101987,1358101987,2001-01-13T18:19:41.127,159.36,744.40,16.87,4,0.00,4,16.87,10.24,40.96,1.65,1.00,,"2 frame(s); median area 5.0 px; net motion dx=-30.1, dy=36.4; flags: none"
N1358101818,T0932,1358101818-0369,0.5109,2,9,co-iss-n1358101818,1358101818,2001-01-13T18:17:24.120,33.67,560.17,18.37,6,0.00,6,18.37,18.37,110.23,1.00,4.26,,"2 frame(s); median area 4.5 px; net motion dx=-27.3, dy=-46.8; flags: none"
N1358101987,T0932,1358101987-0313,0.5109,2,10,co-iss-n1358101987,1358101987,2001-01-13T18:19:41.127,6.39,513.39,18.60,3,0.00,3,18.60,15.77,47.31,1.18,1.73,,"2 frame(s); median area 4.5 px; net motion dx=-27.3, dy=-46.8; flags: none"
N1358101818,T0951,1358101818-0521,0.5106,2,9,co-iss-n1358101818,1358101818,2001-01-13T18:17:24.120,670.40,748.64,11.73,6,0.00,6,11.73,10.99,65.95,1.07,2.03,,"2 frame(s); median area 6.0 px; net motion dx=29.1, dy=-10.4; flags: none"
N1358101987,T0951,1358101987-0474,0.5106,2,10,co-iss-n1358101987,1358101987,2001-01-13T18:19:41.127,699.53,738.29,12.64,6,0.00,6,12.64,11.86,71.14,1.07,2.03,,"2 frame(s); median area 6.0 px; net motion dx=29.1, dy=-10.4; flags: none"
N1358105418,T1054,1358105418-0868,0.5089,3,11,co-iss-n1358105418,1358105418,2001-01-13T19:17:24.095,605.60,841.68,13.79,12,0.00,12,13.79,8.98,107.81,1.53,1.29,,"3 frame(s); median area 6.0 px; net motion dx=10.8, dy=-77.1; flags: none"
N1358105587,T1054,1358105587-0758,0.5089,3,12,co-iss-n1358105587,1358105587,2001-01-13T19:19:41.102,605.98,839.59,10.23,3,0.00,3,10.23,8.28,24.85,1.24,1.73,,"3 frame(s); median area 6.0 px; net motion dx=10.8, dy=-77.1; flags: none"
N1358106096,T1054,1358106096-0200,0.5089,3,13,co-iss-n1358106096,1358106096,2001-01-13T19:29:18.122,616.42,764.58,14.10,6,0.00,6,14.10,10.12,60.69,1.39,1.63,,"3 frame(s); median area 6.0 px; net motion dx=10.8, dy=-77.1; flags: none"
N1358108118,T1420,1358108118-0481,0.5087,3,14,co-iss-n1358108118,1358108118,2001-01-13T20:02:24.077,585.96,985.69,9.76,3,0.00,3,9.76,9.35,28.04,1.04,4.39,,"3 frame(s); median area 5.0 px; net motion dx=17.1, dy=-22.9; flags: none"
N1358108287,T1420,1358108287-0482,0.5087,3,15,co-iss-n1358108287,1358108287,2001-01-13T20:04:41.083,585.29,990.29,9.93,6,0.00,6,9.93,9.00,53.97,1.10,2.53,,"3 frame(s); median area 5.0 px; net motion dx=17.1, dy=-22.9; flags: none"
N1358108796,T1420,1358108796-0205,0.5087,3,16,co-iss-n1358108796,1358108796,2001-01-13T20:14:18.103,603.05,962.82,9.82,5,0.00,5,9.82,9.56,47.82,1.03,5.21,,"3 frame(s); median area 5.0 px; net motion dx=17.1, dy=-22.9; flags: none"
N1358108118,T1430,1358108118-0653,0.5086,3,14,co-iss-n1358108118,1358108118,2001-01-13T20:02:24.077,727.73,1004.35,9.62,3,0.00,3,9.62,8.50,25.50,1.13,1.73,,"3 frame(s); median area 4.0 px; net motion dx=-83.2, dy=3.2; flags: none"
N1358108287,T1430,1358108287-0486,0.5086,3,15,co-iss-n1358108287,1358108287,2001-01-13T20:04:41.083,718.23,991.56,9.93,7,0.00,7,9.93,8.34,58.37,1.19,2.09,,"3 frame(s); median area 4.0 px; net motion dx=-83.2, dy=3.2; flags: none"
N1358108796,T1430,1358108796-0424,0.5086,3,16,co-iss-n1358108796,1358108796,2001-01-13T20:14:18.103,644.57,1007.57,9.82,4,0.00,4,9.82,8.60,34.40,1.14,2.62,,"3 frame(s); median area 4.0 px; net motion dx=-83.2, dy=3.2; flags: none"
N1358065818,T0568,1358065818-0214,0.5083,2,4,co-iss-n1358065818,1358065818,2001-01-13T08:17:24.370,552.34,356.24,17.72,5,0.00,5,17.72,13.22,66.08,1.34,1.73,,"2 frame(s); median area 4.5 px; net motion dx=-47.6, dy=23.9; flags: none"
N1358065987,T0568,1358065987-0227,0.5083,2,5,co-iss-n1358065987,1358065987,2001-01-13T08:19:41.376,504.74,380.15,18.37,4,0.00,4,18.37,14.33,57.31,1.28,2.45,,"2 frame(s); median area 4.5 px; net motion dx=-47.6, dy=23.9; flags: none"
N1358108118,T1377,1358108118-0090,0.5083,2,14,co-iss-n1358108118,1358108118,2001-01-13T20:02:24.077,857.75,374.77,18.67,3,0.00,3,18.67,12.88,38.64,1.45,4.39,,"2 frame(s); median area 3.0 px; net motion dx=43.5, dy=-37.9; flags: none"
N1358108796,T1377,1358108796-0045,0.5083,2,16,co-iss-n1358108796,1358108796,2001-01-13T20:14:18.103,901.22,336.83,29.91,3,0.00,3,29.91,16.47,49.41,1.82,1.73,,"2 frame(s); median area 3.0 px; net motion dx=43.5, dy=-37.9; flags: none"
N1358069418,T0663,1358069418-0095,0.5083,2,6,co-iss-n1358069418,1358069418,2001-01-13T09:17:24.345,591.29,502.94,8.86,3,0.00,3,8.86,8.22,24.67,1.08,4.39,,"2 frame(s); median area 3.5 px; net motion dx=-67.4, dy=-11.8; flags: none"
N1358069587,T0663,1358069587-0114,0.5083,2,7,co-iss-n1358069587,1358069587,2001-01-13T09:19:41.351,523.87,491.13,35.56,4,0.00,4,35.56,20.20,80.78,1.76,2.45,,"2 frame(s); median area 3.5 px; net motion dx=-67.4, dy=-11.8; flags: none"
N1358105418,T1024,1358105418-0436,0.5080,3,11,co-iss-n1358105418,1358105418,2001-01-13T19:17:24.095,714.36,790.12,14.36,8,0.00,8,14.36,10.50,84.03,1.37,1.14,,"3 frame(s); median area 4.0 px; net motion dx=-67.7, dy=-13.4; flags: none"
N1358105587,T1024,1358105587-0387,0.5080,3,12,co-iss-n1358105587,1358105587,2001-01-13T19:19:41.102,714.69,779.34,8.71,3,0.00,3,8.71,8.19,24.58,1.06,1.73,,"3 frame(s); median area 4.0 px; net motion dx=-67.7, dy=-13.4; flags: none"
N1358106096,T1024,1358106096-0249,0.5080,3,13,co-iss-n1358106096,1358106096,2001-01-13T19:29:18.122,646.64,776.76,12.86,4,0.00,4,12.86,10.20,40.82,1.26,2.45,,"3 frame(s); median area 4.0 px; net motion dx=-67.7, dy=-13.4; flags: none"
N1358069418,T0661,1358069418-0066,0.5079,2,6,co-iss-n1358069418,1358069418,2001-01-13T09:17:24.345,374.46,363.39,25.98,4,0.00,4,25.98,17.12,68.47,1.52,1.00,,"2 frame(s); median area 3.5 px; net motion dx=52.9, dy=1.8; flags: none"
N1358069587,T0661,1358069587-0075,0.5079,2,7,co-iss-n1358069587,1358069587,2001-01-13T09:19:41.351,427.33,365.19,18.34,3,0.00,3,18.34,12.81,38.43,1.43,1.73,,"2 frame(s); median area 3.5 px; net motion dx=52.9, dy=1.8; flags: none"
N1358117118,T1994,1358117118-0520,0.5078,3,22,co-iss-n1358117118,1358117118,2001-01-13T22:32:24.014,365.02,990.49,9.39,4,0.00,4,9.39,9.20,36.79,1.02,2.45,,"3 frame(s); median area 4.0 px; net motion dx=57.6, dy=23.8; flags: none"
N1358117287,T1994,1358117287-0432,0.5078,3,23,co-iss-n1358117287,1358117287,2001-01-13T22:34:41.021,361.37,976.24,11.47,4,0.00,4,11.47,10.31,41.24,1.11,2.70,,"3 frame(s); median area 4.0 px; net motion dx=57.6, dy=23.8; flags: none"
N1358117796,T1994,1358117796-0341,0.5078,3,24,co-iss-n1358117796,1358117796,2001-01-13T22:44:18.041,422.60,1014.26,10.09,4,0.00,4,10.09,8.75,35.00,1.15,4.47,,"3 frame(s); median area 4.0 px; net motion dx=57.6, dy=23.8; flags: none"
N1358108118,T1392,1358108118-0222,0.5074,2,14,co-iss-n1358108118,1358108118,2001-01-13T20:02:24.077,269.40,904.71,10.11,3,0.00,3,10.11,8.53,25.58,1.19,1.73,,"2 frame(s); median area 4.0 px; net motion dx=10.1, dy=77.5; flags: none"
N1358108796,T1392,1358108796-0271,0.5074,2,16,co-iss-n1358108796,1358108796,2001-01-13T20:14:18.103,279.52,982.25,29.84,5,0.00,5,29.84,13.18,65.92,2.26,4.60,,"2 frame(s); median area 4.0 px; net motion dx=10.1, dy=77.5; flags: none"
N1358105418,T1037,1358105418-0626,0.5073,2,11,co-iss-n1358105418,1358105418,2001-01-13T19:17:24.095,803.37,818.29,10.23,8,0.00,8,10.23,8.77,70.19,1.17,2.49,,"2 frame(s); median area 6.0 px; net motion dx=-40.8, dy=10.8; flags: none"
N1358106096,T1037,1358106096-0643,0.5073,2,13,co-iss-n1358106096,1358106096,2001-01-13T19:29:18.122,762.57,829.08,13.04,4,0.00,4,13.04,9.95,39.78,1.31,3.16,,"2 frame(s); median area 6.0 px; net motion dx=-40.8, dy=10.8; flags: none"
N1358108118,T1411,1358108118-0352,0.5073,3,14,co-iss-n1358108118,1358108118,2001-01-13T20:02:24.077,644.48,962.58,11.52,4,0.00,4,11.52,8.50,34.00,1.36,2.62,,"3 frame(s); median area 4.0 px; net motion dx=-10.1, dy=14.9; flags: none"
N1358108287,T1411,1358108287-0410,0.5073,3,15,co-iss-n1358108287,1358108287,2001-01-13T20:04:41.083,647.59,959.06,8.30,5,0.00,5,8.30,7.94,39.69,1.05,3.69,,"3 frame(s); median area 4.0 px; net motion dx=-10.1, dy=14.9; flags: none"
N1358108796,T1411,1358108796-0257,0.5073,3,16,co-iss-n1358108796,1358108796,2001-01-13T20:14:18.103,634.42,977.47,9.82,4,0.00,4,9.82,9.32,37.29,1.05,2.24,,"3 frame(s); median area 4.0 px; net motion dx=-10.1, dy=14.9; flags: none"
N1358108118,T1395,1358108118-0230,0.5067,2,14,co-iss-n1358108118,1358108118,2001-01-13T20:02:24.077,578.04,924.48,11.52,6,0.00,6,11.52,10.09,60.54,1.14,3.60,,"2 frame(s); median area 6.0 px; net motion dx=-17.0, dy=-13.8; flags: none"
N1358108287,T1395,1358108287-0280,0.5067,2,15,co-iss-n1358108287,1358108287,2001-01-13T20:04:41.083,561.03,910.72,11.56,6,0.00,6,11.56,9.41,56.47,1.23,1.46,,"2 frame(s); median area 6.0 px; net motion dx=-17.0, dy=-13.8; flags: none"
N1358114418,T1639,1358114418-0694,0.5066,2,19,co-iss-n1358114418,1358114418,2001-01-13T21:47:24.033,234.31,831.22,10.27,9,0.00,9,10.27,9.06,81.55,1.13,2.17,,"2 frame(s); median area 6.0 px; net motion dx=63.3, dy=-5.9; flags: none"
N1358115096,T1639,1358115096-0540,0.5066,2,21,co-iss-n1358115096,1358115096,2001-01-13T21:59:18.060,297.59,825.32,12.75,3,0.00,3,12.75,10.38,31.13,1.23,1.73,,"2 frame(s); median area 6.0 px; net motion dx=63.3, dy=-5.9; flags: none"
N1358105418,T1040,1358105418-0635,0.5063,2,11,co-iss-n1358105418,1358105418,2001-01-13T19:17:24.095,806.87,820.41,10.93,6,0.00,6,10.93,8.87,53.21,1.23,2.17,,"2 frame(s); median area 6.0 px; net motion dx=-75.4, dy=8.9; flags: none"
N1358106096,T1040,1358106096-0650,0.5063,2,13,co-iss-n1358106096,1358106096,2001-01-13T19:29:18.122,731.51,829.32,11.99,6,0.15,6,11.99,8.73,52.39,1.37,6.81,,"2 frame(s); median area 6.0 px; net motion dx=-75.4, dy=8.9; flags: none"
N1358063118,T0471,1358063118-0451,0.5060,3,1,co-iss-n1358063118,1358063118,2001-01-13T07:32:24.388,653.76,973.39,9.75,4,0.00,4,9.75,8.22,32.86,1.19,2.70,,"3 frame(s); median area 4.0 px; net motion dx=-9.3, dy=34.1; flags: none"
N1358063287,T0471,1358063287-0478,0.5060,3,2,co-iss-n1358063287,1358063287,2001-01-13T07:34:41.395,660.65,965.65,8.19,3,0.00,3,8.19,7.83,23.49,1.05,1.73,,"3 frame(s); median area 4.0 px; net motion dx=-9.3, dy=34.1; flags: none"
N1358063796,T0471,1358063796-0340,0.5060,3,3,co-iss-n1358063796,1358063796,2001-01-13T07:44:18.415,644.50,1007.50,8.27,4,0.00,4,8.27,8.27,33.10,1.00,2.62,,"3 frame(s); median area 4.0 px; net motion dx=-9.3, dy=34.1; flags: none"
N1358101818,T0903,1358101818-0144,0.5056,2,9,co-iss-n1358101818,1358101818,2001-01-13T18:17:24.120,133.52,225.96,19.20,4,0.00,4,19.20,18.29,73.16,1.05,2.62,,"2 frame(s); median area 4.0 px; net motion dx=8.0, dy=2.6; flags: none"
N1358101987,T0903,1358101987-0143,0.5056,2,10,co-iss-n1358101987,1358101987,2001-01-13T18:19:41.127,141.55,228.60,20.15,4,0.00,4,20.15,16.88,67.51,1.19,1.00,,"2 frame(s); median area 4.0 px; net motion dx=8.0, dy=2.6; flags: none"
N1358063118,T0463,1358063118-0341,0.5055,3,1,co-iss-n1358063118,1358063118,2001-01-13T07:32:24.388,628.19,953.26,11.67,4,0.00,4,11.67,9.66,38.66,1.21,2.45,,"3 frame(s); median area 4.0 px; net motion dx=-3.1, dy=59.4; flags: none"
N1358063287,T0463,1358063287-0398,0.5055,3,2,co-iss-n1358063287,1358063287,2001-01-13T07:34:41.395,622.52,942.29,11.40,13,0.00,13,11.40,9.00,117.01,1.27,2.41,,"3 frame(s); median area 4.0 px; net motion dx=-3.1, dy=59.4; flags: none"
N1358063796,T0463,1358063796-0384,0.5055,3,3,co-iss-n1358063796,1358063796,2001-01-13T07:44:18.415,625.05,1012.65,8.27,3,0.00,3,8.27,7.88,23.64,1.05,4.39,,"3 frame(s); median area 4.0 px; net motion dx=-3.1, dy=59.4; flags: none"
N1358114418,T1687,1358114418-1900,0.5054,3,19,co-iss-n1358114418,1358114418,2001-01-13T21:47:24.033,35.68,924.76,11.14,4,0.00,4,11.14,8.90,35.61,1.25,3.16,,"3 frame(s); median area 4.0 px; net motion dx=4.5, dy=-37.6; flags: none"
N1358114587,T1687,1358114587-1315,0.5054,3,20,co-iss-n1358114587,1358114587,2001-01-13T21:49:41.040,32.84,919.32,10.74,4,0.00,4,10.74,9.13,36.54,1.18,3.16,,"3 frame(s); median area 4.0 px; net motion dx=4.5, dy=-37.6; flags: none"
N1358115096,T1687,1358115096-1423,0.5054,3,21,co-iss-n1358115096,1358115096,2001-01-13T21:59:18.060,40.19,887.20,10.27,6,0.00,6,10.27,8.64,51.86,1.19,3.45,,"3 frame(s); median area 4.0 px; net motion dx=4.5, dy=-37.6; flags: none"
N1358065818,T0547,1358065818-0053,0.5052,2,4,co-iss-n1358065818,1358065818,2001-01-13T08:17:24.370,341.42,93.12,20.37,5,0.00,5,20.37,13.50,67.52,1.51,1.73,,"2 frame(s); median area 4.0 px; net motion dx=-11.1, dy=-74.4; flags: none"
N1358065987,T0547,1358065987-0011,0.5052,2,5,co-iss-n1358065987,1358065987,2001-01-13T08:19:41.376,330.34,18.72,18.88,3,0.00,3,18.88,16.50,49.51,1.14,1.73,,"2 frame(s); median area 4.0 px; net motion dx=-11.1, dy=-74.4; flags: none"
N1358105418,T0993,1358105418-0082,0.5052,2,11,co-iss-n1358105418,1358105418,2001-01-13T19:17:24.095,32.84,447.62,29.49,3,0.00,3,29.49,15.82,47.47,1.86,1.73,,"2 frame(s); median area 3.5 px; net motion dx=31.5, dy=12.7; flags: none"
N1358105587,T0993,1358105587-0095,0.5052,2,12,co-iss-n1358105587,1358105587,2001-01-13T19:19:41.102,64.34,460.36,13.90,4,0.00,4,13.90,10.23,40.91,1.36,2.45,,"2 frame(s); median area 3.5 px; net motion dx=31.5, dy=12.7; flags: none"
N1358063118,T0507,1358063118-0897,0.5049,3,1,co-iss-n1358063118,1358063118,2001-01-13T07:32:24.388,703.32,1020.03,8.69,3,0.00,3,8.69,8.12,24.36,1.07,4.39,,"3 frame(s); median area 3.0 px; net motion dx=-28.0, dy=-17.0; flags: none"
N1358063287,T0507,1358063287-0691,0.5049,3,2,co-iss-n1358063287,1358063287,2001-01-13T07:34:41.395,699.03,1013.34,8.19,3,0.00,3,8.19,7.98,23.95,1.03,4.39,,"3 frame(s); median area 3.0 px; net motion dx=-28.0, dy=-17.0; flags: none"
N1358063796,T0507,1358063796-0307,0.5049,3,3,co-iss-n1358063796,1358063796,2001-01-13T07:44:18.415,675.36,1003.03,8.27,3,0.00,3,8.27,7.71,23.14,1.07,4.39,,"3 frame(s); median area 3.0 px; net motion dx=-28.0, dy=-17.0; flags: none"
N1358065818,T0572,1358065818-0249,0.5047,2,4,co-iss-n1358065818,1358065818,2001-01-13T08:17:24.370,719.51,407.00,17.04,4,0.00,4,17.04,16.84,67.38,1.01,2.62,,"2 frame(s); median area 4.5 px; net motion dx=-79.7, dy=13.7; flags: none"
N1358065987,T0572,1358065987-0270,0.5047,2,5,co-iss-n1358065987,1358065987,2001-01-13T08:19:41.376,639.78,420.69,17.85,5,0.00,5,17.85,15.53,77.66,1.15,1.73,,"2 frame(s); median area 4.5 px; net motion dx=-79.7, dy=13.7; flags: none"
N1358108118,T1437,1358108118-0723,0.5041,3,14,co-iss-n1358108118,1358108118,2001-01-13T20:02:24.077,739.04,1012.18,9.62,7,0.00,7,9.62,9.24,64.65,1.04,3.26,,"3 frame(s); median area 5.0 px; net motion dx=-78.3, dy=-0.5; flags: none"
N1358108287,T1437,1358108287-0512,0.5041,3,15,co-iss-n1358108287,1358108287,2001-01-13T20:04:41.083,737.40,1002.00,8.30,5,0.00,5,8.30,8.29,41.45,1.00,1.61,,"3 frame(s); median area 5.0 px; net motion dx=-78.3, dy=-0.5; flags: none"
N1358108796,T1437,1358108796-0454,0.5041,3,16,co-iss-n1358108796,1358108796,2001-01-13T20:14:18.103,660.78,1011.72,9.69,4,0.00,4,9.69,8.67,34.67,1.12,2.45,,"3 frame(s); median area 5.0 px; net motion dx=-78.3, dy=-0.5; flags: none"
N1358108118,T1426,1358108118-0625,0.5040,3,14,co-iss-n1358108118,1358108118,2001-01-13T20:02:24.077,729.70,1001.55,13.42,3,0.00,3,13.42,9.94,29.83,1.35,1.73,,"3 frame(s); median area 3.0 px; net motion dx=-80.8, dy=8.2; flags: none"
N1358108287,T1426,1358108287-0478,0.5040,3,15,co-iss-n1358108287,1358108287,2001-01-13T20:04:41.083,720.45,987.26,12.34,5,0.00,5,12.34,10.24,51.20,1.21,1.73,,"3 frame(s); median area 3.0 px; net motion dx=-80.8, dy=8.2; flags: none"
N1358108796,T1426,1358108796-0434,0.5040,3,16,co-iss-n1358108796,1358108796,2001-01-13T20:14:18.103,648.91,1009.72,9.82,3,0.00,3,9.82,9.05,27.14,1.09,4.39,,"3 frame(s); median area 3.0 px; net motion dx=-80.8, dy=8.2; flags: none"
N1358110818,T1537,1358110818-0419,0.5039,2,17,co-iss-n1358110818,1358110818,2001-01-13T20:47:24.058,236.47,649.42,15.22,4,0.00,4,15.22,11.68,46.71,1.30,5.83,,"2 frame(s); median area 5.0 px; net motion dx=-9.4, dy=0.9; flags: none"
N1358110987,T1537,1358110987-0385,0.5039,2,18,co-iss-n1358110987,1358110987,2001-01-13T20:49:41.065,227.12,650.30,15.25,6,0.00,6,15.25,12.05,72.33,1.27,4.39,,"2 frame(s); median area 5.0 px; net motion dx=-9.4, dy=0.9; flags: none"
N1358114418,T1647,1358114418-0753,0.5038,2,19,co-iss-n1358114418,1358114418,2001-01-13T21:47:24.033,194.82,835.90,11.71,5,0.00,5,11.71,8.71,43.53,1.35,1.34,,"2 frame(s); median area 5.5 px; net motion dx=10.3, dy=17.3; flags: none"
N1358115096,T1647,1358115096-0816,0.5038,2,21,co-iss-n1358115096,1358115096,2001-01-13T21:59:18.060,205.14,853.18,14.56,6,0.00,6,14.56,9.43,56.56,1.54,2.45,,"2 frame(s); median area 5.5 px; net motion dx=10.3, dy=17.3; flags: none"
N1358065818,T0548,1358065818-0054,0.5038,2,4,co-iss-n1358065818,1358065818,2001-01-13T08:17:24.370,104.25,95.53,20.97,3,0.00,3,20.97,13.12,39.37,1.60,1.73,,"2 frame(s); median area 3.5 px; net motion dx=-43.8, dy=-46.2; flags: none"
N1358065987,T0548,1358065987-0033,0.5038,2,5,co-iss-n1358065987,1358065987,2001-01-13T08:19:41.376,60.46,49.30,21.97,4,0.00,4,21.97,14.91,59.64,1.47,1.00,,"2 frame(s); median area 3.5 px; net motion dx=-43.8, dy=-46.2; flags: none"
N1358117118,T1999,1358117118-0614,0.5037,3,22,co-iss-n1358117118,1358117118,2001-01-13T22:32:24.014,330.99,1002.67,9.39,3,0.00,3,9.39,8.98,26.93,1.05,4.39,,"3 frame(s); median area 3.0 px; net motion dx=3.1, dy=15.9; flags: none"
N1358117287,T1999,1358117287-0478,0.5037,3,23,co-iss-n1358117287,1358117287,2001-01-13T22:34:41.021,333.23,997.01,8.25,4,0.00,4,8.25,8.07,32.27,1.02,3.60,,"3 frame(s); median area 3.0 px; net motion dx=3.1, dy=15.9; flags: none"
N1358117796,T1999,1358117796-0367,0.5037,3,24,co-iss-n1358117796,1358117796,2001-01-13T22:44:18.041,334.07,1018.61,9.48,3,0.00,3,9.48,8.19,24.57,1.16,4.39,,"3 frame(s); median area 3.0 px; net motion dx=3.1, dy=15.9; flags: none"
N1358065818,T0603,1358065818-0541,0.5026,2,4,co-iss-n1358065818,1358065818,2001-01-13T08:17:24.370,508.51,837.66,12.68,8,0.00,8,12.68,11.34,90.75,1.12,5.10,,"2 frame(s); median area 5.5 px; net motion dx=25.1, dy=-18.4; flags: none"
N1358065987,T0603,1358065987-0612,0.5026,2,5,co-iss-n1358065987,1358065987,2001-01-13T08:19:41.376,533.61,819.22,13.20,3,0.00,3,13.20,11.29,33.86,1.17,1.73,,"2 frame(s); median area 5.5 px; net motion dx=25.1, dy=-18.4; flags: none"
N1358117118,T2016,1358117118-0691,0.5024,2,22,co-iss-n1358117118,1358117118,2001-01-13T22:32:24.014,371.09,1012.14,9.39,7,0.00,7,9.39,8.05,56.33,1.17,1.90,,"2 frame(s); median area 6.5 px; net motion dx=28.5, dy=-12.3; flags: none"
N1358117796,T2016,1358117796-0247,0.5024,2,24,co-iss-n1358117796,1358117796,2001-01-13T22:44:18.041,399.63,999.84,8.08,6,0.00,6,8.08,7.88,47.30,1.03,1.77,,"2 frame(s); median area 6.5 px; net motion dx=28.5, dy=-12.3; flags: none"
N1358114418,T1591,1358114418-0057,0.5015,2,19,co-iss-n1358114418,1358114418,2001-01-13T21:47:24.033,918.53,361.84,27.49,3,0.00,3,27.49,17.22,51.65,1.60,1.73,,"2 frame(s); median area 3.5 px; net motion dx=-9.7, dy=44.6; flags: none"
N1358115096,T1591,1358115096-0044,0.5015,2,21,co-iss-n1358115096,1358115096,2001-01-13T21:59:18.060,908.87,406.45,14.68,4,0.00,4,14.68,10.38,41.51,1.41,2.62,,"2 frame(s); median area 3.5 px; net motion dx=-9.7, dy=44.6; flags: none"
N1358101818,T0905,1358101818-0163,0.5015,2,9,co-iss-n1358101818,1358101818,2001-01-13T18:17:24.120,408.60,250.20,18.37,3,0.00,3,18.37,15.23,45.68,1.21,1.73,,"2 frame(s); median area 4.0 px; net motion dx=39.7, dy=-23.5; flags: none"
N1358101987,T0905,1358101987-0138,0.5015,2,10,co-iss-n1358101987,1358101987,2001-01-13T18:19:41.127,448.34,226.70,19.63,5,0.00,5,19.63,11.62,58.11,1.69,4.39,,"2 frame(s); median area 4.0 px; net motion dx=39.7, dy=-23.5; flags: none"
N1358105418,T1102,1358105418-2592,0.5015,3,11,co-iss-n1358105418,1358105418,2001-01-13T19:17:24.095,693.94,976.27,10.64,3,0.00,3,10.64,9.00,27.00,1.18,1.73,,"3 frame(s); median area 3.0 px; net motion dx=1.7, dy=-93.2; flags: none"
N1358105587,T1102,1358105587-1471,0.5015,3,12,co-iss-n1358105587,1358105587,2001-01-13T19:19:41.102,674.36,964.99,9.69,5,0.00,5,9.69,8.75,43.74,1.11,3.52,,"3 frame(s); median area 3.0 px; net motion dx=1.7, dy=-93.2; flags: none"
N1358106096,T1102,1358106096-1477,0.5015,3,13,co-iss-n1358106096,1358106096,2001-01-13T19:29:18.122,695.62,883.06,9.77,3,0.00,3,9.77,8.59,25.76,1.14,4.39,,"3 frame(s); median area 3.0 px; net motion dx=1.7, dy=-93.2; flags: none"
N1358065818,T0546,1358065818-0045,0.5010,2,4,co-iss-n1358065818,1358065818,2001-01-13T08:17:24.370,992.29,80.79,16.91,3,0.00,3,16.91,11.26,33.79,1.50,1.73,,"2 frame(s); median area 4.0 px; net motion dx=-28.9, dy=-62.4; flags: none"
N1358065987,T0546,1358065987-0010,0.5010,2,5,co-iss-n1358065987,1358065987,2001-01-13T08:19:41.376,963.37,18.42,20.92,5,0.00,5,20.92,15.57,77.86,1.34,1.73,,"2 frame(s); median area 4.0 px; net motion dx=-28.9, dy=-62.4; flags: none"
N1358105418,T0995,1358105418-0118,0.5008,3,11,co-iss-n1358105418,1358105418,2001-01-13T19:17:24.095,556.55,696.29,15.78,6,0.00,6,15.78,11.63,69.80,1.36,4.83,,"3 frame(s); median area 6.0 px; net motion dx=23.4, dy=67.0; flags: none"
N1358105587,T0995,1358105587-0161,0.5008,3,12,co-iss-n1358105587,1358105587,2001-01-13T19:19:41.102,558.88,692.94,10.18,6,0.00,6,10.18,7.93,47.58,1.28,1.55,,"3 frame(s); median area 6.0 px; net motion dx=23.4, dy=67.0; flags: none"
N1358106096,T0995,1358106096-0196,0.5008,3,13,co-iss-n1358106096,1358106096,2001-01-13T19:29:18.122,579.94,763.32,10.34,3,0.00,3,10.34,9.09,27.27,1.14,4.39,,"3 frame(s); median area 6.0 px; net motion dx=23.4, dy=67.0; flags: none"
N1358101818,T0940,1358101818-0440,0.5003,2,9,co-iss-n1358101818,1358101818,2001-01-13T18:17:24.120,938.45,643.03,14.39,5,0.00,5,14.39,10.07,50.37,1.43,1.83,,"2 frame(s); median area 5.0 px; net motion dx=-36.0, dy=9.7; flags: none"
N1358101987,T0940,1358101987-0405,0.5003,2,10,co-iss-n1358101987,1358101987,2001-01-13T18:19:41.127,902.45,652.70,14.88,5,0.00,5,14.88,12.06,60.28,1.23,3.40,,"2 frame(s); median area 5.0 px; net motion dx=-36.0, dy=9.7; flags: none"
N1358114418,T1645,1358114418-0740,0.4989,3,19,co-iss-n1358114418,1358114418,2001-01-13T21:47:24.033,204.35,834.96,11.71,6,0.00,6,11.71,9.52,57.14,1.23,1.43,,"3 frame(s); median area 4.0 px; net motion dx=15.2, dy=17.8; flags: none"
N1358114587,T1645,1358114587-0673,0.4989,3,20,co-iss-n1358114587,1358114587,2001-01-13T21:49:41.040,201.64,829.94,8.39,3,0.00,3,8.39,7.77,23.31,1.08,4.39,,"3 frame(s); median area 4.0 px; net motion dx=15.2, dy=17.8; flags: none"
N1358115096,T1645,1358115096-0817,0.4989,3,21,co-iss-n1358115096,1358115096,2001-01-13T21:59:18.060,219.58,852.74,9.03,4,0.00,4,9.03,8.50,34.00,1.06,4.47,,"3 frame(s); median area 4.0 px; net motion dx=15.2, dy=17.8; flags: none"
N1358063118,T0488,1358063118-0748,0.4988,3,1,co-iss-n1358063118,1358063118,2001-01-13T07:32:24.388,746.95,1007.71,11.67,4,0.00,4,11.67,10.25,40.98,1.14,3.60,,"3 frame(s); median area 4.0 px; net motion dx=-63.3, dy=10.3; flags: none"
N1358063287,T0488,1358063287-0577,0.4988,3,2,co-iss-n1358063287,1358063287,2001-01-13T07:34:41.395,756.11,1000.43,11.40,5,0.00,5,11.40,9.46,47.29,1.21,2.62,,"3 frame(s); median area 4.0 px; net motion dx=-63.3, dy=10.3; flags: none"
N1358063796,T0488,1358063796-0431,0.4988,3,3,co-iss-n1358063796,1358063796,2001-01-13T07:44:18.415,683.67,1017.99,8.27,3,0.00,3,8.27,8.18,24.55,1.01,1.73,,"3 frame(s); median area 4.0 px; net motion dx=-63.3, dy=10.3; flags: none"
N1358117118,T1987,1358117118-0400,0.4987,3,22,co-iss-n1358117118,1358117118,2001-01-13T22:32:24.014,391.75,970.48,10.43,4,0.00,4,10.43,9.39,37.56,1.11,4.47,,"3 frame(s); median area 5.0 px; net motion dx=36.2, dy=34.5; flags: none"
N1358117287,T1987,1358117287-0406,0.4987,3,23,co-iss-n1358117287,1358117287,2001-01-13T22:34:41.021,387.17,965.76,9.86,5,0.00,5,9.86,8.72,43.58,1.13,2.89,,"3 frame(s); median area 5.0 px; net motion dx=36.2, dy=34.5; flags: none"
N1358117796,T1987,1358117796-0273,0.4987,3,24,co-iss-n1358117796,1358117796,2001-01-13T22:44:18.041,428.00,1004.98,8.08,6,0.00,6,8.08,7.59,45.52,1.07,2.32,,"3 frame(s); median area 5.0 px; net motion dx=36.2, dy=34.5; flags: none"
N1358114418,T1599,1358114418-0124,0.4985,2,19,co-iss-n1358114418,1358114418,2001-01-13T21:47:24.033,466.27,709.75,11.59,8,0.00,8,11.59,9.42,75.32,1.23,3.71,,"2 frame(s); median area 6.0 px; net motion dx=4.5, dy=-12.8; flags: none"
N1358114587,T1599,1358114587-0155,0.4985,2,20,co-iss-n1358114587,1358114587,2001-01-13T21:49:41.040,470.74,697.00,8.74,4,0.00,4,8.74,7.88,31.51,1.11,3.60,,"2 frame(s); median area 6.0 px; net motion dx=4.5, dy=-12.8; flags: none"
N1358108118,T1444,1358108118-0803,0.4983,3,14,co-iss-n1358108118,1358108118,2001-01-13T20:02:24.077,762.00,1018.32,9.62,3,0.00,3,9.62,8.77,26.30,1.10,4.39,,"3 frame(s); median area 6.0 px; net motion dx=-69.3, dy=-0.8; flags: none"
N1358108287,T1444,1358108287-0581,0.4983,3,15,co-iss-n1358108287,1358108287,2001-01-13T20:04:41.083,760.01,1014.84,8.30,6,0.00,6,8.30,8.25,49.53,1.01,2.13,,"3 frame(s); median area 6.0 px; net motion dx=-69.3, dy=-0.8; flags: none"
N1358108796,T1444,1358108796-0495,0.4983,3,16,co-iss-n1358108796,1358108796,2001-01-13T20:14:18.103,692.68,1017.51,9.82,9,0.00,9,9.82,8.84,79.56,1.11,1.59,,"3 frame(s); median area 6.0 px; net motion dx=-69.3, dy=-0.8; flags: none"
N1358069418,T0721,1358069418-0868,0.4977,2,6,co-iss-n1358069418,1358069418,2001-01-13T09:17:24.345,882.43,834.47,11.90,5,0.00,5,11.90,10.06,50.31,1.18,1.48,,"2 frame(s); median area 5.5 px; net motion dx=-14.4, dy=-15.6; flags: none"
N1358069587,T0721,1358069587-0645,0.4977,2,7,co-iss-n1358069587,1358069587,2001-01-13T09:19:41.351,868.06,818.85,12.35,6,0.00,6,12.35,9.85,59.07,1.25,3.46,,"2 frame(s); median area 5.5 px; net motion dx=-14.4, dy=-15.6; flags: none"
N1358114418,T1611,1358114418-0267,0.4977,2,19,co-iss-n1358114418,1358114418,2001-01-13T21:47:24.033,469.88,760.17,12.23,5,0.00,5,12.23,8.87,44.34,1.38,2.89,,"2 frame(s); median area 5.5 px; net motion dx=16.4, dy=-58.2; flags: none"
N1358114587,T1611,1358114587-0163,0.4977,2,20,co-iss-n1358114587,1358114587,2001-01-13T21:49:41.040,486.29,702.01,12.01,6,0.00,6,12.01,9.20,55.18,1.31,1.69,,"2 frame(s); median area 5.5 px; net motion dx=16.4, dy=-58.2; flags: none"
N1358105418,T1059,1358105418-0970,0.4972,2,11,co-iss-n1358105418,1358105418,2001-01-13T19:17:24.095,920.87,847.32,13.22,6,0.00,6,13.22,8.85,53.07,1.49,2.26,,"2 frame(s); median area 5.0 px; net motion dx=-67.5, dy=5.9; flags: none"
N1358106096,T1059,1358106096-0963,0.4972,2,13,co-iss-n1358106096,1358106096,2001-01-13T19:29:18.122,853.39,853.20,15.01,4,0.00,4,15.01,10.58,42.33,1.42,2.70,,"2 frame(s); median area 5.0 px; net motion dx=-67.5, dy=5.9; flags: none"
N1358069418,T0709,1358069418-0615,0.4968,2,6,co-iss-n1358069418,1358069418,2001-01-13T09:17:24.345,788.58,808.69,12.03,3,0.00,3,12.03,9.60,28.80,1.25,1.73,,"2 frame(s); median area 5.5 px; net motion dx=-17.3, dy=-14.4; flags: none"
N1358069587,T0709,1358069587-0504,0.4968,2,7,co-iss-n1358069587,1358069587,2001-01-13T09:19:41.351,771.27,794.28,11.90,8,0.00,8,11.90,8.49,67.88,1.40,2.01,,"2 frame(s); median area 5.5 px; net motion dx=-17.3, dy=-14.4; flags: none"
N1358105418,T1014,1358105418-0271,0.4967,2,11,co-iss-n1358105418,1358105418,2001-01-13T19:17:24.095,568.90,758.70,10.31,3,0.00,3,10.31,8.59,25.78,1.20,1.73,,"2 frame(s); median area 5.5 px; net motion dx=-2.4, dy=-24.4; flags: none"
N1358106096,T1014,1358106096-0111,0.4967,2,13,co-iss-n1358106096,1358106096,2001-01-13T19:29:18.122,566.46,734.33,13.59,8,0.00,8,13.59,9.37,74.93,1.45,2.92,,"2 frame(s); median area 5.5 px; net motion dx=-2.4, dy=-24.4; flags: none"
N1358101818,T0945,1358101818-0470,0.4965,2,9,co-iss-n1358101818,1358101818,2001-01-13T18:17:24.120,836.41,689.51,13.64,4,0.00,4,13.64,11.61,46.45,1.17,1.00,,"2 frame(s); median area 5.0 px; net motion dx=-28.0, dy=-5.2; flags: none"
N1358101987,T0945,1358101987-0428,0.4965,2,10,co-iss-n1358101987,1358101987,2001-01-13T18:19:41.127,808.37,684.31,14.36,6,0.00,6,14.36,13.25,79.51,1.08,2.67,,"2 frame(s); median area 5.0 px; net motion dx=-28.0, dy=-5.2; flags: none"
N1358108118,T1375,1358108118-0079,0.4964,2,14,co-iss-n1358108118,1358108118,2001-01-13T20:02:24.077,973.68,341.59,25.35,4,0.00,4,25.35,16.05,64.21,1.58,1.00,,"2 frame(s); median area 3.5 px; net motion dx=-3.9, dy=-75.0; flags: none"
N1358108796,T1375,1358108796-0029,0.4964,2,16,co-iss-n1358108796,1358108796,2001-01-13T20:14:18.103,969.80,266.63,15.13,3,0.00,3,15.13,11.80,35.40,1.28,1.73,,"2 frame(s); median area 3.5 px; net motion dx=-3.9, dy=-75.0; flags: none"
N1358108118,T1434,1358108118-0692,0.4959,3,14,co-iss-n1358108118,1358108118,2001-01-13T20:02:24.077,731.21,1009.25,9.62,4,0.00,4,9.62,7.86,31.44,1.22,1.63,,"3 frame(s); median area 4.0 px; net motion dx=-58.5, dy=1.7; flags: none"
N1358108287,T1434,1358108287-0502,0.4959,3,15,co-iss-n1358108287,1358108287,2001-01-13T20:04:41.083,734.06,998.67,9.93,3,0.00,3,9.93,9.02,27.06,1.10,1.73,,"3 frame(s); median area 4.0 px; net motion dx=-58.5, dy=1.7; flags: none"
N1358108796,T1434,1358108796-0449,0.4959,3,16,co-iss-n1358108796,1358108796,2001-01-13T20:14:18.103,672.74,1011.00,9.82,4,0.00,4,9.82,9.71,38.86,1.01,1.62,,"3 frame(s); median area 4.0 px; net motion dx=-58.5, dy=1.7; flags: none"
N1358101818,T0889,1358101818-0043,0.4959,2,9,co-iss-n1358101818,1358101818,2001-01-13T18:17:24.120,582.42,78.83,19.53,3,0.00,3,19.53,15.67,47.02,1.25,1.73,,"2 frame(s); median area 3.5 px; net motion dx=-45.9, dy=-54.4; flags: none"
N1358101987,T0889,1358101987-0016,0.4959,2,10,co-iss-n1358101987,1358101987,2001-01-13T18:19:41.127,536.53,24.47,20.75,4,0.00,4,20.75,19.48,77.91,1.07,1.00,,"2 frame(s); median area 3.5 px; net motion dx=-45.9, dy=-54.4; flags: none"
N1358114418,T1622,1358114418-0408,0.4958,2,19,co-iss-n1358114418,1358114418,2001-01-13T21:47:24.033,384.35,786.95,8.82,3,0.00,3,8.82,8.36,25.09,1.05,1.73,,"2 frame(s); median area 5.5 px; net motion dx=21.3, dy=-15.2; flags: none"
N1358115096,T1622,1358115096-0207,0.4958,2,21,co-iss-n1358115096,1358115096,2001-01-13T21:59:18.060,405.61,771.71,14.79,8,0.00,8,14.79,10.49,83.95,1.41,2.14,,"2 frame(s); median area 5.5 px; net motion dx=21.3, dy=-15.2; flags: none"
N1358110818,T1518,1358110818-0246,0.4958,2,17,co-iss-n1358110818,1358110818,2001-01-13T20:47:24.058,159.66,405.52,17.56,4,0.00,4,17.56,13.38,53.54,1.31,1.00,,"2 frame(s); median area 4.0 px; net motion dx=1.2, dy=4.3; flags: none"
N1358110987,T1518,1358110987-0235,0.4958,2,18,co-iss-n1358110987,1358110987,2001-01-13T20:49:41.065,160.84,409.84,18.54,4,0.00,4,18.54,16.58,66.33,1.12,2.45,,"2 frame(s); median area 4.0 px; net motion dx=1.2, dy=4.3; flags: none"
N1358063118,T0475,1358063118-0498,0.4958,3,1,co-iss-n1358063118,1358063118,2001-01-13T07:32:24.388,580.36,980.49,9.75,4,0.00,4,9.75,8.56,34.24,1.14,1.82,,"3 frame(s); median area 4.0 px; net motion dx=0.1, dy=-18.5; flags: none"
N1358063287,T0475,1358063287-0514,0.4958,3,2,co-iss-n1358063287,1358063287,2001-01-13T07:34:41.395,577.00,979.33,8.19,3,0.00,3,8.19,8.19,24.57,1.00,1.73,,"3 frame(s); median area 4.0 px; net motion dx=0.1, dy=-18.5; flags: none"
N1358063796,T0475,1358063796-0199,0.4958,3,3,co-iss-n1358063796,1358063796,2001-01-13T07:44:18.415,580.51,961.98,8.27,4,0.00,4,8.27,7.84,31.36,1.06,2.45,,"3 frame(s); median area 4.0 px; net motion dx=0.1, dy=-18.5; flags: none"
N1358101818,T0947,1358101818-0477,0.4958,2,9,co-iss-n1358101818,1358101818,2001-01-13T18:17:24.120,907.51,698.54,13.48,4,0.00,4,13.48,12.38,49.51,1.09,1.00,,"2 frame(s); median area 5.0 px; net motion dx=70.3, dy=9.5; flags: none"
N1358101987,T0947,1358101987-0450,0.4958,2,10,co-iss-n1358101987,1358101987,2001-01-13T18:19:41.127,977.82,708.09,14.28,6,0.00,6,14.28,13.12,78.69,1.09,2.03,,"2 frame(s); median area 5.0 px; net motion dx=70.3, dy=9.5; flags: none"
N1358105418,T1058,1358105418-0968,0.4956,2,11,co-iss-n1358105418,1358105418,2001-01-13T19:17:24.095,903.70,846.67,10.66,3,0.00,3,10.66,9.55,28.66,1.12,1.73,,"2 frame(s); median area 5.5 px; net motion dx=-78.9, dy=6.5; flags: none"
N1358106096,T1058,1358106096-0945,0.4956,2,13,co-iss-n1358106096,1358106096,2001-01-13T19:29:18.122,824.85,853.17,12.86,8,0.00,8,12.86,9.50,76.02,1.35,2.21,,"2 frame(s); median area 5.5 px; net motion dx=-78.9, dy=6.5; flags: none"
N1358063118,T0499,1358063118-0842,0.4956,3,1,co-iss-n1358063118,1358063118,2001-01-13T07:32:24.388,636.66,1015.68,8.07,3,0.00,3,8.07,7.83,23.50,1.03,1.73,,"3 frame(s); median area 3.0 px; net motion dx=-44.7, dy=-11.1; flags: none"
N1358063287,T0499,1358063287-0734,0.4956,3,2,co-iss-n1358063287,1358063287,2001-01-13T07:34:41.395,588.03,1017.35,8.39,3,0.00,3,8.39,8.02,24.06,1.05,4.39,,"3 frame(s); median area 3.0 px; net motion dx=-44.7, dy=-11.1; flags: none"
N1358063796,T0499,1358063796-0309,0.4956,3,3,co-iss-n1358063796,1358063796,2001-01-13T07:44:18.415,592.00,1004.59,10.33,8,0.00,8,10.33,8.87,70.99,1.16,1.41,,"3 frame(s); median area 3.0 px; net motion dx=-44.7, dy=-11.1; flags: none"
N1358117118,T2014,1358117118-0687,0.4953,2,22,co-iss-n1358117118,1358117118,2001-01-13T22:32:24.014,324.94,1010.30,9.39,3,0.00,3,9.39,8.85,26.56,1.06,4.39,,"2 frame(s); median area 6.0 px; net motion dx=-36.5, dy=2.5; flags: none"
N1358117287,T2014,1358117287-0576,0.4953,2,23,co-iss-n1358117287,1358117287,2001-01-13T22:34:41.021,288.40,1012.75,9.86,9,0.00,9,9.86,8.07,72.60,1.22,1.47,,"2 frame(s); median area 6.0 px; net motion dx=-36.5, dy=2.5; flags: none"
N1358069418,T0688,1358069418-0283,0.4950,2,6,co-iss-n1358069418,1358069418,2001-01-13T09:17:24.345,649.09,752.53,10.77,7,0.00,7,10.77,8.19,57.33,1.31,2.82,,"2 frame(s); median area 5.5 px; net motion dx=10.4, dy=-0.5; flags: none"
N1358069587,T0688,1358069587-0325,0.4950,2,7,co-iss-n1358069587,1358069587,2001-01-13T09:19:41.351,659.46,751.99,12.56,4,0.15,4,12.56,11.07,44.27,1.14,6.85,,"2 frame(s); median area 5.5 px; net motion dx=10.4, dy=-0.5; flags: none"
N1358101818,T0962,1358101818-0649,0.4950,2,9,co-iss-n1358101818,1358101818,2001-01-13T18:17:24.120,153.80,1003.59,18.95,4,0.00,4,18.95,14.24,56.98,1.33,1.82,,"2 frame(s); median area 4.0 px; net motion dx=-1.4, dy=-59.0; flags: none"
N1358101987,T0962,1358101987-0603,0.4950,2,10,co-iss-n1358101987,1358101987,2001-01-13T18:19:41.127,152.45,944.60,16.87,4,0.00,4,16.87,14.00,56.00,1.20,1.00,,"2 frame(s); median area 4.0 px; net motion dx=-1.4, dy=-59.0; flags: none"
N1358065818,T0569,1358065818-0219,0.4945,2,4,co-iss-n1358065818,1358065818,2001-01-13T08:17:24.370,39.42,361.15,20.03,3,0.00,3,20.03,15.74,47.23,1.27,1.73,,"2 frame(s); median area 3.5 px; net motion dx=80.1, dy=-7.7; flags: none"
N1358065987,T0569,1358065987-0209,0.4945,2,5,co-iss-n1358065987,1358065987,2001-01-13T08:19:41.376,119.57,353.50,19.82,4,0.00,4,19.82,16.20,64.80,1.22,1.00,,"2 frame(s); median area 3.5 px; net motion dx=80.1, dy=-7.7; flags: none"
N1358114418,T1636,1358114418-0684,0.4944,3,19,co-iss-n1358114418,1358114418,2001-01-13T21:47:24.033,214.96,828.71,9.08,3,0.00,3,9.08,8.01,24.04,1.13,4.39,,"3 frame(s); median area 3.0 px; net motion dx=41.2, dy=13.5; flags: none"
N1358114587,T1636,1358114587-0586,0.4944,3,20,co-iss-n1358114587,1358114587,2001-01-13T21:49:41.040,207.53,820.61,11.91,4,0.00,4,11.91,8.86,35.42,1.34,1.82,,"3 frame(s); median area 3.0 px; net motion dx=41.2, dy=13.5; flags: none"
N1358115096,T1636,1358115096-0715,0.4944,3,21,co-iss-n1358115096,1358115096,2001-01-13T21:59:18.060,256.21,842.26,13.10,3,0.00,3,13.10,9.33,27.98,1.40,4.39,,"3 frame(s); median area 3.0 px; net motion dx=41.2, dy=13.5; flags: none"
N1358110818,T1552,1358110818-0500,0.4944,2,17,co-iss-n1358110818,1358110818,2001-01-13T20:47:24.058,344.06,784.24,12.55,7,0.00,7,12.55,11.80,82.57,1.06,2.72,,"2 frame(s); median area 5.0 px; net motion dx=-39.7, dy=-55.7; flags: none"
N1358110987,T1552,1358110987-0434,0.4944,2,18,co-iss-n1358110987,1358110987,2001-01-13T20:49:41.065,304.32,728.58,14.76,3,0.00,3,14.76,11.64,34.91,1.27,1.73,,"2 frame(s); median area 5.0 px; net motion dx=-39.7, dy=-55.7; flags: none"
N1358114418,T1654,1358114418-0888,0.4941,3,19,co-iss-n1358114418,1358114418,2001-01-13T21:47:24.033,130.65,848.31,11.71,3,0.00,3,11.71,11.08,33.24,1.06,1.73,,"3 frame(s); median area 3.0 px; net motion dx=48.8, dy=16.9; flags: none"
N1358114587,T1654,1358114587-0742,0.4941,3,20,co-iss-n1358114587,1358114587,2001-01-13T21:49:41.040,123.14,837.58,13.08,3,0.00,3,13.08,10.36,31.08,1.26,4.39,,"3 frame(s); median area 3.0 px; net motion dx=48.8, dy=16.9; flags: none"
N1358115096,T1654,1358115096-0990,0.4941,3,21,co-iss-n1358115096,1358115096,2001-01-13T21:59:18.060,179.47,865.23,10.97,6,0.00,6,10.97,9.43,56.59,1.16,1.11,,"3 frame(s); median area 3.0 px; net motion dx=48.8, dy=16.9; flags: none"
N1358110818,T1511,1358110818-0195,0.4939,2,17,co-iss-n1358110818,1358110818,2001-01-13T20:47:24.058,162.28,325.36,17.88,3,0.00,3,17.88,16.56,49.69,1.08,1.73,,"2 frame(s); median area 4.0 px; net motion dx=-26.2, dy=38.7; flags: none"
N1358110987,T1511,1358110987-0209,0.4939,2,18,co-iss-n1358110987,1358110987,2001-01-13T20:49:41.065,136.12,364.09,17.59,5,0.00,5,17.59,14.13,70.67,1.24,5.21,,"2 frame(s); median area 4.0 px; net motion dx=-26.2, dy=38.7; flags: none"
N1358069418,T0725,1358069418-0949,0.4934,2,6,co-iss-n1358069418,1358069418,2001-01-13T09:17:24.345,599.51,841.52,11.82,8,0.00,8,11.82,9.42,75.37,1.25,2.31,,"2 frame(s); median area 5.5 px; net motion dx=-12.9, dy=-9.6; flags: none"
N1358069587,T0725,1358069587-0753,0.4934,2,7,co-iss-n1358069587,1358069587,2001-01-13T09:19:41.351,586.65,831.95,10.99,3,0.00,3,10.99,10.30,30.89,1.07,4.39,,"2 frame(s); median area 5.5 px; net motion dx=-12.9, dy=-9.6; flags: none"
N1358069418,T0735,1358069418-1104,0.4923,2,6,co-iss-n1358069418,1358069418,2001-01-13T09:17:24.345,976.53,852.11,10.10,7,0.00,7,10.10,8.75,61.22,1.15,3.34,,"2 frame(s); median area 5.5 px; net motion dx=5.9, dy=-11.1; flags: none"
N1358069587,T0735,1358069587-0849,0.4923,2,7,co-iss-n1358069587,1358069587,2001-01-13T09:19:41.351,982.48,840.97,12.35,4,0.00,4,12.35,10.33,41.31,1.20,2.62,,"2 frame(s); median area 5.5 px; net motion dx=5.9, dy=-11.1; flags: none"
N1358108118,T1423,1358108118-0521,0.4923,3,14,co-iss-n1358108118,1358108118,2001-01-13T20:02:24.077,686.28,991.28,9.62,4,0.00,4,9.62,8.61,34.45,1.12,1.63,,"3 frame(s); median area 3.0 px; net motion dx=-56.6, dy=9.8; flags: none"
N1358108287,T1423,1358108287-0461,0.4923,3,15,co-iss-n1358108287,1358108287,2001-01-13T20:04:41.083,684.00,977.41,9.93,3,0.00,3,9.93,8.08,24.24,1.23,1.73,,"3 frame(s); median area 3.0 px; net motion dx=-56.6, dy=9.8; flags: none"
N1358108796,T1423,1358108796-0379,0.4923,3,16,co-iss-n1358108796,1358108796,2001-01-13T20:14:18.103,629.70,1001.10,9.82,3,0.00,3,9.82,8.17,24.52,1.20,4.39,,"3 frame(s); median area 3.0 px; net motion dx=-56.6, dy=9.8; flags: none"
N1358105418,T1001,1358105418-0136,0.4921,2,11,co-iss-n1358105418,1358105418,2001-01-13T19:17:24.095,570.67,709.85,11.30,6,0.00,6,11.30,8.97,53.84,1.26,2.25,,"2 frame(s); median area 5.0 px; net motion dx=1.2, dy=30.8; flags: none"
N1358106096,T1001,1358106096-0125,0.4921,2,13,co-iss-n1358106096,1358106096,2001-01-13T19:29:18.122,571.86,740.62,15.23,4,0.00,4,15.23,11.12,44.47,1.37,1.62,,"2 frame(s); median area 5.0 px; net motion dx=1.2, dy=30.8; flags: none"
N1358065818,T0575,1358065818-0298,0.4921,2,4,co-iss-n1358065818,1358065818,2001-01-13T08:17:24.370,106.70,490.08,11.61,3,0.00,3,11.61,10.26,30.79,1.13,4.39,,"2 frame(s); median area 4.5 px; net motion dx=-19.3, dy=40.9; flags: none"
N1358065987,T0575,1358065987-0365,0.4921,2,5,co-iss-n1358065987,1358065987,2001-01-13T08:19:41.376,87.43,530.99,19.08,6,0.15,6,19.08,10.69,64.15,1.78,6.17,,"2 frame(s); median area 4.5 px; net motion dx=-19.3, dy=40.9; flags: none"
N1358065818,T0606,1358065818-0593,0.4916,2,4,co-iss-n1358065818,1358065818,2001-01-13T08:17:24.370,57.27,930.67,17.55,4,0.00,4,17.55,16.41,65.66,1.07,2.45,,"2 frame(s); median area 4.0 px; net motion dx=-46.4, dy=2.5; flags: none"
N1358065987,T0606,1358065987-0686,0.4916,2,5,co-iss-n1358065987,1358065987,2001-01-13T08:19:41.376,10.83,933.18,17.15,4,0.00,4,17.15,12.62,50.49,1.36,1.63,,"2 frame(s); median area 4.0 px; net motion dx=-46.4, dy=2.5; flags: none"
N1358114418,T1670,1358114418-1254,0.4908,2,19,co-iss-n1358114418,1358114418,2001-01-13T21:47:24.033,167.35,875.93,8.82,3,0.00,3,8.82,8.14,24.42,1.08,1.73,,"2 frame(s); median area 5.5 px; net motion dx=23.5, dy=-14.8; flags: none"
N1358115096,T1670,1358115096-0909,0.4908,2,21,co-iss-n1358115096,1358115096,2001-01-13T21:59:18.060,190.83,861.11,13.10,8,0.00,8,13.10,9.57,76.54,1.37,3.92,,"2 frame(s); median area 5.5 px; net motion dx=23.5, dy=-14.8; flags: none"
N1358105418,T1056,1358105418-0961,0.4907,3,11,co-iss-n1358105418,1358105418,2001-01-13T19:17:24.095,607.34,847.81,13.78,6,0.00,6,13.78,9.61,57.68,1.43,2.37,,"3 frame(s); median area 4.0 px; net motion dx=-8.8, dy=-79.0; flags: none"
N1358105587,T1056,1358105587-0826,0.4907,3,12,co-iss-n1358105587,1358105587,2001-01-13T19:19:41.102,598.85,846.38,13.05,3,0.00,3,13.05,11.18,33.55,1.17,4.39,,"3 frame(s); median area 4.0 px; net motion dx=-8.8, dy=-79.0; flags: none"
N1358106096,T1056,1358106096-0217,0.4907,3,13,co-iss-n1358106096,1358106096,2001-01-13T19:29:18.122,598.50,768.76,8.45,4,0.00,4,8.45,7.69,30.77,1.10,4.47,,"3 frame(s); median area 4.0 px; net motion dx=-8.8, dy=-79.0; flags: none"
N1358105418,T1019,1358105418-0355,0.4904,3,11,co-iss-n1358105418,1358105418,2001-01-13T19:17:24.095,681.01,776.38,10.69,5,0.00,5,10.69,9.87,49.37,1.08,3.05,,"3 frame(s); median area 3.0 px; net motion dx=-63.6, dy=-15.2; flags: none"
N1358105587,T1019,1358105587-0328,0.4904,3,12,co-iss-n1358105587,1358105587,2001-01-13T19:19:41.102,678.02,763.65,10.00,3,0.00,3,10.00,8.91,26.74,1.12,4.39,,"3 frame(s); median area 3.0 px; net motion dx=-63.6, dy=-15.2; flags: none"
N1358106096,T1019,1358106096-0183,0.4904,3,13,co-iss-n1358106096,1358106096,2001-01-13T19:29:18.122,617.41,761.15,12.77,3,0.00,3,12.77,10.35,31.06,1.23,4.39,,"3 frame(s); median area 3.0 px; net motion dx=-63.6, dy=-15.2; flags: none"
N1358069418,T0738,1358069418-1198,0.4901,2,6,co-iss-n1358069418,1358069418,2001-01-13T09:17:24.345,609.86,858.91,15.13,5,0.00,5,15.13,10.25,51.25,1.48,1.62,,"2 frame(s); median area 5.0 px; net motion dx=-10.5, dy=-1.8; flags: none"
N1358069587,T0738,1358069587-0987,0.4901,2,7,co-iss-n1358069587,1358069587,2001-01-13T09:19:41.351,599.35,857.09,10.75,5,0.00,5,10.75,8.28,41.41,1.30,1.79,,"2 frame(s); median area 5.0 px; net motion dx=-10.5, dy=-1.8; flags: none"
N1358110818,T1521,1358110818-0271,0.4901,2,17,co-iss-n1358110818,1358110818,2001-01-13T20:47:24.058,246.44,446.92,17.07,4,0.00,4,17.07,15.36,61.46,1.11,2.62,,"2 frame(s); median area 4.0 px; net motion dx=1.1, dy=76.8; flags: none"
N1358110987,T1521,1358110987-0308,0.4901,2,18,co-iss-n1358110987,1358110987,2001-01-13T20:49:41.065,247.51,523.67,17.11,4,0.00,4,17.11,12.89,51.55,1.33,2.45,,"2 frame(s); median area 4.0 px; net motion dx=1.1, dy=76.8; flags: none"
N1358063118,T0461,1358063118-0320,0.4899,3,1,co-iss-n1358063118,1358063118,2001-01-13T07:32:24.388,611.49,948.51,9.75,4,0.00,4,9.75,9.21,36.85,1.06,5.83,,"3 frame(s); median area 4.0 px; net motion dx=-16.0, dy=9.0; flags: none"
N1358063287,T0461,1358063287-0413,0.4899,3,2,co-iss-n1358063287,1358063287,2001-01-13T07:34:41.395,615.35,947.02,8.19,3,0.00,3,8.19,7.89,23.67,1.04,4.39,,"3 frame(s); median area 4.0 px; net motion dx=-16.0, dy=9.0; flags: none"
N1358063796,T0461,1358063796-0190,0.4899,3,3,co-iss-n1358063796,1358063796,2001-01-13T07:44:18.415,595.46,957.52,8.27,4,0.00,4,8.27,8.03,32.12,1.03,2.62,,"3 frame(s); median area 4.0 px; net motion dx=-16.0, dy=9.0; flags: none"
N1358105418,T0994,1358105418-0117,0.4897,2,11,co-iss-n1358105418,1358105418,2001-01-13T19:17:24.095,550.72,694.55,14.75,6,0.00,6,14.75,11.10,66.59,1.33,1.33,,"2 frame(s); median area 5.0 px; net motion dx=-6.4, dy=-6.8; flags: none"
N1358105587,T0994,1358105587-0152,0.4897,2,12,co-iss-n1358105587,1358105587,2001-01-13T19:19:41.102,544.32,687.79,10.97,4,0.00,4,10.97,8.54,34.17,1.28,3.16,,"2 frame(s); median area 5.0 px; net motion dx=-6.4, dy=-6.8; flags: none"
N1358117118,T1980,1358117118-0351,0.4892,3,22,co-iss-n1358117118,1358117118,2001-01-13T22:32:24.014,414.01,961.20,9.39,4,0.00,4,9.39,8.75,35.01,1.07,1.63,,"3 frame(s); median area 4.0 px; net motion dx=30.6, dy=39.6; flags: none"
N1358117287,T1980,1358117287-0383,0.4892,3,23,co-iss-n1358117287,1358117287,2001-01-13T22:34:41.021,408.55,953.72,9.86,4,0.15,4,9.86,9.27,37.08,1.06,6.17,,"3 frame(s); median area 4.0 px; net motion dx=30.6, dy=39.6; flags: none"
N1358117796,T1980,1358117796-0256,0.4892,3,24,co-iss-n1358117796,1358117796,2001-01-13T22:44:18.041,444.58,1000.79,10.09,4,0.00,4,10.09,9.51,38.04,1.06,4.47,,"3 frame(s); median area 4.0 px; net motion dx=30.6, dy=39.6; flags: none"
N1358069418,T0716,1358069418-0778,0.4891,2,6,co-iss-n1358069418,1358069418,2001-01-13T09:17:24.345,594.97,827.05,14.08,5,0.00,5,14.08,10.14,50.68,1.39,2.62,,"2 frame(s); median area 5.0 px; net motion dx=-6.8, dy=-4.4; flags: none"
N1358069587,T0716,1358069587-0668,0.4891,2,7,co-iss-n1358069587,1358069587,2001-01-13T09:19:41.351,588.17,822.62,11.46,5,0.00,5,11.46,9.26,46.28,1.24,4.60,,"2 frame(s); median area 5.0 px; net motion dx=-6.8, dy=-4.4; flags: none"
N1358117118,T2011,1358117118-0669,0.4889,3,22,co-iss-n1358117118,1358117118,2001-01-13T22:32:24.014,404.70,1008.09,9.39,3,0.00,3,9.39,8.09,24.26,1.16,4.39,,"3 frame(s); median area 3.0 px; net motion dx=42.8, dy=-13.3; flags: none"
N1358117287,T2011,1358117287-0490,0.4889,3,23,co-iss-n1358117287,1358117287,2001-01-13T22:34:41.021,457.70,1000.85,11.47,3,0.00,3,11.47,9.07,27.22,1.26,1.73,,"3 frame(s); median area 3.0 px; net motion dx=42.8, dy=-13.3; flags: none"
N1358117796,T2011,1358117796-0221,0.4889,3,24,co-iss-n1358117796,1358117796,2001-01-13T22:44:18.041,447.51,994.76,10.09,4,0.00,4,10.09,9.44,37.75,1.07,1.82,,"3 frame(s); median area 3.0 px; net motion dx=42.8, dy=-13.3; flags: none"
N1358101818,T0893,1358101818-0055,0.4888,2,9,co-iss-n1358101818,1358101818,2001-01-13T18:17:24.120,844.87,97.63,13.95,4,0.15,4,13.95,10.65,42.62,1.31,6.85,,"2 frame(s); median area 4.0 px; net motion dx=4.5, dy=43.2; flags: none"
N1358101987,T0893,1358101987-0091,0.4888,2,10,co-iss-n1358101987,1358101987,2001-01-13T18:19:41.127,849.33,140.85,19.80,4,0.00,4,19.80,14.85,59.42,1.33,3.60,,"2 frame(s); median area 4.0 px; net motion dx=4.5, dy=43.2; flags: none"
N1358069418,T0683,1358069418-0244,0.4885,2,6,co-iss-n1358069418,1358069418,2001-01-13T09:17:24.345,630.13,741.35,9.03,6,0.00,6,9.03,8.25,49.50,1.10,2.21,,"2 frame(s); median area 5.5 px; net motion dx=-6.5, dy=-6.0; flags: none"
N1358069587,T0683,1358069587-0269,0.4885,2,7,co-iss-n1358069587,1358069587,2001-01-13T09:19:41.351,623.64,735.37,12.12,5,0.00,5,12.12,9.11,45.57,1.33,2.41,,"2 frame(s); median area 5.5 px; net motion dx=-6.5, dy=-6.0; flags: none"
N1358105418,T1049,1358105418-0806,0.4884,3,11,co-iss-n1358105418,1358105418,2001-01-13T19:17:24.095,854.47,833.98,13.45,3,0.00,3,13.45,9.44,28.33,1.42,1.73,,"3 frame(s); median area 3.0 px; net motion dx=-55.6, dy=4.7; flags: none"
N1358105587,T1049,1358105587-0631,0.4884,3,12,co-iss-n1358105587,1358105587,2001-01-13T19:19:41.102,850.99,823.97,11.26,4,0.00,4,11.26,9.53,38.12,1.18,1.00,,"3 frame(s); median area 3.0 px; net motion dx=-55.6, dy=4.7; flags: none"
N1358106096,T1049,1358106096-0763,0.4884,3,13,co-iss-n1358106096,1358106096,2001-01-13T19:29:18.122,798.89,838.73,11.50,3,0.00,3,11.50,10.01,30.02,1.15,4.39,,"3 frame(s); median area 3.0 px; net motion dx=-55.6, dy=4.7; flags: none"
N1358117118,T1969,1358117118-0214,0.4882,2,22,co-iss-n1358117118,1358117118,2001-01-13T22:32:24.014,477.36,922.00,9.47,3,0.00,3,9.47,8.85,26.55,1.07,4.39,,"2 frame(s); median area 5.5 px; net motion dx=9.5, dy=-21.4; flags: none"
N1358117287,T1969,1358117287-0278,0.4882,2,23,co-iss-n1358117287,1358117287,2001-01-13T22:34:41.021,486.87,900.63,11.58,8,0.00,8,11.58,9.40,75.20,1.23,1.83,,"2 frame(s); median area 5.5 px; net motion dx=9.5, dy=-21.4; flags: none"
N1358105418,T1004,1358105418-0166,0.4878,2,11,co-iss-n1358105418,1358105418,2001-01-13T19:17:24.095,595.21,724.87,13.77,7,0.00,7,13.77,8.52,59.63,1.62,1.84,,"2 frame(s); median area 5.0 px; net motion dx=-17.2, dy=14.8; flags: none"
N1358106096,T1004,1358106096-0122,0.4878,2,13,co-iss-n1358106096,1358106096,2001-01-13T19:29:18.122,577.97,739.64,11.34,3,0.00,3,11.34,10.56,31.67,1.07,1.73,,"2 frame(s); median area 5.0 px; net motion dx=-17.2, dy=14.8; flags: none"
N1358069418,T0777,1358069418-2765,0.4873,2,6,co-iss-n1358069418,1358069418,2001-01-13T09:17:24.345,993.86,992.80,12.30,8,0.00,8,12.30,9.90,79.18,1.24,2.14,,"2 frame(s); median area 5.5 px; net motion dx=-5.5, dy=-45.1; flags: none"
N1358069587,T0777,1358069587-1490,0.4873,2,7,co-iss-n1358069587,1358069587,2001-01-13T09:19:41.351,988.36,947.68,8.48,3,0.00,3,8.48,7.81,23.43,1.09,1.73,,"2 frame(s); median area 5.5 px; net motion dx=-5.5, dy=-45.1; flags: none"
N1358114418,T1676,1358114418-1478,0.4867,2,19,co-iss-n1358114418,1358114418,2001-01-13T21:47:24.033,292.53,891.25,8.82,4,0.00,4,8.82,8.62,34.49,1.02,4.47,,"2 frame(s); median area 5.5 px; net motion dx=27.3, dy=-68.9; flags: none"
N1358115096,T1676,1358115096-0490,0.4867,2,21,co-iss-n1358115096,1358115096,2001-01-13T21:59:18.060,319.79,822.40,11.73,7,0.00,7,11.73,8.92,62.46,1.31,1.61,,"2 frame(s); median area 5.5 px; net motion dx=27.3, dy=-68.9; flags: none"
N1358110818,T1545,1358110818-0462,0.4866,2,17,co-iss-n1358110818,1358110818,2001-01-13T20:47:24.058,347.86,710.70,13.84,5,0.00,5,13.84,12.89,64.43,1.07,2.46,,"2 frame(s); median area 4.5 px; net motion dx=-62.0, dy=2.6; flags: none"
N1358110987,T1545,1358110987-0428,0.4866,2,18,co-iss-n1358110987,1358110987,2001-01-13T20:49:41.065,285.88,713.28,15.01,4,0.00,4,15.01,13.44,53.78,1.12,1.63,,"2 frame(s); median area 4.5 px; net motion dx=-62.0, dy=2.6; flags: none"
N1358110818,T1503,1358110818-0125,0.4864,2,17,co-iss-n1358110818,1358110818,2001-01-13T20:47:24.058,742.48,213.13,17.48,6,0.00,6,17.48,14.26,85.57,1.23,2.37,,"2 frame(s); median area 4.5 px; net motion dx=-0.1, dy=-27.8; flags: none"
N1358110987,T1503,1358110987-0102,0.4864,2,18,co-iss-n1358110987,1358110987,2001-01-13T20:49:41.065,742.36,185.33,11.32,3,0.00,3,11.32,10.44,31.32,1.08,1.73,,"2 frame(s); median area 4.5 px; net motion dx=-0.1, dy=-27.8; flags: none"
N1358105418,T1035,1358105418-0616,0.4858,2,11,co-iss-n1358105418,1358105418,2001-01-13T19:17:24.095,795.00,816.80,10.63,6,0.00,6,10.63,9.04,54.23,1.18,1.81,,"2 frame(s); median area 5.0 px; net motion dx=-47.2, dy=7.0; flags: none"
N1358106096,T1035,1358106096-0586,0.4858,2,13,co-iss-n1358106096,1358106096,2001-01-13T19:29:18.122,747.77,823.82,13.80,4,0.00,4,13.80,10.04,40.18,1.37,2.70,,"2 frame(s); median area 5.0 px; net motion dx=-47.2, dy=7.0; flags: none"
N1358063118,T0505,1358063118-0880,0.4852,2,1,co-iss-n1358063118,1358063118,2001-01-13T07:32:24.388,672.95,1018.71,9.75,3,0.00,3,9.75,8.93,26.80,1.09,4.39,,"2 frame(s); median area 5.5 px; net motion dx=2.5, dy=-22.6; flags: none"
N1358063796,T0505,1358063796-0285,0.4852,2,3,co-iss-n1358063796,1358063796,2001-01-13T07:44:18.415,675.45,996.10,10.33,8,0.00,8,10.33,8.11,64.88,1.27,2.29,,"2 frame(s); median area 5.5 px; net motion dx=2.5, dy=-22.6; flags: none"
N1358065818,T0589,1358065818-0432,0.4851,2,4,co-iss-n1358065818,1358065818,2001-01-13T08:17:24.370,463.84,690.08,14.47,5,0.15,5,14.47,11.14,55.70,1.30,7.25,,"2 frame(s); median area 4.5 px; net motion dx=66.6, dy=44.9; flags: none"
N1358065987,T0589,1358065987-0545,0.4851,2,5,co-iss-n1358065987,1358065987,2001-01-13T08:19:41.376,530.48,735.00,13.90,4,0.00,4,13.90,13.27,53.07,1.05,2.62,,"2 frame(s); median area 4.5 px; net motion dx=66.6, dy=44.9; flags: none"
N1358065818,T0542,1358065818-0019,0.4844,2,4,co-iss-n1358065818,1358065818,2001-01-13T08:17:24.370,161.32,40.44,20.97,5,0.00,5,20.97,19.03,95.16,1.10,1.73,,"2 frame(s); median area 4.0 px; net motion dx=-1.6, dy=-22.5; flags: none"
N1358065987,T0542,1358065987-0009,0.4844,2,5,co-iss-n1358065987,1358065987,2001-01-13T08:19:41.376,159.68,17.95,11.35,3,0.00,3,11.35,9.18,27.53,1.24,4.39,,"2 frame(s); median area 4.0 px; net motion dx=-1.6, dy=-22.5; flags: none"
N1358110818,T1547,1358110818-0477,0.4844,2,17,co-iss-n1358110818,1358110818,2001-01-13T20:47:24.058,123.94,738.13,15.94,5,0.00,5,15.94,11.46,57.30,1.39,3.52,,"2 frame(s); median area 4.0 px; net motion dx=44.4, dy=-0.8; flags: none"
N1358110987,T1547,1358110987-0442,0.4844,2,18,co-iss-n1358110987,1358110987,2001-01-13T20:49:41.065,168.33,737.33,16.36,3,0.00,3,16.36,16.36,49.07,1.00,1.73,,"2 frame(s); median area 4.0 px; net motion dx=44.4, dy=-0.8; flags: none"
N1358065818,T0579,1358065818-0352,0.4843,2,4,co-iss-n1358065818,1358065818,2001-01-13T08:17:24.370,603.60,572.85,15.93,4,0.00,4,15.93,13.30,53.21,1.20,2.62,,"2 frame(s); median area 4.0 px; net motion dx=66.9, dy=15.6; flags: none"
N1358065987,T0579,1358065987-0427,0.4843,2,5,co-iss-n1358065987,1358065987,2001-01-13T08:19:41.376,670.50,588.50,16.36,4,0.00,4,16.36,16.36,65.42,1.00,1.00,,"2 frame(s); median area 4.0 px; net motion dx=66.9, dy=15.6; flags: none"
N1358110818,T1528,1358110818-0311,0.4837,2,17,co-iss-n1358110818,1358110818,2001-01-13T20:47:24.058,55.32,512.66,17.96,3,0.00,3,17.96,17.49,52.46,1.03,1.73,,"2 frame(s); median area 4.0 px; net motion dx=-20.8, dy=-27.8; flags: none"
N1358110987,T1528,1358110987-0286,0.4837,2,18,co-iss-n1358110987,1358110987,2001-01-13T20:49:41.065,34.47,484.90,14.09,5,0.15,5,14.09,9.19,45.93,1.53,6.31,,"2 frame(s); median area 4.0 px; net motion dx=-20.8, dy=-27.8; flags: none"
N1358063118,T0497,1358063118-0824,0.4837,2,1,co-iss-n1358063118,1358063118,2001-01-13T07:32:24.388,759.79,1014.55,9.75,8,0.00,8,9.75,9.30,74.40,1.05,1.87,,"2 frame(s); median area 5.5 px; net motion dx=30.6, dy=-2.5; flags: none"
N1358063287,T0497,1358063287-0671,0.4837,2,2,co-iss-n1358063287,1358063287,2001-01-13T07:34:41.395,790.36,1012.08,9.80,3,0.00,3,9.80,9.03,27.09,1.08,4.39,,"2 frame(s); median area 5.5 px; net motion dx=30.6, dy=-2.5; flags: none"
N1358065818,T0580,1358065818-0366,0.4835,2,4,co-iss-n1358065818,1358065818,2001-01-13T08:17:24.370,461.31,588.23,15.21,3,0.00,3,15.21,10.90,32.69,1.40,1.73,,"2 frame(s); median area 4.0 px; net motion dx=6.5, dy=-17.8; flags: none"
N1358065987,T0580,1358065987-0411,0.4835,2,5,co-iss-n1358065987,1358065987,2001-01-13T08:19:41.376,467.82,570.42,16.79,5,0.00,5,16.79,15.82,79.09,1.06,1.73,,"2 frame(s); median area 4.0 px; net motion dx=6.5, dy=-17.8; flags: none"
N1358114418,T1649,1358114418-0786,0.4831,2,19,co-iss-n1358114418,1358114418,2001-01-13T21:47:24.033,200.98,838.35,8.58,3,0.00,3,8.58,8.07,24.22,1.06,4.39,,"2 frame(s); median area 5.0 px; net motion dx=31.2, dy=5.9; flags: none"
N1358115096,T1649,1358115096-0722,0.4831,2,21,co-iss-n1358115096,1358115096,2001-01-13T21:59:18.060,232.21,844.23,14.96,7,0.00,7,14.96,10.95,76.66,1.37,2.12,,"2 frame(s); median area 5.0 px; net motion dx=31.2, dy=5.9; flags: none"
N1358069418,T0783,1358069418-2886,0.4831,2,6,co-iss-n1358069418,1358069418,2001-01-13T09:17:24.345,711.39,1005.13,10.67,7,0.00,7,10.67,8.46,59.21,1.26,1.42,,"2 frame(s); median area 5.5 px; net motion dx=-15.4, dy=-17.6; flags: none"
N1358069587,T0783,1358069587-1613,0.4831,2,7,co-iss-n1358069587,1358069587,2001-01-13T09:19:41.351,696.00,987.50,8.70,4,0.00,4,8.70,8.70,34.79,1.00,2.62,,"2 frame(s); median area 5.5 px; net motion dx=-15.4, dy=-17.6; flags: none"
N1358108118,T1402,1358108118-0300,0.4830,2,14,co-iss-n1358108118,1358108118,2001-01-13T20:02:24.077,572.90,953.34,13.42,7,0.00,7,13.42,9.93,69.53,1.35,1.71,,"2 frame(s); median area 5.0 px; net motion dx=-7.9, dy=-26.0; flags: none"
N1358108287,T1402,1358108287-0316,0.4830,2,15,co-iss-n1358108287,1358108287,2001-01-13T20:04:41.083,564.97,927.33,10.09,3,0.00,3,10.09,9.37,28.11,1.08,4.39,,"2 frame(s); median area 5.0 px; net motion dx=-7.9, dy=-26.0; flags: none"
N1358117118,T1991,1358117118-0493,0.4822,3,22,co-iss-n1358117118,1358117118,2001-01-13T22:32:24.014,358.51,990.76,11.25,26,0.00,26,11.25,9.14,237.73,1.23,1.78,,"3 frame(s); median area 4.0 px; net motion dx=77.0, dy=22.5; flags: none"
N1358117287,T1991,1358117287-0441,0.4822,3,23,co-iss-n1358117287,1358117287,2001-01-13T22:34:41.021,361.23,980.18,9.86,4,0.00,4,9.86,9.05,36.21,1.09,2.45,,"3 frame(s); median area 4.0 px; net motion dx=77.0, dy=22.5; flags: none"
N1358117796,T1991,1358117796-0329,0.4822,3,24,co-iss-n1358117796,1358117796,2001-01-13T22:44:18.041,435.48,1013.27,10.09,4,0.15,4,10.09,8.95,35.79,1.13,6.17,,"3 frame(s); median area 4.0 px; net motion dx=77.0, dy=22.5; flags: none"
N1358069418,T0672,1358069418-0143,0.4818,2,6,co-iss-n1358069418,1358069418,2001-01-13T09:17:24.345,549.28,704.99,17.71,6,0.00,6,17.71,10.00,59.99,1.77,1.56,,"2 frame(s); median area 4.5 px; net motion dx=-3.6, dy=-13.7; flags: none"
N1358069587,T0672,1358069587-0179,0.4818,2,7,co-iss-n1358069587,1358069587,2001-01-13T09:19:41.351,545.63,691.28,9.55,3,0.00,3,9.55,8.57,25.72,1.11,1.73,,"2 frame(s); median area 4.5 px; net motion dx=-3.6, dy=-13.7; flags: none"
N1358117118,T1992,1358117118-0494,0.4815,3,22,co-iss-n1358117118,1358117118,2001-01-13T22:32:24.014,364.60,985.68,10.90,3,0.00,3,10.90,9.12,27.35,1.20,1.73,,"3 frame(s); median area 3.0 px; net motion dx=40.1, dy=22.3; flags: none"
N1358117287,T1992,1358117287-0430,0.4815,3,23,co-iss-n1358117287,1358117287,2001-01-13T22:34:41.021,366.40,975.60,9.86,5,0.00,5,9.86,9.48,47.42,1.04,3.40,,"3 frame(s); median area 3.0 px; net motion dx=40.1, dy=22.3; flags: none"
N1358117796,T1992,1358117796-0300,0.4815,3,24,co-iss-n1358117796,1358117796,2001-01-13T22:44:18.041,404.65,1008.00,8.08,3,0.00,3,8.08,7.75,23.25,1.04,4.39,,"3 frame(s); median area 3.0 px; net motion dx=40.1, dy=22.3; flags: none"
N1358108287,T1450,1358108287-0051,0.4815,2,15,co-iss-n1358108287,1358108287,2001-01-13T20:04:41.083,845.70,153.31,9.98,7,0.00,7,9.98,8.37,58.61,1.19,2.54,,"2 frame(s); median area 5.0 px; net motion dx=-0.0, dy=-25.7; flags: none"
N1358108796,T1450,1358108796-0015,0.4815,2,16,co-iss-n1358108796,1358108796,2001-01-13T20:14:18.103,845.70,127.58,13.02,3,0.00,3,13.02,10.30,30.89,1.26,1.73,,"2 frame(s); median area 5.0 px; net motion dx=-0.0, dy=-25.7; flags: none"
N1358110818,T1497,1358110818-0058,0.4812,2,17,co-iss-n1358110818,1358110818,2001-01-13T20:47:24.058,900.30,119.65,11.77,3,0.00,3,11.77,11.18,33.53,1.05,1.73,,"2 frame(s); median area 4.0 px; net motion dx=83.5, dy=4.6; flags: none"
N1358110987,T1497,1358110987-0058,0.4812,2,18,co-iss-n1358110987,1358110987,2001-01-13T20:49:41.065,983.79,124.23,19.47,5,0.00,5,19.47,16.79,83.95,1.16,5.21,,"2 frame(s); median area 4.0 px; net motion dx=83.5, dy=4.6; flags: none"
N1358101818,T0956,1358101818-0583,0.4811,2,9,co-iss-n1358101818,1358101818,2001-01-13T18:17:24.120,638.32,860.02,9.91,7,0.00,7,9.91,9.43,65.99,1.05,2.72,,"2 frame(s); median area 5.5 px; net motion dx=-20.8, dy=31.5; flags: none"
N1358101987,T0956,1358101987-0576,0.4811,2,10,co-iss-n1358101987,1358101987,2001-01-13T18:19:41.127,617.53,891.50,8.80,4,0.00,4,8.80,8.06,32.23,1.09,5.83,,"2 frame(s); median area 5.5 px; net motion dx=-20.8, dy=31.5; flags: none"
N1358063287,T0522,1358063287-0119,0.4806,2,2,co-iss-n1358063287,1358063287,2001-01-13T07:34:41.395,837.72,379.72,12.83,3,0.00,3,12.83,9.77,29.30,1.31,1.73,,"2 frame(s); median area 3.5 px; net motion dx=-0.4, dy=29.7; flags: none"
N1358063796,T0522,1358063796-0049,0.4806,2,3,co-iss-n1358063796,1358063796,2001-01-13T07:44:18.415,837.34,409.45,22.37,4,0.00,4,22.37,15.36,61.45,1.46,1.00,,"2 frame(s); median area 3.5 px; net motion dx=-0.4, dy=29.7; flags: none"
N1358105418,T1021,1358105418-0375,0.4806,3,11,co-iss-n1358105418,1358105418,2001-01-13T19:17:24.095,688.37,780.02,11.33,3,0.00,3,11.33,9.92,29.75,1.14,4.39,,"3 frame(s); median area 3.0 px; net motion dx=-60.8, dy=-18.3; flags: none"
N1358105587,T1021,1358105587-0352,0.4806,3,12,co-iss-n1358105587,1358105587,2001-01-13T19:19:41.102,696.08,770.57,9.01,5,0.00,5,9.01,8.20,40.98,1.10,4.78,,"3 frame(s); median area 3.0 px; net motion dx=-60.8, dy=-18.3; flags: none"
N1358106096,T1021,1358106096-0189,0.4806,3,13,co-iss-n1358106096,1358106096,2001-01-13T19:29:18.122,627.58,761.73,12.38,3,0.00,3,12.38,9.85,29.54,1.26,1.73,,"3 frame(s); median area 3.0 px; net motion dx=-60.8, dy=-18.3; flags: none"
N1358063118,T0490,1358063118-0750,0.4804,3,1,co-iss-n1358063118,1358063118,2001-01-13T07:32:24.388,633.29,1009.62,9.75,7,0.00,7,9.75,8.57,59.97,1.14,3.28,,"3 frame(s); median area 6.0 px; net motion dx=-13.9, dy=-4.6; flags: none"
N1358063287,T0490,1358063287-0625,0.4804,3,2,co-iss-n1358063287,1358063287,2001-01-13T07:34:41.395,632.83,1009.35,8.19,6,0.00,6,8.19,7.92,47.52,1.03,2.42,,"3 frame(s); median area 6.0 px; net motion dx=-13.9, dy=-4.6; flags: none"
N1358063796,T0490,1358063796-0317,0.4804,3,3,co-iss-n1358063796,1358063796,2001-01-13T07:44:18.415,619.44,1004.97,8.27,5,0.00,5,8.27,8.07,40.35,1.03,2.23,,"3 frame(s); median area 6.0 px; net motion dx=-13.9, dy=-4.6; flags: none"
N1358069418,T0668,1358069418-0134,0.4804,2,6,co-iss-n1358069418,1358069418,2001-01-13T09:17:24.345,560.91,697.70,9.03,3,0.00,3,9.03,7.68,23.04,1.18,1.73,,"2 frame(s); median area 5.5 px; net motion dx=4.2, dy=-3.4; flags: none"
N1358069587,T0668,1358069587-0183,0.4804,2,7,co-iss-n1358069587,1358069587,2001-01-13T09:19:41.351,565.11,694.29,9.43,8,0.00,8,9.43,8.60,68.76,1.10,1.38,,"2 frame(s); median area 5.5 px; net motion dx=4.2, dy=-3.4; flags: none"
N1358114418,T1658,1358114418-1019,0.4801,2,19,co-iss-n1358114418,1358114418,2001-01-13T21:47:24.033,86.07,859.29,9.43,3,0.00,3,9.43,8.64,25.91,1.09,4.39,,"2 frame(s); median area 5.0 px; net motion dx=80.0, dy=9.5; flags: none"
N1358115096,T1658,1358115096-1044,0.4801,2,21,co-iss-n1358115096,1358115096,2001-01-13T21:59:18.060,166.04,868.75,13.10,7,0.00,7,13.10,10.44,73.08,1.25,1.31,,"2 frame(s); median area 5.0 px; net motion dx=80.0, dy=9.5; flags: none"
N1358117118,T2000,1358117118-0621,0.4799,3,22,co-iss-n1358117118,1358117118,2001-01-13T22:32:24.014,389.22,1003.33,9.39,4,0.00,4,9.39,8.47,33.86,1.11,1.63,,"3 frame(s); median area 5.0 px; net motion dx=9.4, dy=-10.7; flags: none"
N1358117287,T2000,1358117287-0497,0.4799,3,23,co-iss-n1358117287,1358117287,2001-01-13T22:34:41.021,390.45,1003.10,8.25,9,0.00,9,8.25,7.94,71.49,1.04,3.13,,"3 frame(s); median area 5.0 px; net motion dx=9.4, dy=-10.7; flags: none"
N1358117796,T2000,1358117796-0204,0.4799,3,24,co-iss-n1358117796,1358117796,2001-01-13T22:44:18.041,398.60,992.60,8.08,5,0.00,5,8.08,8.08,40.41,1.00,2.99,,"3 frame(s); median area 5.0 px; net motion dx=9.4, dy=-10.7; flags: none"
N1358063118,T0449,1358063118-0241,0.4796,2,1,co-iss-n1358063118,1358063118,2001-01-13T07:32:24.388,578.04,924.48,11.67,6,0.00,6,11.67,10.01,60.06,1.17,3.60,,"2 frame(s); median area 5.0 px; net motion dx=4.8, dy=-4.2; flags: none"
N1358063287,T0449,1358063287-0319,0.4796,2,2,co-iss-n1358063287,1358063287,2001-01-13T07:34:41.395,582.84,920.23,10.69,4,0.00,4,10.69,8.81,35.23,1.21,2.45,,"2 frame(s); median area 5.0 px; net motion dx=4.8, dy=-4.2; flags: none"
N1358069418,T0711,1358069418-0643,0.4795,2,6,co-iss-n1358069418,1358069418,2001-01-13T09:17:24.345,802.40,812.03,12.83,6,0.00,6,12.83,10.32,61.94,1.24,3.54,,"2 frame(s); median area 5.0 px; net motion dx=-16.9, dy=-15.5; flags: none"
N1358069587,T0711,1358069587-0524,0.4795,2,7,co-iss-n1358069587,1358069587,2001-01-13T09:19:41.351,785.51,796.48,9.49,4,0.00,4,9.49,8.61,34.43,1.10,1.00,,"2 frame(s); median area 5.0 px; net motion dx=-16.9, dy=-15.5; flags: none"
N1358065818,T0582,1358065818-0381,0.4794,2,4,co-iss-n1358065818,1358065818,2001-01-13T08:17:24.370,542.66,613.32,15.41,3,0.00,3,15.41,15.22,45.66,1.01,1.73,,"2 frame(s); median area 4.0 px; net motion dx=-0.4, dy=51.1; flags: none"
N1358065987,T0582,1358065987-0492,0.4794,2,5,co-iss-n1358065987,1358065987,2001-01-13T08:19:41.376,542.29,664.41,15.22,5,0.00,5,15.22,13.67,68.36,1.11,1.73,,"2 frame(s); median area 4.0 px; net motion dx=-0.4, dy=51.1; flags: none"
N1358105418,T1023,1358105418-0427,0.4792,2,11,co-iss-n1358105418,1358105418,2001-01-13T19:17:24.095,579.87,789.38,15.24,4,0.00,4,15.24,11.38,45.54,1.34,1.17,,"2 frame(s); median area 4.5 px; net motion dx=18.2, dy=-38.7; flags: none"
N1358106096,T1023,1358106096-0149,0.4792,2,13,co-iss-n1358106096,1358106096,2001-01-13T19:29:18.122,598.09,750.64,11.16,5,0.00,5,11.16,8.20,40.98,1.36,1.79,,"2 frame(s); median area 4.5 px; net motion dx=18.2, dy=-38.7; flags: none"
N1358063118,T0462,1358063118-0337,0.4791,2,1,co-iss-n1358063118,1358063118,2001-01-13T07:32:24.388,572.91,953.59,9.75,5,0.00,5,9.75,8.10,40.50,1.20,2.89,,"2 frame(s); median area 5.5 px; net motion dx=3.6, dy=-7.8; flags: none"
N1358063796,T0462,1358063796-0157,0.4791,2,3,co-iss-n1358063796,1358063796,2001-01-13T07:44:18.415,576.49,945.83,8.27,6,0.00,6,8.27,8.25,49.47,1.00,1.15,,"2 frame(s); median area 5.5 px; net motion dx=3.6, dy=-7.8; flags: none"
N1358065818,T0607,1358065818-0594,0.4790,2,4,co-iss-n1358065818,1358065818,2001-01-13T08:17:24.370,459.64,933.00,9.59,3,0.00,3,9.59,8.90,26.70,1.08,4.39,,"2 frame(s); median area 5.0 px; net motion dx=27.9, dy=-63.3; flags: none"
N1358065987,T0607,1358065987-0646,0.4790,2,5,co-iss-n1358065987,1358065987,2001-01-13T08:19:41.376,487.53,869.73,12.58,7,0.00,7,12.58,11.58,81.06,1.09,3.63,,"2 frame(s); median area 5.0 px; net motion dx=27.9, dy=-63.3; flags: none"
N1358105418,T1041,1358105418-0636,0.4787,3,11,co-iss-n1358105418,1358105418,2001-01-13T19:17:24.095,811.22,818.94,10.31,4,0.00,4,10.31,9.06,36.23,1.14,3.60,,"3 frame(s); median area 3.0 px; net motion dx=-37.9, dy=12.4; flags: none"
N1358105587,T1041,1358105587-0563,0.4787,3,12,co-iss-n1358105587,1358105587,2001-01-13T19:19:41.102,809.10,811.29,9.88,3,0.00,3,9.88,8.10,24.31,1.22,1.73,,"3 frame(s); median area 3.0 px; net motion dx=-37.9, dy=12.4; flags: none"
N1358106096,T1041,1358106096-0673,0.4787,3,13,co-iss-n1358106096,1358106096,2001-01-13T19:29:18.122,773.31,831.36,10.04,3,0.00,3,10.04,9.33,27.99,1.08,1.73,,"3 frame(s); median area 3.0 px; net motion dx=-37.9, dy=12.4; flags: none"
N1358110818,T1540,1358110818-0430,0.4786,2,17,co-iss-n1358110818,1358110818,2001-01-13T20:47:24.058,84.57,665.58,16.75,4,0.00,4,16.75,13.49,53.97,1.24,1.00,,"2 frame(s); median area 3.5 px; net motion dx=-28.8, dy=60.6; flags: none"
N1358110987,T1540,1358110987-0433,0.4786,2,18,co-iss-n1358110987,1358110987,2001-01-13T20:49:41.065,55.75,726.22,17.79,3,0.00,3,17.79,11.15,33.45,1.60,1.73,,"2 frame(s); median area 3.5 px; net motion dx=-28.8, dy=60.6; flags: none"
N1358063287,T0519,1358063287-0095,0.4786,2,2,co-iss-n1358063287,1358063287,2001-01-13T07:34:41.395,182.78,334.21,10.09,4,0.00,4,10.09,9.24,36.96,1.09,2.45,,"2 frame(s); median area 4.5 px; net motion dx=65.8, dy=45.5; flags: none"
N1358063796,T0519,1358063796-0042,0.4786,2,3,co-iss-n1358063796,1358063796,2001-01-13T07:44:18.415,248.59,379.70,16.11,5,0.00,5,16.11,11.81,59.06,1.36,1.73,,"2 frame(s); median area 4.5 px; net motion dx=65.8, dy=45.5; flags: none"
N1358114587,T1733,1358114587-1495,0.4784,2,20,co-iss-n1358114587,1358114587,2001-01-13T21:49:41.040,341.70,992.40,10.74,6,0.00,6,10.74,9.21,55.28,1.17,1.90,,"2 frame(s); median area 5.0 px; net motion dx=22.4, dy=-80.6; flags: none"
N1358115096,T1733,1358115096-1963,0.4784,2,21,co-iss-n1358115096,1358115096,2001-01-13T21:59:18.060,364.08,911.77,11.25,4,0.00,4,11.25,8.77,35.10,1.28,1.62,,"2 frame(s); median area 5.0 px; net motion dx=22.4, dy=-80.6; flags: none"
N1358065818,T0596,1358065818-0485,0.4782,2,4,co-iss-n1358065818,1358065818,2001-01-13T08:17:24.370,606.80,763.40,12.00,5,0.00,5,12.00,12.00,59.98,1.00,1.73,,"2 frame(s); median area 4.5 px; net motion dx=17.7, dy=-51.9; flags: none"
N1358065987,T0596,1358065987-0529,0.4782,2,5,co-iss-n1358065987,1358065987,2001-01-13T08:19:41.376,624.50,711.50,14.07,4,0.00,4,14.07,14.01,56.03,1.00,1.00,,"2 frame(s); median area 4.5 px; net motion dx=17.7, dy=-51.9; flags: none"
N1358105418,T1029,1358105418-0497,0.4779,3,11,co-iss-n1358105418,1358105418,2001-01-13T19:17:24.095,739.41,797.65,12.09,3,0.00,3,12.09,9.80,29.41,1.23,1.73,,"3 frame(s); median area 3.0 px; net motion dx=-56.5, dy=0.1; flags: none"
N1358105587,T1029,1358105587-0454,0.4779,3,12,co-iss-n1358105587,1358105587,2001-01-13T19:19:41.102,746.17,790.26,12.83,3,0.00,3,12.83,10.09,30.26,1.27,4.39,,"3 frame(s); median area 3.0 px; net motion dx=-56.5, dy=0.1; flags: none"
N1358106096,T1029,1358106096-0363,0.4779,3,13,co-iss-n1358106096,1358106096,2001-01-13T19:29:18.122,682.86,797.74,9.51,7,0.00,7,9.51,8.42,58.92,1.13,1.54,,"3 frame(s); median area 3.0 px; net motion dx=-56.5, dy=0.1; flags: none"
N1358117118,T1978,1358117118-0298,0.4774,2,22,co-iss-n1358117118,1358117118,2001-01-13T22:32:24.014,429.34,950.91,9.39,7,0.00,7,9.39,8.39,58.71,1.12,1.28,,"2 frame(s); median area 5.5 px; net motion dx=25.4, dy=3.5; flags: none"
N1358117796,T1978,1358117796-0134,0.4774,2,24,co-iss-n1358117796,1358117796,2001-01-13T22:44:18.041,454.78,954.45,8.08,4,0.00,4,8.08,7.82,31.27,1.03,4.47,,"2 frame(s); median area 5.5 px; net motion dx=25.4, dy=3.5; flags: none"
N1358063118,T0506,1358063118-0887,0.4769,2,1,co-iss-n1358063118,1358063118,2001-01-13T07:32:24.388,776.70,1019.12,11.67,6,0.00,6,11.67,10.11,60.68,1.15,2.43,,"2 frame(s); median area 5.0 px; net motion dx=3.8, dy=-8.2; flags: none"
N1358063287,T0506,1358063287-0662,0.4769,2,2,co-iss-n1358063287,1358063287,2001-01-13T07:34:41.395,780.53,1010.94,9.80,4,0.00,4,9.80,8.98,35.92,1.09,2.62,,"2 frame(s); median area 5.0 px; net motion dx=3.8, dy=-8.2; flags: none"
N1358108118,T1396,1358108118-0255,0.4768,2,14,co-iss-n1358108118,1358108118,2001-01-13T20:02:24.077,571.31,937.13,11.52,6,0.00,6,11.52,8.96,53.77,1.29,3.47,,"2 frame(s); median area 5.0 px; net motion dx=3.7, dy=-21.1; flags: none"
N1358108287,T1396,1358108287-0290,0.4768,2,15,co-iss-n1358108287,1358108287,2001-01-13T20:04:41.083,575.01,916.02,9.93,4,0.00,4,9.93,9.51,38.03,1.04,1.73,,"2 frame(s); median area 5.0 px; net motion dx=3.7, dy=-21.1; flags: none"
N1358105418,T1026,1358105418-0457,0.4768,3,11,co-iss-n1358105418,1358105418,2001-01-13T19:17:24.095,590.33,794.03,9.36,3,0.00,3,9.36,8.78,26.35,1.07,4.39,,"3 frame(s); median area 3.0 px; net motion dx=2.2, dy=-43.6; flags: none"
N1358105587,T1026,1358105587-0508,0.4768,3,12,co-iss-n1358105587,1358105587,2001-01-13T19:19:41.102,583.91,801.70,9.77,3,0.00,3,9.77,8.24,24.72,1.19,1.73,,"3 frame(s); median area 3.0 px; net motion dx=2.2, dy=-43.6; flags: none"
N1358106096,T1026,1358106096-0152,0.4768,3,13,co-iss-n1358106096,1358106096,2001-01-13T19:29:18.122,592.57,750.46,10.82,4,0.00,4,10.82,9.09,36.37,1.19,5.83,,"3 frame(s); median area 3.0 px; net motion dx=2.2, dy=-43.6; flags: none"
N1358114418,T1596,1358114418-0118,0.4761,2,19,co-iss-n1358114418,1358114418,2001-01-13T21:47:24.033,482.31,698.19,12.17,3,0.00,3,12.17,9.24,27.72,1.32,1.73,,"2 frame(s); median area 4.5 px; net motion dx=10.0, dy=-14.5; flags: none"
N1358114587,T1596,1358114587-0137,0.4761,2,20,co-iss-n1358114587,1358114587,2001-01-13T21:49:41.040,492.28,683.67,13.21,6,0.00,6,13.21,9.94,59.63,1.33,4.26,,"2 frame(s); median area 4.5 px; net motion dx=10.0, dy=-14.5; flags: none"
N1358114418,T1668,1358114418-1206,0.4759,2,19,co-iss-n1358114418,1358114418,2001-01-13T21:47:24.033,193.35,871.94,8.82,3,0.00,3,8.82,8.31,24.93,1.06,1.73,,"2 frame(s); median area 5.0 px; net motion dx=-7.6, dy=-15.9; flags: none"
N1358115096,T1668,1358115096-0849,0.4759,2,21,co-iss-n1358115096,1358115096,2001-01-13T21:59:18.060,185.76,856.06,12.32,7,0.00,7,12.32,8.57,60.01,1.44,1.65,,"2 frame(s); median area 5.0 px; net motion dx=-7.6, dy=-15.9; flags: none"
N1358114418,T1637,1358114418-0685,0.4759,2,19,co-iss-n1358114418,1358114418,2001-01-13T21:47:24.033,242.10,828.69,9.74,3,0.00,3,9.74,8.17,24.50,1.19,1.73,,"2 frame(s); median area 5.0 px; net motion dx=59.2, dy=-5.4; flags: none"
N1358115096,T1637,1358115096-0514,0.4759,2,21,co-iss-n1358115096,1358115096,2001-01-13T21:59:18.060,301.30,823.27,11.38,7,0.00,7,11.38,9.33,65.31,1.22,2.57,,"2 frame(s); median area 5.0 px; net motion dx=59.2, dy=-5.4; flags: none"
N1358105587,T1131,1358105587-1572,0.4757,2,12,co-iss-n1358105587,1358105587,2001-01-13T19:19:41.102,993.89,992.99,11.62,7,0.00,7,11.62,9.06,63.39,1.28,3.41,,"2 frame(s); median area 5.0 px; net motion dx=-38.2, dy=-61.7; flags: none"
N1358106096,T1131,1358106096-2484,0.4757,2,13,co-iss-n1358106096,1358106096,2001-01-13T19:29:18.122,955.66,931.33,9.44,3,0.00,3,9.44,9.38,28.15,1.01,1.73,,"2 frame(s); median area 5.0 px; net motion dx=-38.2, dy=-61.7; flags: none"
N1358069418,T0696,1358069418-0432,0.4755,2,6,co-iss-n1358069418,1358069418,2001-01-13T09:17:24.345,705.43,782.71,11.94,3,0.00,3,11.94,9.35,28.05,1.28,1.73,,"2 frame(s); median area 4.5 px; net motion dx=10.9, dy=-7.6; flags: none"
N1358069587,T0696,1358069587-0392,0.4755,2,7,co-iss-n1358069587,1358069587,2001-01-13T09:19:41.351,716.34,775.09,13.23,6,0.00,6,13.23,9.22,55.32,1.43,1.68,,"2 frame(s); median area 4.5 px; net motion dx=10.9, dy=-7.6; flags: none"
N1358101818,T0944,1358101818-0463,0.4755,2,9,co-iss-n1358101818,1358101818,2001-01-13T18:17:24.120,123.76,684.03,16.71,3,0.00,3,16.71,11.30,33.91,1.48,4.39,,"2 frame(s); median area 3.5 px; net motion dx=45.3, dy=61.5; flags: none"
N1358101987,T0944,1358101987-0479,0.4755,2,10,co-iss-n1358101987,1358101987,2001-01-13T18:19:41.127,169.07,745.49,16.78,4,0.00,4,16.78,15.10,60.40,1.11,2.62,,"2 frame(s); median area 3.5 px; net motion dx=45.3, dy=61.5; flags: none"
N1358101818,T0906,1358101818-0177,0.4755,2,9,co-iss-n1358101818,1358101818,2001-01-13T18:17:24.120,976.18,285.59,18.37,3,0.00,3,18.37,15.03,45.08,1.22,1.73,,"2 frame(s); median area 3.0 px; net motion dx=-3.9, dy=1.1; flags: none"
N1358101987,T0906,1358101987-0172,0.4755,2,10,co-iss-n1358101987,1358101987,2001-01-13T18:19:41.127,972.31,286.66,19.29,3,0.00,3,19.29,18.65,55.95,1.03,1.73,,"2 frame(s); median area 3.0 px; net motion dx=-3.9, dy=1.1; flags: none"
N1358101818,T0900,1358101818-0125,0.4755,2,9,co-iss-n1358101818,1358101818,2001-01-13T18:17:24.120,672.31,200.79,18.54,3,0.00,3,18.54,12.88,38.63,1.44,1.73,,"2 frame(s); median area 3.0 px; net motion dx=64.4, dy=25.5; flags: none"
N1358101987,T0900,1358101987-0140,0.4755,2,10,co-iss-n1358101987,1358101987,2001-01-13T18:19:41.127,736.70,226.33,19.11,3,0.00,3,19.11,17.51,52.54,1.09,1.73,,"2 frame(s); median area 3.0 px; net motion dx=64.4, dy=25.5; flags: none"
N1358065818,T0585,1358065818-0399,0.4753,2,4,co-iss-n1358065818,1358065818,2001-01-13T08:17:24.370,273.22,638.34,16.10,3,0.00,3,16.10,12.10,36.30,1.33,1.73,,"2 frame(s); median area 3.5 px; net motion dx=-32.7, dy=-28.2; flags: none"
N1358065987,T0585,1358065987-0454,0.4753,2,5,co-iss-n1358065987,1358065987,2001-01-13T08:19:41.376,240.55,610.11,17.32,4,0.00,4,17.32,15.62,62.48,1.11,2.62,,"2 frame(s); median area 3.5 px; net motion dx=-32.7, dy=-28.2; flags: none"
N1358063118,T0457,1358063118-0307,0.4751,3,1,co-iss-n1358063118,1358063118,2001-01-13T07:32:24.388,566.33,946.62,9.40,4,0.15,4,9.40,8.07,32.29,1.16,6.17,,"3 frame(s); median area 4.0 px; net motion dx=27.6, dy=63.1; flags: none"
N1358063287,T0457,1358063287-0411,0.4751,3,2,co-iss-n1358063287,1358063287,2001-01-13T07:34:41.395,559.03,949.51,14.62,17,0.00,17,14.62,10.88,185.04,1.34,1.21,,"3 frame(s); median area 4.0 px; net motion dx=27.6, dy=63.1; flags: none"
N1358063796,T0457,1358063796-0350,0.4751,3,3,co-iss-n1358063796,1358063796,2001-01-13T07:44:18.415,593.97,1009.70,10.33,4,0.00,4,10.33,9.46,37.82,1.09,3.60,,"3 frame(s); median area 4.0 px; net motion dx=27.6, dy=63.1; flags: none"
N1358065818,T0576,1358065818-0302,0.4750,2,4,co-iss-n1358065818,1358065818,2001-01-13T08:17:24.370,694.23,498.71,16.52,3,0.00,3,16.52,11.51,34.54,1.44,1.73,,"2 frame(s); median area 3.5 px; net motion dx=15.2, dy=47.7; flags: none"
N1358065987,T0576,1358065987-0382,0.4750,2,5,co-iss-n1358065987,1358065987,2001-01-13T08:19:41.376,709.47,546.38,16.79,4,0.00,4,16.79,12.60,50.39,1.33,1.00,,"2 frame(s); median area 3.5 px; net motion dx=15.2, dy=47.7; flags: none"
N1358063118,T0494,1358063118-0794,0.4748,3,1,co-iss-n1358063118,1358063118,2001-01-13T07:32:24.388,755.63,1012.58,9.73,5,0.00,5,9.73,8.41,42.04,1.16,2.09,,"3 frame(s); median area 5.0 px; net motion dx=-68.6, dy=3.2; flags: none"
N1358063287,T0494,1358063287-0621,0.4748,3,2,co-iss-n1358063287,1358063287,2001-01-13T07:34:41.395,754.00,1007.33,8.19,3,0.00,3,8.19,8.19,24.57,1.00,4.39,,"3 frame(s); median area 5.0 px; net motion dx=-68.6, dy=3.2; flags: none"
N1358063796,T0494,1358063796-0416,0.4748,3,3,co-iss-n1358063796,1358063796,2001-01-13T07:44:18.415,687.01,1015.79,8.27,5,0.00,5,8.27,7.71,38.53,1.07,5.21,,"3 frame(s); median area 5.0 px; net motion dx=-68.6, dy=3.2; flags: none"
N1358114418,T1604,1358114418-0174,0.4742,2,19,co-iss-n1358114418,1358114418,2001-01-13T21:47:24.033,433.05,734.85,11.02,7,0.00,7,11.02,8.46,59.20,1.30,1.57,,"2 frame(s); median area 5.0 px; net motion dx=41.3, dy=-29.8; flags: none"
N1358114587,T1604,1358114587-0166,0.4742,2,20,co-iss-n1358114587,1358114587,2001-01-13T21:49:41.040,474.34,705.08,9.56,3,0.00,3,9.56,8.55,25.66,1.12,1.73,,"2 frame(s); median area 5.0 px; net motion dx=41.3, dy=-29.8; flags: none"
N1358063118,T0451,1358063118-0252,0.4742,2,1,co-iss-n1358063118,1358063118,2001-01-13T07:32:24.388,589.01,927.79,10.76,5,0.15,5,10.76,8.58,42.91,1.25,7.25,,"2 frame(s); median area 5.0 px; net motion dx=-10.8, dy=-3.2; flags: none"
N1358063287,T0451,1358063287-0326,0.4742,2,2,co-iss-n1358063287,1358063287,2001-01-13T07:34:41.395,578.22,924.62,9.80,5,0.00,5,9.80,9.20,46.00,1.07,4.39,,"2 frame(s); median area 5.0 px; net motion dx=-10.8, dy=-3.2; flags: none"
N1358069418,T0723,1358069418-0939,0.4740,2,6,co-iss-n1358069418,1358069418,2001-01-13T09:17:24.345,910.86,839.55,9.72,6,0.00,6,9.72,7.94,47.62,1.22,2.66,,"2 frame(s); median area 5.0 px; net motion dx=-28.0, dy=-15.3; flags: none"
N1358069587,T0723,1358069587-0702,0.4740,2,7,co-iss-n1358069587,1358069587,2001-01-13T09:19:41.351,882.82,824.23,10.78,4,0.00,4,10.78,9.29,37.18,1.16,2.45,,"2 frame(s); median area 5.0 px; net motion dx=-28.0, dy=-15.3; flags: none"
N1358117118,T1981,1358117118-0355,0.4736,3,22,co-iss-n1358117118,1358117118,2001-01-13T22:32:24.014,405.25,962.54,11.25,5,0.00,5,11.25,8.86,44.28,1.27,1.73,,"3 frame(s); median area 3.0 px; net motion dx=10.7, dy=16.1; flags: none"
N1358117287,T1981,1358117287-0393,0.4736,3,23,co-iss-n1358117287,1358117287,2001-01-13T22:34:41.021,406.67,958.00,8.25,3,0.00,3,8.25,8.25,24.74,1.00,4.39,,"3 frame(s); median area 3.0 px; net motion dx=10.7, dy=16.1; flags: none"
N1358117796,T1981,1358117796-0177,0.4736,3,24,co-iss-n1358117796,1358117796,2001-01-13T22:44:18.041,416.00,978.67,8.08,3,0.00,3,8.08,8.08,24.25,1.00,1.73,,"3 frame(s); median area 3.0 px; net motion dx=10.7, dy=16.1; flags: none"
N1358069418,T0753,1358069418-1681,0.4735,2,6,co-iss-n1358069418,1358069418,2001-01-13T09:17:24.345,989.57,892.61,10.43,5,0.00,5,10.43,9.37,46.86,1.11,3.40,,"2 frame(s); median area 5.0 px; net motion dx=0.6, dy=-21.8; flags: none"
N1358069587,T0753,1358069587-1092,0.4735,2,7,co-iss-n1358069587,1358069587,2001-01-13T09:19:41.351,990.16,870.81,9.91,5,0.00,5,9.91,8.55,42.73,1.16,1.62,,"2 frame(s); median area 5.0 px; net motion dx=0.6, dy=-21.8; flags: none"
N1358117118,T1954,1358117118-0054,0.4735,2,22,co-iss-n1358117118,1358117118,2001-01-13T22:32:24.014,425.50,264.28,25.91,3,0.00,3,25.91,17.33,52.00,1.49,1.73,,"2 frame(s); median area 3.0 px; net motion dx=52.8, dy=-2.0; flags: none"
N1358117287,T1954,1358117287-0074,0.4735,2,23,co-iss-n1358117287,1358117287,2001-01-13T22:34:41.021,478.27,262.32,11.10,3,0.00,3,11.10,8.96,26.87,1.24,1.73,,"2 frame(s); median area 3.0 px; net motion dx=52.8, dy=-2.0; flags: none"
N1358069418,T0720,1358069418-0847,0.4728,2,6,co-iss-n1358069418,1358069418,2001-01-13T09:17:24.345,797.53,832.31,10.43,4,0.00,4,10.43,8.40,33.58,1.24,2.70,,"2 frame(s); median area 5.0 px; net motion dx=-15.0, dy=-33.2; flags: none"
N1358069587,T0720,1358069587-0535,0.4728,2,7,co-iss-n1358069587,1358069587,2001-01-13T09:19:41.351,782.57,799.15,9.68,6,0.00,6,9.68,8.68,52.11,1.11,1.31,,"2 frame(s); median area 5.0 px; net motion dx=-15.0, dy=-33.2; flags: none"
N1358114418,T1662,1358114418-1124,0.4727,2,19,co-iss-n1358114418,1358114418,2001-01-13T21:47:24.033,62.92,866.38,8.82,3,0.00,3,8.82,7.73,23.19,1.14,4.39,,"2 frame(s); median area 5.0 px; net motion dx=39.0, dy=12.4; flags: none"
N1358115096,T1662,1358115096-1226,0.4727,2,21,co-iss-n1358115096,1358115096,2001-01-13T21:59:18.060,101.97,878.77,11.25,7,0.00,7,11.25,9.43,66.02,1.19,3.43,,"2 frame(s); median area 5.0 px; net motion dx=39.0, dy=12.4; flags: none"
N1358105418,T1028,1358105418-0479,0.4723,3,11,co-iss-n1358105418,1358105418,2001-01-13T19:17:24.095,731.29,795.30,10.89,3,0.00,3,10.89,8.80,26.41,1.24,1.73,,"3 frame(s); median area 3.0 px; net motion dx=-60.6, dy=0.3; flags: none"
N1358105587,T1028,1358105587-0426,0.4723,3,12,co-iss-n1358105587,1358105587,2001-01-13T19:19:41.102,736.82,786.06,9.99,4,0.00,4,9.99,8.51,34.05,1.17,1.62,,"3 frame(s); median area 3.0 px; net motion dx=-60.6, dy=0.3; flags: none"
N1358106096,T1028,1358106096-0352,0.4723,3,13,co-iss-n1358106096,1358106096,2001-01-13T19:29:18.122,670.72,795.56,11.79,3,0.00,3,11.79,9.01,27.03,1.31,1.73,,"3 frame(s); median area 3.0 px; net motion dx=-60.6, dy=0.3; flags: none"
N1358101818,T0912,1358101818-0207,0.4721,2,9,co-iss-n1358101818,1358101818,2001-01-13T18:17:24.120,444.20,325.64,17.63,5,0.00,5,17.63,12.55,62.74,1.40,2.62,,"2 frame(s); median area 4.0 px; net motion dx=-19.5, dy=30.7; flags: none"
N1358101987,T0912,1358101987-0217,0.4721,2,10,co-iss-n1358101987,1358101987,2001-01-13T18:19:41.127,424.72,356.31,10.58,3,0.00,3,10.58,8.66,25.98,1.22,1.73,,"2 frame(s); median area 4.0 px; net motion dx=-19.5, dy=30.7; flags: none"
N1358105418,T1078,1358105418-1389,0.4711,3,11,co-iss-n1358105418,1358105418,2001-01-13T19:17:24.095,629.59,878.13,12.07,3,0.00,3,12.07,9.85,29.55,1.22,4.39,,"3 frame(s); median area 3.0 px; net motion dx=-38.3, dy=-70.4; flags: none"
N1358105587,T1078,1358105587-1089,0.4711,3,12,co-iss-n1358105587,1358105587,2001-01-13T19:19:41.102,618.30,877.97,11.40,3,0.00,3,11.40,8.94,26.83,1.27,4.39,,"3 frame(s); median area 3.0 px; net motion dx=-38.3, dy=-70.4; flags: none"
N1358106096,T1078,1358106096-0431,0.4711,3,13,co-iss-n1358106096,1358106096,2001-01-13T19:29:18.122,591.34,807.69,8.37,3,0.00,3,8.37,8.03,24.08,1.04,1.73,,"3 frame(s); median area 3.0 px; net motion dx=-38.3, dy=-70.4; flags: none"
N1358105418,T1039,1358105418-0631,0.4710,2,11,co-iss-n1358105418,1358105418,2001-01-13T19:17:24.095,789.95,818.42,11.39,6,0.00,6,11.39,9.43,56.56,1.21,1.64,,"2 frame(s); median area 5.0 px; net motion dx=-49.4, dy=1.3; flags: none"
N1358106096,T1039,1358106096-0546,0.4710,2,13,co-iss-n1358106096,1358106096,2001-01-13T19:29:18.122,740.51,819.76,8.12,4,0.00,4,8.12,7.85,31.40,1.03,2.70,,"2 frame(s); median area 5.0 px; net motion dx=-49.4, dy=1.3; flags: none"
N1358117118,T2013,1358117118-0682,0.4709,2,22,co-iss-n1358117118,1358117118,2001-01-13T22:32:24.014,361.58,1010.36,9.39,5,0.00,5,9.39,8.07,40.36,1.16,1.28,,"2 frame(s); median area 5.0 px; net motion dx=14.0, dy=-6.6; flags: none"
N1358117796,T2013,1358117796-0272,0.4709,2,24,co-iss-n1358117796,1358117796,2001-01-13T22:44:18.041,375.57,1003.76,10.09,5,0.00,5,10.09,9.14,45.72,1.10,2.25,,"2 frame(s); median area 5.0 px; net motion dx=14.0, dy=-6.6; flags: none"
N1358101818,T0960,1358101818-0628,0.4708,2,9,co-iss-n1358101818,1358101818,2001-01-13T18:17:24.120,438.47,973.27,10.16,4,0.00,4,10.16,9.47,37.89,1.07,4.47,,"2 frame(s); median area 5.0 px; net motion dx=-32.9, dy=18.4; flags: none"
N1358101987,T0960,1358101987-0635,0.4708,2,10,co-iss-n1358101987,1358101987,2001-01-13T18:19:41.127,405.54,991.66,9.27,6,0.00,6,9.27,8.99,53.96,1.03,2.67,,"2 frame(s); median area 5.0 px; net motion dx=-32.9, dy=18.4; flags: none"
N1358105418,T1066,1358105418-1090,0.4707,2,11,co-iss-n1358105418,1358105418,2001-01-13T19:17:24.095,663.01,856.54,11.98,3,0.00,3,11.98,8.73,26.19,1.37,1.73,,"2 frame(s); median area 4.0 px; net motion dx=-26.1, dy=-77.3; flags: none"
N1358106096,T1066,1358106096-0262,0.4707,2,13,co-iss-n1358106096,1358106096,2001-01-13T19:29:18.122,636.91,779.24,15.76,5,0.00,5,15.76,10.92,54.58,1.44,3.40,,"2 frame(s); median area 4.0 px; net motion dx=-26.1, dy=-77.3; flags: none"
N1358065818,T0573,1358065818-0259,0.4705,2,4,co-iss-n1358065818,1358065818,2001-01-13T08:17:24.370,300.36,427.27,17.80,3,0.00,3,17.80,16.28,48.83,1.09,1.73,,"2 frame(s); median area 3.0 px; net motion dx=22.4, dy=22.1; flags: none"
N1358065987,T0573,1358065987-0299,0.4705,2,5,co-iss-n1358065987,1358065987,2001-01-13T08:19:41.376,322.77,449.39,18.20,3,0.00,3,18.20,15.75,47.26,1.16,1.73,,"2 frame(s); median area 3.0 px; net motion dx=22.4, dy=22.1; flags: none"
N1358110818,T1531,1358110818-0329,0.4704,2,17,co-iss-n1358110818,1358110818,2001-01-13T20:47:24.058,451.53,538.60,15.46,4,0.00,4,15.46,14.42,57.66,1.07,5.83,,"2 frame(s); median area 3.5 px; net motion dx=8.9, dy=0.2; flags: none"
N1358110987,T1531,1358110987-0322,0.4704,2,18,co-iss-n1358110987,1358110987,2001-01-13T20:49:41.065,460.41,538.81,16.36,3,0.00,3,16.36,13.40,40.20,1.22,1.73,,"2 frame(s); median area 3.5 px; net motion dx=8.9, dy=0.2; flags: none"
N1358117118,T1979,1358117118-0331,0.4703,2,22,co-iss-n1358117118,1358117118,2001-01-13T22:32:24.014,466.37,957.21,9.39,6,0.00,6,9.39,8.20,49.19,1.15,1.81,,"2 frame(s); median area 5.0 px; net motion dx=15.2, dy=-33.5; flags: none"
N1358117287,T1979,1358117287-0320,0.4703,2,23,co-iss-n1358117287,1358117287,2001-01-13T22:34:41.021,481.59,923.74,9.86,4,0.00,4,9.86,8.94,35.74,1.10,4.47,,"2 frame(s); median area 5.0 px; net motion dx=15.2, dy=-33.5; flags: none"
N1358117118,T2007,1358117118-0657,0.4699,3,22,co-iss-n1358117118,1358117118,2001-01-13T22:32:24.014,344.24,1009.03,9.39,11,0.00,11,9.39,8.65,95.17,1.09,2.84,,"3 frame(s); median area 5.0 px; net motion dx=22.3, dy=-1.5; flags: none"
N1358117287,T2007,1358117287-0548,0.4699,3,23,co-iss-n1358117287,1358117287,2001-01-13T22:34:41.021,345.00,1009.95,8.25,5,0.00,5,8.25,7.97,39.84,1.03,2.62,,"3 frame(s); median area 5.0 px; net motion dx=22.3, dy=-1.5; flags: none"
N1358117796,T2007,1358117796-0294,0.4699,3,24,co-iss-n1358117796,1358117796,2001-01-13T22:44:18.041,366.50,1007.55,10.09,5,0.00,5,10.09,9.06,45.30,1.11,2.09,,"3 frame(s); median area 5.0 px; net motion dx=22.3, dy=-1.5; flags: none"
N1358101818,T0919,1358101818-0246,0.4699,2,9,co-iss-n1358101818,1358101818,2001-01-13T18:17:24.120,351.00,386.60,17.38,3,0.00,3,17.38,14.65,43.94,1.19,4.39,,"2 frame(s); median area 3.0 px; net motion dx=64.8, dy=-7.4; flags: none"
N1358101987,T0919,1358101987-0230,0.4699,2,10,co-iss-n1358101987,1358101987,2001-01-13T18:19:41.127,415.78,379.17,18.42,3,0.00,3,18.42,14.03,42.09,1.31,4.39,,"2 frame(s); median area 3.0 px; net motion dx=64.8, dy=-7.4; flags: none"
N1358069418,T0730,1358069418-1049,0.4699,2,6,co-iss-n1358069418,1358069418,2001-01-13T09:17:24.345,607.77,847.84,13.67,4,0.00,4,13.67,9.34,37.36,1.46,2.45,,"2 frame(s); median area 4.5 px; net motion dx=-12.5, dy=6.7; flags: none"
N1358069587,T0730,1358069587-0971,0.4699,2,7,co-iss-n1358069587,1358069587,2001-01-13T09:19:41.351,595.23,854.56,9.62,5,0.00,5,9.62,8.27,41.33,1.16,1.73,,"2 frame(s); median area 4.5 px; net motion dx=-12.5, dy=6.7; flags: none"
N1358108118,T1384,1358108118-0165,0.4698,2,14,co-iss-n1358108118,1358108118,2001-01-13T20:02:24.077,776.67,638.88,16.65,3,0.00,3,16.65,12.29,36.87,1.35,4.39,,"2 frame(s); median area 3.0 px; net motion dx=-12.4, dy=53.4; flags: none"
N1358108796,T1384,1358108796-0134,0.4698,2,16,co-iss-n1358108796,1358108796,2001-01-13T20:14:18.103,764.29,692.29,19.11,3,0.00,3,19.11,12.75,38.26,1.50,1.73,,"2 frame(s); median area 3.0 px; net motion dx=-12.4, dy=53.4; flags: none"
N1358101818,T0926,1358101818-0299,0.4691,2,9,co-iss-n1358101818,1358101818,2001-01-13T18:17:24.120,489.68,452.69,10.08,3,0.00,3,10.08,9.19,27.56,1.10,1.73,,"2 frame(s); median area 4.0 px; net motion dx=-18.1, dy=52.6; flags: none"
N1358101987,T0926,1358101987-0308,0.4691,2,10,co-iss-n1358101987,1358101987,2001-01-13T18:19:41.127,471.55,505.33,17.13,5,0.00,5,17.13,15.39,76.97,1.11,3.40,,"2 frame(s); median area 4.0 px; net motion dx=-18.1, dy=52.6; flags: none"
N1358105418,T1062,1358105418-1042,0.4690,2,11,co-iss-n1358105418,1358105418,2001-01-13T19:17:24.095,768.95,852.62,9.27,3,0.00,3,9.27,8.17,24.50,1.13,4.39,,"2 frame(s); median area 5.0 px; net motion dx=-37.8, dy=-33.2; flags: none"
N1358106096,T1062,1358106096-0534,0.4690,2,13,co-iss-n1358106096,1358106096,2001-01-13T19:29:18.122,731.16,819.41,9.57,7,0.00,7,9.57,8.18,57.26,1.17,2.59,,"2 frame(s); median area 5.0 px; net motion dx=-37.8, dy=-33.2; flags: none"
N1358065818,T0571,1358065818-0228,0.4684,2,4,co-iss-n1358065818,1358065818,2001-01-13T08:17:24.370,499.63,385.26,17.72,3,0.00,3,17.72,15.89,47.66,1.12,1.73,,"2 frame(s); median area 3.0 px; net motion dx=-54.2, dy=-53.5; flags: none"
N1358065987,T0571,1358065987-0198,0.4684,2,5,co-iss-n1358065987,1358065987,2001-01-13T08:19:41.376,445.42,331.80,17.57,3,0.00,3,17.57,13.88,41.63,1.27,1.73,,"2 frame(s); median area 3.0 px; net motion dx=-54.2, dy=-53.5; flags: none"
N1358117118,T2022,1358117118-0772,0.4682,2,22,co-iss-n1358117118,1358117118,2001-01-13T22:32:24.014,296.19,1019.23,11.25,6,0.00,6,11.25,8.70,52.18,1.29,2.67,,"2 frame(s); median area 4.5 px; net motion dx=-2.9, dy=-13.8; flags: none"
N1358117287,T2022,1358117287-0512,0.4682,2,23,co-iss-n1358117287,1358117287,2001-01-13T22:34:41.021,293.25,1005.41,11.47,3,0.00,3,11.47,9.38,28.15,1.22,1.73,,"2 frame(s); median area 4.5 px; net motion dx=-2.9, dy=-13.8; flags: none"
N1358105418,T1013,1358105418-0242,0.4681,2,11,co-iss-n1358105418,1358105418,2001-01-13T19:17:24.095,632.77,749.95,13.08,5,0.00,5,13.08,10.03,50.14,1.30,1.43,,"2 frame(s); median area 4.0 px; net motion dx=-37.2, dy=-3.1; flags: none"
N1358106096,T1013,1358106096-0142,0.4681,2,13,co-iss-n1358106096,1358106096,2001-01-13T19:29:18.122,595.62,746.80,13.77,3,0.00,3,13.77,11.31,33.93,1.22,1.73,,"2 frame(s); median area 4.0 px; net motion dx=-37.2, dy=-3.1; flags: none"
N1358069418,T0771,1358069418-2601,0.4674,2,6,co-iss-n1358069418,1358069418,2001-01-13T09:17:24.345,687.08,969.17,9.88,7,0.00,7,9.88,7.93,55.49,1.25,2.41,,"2 frame(s); median area 5.0 px; net motion dx=-23.4, dy=-9.5; flags: none"
N1358069587,T0771,1358069587-1529,0.4674,2,7,co-iss-n1358069587,1358069587,2001-01-13T09:19:41.351,663.65,959.68,8.43,3,0.00,3,8.43,8.05,24.16,1.05,1.73,,"2 frame(s); median area 5.0 px; net motion dx=-23.4, dy=-9.5; flags: none"
N1358110818,T1499,1358110818-0079,0.4665,2,17,co-iss-n1358110818,1358110818,2001-01-13T20:47:24.058,20.78,143.39,19.82,3,0.00,3,19.82,17.02,51.05,1.16,1.73,,"2 frame(s); median area 3.0 px; net motion dx=5.9, dy=7.9; flags: none"
N1358110987,T1499,1358110987-0075,0.4665,2,18,co-iss-n1358110987,1358110987,2001-01-13T20:49:41.065,26.70,151.34,14.86,3,0.00,3,14.86,13.71,41.14,1.08,1.73,,"2 frame(s); median area 3.0 px; net motion dx=5.9, dy=7.9; flags: none"
N1358063287,T0512,1358063287-0006,0.4665,2,2,co-iss-n1358063287,1358063287,2001-01-13T07:34:41.395,643.24,31.76,16.18,3,0.00,3,16.18,10.27,30.80,1.58,1.73,,"2 frame(s); median area 3.0 px; net motion dx=3.2, dy=69.8; flags: none"
N1358063796,T0512,1358063796-0009,0.4665,2,3,co-iss-n1358063796,1358063796,2001-01-13T07:44:18.415,646.42,101.61,18.50,3,0.00,3,18.50,14.74,44.21,1.26,1.73,,"2 frame(s); median area 3.0 px; net motion dx=3.2, dy=69.8; flags: none"
N1358117118,T2023,1358117118-0774,0.4663,2,22,co-iss-n1358117118,1358117118,2001-01-13T22:32:24.014,343.01,1018.69,8.09,3,0.00,3,8.09,7.71,23.13,1.05,1.73,,"2 frame(s); median area 5.0 px; net motion dx=-69.6, dy=-0.8; flags: none"
N1358117287,T2023,1358117287-0623,0.4663,2,23,co-iss-n1358117287,1358117287,2001-01-13T22:34:41.021,273.43,1017.88,9.86,7,0.00,7,9.86,8.85,61.95,1.11,1.81,,"2 frame(s); median area 5.0 px; net motion dx=-69.6, dy=-0.8; flags: none"
N1358101818,T0890,1358101818-0046,0.4663,2,9,co-iss-n1358101818,1358101818,2001-01-13T18:17:24.120,281.17,81.58,17.88,4,0.00,4,17.88,10.54,42.16,1.70,4.47,,"2 frame(s); median area 3.5 px; net motion dx=-4.1, dy=27.2; flags: none"
N1358101987,T0890,1358101987-0069,0.4663,2,10,co-iss-n1358101987,1358101987,2001-01-13T18:19:41.127,277.04,108.74,12.53,3,0.00,3,12.53,9.42,28.25,1.33,4.39,,"2 frame(s); median area 3.5 px; net motion dx=-4.1, dy=27.2; flags: none"
N1358063287,T0514,1358063287-0020,0.4661,2,2,co-iss-n1358063287,1358063287,2001-01-13T07:34:41.395,840.48,74.17,22.69,3,0.00,3,22.69,14.41,43.23,1.57,1.73,,"2 frame(s); median area 3.0 px; net motion dx=11.8, dy=-10.3; flags: none"
N1358063796,T0514,1358063796-0007,0.4661,2,3,co-iss-n1358063796,1358063796,2001-01-13T07:44:18.415,852.27,63.87,11.86,3,0.00,3,11.86,9.88,29.64,1.20,4.39,,"2 frame(s); median area 3.0 px; net motion dx=11.8, dy=-10.3; flags: none"
N1358065818,T0566,1358065818-0195,0.4661,2,4,co-iss-n1358065818,1358065818,2001-01-13T08:17:24.370,530.73,321.94,18.06,4,0.00,4,18.06,16.99,67.95,1.06,1.63,,"2 frame(s); median area 3.5 px; net motion dx=-13.5, dy=-75.5; flags: none"
N1358065987,T0566,1358065987-0142,0.4661,2,5,co-iss-n1358065987,1358065987,2001-01-13T08:19:41.376,517.28,246.44,12.30,3,0.00,3,12.30,9.40,28.20,1.31,1.73,,"2 frame(s); median area 3.5 px; net motion dx=-13.5, dy=-75.5; flags: none"
N1358117118,T1967,1358117118-0180,0.4660,2,22,co-iss-n1358117118,1358117118,2001-01-13T22:32:24.014,284.65,760.25,19.55,3,0.00,3,19.55,16.56,49.67,1.18,1.73,,"2 frame(s); median area 3.0 px; net motion dx=-6.9, dy=79.3; flags: none"
N1358117796,T1967,1358117796-0103,0.4660,2,24,co-iss-n1358117796,1358117796,2001-01-13T22:44:18.041,277.78,839.56,14.95,3,0.00,3,14.95,11.35,34.05,1.32,4.39,,"2 frame(s); median area 3.0 px; net motion dx=-6.9, dy=79.3; flags: none"
N1358110818,T1532,1358110818-0344,0.4658,2,17,co-iss-n1358110818,1358110818,2001-01-13T20:47:24.058,218.29,558.44,12.04,3,0.00,3,12.04,9.16,27.49,1.31,1.73,,"2 frame(s); median area 4.0 px; net motion dx=40.2, dy=-40.3; flags: none"
N1358110987,T1532,1358110987-0303,0.4658,2,18,co-iss-n1358110987,1358110987,2001-01-13T20:49:41.065,258.48,518.10,14.06,5,0.00,5,14.06,11.11,55.56,1.27,4.39,,"2 frame(s); median area 4.0 px; net motion dx=40.2, dy=-40.3; flags: none"
N1358110818,T1510,1358110818-0190,0.4658,2,17,co-iss-n1358110818,1358110818,2001-01-13T20:47:24.058,952.67,319.67,17.24,3,0.00,3,17.24,17.24,51.71,1.00,1.73,,"2 frame(s); median area 3.0 px; net motion dx=66.6, dy=-38.4; flags: none"
N1358110987,T1510,1358110987-0151,0.4658,2,18,co-iss-n1358110987,1358110987,2001-01-13T20:49:41.065,1019.28,281.29,17.20,3,0.00,3,17.20,13.54,40.61,1.27,1.73,,"2 frame(s); median area 3.0 px; net motion dx=66.6, dy=-38.4; flags: none"
N1358114418,T1659,1358114418-1033,0.4658,2,19,co-iss-n1358114418,1358114418,2001-01-13T21:47:24.033,225.03,860.34,8.82,3,0.00,3,8.82,8.39,25.17,1.05,4.39,,"2 frame(s); median area 4.5 px; net motion dx=56.9, dy=-26.9; flags: none"
N1358115096,T1659,1358115096-0609,0.4658,2,21,co-iss-n1358115096,1358115096,2001-01-13T21:59:18.060,281.91,833.47,13.10,6,0.00,6,13.10,9.95,59.68,1.32,3.09,,"2 frame(s); median area 4.5 px; net motion dx=56.9, dy=-26.9; flags: none"
N1358108118,T1414,1358108118-0394,0.4656,2,14,co-iss-n1358108118,1358108118,2001-01-13T20:02:24.077,651.34,969.32,9.62,6,0.00,6,9.62,9.27,55.65,1.04,3.37,,"2 frame(s); median area 4.5 px; net motion dx=-18.9, dy=5.7; flags: none"
N1358108796,T1414,1358108796-0243,0.4656,2,16,co-iss-n1358108796,1358108796,2001-01-13T20:14:18.103,632.44,975.05,12.26,3,0.00,3,12.26,9.33,27.99,1.31,1.73,,"2 frame(s); median area 4.5 px; net motion dx=-18.9, dy=5.7; flags: none"
N1358105418,T1003,1358105418-0157,0.4652,2,11,co-iss-n1358105418,1358105418,2001-01-13T19:17:24.095,577.88,722.64,12.39,4,0.00,4,12.39,9.33,37.33,1.33,2.45,,"2 frame(s); median area 4.0 px; net motion dx=-11.1, dy=-0.2; flags: none"
N1358106096,T1003,1358106096-0099,0.4652,2,13,co-iss-n1358106096,1358106096,2001-01-13T19:29:18.122,566.81,722.47,13.51,4,0.00,4,13.51,10.91,43.63,1.24,2.70,,"2 frame(s); median area 4.0 px; net motion dx=-11.1, dy=-0.2; flags: none"
N1358114418,T1655,1358114418-0910,0.4650,2,19,co-iss-n1358114418,1358114418,2001-01-13T21:47:24.033,109.27,850.38,10.88,3,0.00,3,10.88,9.49,28.47,1.15,1.73,,"2 frame(s); median area 4.0 px; net motion dx=24.5, dy=17.3; flags: none"
N1358115096,T1655,1358115096-1042,0.4650,2,21,co-iss-n1358115096,1358115096,2001-01-13T21:59:18.060,133.76,867.70,14.96,5,0.00,5,14.96,10.68,53.39,1.40,2.89,,"2 frame(s); median area 4.0 px; net motion dx=24.5, dy=17.3; flags: none"
N1358117118,T1990,1358117118-0462,0.4649,2,22,co-iss-n1358117118,1358117118,2001-01-13T22:32:24.014,383.89,980.96,9.39,5,0.00,5,9.39,8.79,43.95,1.07,2.62,,"2 frame(s); median area 5.0 px; net motion dx=17.7, dy=6.6; flags: none"
N1358117796,T1990,1358117796-0191,0.4649,2,24,co-iss-n1358117796,1358117796,2001-01-13T22:44:18.041,401.60,987.60,8.08,5,0.00,5,8.08,8.08,40.41,1.00,1.48,,"2 frame(s); median area 5.0 px; net motion dx=17.7, dy=6.6; flags: none"
N1358105418,T1053,1358105418-0836,0.4644,2,11,co-iss-n1358105418,1358105418,2001-01-13T19:17:24.095,712.12,836.31,10.50,3,0.00,3,10.50,8.58,25.75,1.22,1.73,,"2 frame(s); median area 4.5 px; net motion dx=-46.7, dy=-48.5; flags: none"
N1358106096,T1053,1358106096-0306,0.4644,2,13,co-iss-n1358106096,1358106096,2001-01-13T19:29:18.122,665.38,787.79,10.97,6,0.00,6,10.97,8.91,53.47,1.23,3.47,,"2 frame(s); median area 4.5 px; net motion dx=-46.7, dy=-48.5; flags: none"
N1358065818,T0560,1358065818-0141,0.4644,2,4,co-iss-n1358065818,1358065818,2001-01-13T08:17:24.370,367.34,240.04,10.37,3,0.00,3,10.37,9.70,29.11,1.07,4.39,,"2 frame(s); median area 3.5 px; net motion dx=61.2, dy=30.4; flags: none"
N1358065987,T0560,1358065987-0160,0.4644,2,5,co-iss-n1358065987,1358065987,2001-01-13T08:19:41.376,428.51,270.49,19.43,4,0.00,4,19.43,19.17,76.66,1.01,1.00,,"2 frame(s); median area 3.5 px; net motion dx=61.2, dy=30.4; flags: none"
N1358105418,T1051,1358105418-0809,0.4643,2,11,co-iss-n1358105418,1358105418,2001-01-13T19:17:24.095,633.06,834.34,10.60,3,0.00,3,10.60,8.85,26.55,1.20,4.39,,"2 frame(s); median area 4.5 px; net motion dx=-10.3, dy=-70.5; flags: none"
N1358106096,T1051,1358106096-0193,0.4643,2,13,co-iss-n1358106096,1358106096,2001-01-13T19:29:18.122,622.79,763.89,10.82,6,0.15,6,10.82,9.72,58.31,1.11,6.37,,"2 frame(s); median area 4.5 px; net motion dx=-10.3, dy=-70.5; flags: none"
N1358063118,T0492,1358063118-0776,0.4642,3,1,co-iss-n1358063118,1358063118,2001-01-13T07:32:24.388,614.33,1011.00,9.75,3,0.00,3,9.75,9.75,29.26,1.00,4.39,,"3 frame(s); median area 6.0 px; net motion dx=-8.2, dy=-9.3; flags: none"
N1358063287,T0492,1358063287-0580,0.4642,3,2,co-iss-n1358063287,1358063287,2001-01-13T07:34:41.395,606.21,1001.70,8.19,6,0.00,6,8.19,7.76,46.54,1.06,2.08,,"3 frame(s); median area 6.0 px; net motion dx=-8.2, dy=-9.3; flags: none"
N1358063796,T0492,1358063796-0296,0.4642,3,3,co-iss-n1358063796,1358063796,2001-01-13T07:44:18.415,606.17,1001.67,8.27,6,0.00,6,8.27,8.27,49.64,1.00,2.08,,"3 frame(s); median area 6.0 px; net motion dx=-8.2, dy=-9.3; flags: none"
N1358069418,T0719,1358069418-0831,0.4639,2,6,co-iss-n1358069418,1358069418,2001-01-13T09:17:24.345,864.82,830.95,11.90,4,0.00,4,11.90,9.98,39.92,1.19,3.60,,"2 frame(s); median area 4.0 px; net motion dx=-22.5, dy=-16.3; flags: none"
N1358069587,T0719,1358069587-0624,0.4639,2,7,co-iss-n1358069587,1358069587,2001-01-13T09:19:41.351,842.36,814.68,13.57,4,0.00,4,13.57,9.44,37.74,1.44,2.45,,"2 frame(s); median area 4.0 px; net motion dx=-22.5, dy=-16.3; flags: none"
N1358101818,T0957,1358101818-0598,0.4639,2,9,co-iss-n1358101818,1358101818,2001-01-13T18:17:24.120,95.27,889.01,15.97,3,0.00,3,15.97,11.16,33.48,1.43,4.39,,"2 frame(s); median area 3.0 px; net motion dx=36.1, dy=71.3; flags: none"
N1358101987,T0957,1358101987-0608,0.4639,2,10,co-iss-n1358101987,1358101987,2001-01-13T18:19:41.127,131.38,960.29,17.82,3,0.00,3,17.82,15.72,47.16,1.13,1.73,,"2 frame(s); median area 3.0 px; net motion dx=36.1, dy=71.3; flags: none"
N1358114418,T1633,1358114418-0655,0.4636,2,19,co-iss-n1358114418,1358114418,2001-01-13T21:47:24.033,248.46,825.86,10.27,5,0.00,5,10.27,9.50,47.52,1.08,4.39,,"2 frame(s); median area 4.5 px; net motion dx=58.8, dy=-5.6; flags: none"
N1358115096,T1633,1358115096-0487,0.4636,2,21,co-iss-n1358115096,1358115096,2001-01-13T21:59:18.060,307.26,820.27,10.92,4,0.00,4,10.92,9.97,39.87,1.10,2.45,,"2 frame(s); median area 4.5 px; net motion dx=58.8, dy=-5.6; flags: none"
N1358065818,T0578,1358065818-0348,0.4632,2,4,co-iss-n1358065818,1358065818,2001-01-13T08:17:24.370,386.62,564.23,16.44,3,0.00,3,16.44,14.02,42.05,1.17,1.73,,"2 frame(s); median area 3.0 px; net motion dx=-6.3, dy=-18.9; flags: none"
N1358065987,T0578,1358065987-0381,0.4632,2,5,co-iss-n1358065987,1358065987,2001-01-13T08:19:41.376,380.30,545.37,17.15,3,0.00,3,17.15,15.56,46.67,1.10,1.73,,"2 frame(s); median area 3.0 px; net motion dx=-6.3, dy=-18.9; flags: none"
N1358110818,T1512,1358110818-0201,0.4632,2,17,co-iss-n1358110818,1358110818,2001-01-13T20:47:24.058,706.18,335.33,11.79,4,0.00,4,11.79,10.05,40.22,1.17,4.47,,"2 frame(s); median area 3.5 px; net motion dx=-19.5, dy=-29.0; flags: none"
N1358110987,T1512,1358110987-0171,0.4632,2,18,co-iss-n1358110987,1358110987,2001-01-13T20:49:41.065,686.67,306.33,17.62,3,0.00,3,17.62,17.62,52.86,1.00,1.73,,"2 frame(s); median area 3.5 px; net motion dx=-19.5, dy=-29.0; flags: none"
N1358065818,T0581,1358065818-0368,0.4625,2,4,co-iss-n1358065818,1358065818,2001-01-13T08:17:24.370,353.23,594.16,16.27,3,0.00,3,16.27,14.01,42.04,1.16,4.39,,"2 frame(s); median area 3.0 px; net motion dx=24.5, dy=-31.5; flags: none"
N1358065987,T0581,1358065987-0403,0.4625,2,5,co-iss-n1358065987,1358065987,2001-01-13T08:19:41.376,377.76,562.70,17.06,3,0.00,3,17.06,12.20,36.59,1.40,1.73,,"2 frame(s); median area 3.0 px; net motion dx=24.5, dy=-31.5; flags: none"
N1358069418,T0713,1358069418-0686,0.4623,2,6,co-iss-n1358069418,1358069418,2001-01-13T09:17:24.345,789.73,818.96,9.81,4,0.00,4,9.81,8.66,34.62,1.13,1.17,,"2 frame(s); median area 4.5 px; net motion dx=-12.5, dy=-22.9; flags: none"
N1358069587,T0713,1358069587-0516,0.4623,2,7,co-iss-n1358069587,1358069587,2001-01-13T09:19:41.351,777.20,796.02,10.97,5,0.00,5,10.97,8.58,42.91,1.28,2.05,,"2 frame(s); median area 4.5 px; net motion dx=-12.5, dy=-22.9; flags: none"
N1358108118,T1400,1358108118-0276,0.4623,2,14,co-iss-n1358108118,1358108118,2001-01-13T20:02:24.077,576.11,945.66,9.62,6,0.00,6,9.62,8.55,51.28,1.13,1.62,,"2 frame(s); median area 4.5 px; net motion dx=7.0, dy=-25.4; flags: none"
N1358108287,T1400,1358108287-0299,0.4623,2,15,co-iss-n1358108287,1358108287,2001-01-13T20:04:41.083,583.15,920.26,11.14,3,0.00,3,11.14,8.98,26.95,1.24,4.39,,"2 frame(s); median area 4.5 px; net motion dx=7.0, dy=-25.4; flags: none"
N1358069418,T0718,1358069418-0828,0.4622,2,6,co-iss-n1358069418,1358069418,2001-01-13T09:17:24.345,851.90,830.33,9.61,3,0.00,3,9.61,8.31,24.93,1.16,1.73,,"2 frame(s); median area 4.5 px; net motion dx=-30.0, dy=-17.5; flags: none"
N1358069587,T0718,1358069587-0606,0.4622,2,7,co-iss-n1358069587,1358069587,2001-01-13T09:19:41.351,821.93,812.85,11.13,6,0.00,6,11.13,8.50,51.01,1.31,2.68,,"2 frame(s); median area 4.5 px; net motion dx=-30.0, dy=-17.5; flags: none"
N1358105587,T1132,1358105587-1587,0.4621,2,12,co-iss-n1358105587,1358105587,2001-01-13T19:19:41.102,992.40,995.32,11.26,3,0.00,3,11.26,9.38,28.14,1.20,1.73,,"2 frame(s); median area 4.5 px; net motion dx=-31.9, dy=-60.9; flags: none"
N1358106096,T1132,1358106096-2502,0.4621,2,13,co-iss-n1358106096,1358106096,2001-01-13T19:29:18.122,960.49,934.43,9.44,6,0.00,6,9.44,8.51,51.05,1.11,4.00,,"2 frame(s); median area 4.5 px; net motion dx=-31.9, dy=-60.9; flags: none"
N1358065818,T0598,1358065818-0512,0.4619,2,4,co-iss-n1358065818,1358065818,2001-01-13T08:17:24.370,432.70,790.57,12.94,5,0.00,5,12.94,11.67,58.35,1.11,1.73,,"2 frame(s); median area 4.0 px; net motion dx=-36.4, dy=43.1; flags: none"
N1358065987,T0598,1358065987-0623,0.4619,2,5,co-iss-n1358065987,1358065987,2001-01-13T08:19:41.376,396.30,833.65,11.88,3,0.00,3,11.88,11.21,33.62,1.06,1.73,,"2 frame(s); median area 4.0 px; net motion dx=-36.4, dy=43.1; flags: none"
N1358105418,T1070,1358105418-1158,0.4619,3,11,co-iss-n1358105418,1358105418,2001-01-13T19:17:24.095,613.32,863.85,12.59,6,0.00,6,12.59,9.63,57.75,1.31,1.44,,"3 frame(s); median area 3.0 px; net motion dx=-21.3, dy=-60.4; flags: none"
N1358105587,T1070,1358105587-1044,0.4619,3,12,co-iss-n1358105587,1358105587,2001-01-13T19:19:41.102,616.02,872.36,9.33,3,0.00,3,9.33,8.55,25.65,1.09,1.73,,"3 frame(s); median area 3.0 px; net motion dx=-21.3, dy=-60.4; flags: none"
N1358106096,T1070,1358106096-0403,0.4619,3,13,co-iss-n1358106096,1358106096,2001-01-13T19:29:18.122,592.07,803.40,11.64,3,0.00,3,11.64,9.62,28.86,1.21,4.39,,"3 frame(s); median area 3.0 px; net motion dx=-21.3, dy=-60.4; flags: none"
N1358108118,T1406,1358108118-0324,0.4613,2,14,co-iss-n1358108118,1358108118,2001-01-13T20:02:24.077,636.53,958.47,10.62,6,0.00,6,10.62,9.63,57.75,1.10,2.55,,"2 frame(s); median area 4.5 px; net motion dx=-26.5, dy=8.2; flags: none"
N1358108796,T1406,1358108796-0215,0.4613,2,16,co-iss-n1358108796,1358108796,2001-01-13T20:14:18.103,609.99,966.68,9.82,3,0.00,3,9.82,9.70,29.09,1.01,4.39,,"2 frame(s); median area 4.5 px; net motion dx=-26.5, dy=8.2; flags: none"
N1358110818,T1519,1358110818-0266,0.4607,2,17,co-iss-n1358110818,1358110818,2001-01-13T20:47:24.058,28.97,441.48,18.61,4,0.00,4,18.61,12.50,50.01,1.49,2.62,,"2 frame(s); median area 3.5 px; net motion dx=10.7, dy=17.1; flags: none"
N1358110987,T1519,1358110987-0276,0.4607,2,18,co-iss-n1358110987,1358110987,2001-01-13T20:49:41.065,39.67,458.63,9.97,3,0.00,3,9.97,8.87,26.60,1.12,1.73,,"2 frame(s); median area 3.5 px; net motion dx=10.7, dy=17.1; flags: none"
N1358101818,T0958,1358101818-0607,0.4605,2,9,co-iss-n1358101818,1358101818,2001-01-13T18:17:24.120,273.50,922.50,10.99,4,0.00,4,10.99,10.99,43.95,1.00,1.00,,"2 frame(s); median area 4.5 px; net motion dx=71.1, dy=30.7; flags: none"
N1358101987,T0958,1358101987-0606,0.4605,2,10,co-iss-n1358101987,1358101987,2001-01-13T18:19:41.127,344.60,953.20,9.18,5,0.00,5,9.18,9.13,45.66,1.01,1.73,,"2 frame(s); median area 4.5 px; net motion dx=71.1, dy=30.7; flags: none"
N1358110818,T1527,1358110818-0309,0.4605,2,17,co-iss-n1358110818,1358110818,2001-01-13T20:47:24.058,143.01,509.54,16.99,4,0.00,4,16.99,11.22,44.88,1.51,2.62,,"2 frame(s); median area 3.5 px; net motion dx=38.3, dy=15.2; flags: none"
N1358110987,T1527,1358110987-0311,0.4605,2,18,co-iss-n1358110987,1358110987,2001-01-13T20:49:41.065,181.34,524.72,11.49,3,0.00,3,11.49,9.95,29.84,1.16,1.73,,"2 frame(s); median area 3.5 px; net motion dx=38.3, dy=15.2; flags: none"
N1358108118,T1440,1358108118-0772,0.4603,3,14,co-iss-n1358108118,1358108118,2001-01-13T20:02:24.077,746.67,1016.04,9.62,3,0.00,3,9.62,8.53,25.59,1.13,4.39,,"3 frame(s); median area 3.0 px; net motion dx=-77.6, dy=-0.7; flags: none"
N1358108287,T1440,1358108287-0523,0.4603,3,15,co-iss-n1358108287,1358108287,2001-01-13T20:04:41.083,751.59,1004.90,9.93,3,0.00,3,9.93,8.15,24.45,1.22,4.39,,"3 frame(s); median area 3.0 px; net motion dx=-77.6, dy=-0.7; flags: none"
N1358108796,T1440,1358108796-0493,0.4603,3,16,co-iss-n1358108796,1358108796,2001-01-13T20:14:18.103,669.06,1015.30,9.82,3,0.00,3,9.82,9.29,27.88,1.06,4.39,,"3 frame(s); median area 3.0 px; net motion dx=-77.6, dy=-0.7; flags: none"
N1358069418,T0763,1358069418-2001,0.4603,2,6,co-iss-n1358069418,1358069418,2001-01-13T09:17:24.345,985.85,918.56,8.96,6,0.15,6,8.96,8.05,48.27,1.11,7.37,,"2 frame(s); median area 4.5 px; net motion dx=7.4, dy=-22.4; flags: none"
N1358069587,T0763,1358069587-1267,0.4603,2,7,co-iss-n1358069587,1358069587,2001-01-13T09:19:41.351,993.28,896.14,11.13,3,0.00,3,11.13,8.78,26.35,1.27,4.39,,"2 frame(s); median area 4.5 px; net motion dx=7.4, dy=-22.4; flags: none"
N1358117287,T2037,1358117287-0227,0.4602,2,23,co-iss-n1358117287,1358117287,2001-01-13T22:34:41.021,763.28,697.01,15.29,3,0.00,3,15.29,11.41,34.23,1.34,4.39,,"2 frame(s); median area 3.0 px; net motion dx=26.2, dy=44.8; flags: none"
N1358117796,T2037,1358117796-0094,0.4602,2,24,co-iss-n1358117796,1358117796,2001-01-13T22:44:18.041,789.53,741.77,17.29,3,0.00,3,17.29,12.32,36.96,1.40,1.73,,"2 frame(s); median area 3.0 px; net motion dx=26.2, dy=44.8; flags: none"
N1358114418,T1666,1358114418-1157,0.4602,2,19,co-iss-n1358114418,1358114418,2001-01-13T21:47:24.033,55.95,868.65,8.82,3,0.00,3,8.82,8.44,25.33,1.05,4.39,,"2 frame(s); median area 4.5 px; net motion dx=32.7, dy=11.5; flags: none"
N1358115096,T1666,1358115096-1288,0.4602,2,21,co-iss-n1358115096,1358115096,2001-01-13T21:59:18.060,88.61,880.13,11.25,6,0.00,6,11.25,9.63,57.76,1.17,2.13,,"2 frame(s); median area 4.5 px; net motion dx=32.7, dy=11.5; flags: none"
N1358069418,T0788,1358069418-3014,0.4601,2,6,co-iss-n1358069418,1358069418,2001-01-13T09:17:24.345,759.74,1015.02,10.28,3,0.00,3,10.28,8.98,26.95,1.14,1.73,,"2 frame(s); median area 4.5 px; net motion dx=-65.2, dy=-5.0; flags: none"
N1358069587,T0788,1358069587-1730,0.4601,2,7,co-iss-n1358069587,1358069587,2001-01-13T09:19:41.351,694.58,1009.98,9.74,6,0.00,6,9.74,8.20,49.20,1.19,4.24,,"2 frame(s); median area 4.5 px; net motion dx=-65.2, dy=-5.0; flags: none"
N1358065818,T0591,1358065818-0458,0.4597,2,4,co-iss-n1358065818,1358065818,2001-01-13T08:17:24.370,550.50,731.50,13.45,4,0.00,4,13.45,13.38,53.53,1.00,1.00,,"2 frame(s); median area 4.0 px; net motion dx=-8.1, dy=-4.3; flags: none"
N1358065987,T0591,1358065987-0542,0.4597,2,5,co-iss-n1358065987,1358065987,2001-01-13T08:19:41.376,542.36,727.21,10.63,4,0.00,4,10.63,9.02,36.06,1.18,4.47,,"2 frame(s); median area 4.0 px; net motion dx=-8.1, dy=-4.3; flags: none"
N1358069418,T0757,1358069418-1722,0.4597,2,6,co-iss-n1358069418,1358069418,2001-01-13T09:17:24.345,986.87,896.39,10.43,5,0.00,5,10.43,8.90,44.49,1.17,2.86,,"2 frame(s); median area 4.5 px; net motion dx=3.4, dy=-19.9; flags: none"
N1358069587,T0757,1358069587-1149,0.4597,2,7,co-iss-n1358069587,1358069587,2001-01-13T09:19:41.351,990.26,876.51,9.47,4,0.15,4,9.47,8.07,32.28,1.17,6.17,,"2 frame(s); median area 4.5 px; net motion dx=3.4, dy=-19.9; flags: none"
N1358101818,T0901,1358101818-0139,0.4597,2,9,co-iss-n1358101818,1358101818,2001-01-13T18:17:24.120,643.08,213.75,13.29,3,0.00,3,13.29,10.66,31.98,1.25,4.39,,"2 frame(s); median area 3.0 px; net motion dx=46.2, dy=22.6; flags: none"
N1358101987,T0901,1358101987-0146,0.4597,2,10,co-iss-n1358101987,1358101987,2001-01-13T18:19:41.127,689.26,236.33,19.11,3,0.00,3,19.11,15.86,47.58,1.21,1.73,,"2 frame(s); median area 3.0 px; net motion dx=46.2, dy=22.6; flags: none"
N1358069418,T0679,1358069418-0210,0.4592,2,6,co-iss-n1358069418,1358069418,2001-01-13T09:17:24.345,612.26,732.47,12.00,5,0.00,5,12.00,9.09,45.47,1.32,2.62,,"2 frame(s); median area 4.0 px; net motion dx=6.6, dy=-4.9; flags: none"
N1358069587,T0679,1358069587-0251,0.4592,2,7,co-iss-n1358069587,1358069587,2001-01-13T09:19:41.351,618.91,727.60,11.90,3,0.00,3,11.90,9.81,29.44,1.21,4.39,,"2 frame(s); median area 4.0 px; net motion dx=6.6, dy=-4.9; flags: none"
N1358105418,T0998,1358105418-0124,0.4591,3,11,co-iss-n1358105418,1358105418,2001-01-13T19:17:24.095,552.59,702.46,10.97,6,0.00,6,10.97,9.62,57.72,1.14,1.92,,"3 frame(s); median area 3.0 px; net motion dx=18.7, dy=59.2; flags: none"
N1358105587,T0998,1358105587-0166,0.4591,3,12,co-iss-n1358105587,1358105587,2001-01-13T19:19:41.102,557.01,696.37,11.85,3,0.00,3,11.85,10.59,31.78,1.12,4.39,,"3 frame(s); median area 3.0 px; net motion dx=18.7, dy=59.2; flags: none"
N1358106096,T0998,1358106096-0184,0.4591,3,13,co-iss-n1358106096,1358106096,2001-01-13T19:29:18.122,571.32,761.71,12.16,3,0.00,3,12.16,10.57,31.71,1.15,1.73,,"3 frame(s); median area 3.0 px; net motion dx=18.7, dy=59.2; flags: none"
N1358105418,T1077,1358105418-1297,0.4588,3,11,co-iss-n1358105418,1358105418,2001-01-13T19:17:24.095,620.02,871.75,14.06,3,0.00,3,14.06,9.64,28.91,1.46,4.39,,"3 frame(s); median area 3.0 px; net motion dx=-29.4, dy=-77.8; flags: none"
N1358105587,T1077,1358105587-1043,0.4588,3,12,co-iss-n1358105587,1358105587,2001-01-13T19:19:41.102,612.26,873.07,11.12,3,0.00,3,11.12,9.04,27.13,1.23,4.39,,"3 frame(s); median area 3.0 px; net motion dx=-29.4, dy=-77.8; flags: none"
N1358106096,T1077,1358106096-0333,0.4588,3,13,co-iss-n1358106096,1358106096,2001-01-13T19:29:18.122,590.66,793.98,12.92,4,0.00,4,12.92,10.95,43.82,1.18,1.62,,"3 frame(s); median area 3.0 px; net motion dx=-29.4, dy=-77.8; flags: none"
N1358069418,T0729,1358069418-1048,0.4586,2,6,co-iss-n1358069418,1358069418,2001-01-13T09:17:24.345,962.67,846.32,9.72,3,0.00,3,9.72,9.21,27.62,1.06,1.73,,"2 frame(s); median area 4.5 px; net motion dx=-3.8, dy=-7.2; flags: none"
N1358069587,T0729,1358069587-0831,0.4586,2,7,co-iss-n1358069587,1358069587,2001-01-13T09:19:41.351,958.92,839.13,9.81,6,0.00,6,9.81,8.30,49.82,1.18,1.76,,"2 frame(s); median area 4.5 px; net motion dx=-3.8, dy=-7.2; flags: none"
N1358105418,T1061,1358105418-1032,0.4583,2,11,co-iss-n1358105418,1358105418,2001-01-13T19:17:24.095,919.61,851.43,10.50,4,0.00,4,10.50,8.62,34.49,1.22,2.62,,"2 frame(s); median area 4.0 px; net motion dx=-70.7, dy=2.2; flags: none"
N1358106096,T1061,1358106096-0962,0.4583,2,13,co-iss-n1358106096,1358106096,2001-01-13T19:29:18.122,848.95,853.67,13.09,4,0.00,4,13.09,9.97,39.87,1.31,1.63,,"2 frame(s); median area 4.0 px; net motion dx=-70.7, dy=2.2; flags: none"
N1358069418,T0776,1358069418-2748,0.4576,2,6,co-iss-n1358069418,1358069418,2001-01-13T09:17:24.345,989.21,989.77,9.51,5,0.00,5,9.51,8.44,42.22,1.13,3.52,,"2 frame(s); median area 4.5 px; net motion dx=1.1, dy=-59.5; flags: none"
N1358069587,T0776,1358069587-1446,0.4576,2,7,co-iss-n1358069587,1358069587,2001-01-13T09:19:41.351,990.31,930.26,9.71,4,0.00,4,9.71,8.80,35.21,1.10,2.45,,"2 frame(s); median area 4.5 px; net motion dx=1.1, dy=-59.5; flags: none"
N1358114418,T1702,1358114418-2523,0.4576,3,19,co-iss-n1358114418,1358114418,2001-01-13T21:47:24.033,39.11,977.29,11.64,9,0.00,9,11.64,8.96,80.62,1.30,2.95,,"3 frame(s); median area 5.0 px; net motion dx=3.5, dy=-69.4; flags: none"
N1358114587,T1702,1358114587-1461,0.4576,3,20,co-iss-n1358114587,1358114587,2001-01-13T21:49:41.040,39.24,977.64,9.52,5,0.00,5,9.52,8.26,41.28,1.15,1.67,,"3 frame(s); median area 5.0 px; net motion dx=3.5, dy=-69.4; flags: none"
N1358115096,T1702,1358115096-1849,0.4576,3,21,co-iss-n1358115096,1358115096,2001-01-13T21:59:18.060,42.60,907.88,11.25,3,0.00,3,11.25,9.48,28.44,1.19,4.39,,"3 frame(s); median area 5.0 px; net motion dx=3.5, dy=-69.4; flags: none"
N1358069418,T0733,1358069418-1093,0.4575,2,6,co-iss-n1358069418,1358069418,2001-01-13T09:17:24.345,952.23,850.05,9.25,4,0.00,4,9.25,8.29,33.14,1.12,3.60,,"2 frame(s); median area 4.5 px; net motion dx=-19.7, dy=-10.8; flags: none"
N1358069587,T0733,1358069587-0829,0.4575,2,7,co-iss-n1358069587,1358069587,2001-01-13T09:19:41.351,932.48,839.30,9.91,5,0.00,5,9.91,8.30,41.48,1.20,1.83,,"2 frame(s); median area 4.5 px; net motion dx=-19.7, dy=-10.8; flags: none"
N1358114418,T1624,1358114418-0421,0.4574,3,19,co-iss-n1358114418,1358114418,2001-01-13T21:47:24.033,456.57,788.62,11.11,8,0.00,8,11.11,9.63,77.06,1.15,1.47,,"3 frame(s); median area 4.0 px; net motion dx=5.8, dy=-23.2; flags: none"
N1358114587,T1624,1358114587-0413,0.4574,3,20,co-iss-n1358114587,1358114587,2001-01-13T21:49:41.040,457.03,787.35,8.20,3,0.00,3,8.20,7.82,23.47,1.05,4.39,,"3 frame(s); median area 4.0 px; net motion dx=5.8, dy=-23.2; flags: none"
N1358115096,T1624,1358115096-0196,0.4574,3,21,co-iss-n1358115096,1358115096,2001-01-13T21:59:18.060,462.35,765.39,16.81,4,0.00,4,16.81,10.65,42.58,1.58,2.45,,"3 frame(s); median area 4.0 px; net motion dx=5.8, dy=-23.2; flags: none"
N1358105418,T1033,1358105418-0584,0.4567,2,11,co-iss-n1358105418,1358105418,2001-01-13T19:17:24.095,775.36,811.27,9.82,3,0.00,3,9.82,8.82,26.47,1.11,1.73,,"2 frame(s); median area 4.0 px; net motion dx=-43.0, dy=4.4; flags: none"
N1358106096,T1033,1358106096-0502,0.4567,2,13,co-iss-n1358106096,1358106096,2001-01-13T19:29:18.122,732.32,815.65,13.25,5,0.00,5,13.25,10.31,51.53,1.29,2.62,,"2 frame(s); median area 4.0 px; net motion dx=-43.0, dy=4.4; flags: none"
N1358069418,T0734,1358069418-1094,0.4559,2,6,co-iss-n1358069418,1358069418,2001-01-13T09:17:24.345,614.05,850.58,10.23,5,0.00,5,10.23,8.98,44.89,1.14,3.05,,"2 frame(s); median area 4.5 px; net motion dx=0.4, dy=-0.1; flags: none"
N1358069587,T0734,1358069587-0935,0.4559,2,7,co-iss-n1358069587,1358069587,2001-01-13T09:19:41.351,614.49,850.49,8.42,4,0.00,4,8.42,7.60,30.40,1.11,2.24,,"2 frame(s); median area 4.5 px; net motion dx=0.4, dy=-0.1; flags: none"
N1358065818,T0583,1358065818-0391,0.4558,2,4,co-iss-n1358065818,1358065818,2001-01-13T08:17:24.370,988.65,626.33,15.24,4,0.00,4,15.24,11.72,46.89,1.30,2.45,,"2 frame(s); median area 3.5 px; net motion dx=-2.0, dy=-68.6; flags: none"
N1358065987,T0583,1358065987-0397,0.4558,2,5,co-iss-n1358065987,1358065987,2001-01-13T08:19:41.376,986.67,557.70,11.70,3,0.00,3,11.70,10.65,31.95,1.10,1.73,,"2 frame(s); median area 3.5 px; net motion dx=-2.0, dy=-68.6; flags: none"
N1358069418,T0693,1358069418-0391,0.4557,2,6,co-iss-n1358069418,1358069418,2001-01-13T09:17:24.345,696.56,777.24,13.79,5,0.00,5,13.79,10.54,52.71,1.31,1.73,,"2 frame(s); median area 4.0 px; net motion dx=0.5, dy=0.4; flags: none"
N1358069587,T0693,1358069587-0408,0.4557,2,7,co-iss-n1358069587,1358069587,2001-01-13T09:19:41.351,697.06,777.63,8.94,3,0.00,3,8.94,8.11,24.32,1.10,4.39,,"2 frame(s); median area 4.0 px; net motion dx=0.5, dy=0.4; flags: none"
N1358105418,T1000,1358105418-0131,0.4557,3,11,co-iss-n1358105418,1358105418,2001-01-13T19:17:24.095,565.63,707.01,10.22,8,0.00,8,10.22,8.22,65.73,1.24,1.63,,"3 frame(s); median area 3.0 px; net motion dx=34.4, dy=46.3; flags: none"
N1358105587,T1000,1358105587-0171,0.4557,3,12,co-iss-n1358105587,1358105587,2001-01-13T19:19:41.102,569.68,698.36,8.06,3,0.00,3,8.06,7.38,22.15,1.09,1.73,,"3 frame(s); median area 3.0 px; net motion dx=34.4, dy=46.3; flags: none"
N1358106096,T1000,1358106096-0161,0.4557,3,13,co-iss-n1358106096,1358106096,2001-01-13T19:29:18.122,600.01,753.35,8.69,3,0.00,3,8.69,8.33,24.99,1.04,1.73,,"3 frame(s); median area 3.0 px; net motion dx=34.4, dy=46.3; flags: none"
N1358069418,T0677,1358069418-0181,0.4554,2,6,co-iss-n1358069418,1358069418,2001-01-13T09:17:24.345,591.08,719.69,11.30,4,0.00,4,11.30,9.26,37.02,1.22,3.60,,"2 frame(s); median area 4.0 px; net motion dx=1.5, dy=-6.4; flags: none"
N1358069587,T0677,1358069587-0224,0.4554,2,7,co-iss-n1358069587,1358069587,2001-01-13T09:19:41.351,592.57,713.25,11.34,4,0.00,4,11.34,8.94,35.77,1.27,4.47,,"2 frame(s); median area 4.0 px; net motion dx=1.5, dy=-6.4; flags: none"
N1358108118,T1415,1358108118-0405,0.4553,3,14,co-iss-n1358108118,1358108118,2001-01-13T20:02:24.077,661.30,971.58,11.52,3,0.00,3,11.52,9.14,27.42,1.26,1.73,,"3 frame(s); median area 3.0 px; net motion dx=-12.0, dy=14.4; flags: none"
N1358108287,T1415,1358108287-0435,0.4553,3,15,co-iss-n1358108287,1358108287,2001-01-13T20:04:41.083,661.50,968.77,8.30,4,0.00,4,8.30,7.71,30.84,1.08,4.47,,"3 frame(s); median area 3.0 px; net motion dx=-12.0, dy=14.4; flags: none"
N1358108796,T1415,1358108796-0302,0.4553,3,16,co-iss-n1358108796,1358108796,2001-01-13T20:14:18.103,649.29,986.02,9.82,3,0.00,3,9.82,9.07,27.22,1.08,1.73,,"3 frame(s); median area 3.0 px; net motion dx=-12.0, dy=14.4; flags: none"
N1358110818,T1535,1358110818-0367,0.4552,2,17,co-iss-n1358110818,1358110818,2001-01-13T20:47:24.058,372.62,586.76,15.30,3,0.00,3,15.30,13.44,40.33,1.14,1.73,,"2 frame(s); median area 3.0 px; net motion dx=18.6, dy=51.7; flags: none"
N1358110987,T1535,1358110987-0379,0.4552,2,18,co-iss-n1358110987,1358110987,2001-01-13T20:49:41.065,391.22,638.50,15.60,3,0.00,3,15.60,10.43,31.28,1.50,1.73,,"2 frame(s); median area 3.0 px; net motion dx=18.6, dy=51.7; flags: none"
N1358108118,T1393,1358108118-0225,0.4548,2,14,co-iss-n1358108118,1358108118,2001-01-13T20:02:24.077,571.62,917.22,13.42,3,0.00,3,13.42,11.21,33.63,1.20,1.73,,"2 frame(s); median area 3.5 px; net motion dx=-10.9, dy=-12.7; flags: none"
N1358108287,T1393,1358108287-0274,0.4548,2,15,co-iss-n1358108287,1358108287,2001-01-13T20:04:41.083,560.74,904.55,13.19,4,0.00,4,13.19,10.54,42.16,1.25,1.82,,"2 frame(s); median area 3.5 px; net motion dx=-10.9, dy=-12.7; flags: none"
N1358105418,T1069,1358105418-1151,0.4542,2,11,co-iss-n1358105418,1358105418,2001-01-13T19:17:24.095,779.35,861.77,10.50,4,0.00,4,10.50,8.24,32.95,1.27,2.70,,"2 frame(s); median area 4.0 px; net motion dx=-29.3, dy=-32.3; flags: none"
N1358106096,T1069,1358106096-0642,0.4542,2,13,co-iss-n1358106096,1358106096,2001-01-13T19:29:18.122,750.03,829.50,11.73,4,0.15,4,11.73,10.17,40.68,1.15,6.85,,"2 frame(s); median area 4.0 px; net motion dx=-29.3, dy=-32.3; flags: none"
N1358108118,T1445,1358108118-0804,0.4541,3,14,co-iss-n1358108118,1358108118,2001-01-13T20:02:24.077,766.58,1018.22,11.52,4,0.00,4,11.52,9.54,38.15,1.21,4.47,,"3 frame(s); median area 3.0 px; net motion dx=-63.3, dy=1.8; flags: none"
N1358108287,T1445,1358108287-0630,0.4541,3,15,co-iss-n1358108287,1358108287,2001-01-13T20:04:41.083,776.00,1019.33,8.30,3,0.00,3,8.30,8.30,24.89,1.00,1.73,,"3 frame(s); median area 3.0 px; net motion dx=-63.3, dy=1.8; flags: none"
N1358108796,T1445,1358108796-0532,0.4541,3,16,co-iss-n1358108796,1358108796,2001-01-13T20:14:18.103,703.33,1020.00,9.82,3,0.00,3,9.82,9.82,29.46,1.00,4.39,,"3 frame(s); median area 3.0 px; net motion dx=-63.3, dy=1.8; flags: none"
N1358105418,T1089,1358105418-1900,0.4540,2,11,co-iss-n1358105418,1358105418,2001-01-13T19:17:24.095,715.64,914.93,9.02,3,0.00,3,9.02,8.40,25.19,1.07,1.73,,"2 frame(s); median area 4.0 px; net motion dx=-4.1, dy=-77.9; flags: none"
N1358106096,T1089,1358106096-0730,0.4540,2,13,co-iss-n1358106096,1358106096,2001-01-13T19:29:18.122,711.58,837.03,13.16,5,0.00,5,13.16,9.75,48.76,1.35,2.62,,"2 frame(s); median area 4.0 px; net motion dx=-4.1, dy=-77.9; flags: none"
N1358105418,T0997,1358105418-0122,0.4538,3,11,co-iss-n1358105418,1358105418,2001-01-13T19:17:24.095,558.69,701.01,9.10,3,0.00,3,9.10,7.89,23.68,1.15,4.39,,"3 frame(s); median area 3.0 px; net motion dx=15.0, dy=62.6; flags: none"
N1358105587,T0997,1358105587-0162,0.4538,3,12,co-iss-n1358105587,1358105587,2001-01-13T19:19:41.102,565.15,694.32,9.70,8,0.00,8,9.70,8.89,71.11,1.09,1.38,,"3 frame(s); median area 3.0 px; net motion dx=15.0, dy=62.6; flags: none"
N1358106096,T0997,1358106096-0194,0.4538,3,13,co-iss-n1358106096,1358106096,2001-01-13T19:29:18.122,573.72,763.63,9.59,3,0.00,3,9.59,8.55,25.64,1.12,1.73,,"3 frame(s); median area 3.0 px; net motion dx=15.0, dy=62.6; flags: none"
N1358114418,T1600,1358114418-0128,0.4537,2,19,co-iss-n1358114418,1358114418,2001-01-13T21:47:24.033,483.72,710.79,13.16,5,0.00,5,13.16,9.69,48.44,1.36,2.46,,"2 frame(s); median area 4.0 px; net motion dx=4.9, dy=-18.8; flags: none"
N1358114587,T1600,1358114587-0145,0.4537,2,20,co-iss-n1358114587,1358114587,2001-01-13T21:49:41.040,488.66,692.02,8.92,3,0.00,3,8.92,8.66,25.97,1.03,4.39,,"2 frame(s); median area 4.0 px; net motion dx=4.9, dy=-18.8; flags: none"
N1358110818,T1514,1358110818-0208,0.4531,2,17,co-iss-n1358110818,1358110818,2001-01-13T20:47:24.058,807.34,341.23,14.82,3,0.00,3,14.82,11.57,34.71,1.28,1.73,,"2 frame(s); median area 3.0 px; net motion dx=-28.9, dy=-78.0; flags: none"
N1358110987,T1514,1358110987-0143,0.4531,2,18,co-iss-n1358110987,1358110987,2001-01-13T20:49:41.065,778.46,263.28,15.37,3,0.00,3,15.37,11.03,33.09,1.39,1.73,,"2 frame(s); median area 3.0 px; net motion dx=-28.9, dy=-78.0; flags: none"
N1358108118,T1386,1358108118-0173,0.4530,2,14,co-iss-n1358108118,1358108118,2001-01-13T20:02:24.077,613.29,647.73,14.30,3,0.00,3,14.30,10.80,32.39,1.32,1.73,,"2 frame(s); median area 3.5 px; net motion dx=0.3, dy=-10.2; flags: none"
N1358108287,T1386,1358108287-0188,0.4530,2,15,co-iss-n1358108287,1358108287,2001-01-13T20:04:41.083,613.57,637.50,11.69,4,0.00,4,11.69,10.12,40.49,1.15,1.00,,"2 frame(s); median area 3.5 px; net motion dx=0.3, dy=-10.2; flags: none"
N1358110818,T1560,1358110818-0559,0.4529,2,17,co-iss-n1358110818,1358110818,2001-01-13T20:47:24.058,547.57,861.39,11.18,5,0.00,5,11.18,10.89,54.46,1.03,3.40,,"2 frame(s); median area 4.0 px; net motion dx=64.8, dy=20.3; flags: none"
N1358110987,T1560,1358110987-0521,0.4529,2,18,co-iss-n1358110987,1358110987,2001-01-13T20:49:41.065,612.32,881.66,10.63,3,0.00,3,10.63,10.43,31.29,1.02,1.73,,"2 frame(s); median area 4.0 px; net motion dx=64.8, dy=20.3; flags: none"
N1358117118,T1972,1358117118-0227,0.4529,2,22,co-iss-n1358117118,1358117118,2001-01-13T22:32:24.014,455.86,930.86,9.39,6,0.00,6,9.39,8.57,51.39,1.10,1.56,,"2 frame(s); median area 4.5 px; net motion dx=21.8, dy=-16.9; flags: none"
N1358117287,T1972,1358117287-0297,0.4529,2,23,co-iss-n1358117287,1358117287,2001-01-13T22:34:41.021,477.63,914.00,8.25,3,0.00,3,8.25,7.48,22.45,1.10,1.73,,"2 frame(s); median area 4.5 px; net motion dx=21.8, dy=-16.9; flags: none"
N1358105418,T1012,1358105418-0241,0.4525,2,11,co-iss-n1358105418,1358105418,2001-01-13T19:17:24.095,629.36,749.29,9.96,3,0.00,3,9.96,9.22,27.67,1.08,1.73,,"2 frame(s); median area 3.5 px; net motion dx=-28.1, dy=-3.7; flags: none"
N1358106096,T1012,1358106096-0137,0.4525,2,13,co-iss-n1358106096,1358106096,2001-01-13T19:29:18.122,601.26,745.60,15.88,4,0.15,4,15.88,11.44,45.75,1.39,6.17,,"2 frame(s); median area 3.5 px; net motion dx=-28.1, dy=-3.7; flags: none"
N1358117118,T2002,1358117118-0633,0.4523,3,22,co-iss-n1358117118,1358117118,2001-01-13T22:32:24.014,367.05,1004.63,9.39,5,0.15,5,9.39,8.19,40.95,1.15,6.31,,"3 frame(s); median area 5.0 px; net motion dx=33.5, dy=-0.8; flags: none"
N1358117287,T2002,1358117287-0506,0.4523,3,23,co-iss-n1358117287,1358117287,2001-01-13T22:34:41.021,366.00,1004.33,8.25,3,0.00,3,8.25,8.25,24.74,1.00,4.39,,"3 frame(s); median area 5.0 px; net motion dx=33.5, dy=-0.8; flags: none"
N1358117796,T2002,1358117796-0267,0.4523,3,24,co-iss-n1358117796,1358117796,2001-01-13T22:44:18.041,400.60,1003.79,8.08,5,0.00,5,8.08,8.01,40.07,1.01,2.62,,"3 frame(s); median area 5.0 px; net motion dx=33.5, dy=-0.8; flags: none"
N1358117118,T1973,1358117118-0240,0.4517,2,22,co-iss-n1358117118,1358117118,2001-01-13T22:32:24.014,442.57,935.47,13.10,5,0.00,5,13.10,9.47,47.35,1.38,1.28,,"2 frame(s); median area 4.0 px; net motion dx=13.1, dy=-17.1; flags: none"
N1358117287,T1973,1358117287-0307,0.4517,2,23,co-iss-n1358117287,1358117287,2001-01-13T22:34:41.021,455.68,918.32,8.28,3,0.00,3,8.28,7.66,22.98,1.08,1.73,,"2 frame(s); median area 4.0 px; net motion dx=13.1, dy=-17.1; flags: none"
N1358063118,T0473,1358063118-0493,0.4516,3,1,co-iss-n1358063118,1358063118,2001-01-13T07:32:24.388,576.95,979.25,11.67,4,0.00,4,11.67,9.57,38.27,1.22,1.63,,"3 frame(s); median area 3.0 px; net motion dx=12.4, dy=-23.6; flags: none"
N1358063287,T0473,1358063287-0510,0.4516,3,2,co-iss-n1358063287,1358063287,2001-01-13T07:34:41.395,573.96,977.38,9.24,3,0.00,3,9.24,8.17,24.51,1.13,4.39,,"3 frame(s); median area 3.0 px; net motion dx=12.4, dy=-23.6; flags: none"
N1358063796,T0473,1358063796-0183,0.4516,3,3,co-iss-n1358063796,1358063796,2001-01-13T07:44:18.415,589.34,955.68,8.27,3,0.00,3,8.27,8.07,24.22,1.02,1.73,,"3 frame(s); median area 3.0 px; net motion dx=12.4, dy=-23.6; flags: none"
N1358101818,T0954,1358101818-0556,0.4502,2,9,co-iss-n1358101818,1358101818,2001-01-13T18:17:24.120,836.30,814.65,9.74,3,0.00,3,9.74,9.28,27.85,1.05,1.73,,"2 frame(s); median area 4.0 px; net motion dx=69.0, dy=18.0; flags: none"
N1358101987,T0954,1358101987-0539,0.4502,2,10,co-iss-n1358101987,1358101987,2001-01-13T18:19:41.127,905.30,832.70,11.17,5,0.00,5,11.17,9.70,48.49,1.15,2.14,,"2 frame(s); median area 4.0 px; net motion dx=69.0, dy=18.0; flags: none"
N1358105418,T0996,1358105418-0121,0.4502,2,11,co-iss-n1358105418,1358105418,2001-01-13T19:17:24.095,555.67,699.97,11.18,4,0.00,4,11.18,8.51,34.04,1.31,1.62,,"2 frame(s); median area 4.0 px; net motion dx=-5.1, dy=-5.5; flags: none"
N1358105587,T0996,1358105587-0165,0.4502,2,12,co-iss-n1358105587,1358105587,2001-01-13T19:19:41.102,550.58,694.43,9.72,4,0.00,4,9.72,8.36,33.45,1.16,2.62,,"2 frame(s); median area 4.0 px; net motion dx=-5.1, dy=-5.5; flags: none"
N1358108118,T1428,1358108118-0634,0.4498,3,14,co-iss-n1358108118,1358108118,2001-01-13T20:02:24.077,600.92,1005.29,9.62,6,0.00,6,9.62,8.14,48.86,1.18,5.29,,"3 frame(s); median area 5.0 px; net motion dx=-12.3, dy=-31.6; flags: none"
N1358108287,T1428,1358108287-0517,0.4498,3,15,co-iss-n1358108287,1358108287,2001-01-13T20:04:41.083,600.81,1005.59,8.30,5,0.00,5,8.30,8.01,40.04,1.04,4.39,,"3 frame(s); median area 5.0 px; net motion dx=-12.3, dy=-31.6; flags: none"
N1358108796,T1428,1358108796-0236,0.4498,3,16,co-iss-n1358108796,1358108796,2001-01-13T20:14:18.103,588.66,973.66,9.82,3,0.00,3,9.82,9.72,29.17,1.01,1.73,,"3 frame(s); median area 5.0 px; net motion dx=-12.3, dy=-31.6; flags: none"
N1358069418,T0768,1358069418-2490,0.4497,2,6,co-iss-n1358069418,1358069418,2001-01-13T09:17:24.345,678.45,955.98,10.12,4,0.00,4,10.12,8.91,35.64,1.14,2.45,,"2 frame(s); median area 4.0 px; net motion dx=-24.0, dy=-7.5; flags: none"
N1358069587,T0768,1358069587-1492,0.4497,2,7,co-iss-n1358069587,1358069587,2001-01-13T09:19:41.351,654.45,948.45,10.60,4,0.00,4,10.60,8.50,34.01,1.25,1.00,,"2 frame(s); median area 4.0 px; net motion dx=-24.0, dy=-7.5; flags: none"
N1358110818,T1507,1358110818-0148,0.4496,2,17,co-iss-n1358110818,1358110818,2001-01-13T20:47:24.058,524.72,246.95,10.53,3,0.00,3,10.53,9.12,27.36,1.16,4.39,,"2 frame(s); median area 3.0 px; net motion dx=-83.2, dy=-1.7; flags: none"
N1358110987,T1507,1358110987-0135,0.4496,2,18,co-iss-n1358110987,1358110987,2001-01-13T20:49:41.065,441.47,245.24,18.51,3,0.00,3,18.51,13.00,39.01,1.42,4.39,,"2 frame(s); median area 3.0 px; net motion dx=-83.2, dy=-1.7; flags: none"
N1358069418,T0769,1358069418-2577,0.4495,2,6,co-iss-n1358069418,1358069418,2001-01-13T09:17:24.345,991.07,963.63,10.76,3,0.00,3,10.76,9.73,29.20,1.11,4.39,,"2 frame(s); median area 4.0 px; net motion dx=-0.4, dy=-45.4; flags: none"
N1358069587,T0769,1358069587-1401,0.4495,2,7,co-iss-n1358069587,1358069587,2001-01-13T09:19:41.351,990.63,918.25,9.91,5,0.00,5,9.91,8.38,41.92,1.18,2.41,,"2 frame(s); median area 4.0 px; net motion dx=-0.4, dy=-45.4; flags: none"
N1358110818,T1558,1358110818-0555,0.4495,2,17,co-iss-n1358110818,1358110818,2001-01-13T20:47:24.058,291.00,855.25,11.34,4,0.00,4,11.34,11.34,45.36,1.00,1.63,,"2 frame(s); median area 3.5 px; net motion dx=27.4, dy=-69.5; flags: none"
N1358110987,T1558,1358110987-0458,0.4495,2,18,co-iss-n1358110987,1358110987,2001-01-13T20:49:41.065,318.36,785.72,13.49,3,0.00,3,13.49,12.42,37.25,1.09,1.73,,"2 frame(s); median area 3.5 px; net motion dx=27.4, dy=-69.5; flags: none"
N1358065818,T0604,1358065818-0553,0.4490,2,4,co-iss-n1358065818,1358065818,2001-01-13T08:17:24.370,454.49,857.51,11.91,4,0.00,4,11.91,11.74,46.97,1.01,1.00,,"2 frame(s); median area 3.5 px; net motion dx=52.5, dy=4.8; flags: none"
N1358065987,T0604,1358065987-0639,0.4490,2,5,co-iss-n1358065987,1358065987,2001-01-13T08:19:41.376,507.01,862.32,12.76,3,0.00,3,12.76,12.60,37.79,1.01,4.39,,"2 frame(s); median area 3.5 px; net motion dx=52.5, dy=4.8; flags: none"
N1358117118,T2024,1358117118-0790,0.4487,2,22,co-iss-n1358117118,1358117118,2001-01-13T22:32:24.014,277.02,1020.71,13.10,3,0.00,3,13.10,9.94,29.81,1.32,4.39,,"2 frame(s); median area 3.5 px; net motion dx=7.4, dy=-10.6; flags: none"
N1358117287,T2024,1358117287-0555,0.4487,2,23,co-iss-n1358117287,1358117287,2001-01-13T22:34:41.021,284.43,1010.09,11.47,4,0.00,4,11.47,9.04,36.15,1.27,2.62,,"2 frame(s); median area 3.5 px; net motion dx=7.4, dy=-10.6; flags: none"
N1358110818,T1509,1358110818-0176,0.4485,2,17,co-iss-n1358110818,1358110818,2001-01-13T20:47:24.058,646.45,301.12,16.78,3,0.00,3,16.78,12.41,37.23,1.35,4.39,,"2 frame(s); median area 3.0 px; net motion dx=-31.8, dy=-27.5; flags: none"
N1358110987,T1509,1358110987-0149,0.4485,2,18,co-iss-n1358110987,1358110987,2001-01-13T20:49:41.065,614.66,273.60,11.88,3,0.00,3,11.88,9.85,29.56,1.21,1.73,,"2 frame(s); median area 3.0 px; net motion dx=-31.8, dy=-27.5; flags: none"
N1358069418,T0704,1358069418-0527,0.4484,2,6,co-iss-n1358069418,1358069418,2001-01-13T09:17:24.345,746.36,795.34,12.10,4,0.00,4,12.10,8.97,35.88,1.35,4.47,,"2 frame(s); median area 3.5 px; net motion dx=-1.4, dy=-7.6; flags: none"
N1358069587,T0704,1358069587-0462,0.4484,2,7,co-iss-n1358069587,1358069587,2001-01-13T09:19:41.351,744.93,787.69,12.36,3,0.00,3,12.36,10.77,32.30,1.15,4.39,,"2 frame(s); median area 3.5 px; net motion dx=-1.4, dy=-7.6; flags: none"
N1358069418,T0778,1358069418-2774,0.4480,2,6,co-iss-n1358069418,1358069418,2001-01-13T09:17:24.345,988.43,992.75,10.27,5,0.00,5,10.27,8.91,44.54,1.15,1.73,,"2 frame(s); median area 4.0 px; net motion dx=1.9, dy=-57.5; flags: none"
N1358069587,T0778,1358069587-1456,0.4480,2,7,co-iss-n1358069587,1358069587,2001-01-13T09:19:41.351,990.38,935.29,9.91,3,0.00,3,9.91,8.72,26.17,1.14,1.73,,"2 frame(s); median area 4.0 px; net motion dx=1.9, dy=-57.5; flags: none"
N1358110818,T1557,1358110818-0545,0.4473,2,17,co-iss-n1358110818,1358110818,2001-01-13T20:47:24.058,920.40,840.20,10.13,5,0.00,5,10.13,10.06,50.32,1.01,1.73,,"2 frame(s); median area 4.0 px; net motion dx=-22.7, dy=10.1; flags: none"
N1358110987,T1557,1358110987-0500,0.4473,2,18,co-iss-n1358110987,1358110987,2001-01-13T20:49:41.065,897.66,850.32,9.79,3,0.00,3,9.79,9.61,28.84,1.02,1.73,,"2 frame(s); median area 4.0 px; net motion dx=-22.7, dy=10.1; flags: none"
N1358069418,T0731,1358069418-1063,0.4471,2,6,co-iss-n1358069418,1358069418,2001-01-13T09:17:24.345,959.36,847.76,9.96,5,0.00,5,9.96,9.03,45.17,1.10,2.25,,"2 frame(s); median area 4.0 px; net motion dx=11.7, dy=-6.5; flags: none"
N1358069587,T0731,1358069587-0860,0.4471,2,7,co-iss-n1358069587,1358069587,2001-01-13T09:19:41.351,971.09,841.29,9.91,3,0.00,3,9.91,8.58,25.75,1.15,4.39,,"2 frame(s); median area 4.0 px; net motion dx=11.7, dy=-6.5; flags: none"
N1358105418,T1079,1358105418-1391,0.4470,2,11,co-iss-n1358105418,1358105418,2001-01-13T19:17:24.095,696.00,877.70,8.90,3,0.00,3,8.90,8.50,25.51,1.05,1.73,,"2 frame(s); median area 3.5 px; net motion dx=-0.2, dy=-71.5; flags: none"
N1358106096,T1079,1358106096-0422,0.4470,2,13,co-iss-n1358106096,1358106096,2001-01-13T19:29:18.122,695.82,806.19,15.10,4,0.15,4,15.10,10.36,41.45,1.46,6.85,,"2 frame(s); median area 3.5 px; net motion dx=-0.2, dy=-71.5; flags: none"
N1358069418,T0774,1358069418-2696,0.4467,2,6,co-iss-n1358069418,1358069418,2001-01-13T09:17:24.345,688.37,979.36,13.27,3,0.00,3,13.27,12.02,36.05,1.10,1.73,,"2 frame(s); median area 3.5 px; net motion dx=-24.1, dy=-14.9; flags: none"
N1358069587,T0774,1358069587-1541,0.4467,2,7,co-iss-n1358069587,1358069587,2001-01-13T09:19:41.351,664.23,964.45,10.63,4,0.00,4,10.63,8.83,35.33,1.20,2.70,,"2 frame(s); median area 3.5 px; net motion dx=-24.1, dy=-14.9; flags: none"
N1358114418,T1720,1358114418-2989,0.4465,2,19,co-iss-n1358114418,1358114418,2001-01-13T21:47:24.033,88.50,1017.67,10.27,5,0.00,5,10.27,8.78,43.91,1.17,2.54,,"2 frame(s); median area 4.0 px; net motion dx=-39.2, dy=-69.7; flags: none"
N1358115096,T1720,1358115096-2654,0.4465,2,21,co-iss-n1358115096,1358115096,2001-01-13T21:59:18.060,49.29,947.95,9.39,3,0.00,3,9.39,8.43,25.30,1.11,4.39,,"2 frame(s); median area 4.0 px; net motion dx=-39.2, dy=-69.7; flags: none"
N1358105418,T1010,1358105418-0206,0.4464,2,11,co-iss-n1358105418,1358105418,2001-01-13T19:17:24.095,577.97,739.64,8.75,3,0.00,3,8.75,8.12,24.36,1.08,1.73,,"2 frame(s); median area 3.5 px; net motion dx=3.2, dy=-9.4; flags: none"
N1358106096,T1010,1358106096-0107,0.4464,2,13,co-iss-n1358106096,1358106096,2001-01-13T19:29:18.122,581.22,730.22,15.06,4,0.00,4,15.06,9.87,39.50,1.53,2.45,,"2 frame(s); median area 3.5 px; net motion dx=3.2, dy=-9.4; flags: none"
N1358069418,T0690,1358069418-0342,0.4463,2,6,co-iss-n1358069418,1358069418,2001-01-13T09:17:24.345,674.12,764.73,12.29,4,0.00,4,12.29,9.41,37.66,1.31,1.63,,"2 frame(s); median area 3.5 px; net motion dx=7.8, dy=-2.4; flags: none"
N1358069587,T0690,1358069587-0356,0.4463,2,7,co-iss-n1358069587,1358069587,2001-01-13T09:19:41.351,681.96,762.30,11.49,3,0.00,3,11.49,10.63,31.88,1.08,4.39,,"2 frame(s); median area 3.5 px; net motion dx=7.8, dy=-2.4; flags: none"
N1358114418,T1614,1358114418-0343,0.4463,2,19,co-iss-n1358114418,1358114418,2001-01-13T21:47:24.033,457.97,776.70,10.74,3,0.00,3,10.74,9.50,28.49,1.13,4.39,,"2 frame(s); median area 3.5 px; net motion dx=11.1, dy=-30.4; flags: none"
N1358115096,T1614,1358115096-0126,0.4463,2,21,co-iss-n1358115096,1358115096,2001-01-13T21:59:18.060,469.05,746.26,13.02,4,0.00,4,13.02,9.81,39.24,1.33,1.62,,"2 frame(s); median area 3.5 px; net motion dx=11.1, dy=-30.4; flags: none"
N1358101818,T0942,1358101818-0451,0.4462,2,9,co-iss-n1358101818,1358101818,2001-01-13T18:17:24.120,751.69,668.55,13.97,3,0.00,3,13.97,10.43,31.28,1.34,1.73,,"2 frame(s); median area 3.0 px; net motion dx=-9.3, dy=30.2; flags: none"
N1358101987,T0942,1358101987-0439,0.4462,2,10,co-iss-n1358101987,1358101987,2001-01-13T18:19:41.127,742.38,698.76,13.93,3,0.00,3,13.93,12.18,36.54,1.14,1.73,,"2 frame(s); median area 3.0 px; net motion dx=-9.3, dy=30.2; flags: none"
N1358069418,T0782,1358069418-2831,0.4457,2,6,co-iss-n1358069418,1358069418,2001-01-13T09:17:24.345,988.19,999.45,10.43,5,0.00,5,10.43,9.44,47.19,1.11,1.39,,"2 frame(s); median area 4.0 px; net motion dx=2.9, dy=-35.8; flags: none"
N1358069587,T0782,1358069587-1544,0.4457,2,7,co-iss-n1358069587,1358069587,2001-01-13T09:19:41.351,991.07,963.63,8.97,3,0.00,3,8.97,8.11,24.33,1.11,4.39,,"2 frame(s); median area 4.0 px; net motion dx=2.9, dy=-35.8; flags: none"
N1358105418,T1044,1358105418-0717,0.4451,2,11,co-iss-n1358105418,1358105418,2001-01-13T19:17:24.095,823.50,825.83,11.98,4,0.00,4,11.98,10.16,40.65,1.18,1.82,,"2 frame(s); median area 3.5 px; net motion dx=-56.4, dy=6.5; flags: none"
N1358106096,T1044,1358106096-0683,0.4451,2,13,co-iss-n1358106096,1358106096,2001-01-13T19:29:18.122,767.08,832.32,11.38,3,0.00,3,11.38,9.55,28.65,1.19,4.39,,"2 frame(s); median area 3.5 px; net motion dx=-56.4, dy=6.5; flags: none"
N1358105418,T1050,1358105418-0807,0.4450,3,11,co-iss-n1358105418,1358105418,2001-01-13T19:17:24.095,602.53,835.62,11.07,4,0.00,4,11.07,8.76,35.04,1.26,2.24,,"3 frame(s); median area 3.0 px; net motion dx=8.4, dy=-69.0; flags: none"
N1358105587,T1050,1358105587-0786,0.4450,3,12,co-iss-n1358105587,1358105587,2001-01-13T19:19:41.102,600.32,842.65,8.61,3,0.00,3,8.61,8.26,24.79,1.04,1.73,,"3 frame(s); median area 3.0 px; net motion dx=8.4, dy=-69.0; flags: none"
N1358106096,T1050,1358106096-0207,0.4450,3,13,co-iss-n1358106096,1358106096,2001-01-13T19:29:18.122,610.88,766.64,10.61,3,0.00,3,10.61,9.38,28.14,1.13,1.73,,"3 frame(s); median area 3.0 px; net motion dx=8.4, dy=-69.0; flags: none"
N1358065818,T0608,1358065818-0604,0.4448,2,4,co-iss-n1358065818,1358065818,2001-01-13T08:17:24.370,982.50,941.50,9.77,4,0.00,4,9.77,9.77,39.10,1.00,1.00,,"2 frame(s); median area 4.0 px; net motion dx=-12.0, dy=3.5; flags: none"
N1358065987,T0608,1358065987-0703,0.4448,2,5,co-iss-n1358065987,1358065987,2001-01-13T08:19:41.376,970.52,944.97,9.34,4,0.00,4,9.34,9.01,36.03,1.04,2.62,,"2 frame(s); median area 4.0 px; net motion dx=-12.0, dy=3.5; flags: none"
N1358114418,T1663,1358114418-1130,0.4442,2,19,co-iss-n1358114418,1358114418,2001-01-13T21:47:24.033,199.35,867.00,8.10,3,0.00,3,8.10,7.73,23.19,1.05,4.39,,"2 frame(s); median area 3.5 px; net motion dx=10.5, dy=-15.8; flags: none"
N1358115096,T1663,1358115096-0805,0.4442,2,21,co-iss-n1358115096,1358115096,2001-01-13T21:59:18.060,209.87,851.20,14.96,4,0.00,4,14.96,10.70,42.78,1.40,1.63,,"2 frame(s); median area 3.5 px; net motion dx=10.5, dy=-15.8; flags: none"
N1358110818,T1534,1358110818-0360,0.4442,2,17,co-iss-n1358110818,1358110818,2001-01-13T20:47:24.058,971.29,579.35,12.30,3,0.00,3,12.30,11.18,33.55,1.10,1.73,,"2 frame(s); median area 3.0 px; net motion dx=-30.9, dy=41.3; flags: none"
N1358110987,T1534,1358110987-0364,0.4442,2,18,co-iss-n1358110987,1358110987,2001-01-13T20:49:41.065,940.42,620.63,14.93,3,0.00,3,14.93,11.97,35.91,1.25,1.73,,"2 frame(s); median area 3.0 px; net motion dx=-30.9, dy=41.3; flags: none"
N1358114418,T1715,1358114418-2852,0.4434,3,19,co-iss-n1358114418,1358114418,2001-01-13T21:47:24.033,42.79,1006.35,11.66,5,0.00,5,11.66,8.69,43.46,1.34,2.25,,"3 frame(s); median area 3.0 px; net motion dx=4.5, dy=-88.7; flags: none"
N1358114587,T1715,1358114587-1536,0.4434,3,20,co-iss-n1358114587,1358114587,2001-01-13T21:49:41.040,34.97,1001.31,9.22,3,0.00,3,9.22,8.91,26.72,1.03,4.39,,"3 frame(s); median area 3.0 px; net motion dx=4.5, dy=-88.7; flags: none"
N1358115096,T1715,1358115096-2080,0.4434,3,21,co-iss-n1358115096,1358115096,2001-01-13T21:59:18.060,47.33,917.67,9.39,3,0.00,3,9.39,9.39,28.17,1.00,1.73,,"3 frame(s); median area 3.0 px; net motion dx=4.5, dy=-88.7; flags: none"
N1358069418,T0667,1358069418-0131,0.4434,2,6,co-iss-n1358069418,1358069418,2001-01-13T09:17:24.345,557.19,696.68,14.18,4,0.00,4,14.18,11.73,46.94,1.21,3.16,,"2 frame(s); median area 3.5 px; net motion dx=-16.5, dy=-16.7; flags: none"
N1358069587,T0667,1358069587-0156,0.4434,2,7,co-iss-n1358069587,1358069587,2001-01-13T09:19:41.351,540.68,680.00,8.60,3,0.00,3,8.60,8.11,24.32,1.06,4.39,,"2 frame(s); median area 3.5 px; net motion dx=-16.5, dy=-16.7; flags: none"
N1358069418,T0736,1358069418-1121,0.4433,2,6,co-iss-n1358069418,1358069418,2001-01-13T09:17:24.345,969.09,851.19,10.43,5,0.00,5,10.43,9.22,46.12,1.13,3.82,,"2 frame(s); median area 4.0 px; net motion dx=-0.4, dy=-12.2; flags: none"
N1358069587,T0736,1358069587-0832,0.4433,2,7,co-iss-n1358069587,1358069587,2001-01-13T09:19:41.351,968.66,839.02,8.16,3,0.00,3,8.16,7.91,23.74,1.03,4.39,,"2 frame(s); median area 4.0 px; net motion dx=-0.4, dy=-12.2; flags: none"
N1358114418,T1648,1358114418-0756,0.4423,2,19,co-iss-n1358114418,1358114418,2001-01-13T21:47:24.033,252.98,835.69,8.70,3,0.00,3,8.70,8.09,24.27,1.08,4.39,,"2 frame(s); median area 3.5 px; net motion dx=71.5, dy=-20.9; flags: none"
N1358115096,T1648,1358115096-0453,0.4423,2,21,co-iss-n1358115096,1358115096,2001-01-13T21:59:18.060,324.47,814.77,13.73,4,0.00,4,13.73,12.03,48.13,1.14,4.47,,"2 frame(s); median area 3.5 px; net motion dx=71.5, dy=-20.9; flags: none"
N1358114418,T1707,1358114418-2622,0.4421,2,19,co-iss-n1358114418,1358114418,2001-01-13T21:47:24.033,78.75,987.00,8.82,4,0.00,4,8.82,8.82,35.30,1.00,3.60,,"2 frame(s); median area 4.0 px; net motion dx=8.2, dy=-78.0; flags: none"
N1358115096,T1707,1358115096-1872,0.4421,2,21,co-iss-n1358115096,1358115096,2001-01-13T21:59:18.060,86.97,909.04,9.39,4,0.00,4,9.39,8.31,33.23,1.13,1.73,,"2 frame(s); median area 4.0 px; net motion dx=8.2, dy=-78.0; flags: none"
N1358069418,T0692,1358069418-0389,0.4421,2,6,co-iss-n1358069418,1358069418,2001-01-13T09:17:24.345,680.45,776.50,8.34,4,0.00,4,8.34,7.96,31.82,1.05,2.24,,"2 frame(s); median area 3.5 px; net motion dx=6.4, dy=-13.1; flags: none"
N1358069587,T0692,1358069587-0361,0.4421,2,7,co-iss-n1358069587,1358069587,2001-01-13T09:19:41.351,686.82,763.44,14.04,3,0.00,3,14.04,10.71,32.14,1.31,4.39,,"2 frame(s); median area 3.5 px; net motion dx=6.4, dy=-13.1; flags: none"
N1358114418,T1627,1358114418-0451,0.4420,3,19,co-iss-n1358114418,1358114418,2001-01-13T21:47:24.033,454.68,793.63,9.49,3,0.00,3,9.49,8.59,25.77,1.11,1.73,,"3 frame(s); median area 3.0 px; net motion dx=-42.3, dy=-19.8; flags: none"
N1358114587,T1627,1358114587-0451,0.4420,3,20,co-iss-n1358114587,1358114587,2001-01-13T21:49:41.040,460.05,794.63,8.69,3,0.00,3,8.69,7.79,23.36,1.12,4.39,,"3 frame(s); median area 3.0 px; net motion dx=-42.3, dy=-19.8; flags: none"
N1358115096,T1627,1358115096-0223,0.4420,3,21,co-iss-n1358115096,1358115096,2001-01-13T21:59:18.060,412.39,773.81,13.10,4,0.00,4,13.10,8.86,35.45,1.48,3.16,,"3 frame(s); median area 3.0 px; net motion dx=-42.3, dy=-19.8; flags: none"
N1358105418,T1030,1358105418-0527,0.4417,2,11,co-iss-n1358105418,1358105418,2001-01-13T19:17:24.095,733.42,803.12,11.09,3,0.00,3,11.09,8.80,26.41,1.26,4.39,,"2 frame(s); median area 3.5 px; net motion dx=-51.4, dy=-9.8; flags: none"
N1358106096,T1030,1358106096-0332,0.4417,2,13,co-iss-n1358106096,1358106096,2001-01-13T19:29:18.122,682.05,793.31,11.14,4,0.00,4,11.14,9.40,37.60,1.19,1.62,,"2 frame(s); median area 3.5 px; net motion dx=-51.4, dy=-9.8; flags: none"
N1358069418,T0681,1358069418-0236,0.4412,2,6,co-iss-n1358069418,1358069418,2001-01-13T09:17:24.345,620.17,739.01,8.90,5,0.00,5,8.90,8.15,40.77,1.09,1.62,,"2 frame(s); median area 4.0 px; net motion dx=-1.5, dy=-7.3; flags: none"
N1358069587,T0681,1358069587-0260,0.4412,2,7,co-iss-n1358069587,1358069587,2001-01-13T09:19:41.351,618.63,731.67,9.00,3,0.00,3,9.00,8.09,24.26,1.11,1.73,,"2 frame(s); median area 4.0 px; net motion dx=-1.5, dy=-7.3; flags: none"
N1358101818,T0955,1358101818-0568,0.4410,2,9,co-iss-n1358101818,1358101818,2001-01-13T18:17:24.120,876.53,832.50,10.24,4,0.00,4,10.24,9.69,38.76,1.06,1.00,,"2 frame(s); median area 3.5 px; net motion dx=78.2, dy=-9.1; flags: none"
N1358101987,T0955,1358101987-0532,0.4410,2,10,co-iss-n1358101987,1358101987,2001-01-13T18:19:41.127,954.77,823.38,11.77,3,0.00,3,11.77,10.17,30.52,1.16,1.73,,"2 frame(s); median area 3.5 px; net motion dx=78.2, dy=-9.1; flags: none"
N1358110818,T1555,1358110818-0527,0.4408,2,17,co-iss-n1358110818,1358110818,2001-01-13T20:47:24.058,871.28,816.64,10.37,3,0.00,3,10.37,9.54,28.62,1.09,1.73,,"2 frame(s); median area 3.5 px; net motion dx=-10.8, dy=-25.1; flags: none"
N1358110987,T1555,1358110987-0463,0.4408,2,18,co-iss-n1358110987,1358110987,2001-01-13T20:49:41.065,860.50,791.58,11.56,4,0.00,4,11.56,9.98,39.90,1.16,1.00,,"2 frame(s); median area 3.5 px; net motion dx=-10.8, dy=-25.1; flags: none"
N1358105418,T1036,1358105418-0625,0.4402,2,11,co-iss-n1358105418,1358105418,2001-01-13T19:17:24.095,799.41,816.78,9.63,4,0.00,4,9.63,8.50,33.99,1.13,4.47,,"2 frame(s); median area 3.5 px; net motion dx=-34.8, dy=10.5; flags: none"
N1358106096,T1036,1358106096-0634,0.4402,2,13,co-iss-n1358106096,1358106096,2001-01-13T19:29:18.122,764.61,827.31,12.09,3,0.00,3,12.09,10.29,30.88,1.17,1.73,,"2 frame(s); median area 3.5 px; net motion dx=-34.8, dy=10.5; flags: none"
N1358101818,T0936,1358101818-0401,0.4401,2,9,co-iss-n1358101818,1358101818,2001-01-13T18:17:24.120,688.61,599.69,9.43,3,0.00,3,9.43,8.12,24.35,1.16,1.73,,"2 frame(s); median area 3.0 px; net motion dx=57.2, dy=-47.1; flags: none"
N1358101987,T0936,1358101987-0330,0.4401,2,10,co-iss-n1358101987,1358101987,2001-01-13T18:19:41.127,745.79,552.60,16.44,3,0.00,3,16.44,13.81,41.44,1.19,1.73,,"2 frame(s); median area 3.0 px; net motion dx=57.2, dy=-47.1; flags: none"
N1358105418,T1045,1358105418-0718,0.4400,3,11,co-iss-n1358105418,1358105418,2001-01-13T19:17:24.095,826.69,826.03,8.01,3,0.00,3,8.01,7.45,22.34,1.08,1.73,,"3 frame(s); median area 3.0 px; net motion dx=-54.4, dy=8.3; flags: none"
N1358105587,T1045,1358105587-0609,0.4400,3,12,co-iss-n1358105587,1358105587,2001-01-13T19:19:41.102,831.14,820.64,10.94,3,0.00,3,10.94,9.36,28.07,1.17,1.73,,"3 frame(s); median area 3.0 px; net motion dx=-54.4, dy=8.3; flags: none"
N1358106096,T1045,1358106096-0714,0.4400,3,13,co-iss-n1358106096,1358106096,2001-01-13T19:29:18.122,772.33,834.32,8.44,3,0.00,3,8.44,8.08,24.24,1.04,1.73,,"3 frame(s); median area 3.0 px; net motion dx=-54.4, dy=8.3; flags: none"
N1358114418,T1710,1358114418-2704,0.4398,2,19,co-iss-n1358114418,1358114418,2001-01-13T21:47:24.033,84.80,994.20,8.82,5,0.00,5,8.82,8.82,44.12,1.00,1.34,,"2 frame(s); median area 4.0 px; net motion dx=-29.8, dy=-74.5; flags: none"
N1358115096,T1710,1358115096-2121,0.4398,2,21,co-iss-n1358115096,1358115096,2001-01-13T21:59:18.060,54.98,919.67,8.61,3,0.00,3,8.61,8.26,24.79,1.04,4.39,,"2 frame(s); median area 4.0 px; net motion dx=-29.8, dy=-74.5; flags: none"
N1358069418,T0684,1358069418-0249,0.4397,2,6,co-iss-n1358069418,1358069418,2001-01-13T09:17:24.345,634.31,742.70,11.60,3,0.00,3,11.60,9.72,29.15,1.19,1.73,,"2 frame(s); median area 3.5 px; net motion dx=-6.7, dy=-7.7; flags: none"
N1358069587,T0684,1358069587-0270,0.4397,2,7,co-iss-n1358069587,1358069587,2001-01-13T09:19:41.351,627.58,735.00,9.96,4,0.00,4,9.96,8.57,34.28,1.16,2.45,,"2 frame(s); median area 3.5 px; net motion dx=-6.7, dy=-7.7; flags: none"
N1358105418,T1018,1358105418-0342,0.4396,2,11,co-iss-n1358105418,1358105418,2001-01-13T19:17:24.095,578.32,774.99,8.46,3,0.00,3,8.46,8.22,24.66,1.03,1.73,,"2 frame(s); median area 3.5 px; net motion dx=9.3, dy=-31.8; flags: none"
N1358106096,T1018,1358106096-0132,0.4396,2,13,co-iss-n1358106096,1358106096,2001-01-13T19:29:18.122,587.62,743.19,13.07,4,0.00,4,13.07,10.23,40.91,1.28,4.47,,"2 frame(s); median area 3.5 px; net motion dx=9.3, dy=-31.8; flags: none"
N1358069418,T0762,1358069418-1978,0.4396,2,6,co-iss-n1358069418,1358069418,2001-01-13T09:17:24.345,645.31,915.67,8.06,3,0.00,3,8.06,7.56,22.69,1.07,1.73,,"2 frame(s); median area 4.0 px; net motion dx=-4.0, dy=9.9; flags: none"
N1358069587,T0762,1358069587-1419,0.4396,2,7,co-iss-n1358069587,1358069587,2001-01-13T09:19:41.351,641.36,925.55,9.29,5,0.00,5,9.29,8.50,42.52,1.09,2.54,,"2 frame(s); median area 4.0 px; net motion dx=-4.0, dy=9.9; flags: none"
N1358063118,T0452,1358063118-0261,0.4392,2,1,co-iss-n1358063118,1358063118,2001-01-13T07:32:24.388,562.46,932.73,11.07,4,0.00,4,11.07,8.77,35.10,1.26,4.47,,"2 frame(s); median area 3.5 px; net motion dx=2.6, dy=-5.4; flags: none"
N1358063796,T0452,1358063796-0124,0.4392,2,3,co-iss-n1358063796,1358063796,2001-01-13T07:44:18.415,565.01,927.34,10.33,3,0.00,3,10.33,10.17,30.51,1.02,4.39,,"2 frame(s); median area 3.5 px; net motion dx=2.6, dy=-5.4; flags: none"
N1358105418,T1063,1358105418-1069,0.4390,2,11,co-iss-n1358105418,1358105418,2001-01-13T19:17:24.095,729.28,854.88,10.50,3,0.00,3,10.50,8.36,25.09,1.26,1.73,,"2 frame(s); median area 3.5 px; net motion dx=-48.5, dy=-52.9; flags: none"
N1358106096,T1063,1358106096-0394,0.4390,2,13,co-iss-n1358106096,1358106096,2001-01-13T19:29:18.122,680.79,802.03,10.83,4,0.00,4,10.83,9.34,37.34,1.16,3.60,,"2 frame(s); median area 3.5 px; net motion dx=-48.5, dy=-52.9; flags: none"
N1358108118,T1394,1358108118-0229,0.4389,2,14,co-iss-n1358108118,1358108118,2001-01-13T20:02:24.077,572.61,923.69,9.74,3,0.00,3,9.74,8.29,24.86,1.18,1.73,,"2 frame(s); median area 3.5 px; net motion dx=-3.1, dy=-15.9; flags: none"
N1358108287,T1394,1358108287-0278,0.4389,2,15,co-iss-n1358108287,1358108287,2001-01-13T20:04:41.083,569.49,907.83,11.56,4,0.00,4,11.56,9.21,36.84,1.26,1.82,,"2 frame(s); median area 3.5 px; net motion dx=-3.1, dy=-15.9; flags: none"
N1358069418,T0787,1358069418-2997,0.4384,2,6,co-iss-n1358069418,1358069418,2001-01-13T09:17:24.345,739.29,1012.59,10.27,4,0.00,4,10.27,8.62,34.47,1.19,1.82,,"2 frame(s); median area 3.5 px; net motion dx=-45.0, dy=-7.5; flags: none"
N1358069587,T0787,1358069587-1699,0.4384,2,7,co-iss-n1358069587,1358069587,2001-01-13T09:19:41.351,694.27,1005.08,10.86,3,0.00,3,10.86,9.57,28.70,1.13,4.39,,"2 frame(s); median area 3.5 px; net motion dx=-45.0, dy=-7.5; flags: none"
N1358061096,T0008,1358061096-0043,0.4375,1,0,co-iss-n1358061096,1358061096,2001-01-13T06:59:18.433,844.16,399.27,40.35,13,0.00,13,40.35,16.95,220.29,2.38,3.01,,1 frame(s); median area 13.0 px; flags: none
N1358063796,T0537,1358063796-0108,0.4375,1,3,co-iss-n1358063796,1358063796,2001-01-13T07:44:18.415,1003.03,773.01,74.14,8,0.00,8,74.14,30.98,247.83,2.39,3.67,,1 frame(s); median area 8.0 px; flags: none
N1358099796,T0806,1358099796-0002,0.4375,1,8,co-iss-n1358099796,1358099796,2001-01-13T17:44:18.165,183.18,34.08,126.82,11,0.00,11,126.82,49.78,547.53,2.55,3.57,,1 frame(s); median area 11.0 px; flags: none
N1358099796,T0812,1358099796-0082,0.4375,1,8,co-iss-n1358099796,1358099796,2001-01-13T17:44:18.165,837.34,546.91,51.39,23,0.00,23,51.39,22.44,516.12,2.29,1.75,,1 frame(s); median area 23.0 px; flags: none
N1358099796,T0814,1358099796-0108,0.4375,1,8,co-iss-n1358099796,1358099796,2001-01-13T17:44:18.165,812.74,818.98,371.83,10,0.15,10,371.83,103.76,1037.61,3.58,2.80,,1 frame(s); median area 10.0 px; flags: none
N1358099796,T0881,1358099796-0482,0.4375,1,8,co-iss-n1358099796,1358099796,2001-01-13T17:44:18.165,1011.80,1020.27,28.86,30,0.00,30,28.86,15.22,456.73,1.90,3.93,,1 frame(s); median area 30.0 px; flags: none
N1358105418,T1082,1358105418-1483,0.4375,1,11,co-iss-n1358105418,1358105418,2001-01-13T19:17:24.095,28.87,888.11,363.68,17,0.00,17,363.68,176.89,3007.16,2.06,2.86,,1 frame(s); median area 17.0 px; flags: none
N1358108287,T1459,1358108287-0151,0.4375,1,15,co-iss-n1358108287,1358108287,2001-01-13T20:04:41.083,726.46,502.30,138.62,9,0.15,9,138.62,41.50,373.51,3.34,2.71,,1 frame(s); median area 9.0 px; flags: none
N1358108287,T1460,1358108287-0152,0.4375,1,15,co-iss-n1358108287,1358108287,2001-01-13T20:04:41.083,880.21,504.14,84.83,9,0.00,9,84.83,30.47,274.26,2.78,3.45,,1 frame(s); median area 9.0 px; flags: none
N1358114587,T1725,1358114587-0079,0.4375,1,20,co-iss-n1358114587,1358114587,2001-01-13T21:49:41.040,259.57,429.91,229.84,9,0.15,9,229.84,65.55,589.97,3.51,1.96,,1 frame(s); median area 9.0 px; flags: none
N1358117118,T1968,1358117118-0187,0.4375,1,22,co-iss-n1358117118,1358117118,2001-01-13T22:32:24.014,179.18,811.73,31.23,8,0.15,8,31.23,18.21,145.67,1.72,6.56,,1 frame(s); median area 8.0 px; flags: none
N1358117796,T2049,1358117796-0306,0.4375,1,24,co-iss-n1358117796,1358117796,2001-01-13T22:44:18.041,23.96,1017.90,42.61,108,0.00,108,42.61,18.91,2042.09,2.25,2.77,,1 frame(s); median area 108.0 px; flags: none
N1358063118,T0446,1358063118-0234,0.4375,2,1,co-iss-n1358063118,1358063118,2001-01-13T07:32:24.388,571.64,917.26,13.58,3,0.00,3,13.58,11.75,35.24,1.16,1.73,,"2 frame(s); median area 3.0 px; net motion dx=-10.7, dy=-12.6; flags: none"
N1358063287,T0446,1358063287-0286,0.4375,2,2,co-iss-n1358063287,1358063287,2001-01-13T07:34:41.395,560.94,904.70,11.40,3,0.00,3,11.40,9.99,29.97,1.14,1.73,,"2 frame(s); median area 3.0 px; net motion dx=-10.7, dy=-12.6; flags: none"
N1358065818,T0597,1358065818-0505,0.4368,2,4,co-iss-n1358065818,1358065818,2001-01-13T08:17:24.370,119.72,787.15,11.32,3,0.00,3,11.32,8.65,25.94,1.31,4.39,,"2 frame(s); median area 3.5 px; net motion dx=-21.5, dy=-13.4; flags: none"
N1358065987,T0597,1358065987-0572,0.4368,2,5,co-iss-n1358065987,1358065987,2001-01-13T08:19:41.376,98.26,773.77,9.28,4,0.00,4,9.28,8.09,32.37,1.15,2.45,,"2 frame(s); median area 3.5 px; net motion dx=-21.5, dy=-13.4; flags: none"
N1358105418,T1085,1358105418-1624,0.4362,2,11,co-iss-n1358105418,1358105418,2001-01-13T19:17:24.095,723.25,896.02,9.88,4,0.00,4,9.88,8.96,35.83,1.10,1.62,,"2 frame(s); median area 3.5 px; net motion dx=-43.2, dy=-72.7; flags: none"
N1358106096,T1085,1358106096-0581,0.4362,2,13,co-iss-n1358106096,1358106096,2001-01-13T19:29:18.122,680.02,823.32,10.54,3,0.00,3,10.54,9.99,29.97,1.05,1.73,,"2 frame(s); median area 3.5 px; net motion dx=-43.2, dy=-72.7; flags: none"
N1358105418,T1060,1358105418-1010,0.4362,3,11,co-iss-n1358105418,1358105418,2001-01-13T19:17:24.095,614.15,850.77,11.80,6,0.00,6,11.80,9.31,55.85,1.27,1.96,,"3 frame(s); median area 4.0 px; net motion dx=15.8, dy=-73.0; flags: none"
N1358105587,T1060,1358105587-0864,0.4362,3,12,co-iss-n1358105587,1358105587,2001-01-13T19:19:41.102,614.49,850.49,8.55,4,0.00,4,8.55,7.72,30.89,1.11,2.24,,"3 frame(s); median area 4.0 px; net motion dx=15.8, dy=-73.0; flags: none"
N1358106096,T1060,1358106096-0255,0.4362,3,13,co-iss-n1358106096,1358106096,2001-01-13T19:29:18.122,629.92,777.77,14.13,3,0.00,3,14.13,10.43,31.28,1.36,4.39,,"3 frame(s); median area 4.0 px; net motion dx=15.8, dy=-73.0; flags: none"
N1358069418,T0764,1358069418-2018,0.4358,2,6,co-iss-n1358069418,1358069418,2001-01-13T09:17:24.345,643.74,918.71,11.81,3,0.00,3,11.81,8.88,26.63,1.33,1.73,,"2 frame(s); median area 3.5 px; net motion dx=-12.2, dy=-4.4; flags: none"
N1358069587,T0764,1358069587-1377,0.4358,2,7,co-iss-n1358069587,1358069587,2001-01-13T09:19:41.351,631.53,914.28,8.46,4,0.15,4,8.46,8.16,32.65,1.04,6.17,,"2 frame(s); median area 3.5 px; net motion dx=-12.2, dy=-4.4; flags: none"
N1358108118,T1436,1358108118-0694,0.4358,3,14,co-iss-n1358108118,1358108118,2001-01-13T20:02:24.077,594.19,1009.81,11.52,5,0.00,5,11.52,10.30,51.48,1.12,2.89,,"3 frame(s); median area 4.0 px; net motion dx=-4.3, dy=-24.1; flags: none"
N1358108287,T1436,1358108287-0542,0.4358,3,15,co-iss-n1358108287,1358108287,2001-01-13T20:04:41.083,594.01,1009.72,9.93,4,0.00,4,9.93,8.65,34.62,1.15,3.60,,"3 frame(s); median area 4.0 px; net motion dx=-4.3, dy=-24.1; flags: none"
N1358108796,T1436,1358108796-0294,0.4358,3,16,co-iss-n1358108796,1358108796,2001-01-13T20:14:18.103,589.93,985.71,12.26,3,0.00,3,12.26,11.45,34.34,1.07,4.39,,"3 frame(s); median area 4.0 px; net motion dx=-4.3, dy=-24.1; flags: none"
N1358105418,T0999,1358105418-0128,0.4358,3,11,co-iss-n1358105418,1358105418,2001-01-13T19:17:24.095,554.12,706.18,14.52,6,0.00,6,14.52,10.21,61.26,1.42,2.03,,"3 frame(s); median area 4.0 px; net motion dx=19.3, dy=50.1; flags: none"
N1358105587,T0999,1358105587-0183,0.4358,3,12,co-iss-n1358105587,1358105587,2001-01-13T19:19:41.102,553.67,706.24,10.80,4,0.00,4,10.80,8.28,33.13,1.30,2.70,,"3 frame(s); median area 4.0 px; net motion dx=19.3, dy=50.1; flags: none"
N1358106096,T0999,1358106096-0165,0.4358,3,13,co-iss-n1358106096,1358106096,2001-01-13T19:29:18.122,573.37,756.26,11.52,3,0.00,3,11.52,10.25,30.76,1.12,1.73,,"3 frame(s); median area 4.0 px; net motion dx=19.3, dy=50.1; flags: none"
N1358069418,T0786,1358069418-2995,0.4356,2,6,co-iss-n1358069418,1358069418,2001-01-13T09:17:24.345,713.95,1012.70,9.14,4,0.00,4,9.14,8.10,32.39,1.13,3.60,,"2 frame(s); median area 3.5 px; net motion dx=-32.6, dy=-19.4; flags: none"
N1358069587,T0786,1358069587-1637,0.4356,2,7,co-iss-n1358069587,1358069587,2001-01-13T09:19:41.351,681.33,993.33,11.05,3,0.00,3,11.05,10.90,32.71,1.01,1.73,,"2 frame(s); median area 3.5 px; net motion dx=-32.6, dy=-19.4; flags: none"
N1358105418,T1042,1358105418-0661,0.4353,2,11,co-iss-n1358105418,1358105418,2001-01-13T19:17:24.095,595.90,821.28,10.31,3,0.00,3,10.31,8.47,25.41,1.22,1.73,,"2 frame(s); median area 3.5 px; net motion dx=14.5, dy=-61.3; flags: none"
N1358106096,T1042,1358106096-0179,0.4353,2,13,co-iss-n1358106096,1358106096,2001-01-13T19:29:18.122,610.45,759.97,9.80,4,0.00,4,9.80,8.09,32.37,1.21,2.62,,"2 frame(s); median area 3.5 px; net motion dx=14.5, dy=-61.3; flags: none"
N1358114418,T1644,1358114418-0739,0.4352,2,19,co-iss-n1358114418,1358114418,2001-01-13T21:47:24.033,191.34,834.89,11.44,4,0.00,4,11.44,8.62,34.49,1.33,3.60,,"2 frame(s); median area 3.5 px; net motion dx=65.4, dy=20.7; flags: none"
N1358115096,T1644,1358115096-0853,0.4352,2,21,co-iss-n1358115096,1358115096,2001-01-13T21:59:18.060,256.70,855.64,8.64,3,0.00,3,8.64,7.99,23.98,1.08,1.73,,"2 frame(s); median area 3.5 px; net motion dx=65.4, dy=20.7; flags: none"
N1358114418,T1667,1358114418-1158,0.4352,2,19,co-iss-n1358114418,1358114418,2001-01-13T21:47:24.033,59.96,868.65,8.82,3,0.00,3,8.82,8.48,25.44,1.04,1.73,,"2 frame(s); median area 3.5 px; net motion dx=45.0, dy=9.8; flags: none"
N1358115096,T1667,1358115096-1272,0.4352,2,21,co-iss-n1358115096,1358115096,2001-01-13T21:59:18.060,104.94,878.50,11.25,4,0.00,4,11.25,9.85,39.40,1.14,2.62,,"2 frame(s); median area 3.5 px; net motion dx=45.0, dy=9.8; flags: none"
N1358114587,T1734,1358114587-1540,0.4350,2,20,co-iss-n1358114587,1358114587,2001-01-13T21:49:41.040,335.05,1001.34,10.62,3,0.00,3,10.62,9.35,28.04,1.14,4.39,,"2 frame(s); median area 3.5 px; net motion dx=-6.8, dy=-82.6; flags: none"
N1358115096,T1734,1358115096-2115,0.4350,2,21,co-iss-n1358115096,1358115096,2001-01-13T21:59:18.060,328.23,918.73,9.39,4,0.00,4,9.39,8.54,34.16,1.10,2.45,,"2 frame(s); median area 3.5 px; net motion dx=-6.8, dy=-82.6; flags: none"
N1358114418,T1602,1358114418-0154,0.4348,2,19,co-iss-n1358114418,1358114418,2001-01-13T21:47:24.033,442.68,724.95,11.34,3,0.00,3,11.34,9.36,28.09,1.21,4.39,,"2 frame(s); median area 3.5 px; net motion dx=32.9, dy=-22.9; flags: none"
N1358114587,T1602,1358114587-0162,0.4348,2,20,co-iss-n1358114587,1358114587,2001-01-13T21:49:41.040,475.58,702.01,8.59,4,0.00,4,8.59,7.54,30.17,1.14,2.45,,"2 frame(s); median area 3.5 px; net motion dx=32.9, dy=-22.9; flags: none"
N1358105418,T1043,1358105418-0687,0.4348,2,11,co-iss-n1358105418,1358105418,2001-01-13T19:17:24.095,680.02,823.32,8.17,3,0.00,3,8.17,7.73,23.19,1.06,1.73,,"2 frame(s); median area 3.5 px; net motion dx=-37.5, dy=-47.0; flags: none"
N1358106096,T1043,1358106096-0248,0.4348,2,13,co-iss-n1358106096,1358106096,2001-01-13T19:29:18.122,642.50,776.32,11.75,4,0.00,4,11.75,9.22,36.90,1.27,2.70,,"2 frame(s); median area 3.5 px; net motion dx=-37.5, dy=-47.0; flags: none"
N1358105418,T1116,1358105418-2934,0.4345,2,11,co-iss-n1358105418,1358105418,2001-01-13T19:17:24.095,759.74,1015.02,10.38,3,0.00,3,10.38,9.07,27.22,1.14,1.73,,"2 frame(s); median area 3.5 px; net motion dx=8.8, dy=-81.3; flags: none"
N1358106096,T1116,1358106096-2512,0.4345,2,13,co-iss-n1358106096,1358106096,2001-01-13T19:29:18.122,768.52,933.75,9.44,4,0.00,4,9.44,9.29,37.16,1.02,4.47,,"2 frame(s); median area 3.5 px; net motion dx=8.8, dy=-81.3; flags: none"
N1358063118,T0450,1358063118-0248,0.4337,2,1,co-iss-n1358063118,1358063118,2001-01-13T07:32:24.388,565.04,927.36,9.24,3,0.00,3,9.24,8.66,25.97,1.07,4.39,,"2 frame(s); median area 3.5 px; net motion dx=5.0, dy=-1.1; flags: none"
N1358063796,T0450,1358063796-0123,0.4337,2,3,co-iss-n1358063796,1358063796,2001-01-13T07:44:18.415,570.01,926.26,10.33,4,0.00,4,10.33,9.59,38.35,1.08,1.17,,"2 frame(s); median area 3.5 px; net motion dx=5.0, dy=-1.1; flags: none"
N1358063118,T0508,1358063118-0901,0.4337,2,1,co-iss-n1358063118,1358063118,2001-01-13T07:32:24.388,771.99,1019.36,9.75,3,0.00,3,9.75,9.11,27.34,1.07,4.39,,"2 frame(s); median area 3.5 px; net motion dx=1.1, dy=-12.9; flags: none"
N1358063118,T0510,1358063118-0914,0.4337,2,1,co-iss-n1358063118,1358063118,2001-01-13T07:32:24.388,788.06,1020.69,9.75,3,0.00,3,9.75,8.62,25.87,1.13,1.73,,"2 frame(s); median area 3.5 px; net motion dx=-4.5, dy=-8.9; flags: none"
N1358063287,T0508,1358063287-0614,0.4337,2,2,co-iss-n1358063287,1358063287,2001-01-13T07:34:41.395,773.06,1006.48,9.80,4,0.00,4,9.80,8.95,35.80,1.09,2.62,,"2 frame(s); median area 3.5 px; net motion dx=1.1, dy=-12.9; flags: none"
N1358063287,T0510,1358063287-0670,0.4337,2,2,co-iss-n1358063287,1358063287,2001-01-13T07:34:41.395,783.52,1011.81,9.80,4,0.00,4,9.80,8.23,32.93,1.19,1.82,,"2 frame(s); median area 3.5 px; net motion dx=-4.5, dy=-8.9; flags: none"
N1358114418,T1665,1358114418-1141,0.4336,2,19,co-iss-n1358114418,1358114418,2001-01-13T21:47:24.033,45.01,868.53,9.92,4,0.00,4,9.92,9.21,36.85,1.08,2.45,,"2 frame(s); median area 3.5 px; net motion dx=15.7, dy=14.1; flags: none"
N1358115096,T1665,1358115096-1358,0.4336,2,21,co-iss-n1358115096,1358115096,2001-01-13T21:59:18.060,60.70,882.68,9.61,3,0.00,3,9.61,8.54,25.62,1.12,1.73,,"2 frame(s); median area 3.5 px; net motion dx=15.7, dy=14.1; flags: none"
N1358069418,T0726,1358069418-1004,0.4335,2,6,co-iss-n1358069418,1358069418,2001-01-13T09:17:24.345,867.35,843.94,8.96,3,0.00,3,8.96,8.49,25.48,1.06,1.73,,"2 frame(s); median area 3.5 px; net motion dx=1.8, dy=-22.0; flags: none"
N1358069587,T0726,1358069587-0678,0.4335,2,7,co-iss-n1358069587,1358069587,2001-01-13T09:19:41.351,869.18,821.93,10.54,4,0.00,4,10.54,8.97,35.88,1.18,3.60,,"2 frame(s); median area 3.5 px; net motion dx=1.8, dy=-22.0; flags: none"
N1358114418,T1661,1358114418-1069,0.4330,2,19,co-iss-n1358114418,1358114418,2001-01-13T21:47:24.033,66.34,863.62,9.95,3,0.00,3,9.95,8.75,26.24,1.14,1.73,,"2 frame(s); median area 3.5 px; net motion dx=78.2, dy=8.1; flags: none"
N1358115096,T1661,1358115096-1127,0.4330,2,21,co-iss-n1358115096,1358115096,2001-01-13T21:59:18.060,144.50,871.73,9.39,4,0.00,4,9.39,8.69,34.77,1.08,1.82,,"2 frame(s); median area 3.5 px; net motion dx=78.2, dy=8.1; flags: none"
N1358069418,T0767,1358069418-2457,0.4324,2,6,co-iss-n1358069418,1358069418,2001-01-13T09:17:24.345,989.05,951.31,10.43,3,0.00,3,10.43,9.55,28.66,1.09,4.39,,"2 frame(s); median area 3.5 px; net motion dx=0.4, dy=-42.1; flags: none"
N1358069587,T0767,1358069587-1362,0.4324,2,7,co-iss-n1358069587,1358069587,2001-01-13T09:19:41.351,989.50,909.25,8.70,4,0.00,4,8.70,8.29,33.15,1.05,4.47,,"2 frame(s); median area 3.5 px; net motion dx=0.4, dy=-42.1; flags: none"
N1358105418,T1118,1358105418-2993,0.4317,2,11,co-iss-n1358105418,1358105418,2001-01-13T19:17:24.095,776.01,1019.28,9.45,3,0.00,3,9.45,8.56,25.68,1.10,1.73,,"2 frame(s); median area 3.5 px; net motion dx=8.8, dy=-79.0; flags: none"
N1358106096,T1118,1358106096-2613,0.4317,2,13,co-iss-n1358106096,1358106096,2001-01-13T19:29:18.122,784.77,940.27,9.44,4,0.00,4,9.44,8.80,35.19,1.07,2.45,,"2 frame(s); median area 3.5 px; net motion dx=8.8, dy=-79.0; flags: none"
N1358069418,T0766,1358069418-2399,0.4316,2,6,co-iss-n1358069418,1358069418,2001-01-13T09:17:24.345,988.70,947.75,10.16,4,0.00,4,10.16,8.84,35.38,1.15,2.45,,"2 frame(s); median area 3.5 px; net motion dx=-1.7, dy=-51.4; flags: none"
N1358069587,T0766,1358069587-1271,0.4316,2,7,co-iss-n1358069587,1358069587,2001-01-13T09:19:41.351,987.05,896.35,8.70,3,0.00,3,8.70,8.29,24.87,1.05,1.73,,"2 frame(s); median area 3.5 px; net motion dx=-1.7, dy=-51.4; flags: none"
N1358114418,T1598,1358114418-0123,0.4315,2,19,co-iss-n1358114418,1358114418,2001-01-13T21:47:24.033,479.04,706.66,8.78,3,0.00,3,8.78,8.08,24.23,1.09,4.39,,"2 frame(s); median area 3.5 px; net motion dx=8.2, dy=-20.4; flags: none"
N1358114587,T1598,1358114587-0139,0.4315,2,20,co-iss-n1358114587,1358114587,2001-01-13T21:49:41.040,487.20,686.24,10.05,4,0.00,4,10.05,8.79,35.16,1.14,1.63,,"2 frame(s); median area 3.5 px; net motion dx=8.2, dy=-20.4; flags: none"
N1358105418,T1074,1358105418-1202,0.4314,2,11,co-iss-n1358105418,1358105418,2001-01-13T19:17:24.095,650.61,865.74,10.95,3,0.00,3,10.95,9.27,27.80,1.18,1.73,,"2 frame(s); median area 3.0 px; net motion dx=5.7, dy=-75.4; flags: none"
N1358106096,T1074,1358106096-0321,0.4314,2,13,co-iss-n1358106096,1358106096,2001-01-13T19:29:18.122,656.28,790.39,12.02,3,0.00,3,12.02,10.26,30.77,1.17,1.73,,"2 frame(s); median area 3.0 px; net motion dx=5.7, dy=-75.4; flags: none"
N1358105418,T1075,1358105418-1207,0.4313,3,11,co-iss-n1358105418,1358105418,2001-01-13T19:17:24.095,736.79,865.95,10.50,6,0.00,6,10.50,8.92,53.50,1.18,4.47,,"3 frame(s); median area 4.0 px; net motion dx=-29.7, dy=-48.8; flags: none"
N1358105587,T1075,1358105587-0986,0.4313,3,12,co-iss-n1358105587,1358105587,2001-01-13T19:19:41.102,738.00,865.64,8.80,3,0.00,3,8.80,8.26,24.78,1.07,4.39,,"3 frame(s); median area 4.0 px; net motion dx=-29.7, dy=-48.8; flags: none"
N1358106096,T1075,1358106096-0517,0.4313,3,13,co-iss-n1358106096,1358106096,2001-01-13T19:29:18.122,707.05,817.19,9.70,4,0.00,4,9.70,8.92,35.69,1.09,1.62,,"3 frame(s); median area 4.0 px; net motion dx=-29.7, dy=-48.8; flags: none"
N1358065818,T0609,1358065818-0609,0.4313,2,4,co-iss-n1358065818,1358065818,2001-01-13T08:17:24.370,426.06,955.47,9.60,4,0.00,4,9.60,9.06,36.22,1.06,2.62,,"2 frame(s); median area 3.5 px; net motion dx=-46.4, dy=-49.1; flags: none"
N1358065987,T0609,1358065987-0671,0.4313,2,5,co-iss-n1358065987,1358065987,2001-01-13T08:19:41.376,379.67,906.33,9.16,3,0.00,3,9.16,9.13,27.39,1.00,1.73,,"2 frame(s); median area 3.5 px; net motion dx=-46.4, dy=-49.1; flags: none"
N1358117118,T1971,1358117118-0225,0.4313,2,22,co-iss-n1358117118,1358117118,2001-01-13T22:32:24.014,461.95,929.22,9.39,4,0.00,4,9.39,8.49,33.95,1.11,1.17,,"2 frame(s); median area 3.5 px; net motion dx=18.4, dy=-25.2; flags: none"
N1358117287,T1971,1358117287-0281,0.4313,2,23,co-iss-n1358117287,1358117287,2001-01-13T22:34:41.021,480.37,904.00,9.36,3,0.00,3,9.36,8.35,25.06,1.12,1.73,,"2 frame(s); median area 3.5 px; net motion dx=18.4, dy=-25.2; flags: none"
N1358069418,T0697,1358069418-0455,0.4309,2,6,co-iss-n1358069418,1358069418,2001-01-13T09:17:24.345,708.41,786.56,10.09,4,0.00,4,10.09,8.16,32.63,1.24,2.24,,"2 frame(s); median area 3.5 px; net motion dx=8.9, dy=-4.6; flags: none"
N1358069587,T0697,1358069587-0431,0.4309,2,7,co-iss-n1358069587,1358069587,2001-01-13T09:19:41.351,717.34,781.94,8.55,3,0.00,3,8.55,8.01,24.02,1.07,1.73,,"2 frame(s); median area 3.5 px; net motion dx=8.9, dy=-4.6; flags: none"
N1358114418,T1597,1358114418-0122,0.4307,2,19,co-iss-n1358114418,1358114418,2001-01-13T21:47:24.033,852.65,705.62,12.59,3,0.00,3,12.59,11.09,33.27,1.14,1.73,,"2 frame(s); median area 3.0 px; net motion dx=-15.3, dy=35.0; flags: none"
N1358115096,T1597,1358115096-0111,0.4307,2,21,co-iss-n1358115096,1358115096,2001-01-13T21:59:18.060,837.31,740.65,10.15,3,0.00,3,10.15,9.77,29.31,1.04,1.73,,"2 frame(s); median area 3.0 px; net motion dx=-15.3, dy=35.0; flags: none"
N1358105418,T1113,1358105418-2868,0.4304,2,11,co-iss-n1358105418,1358105418,2001-01-13T19:17:24.095,835.00,1008.69,9.02,4,0.00,4,9.02,8.52,34.08,1.06,1.17,,"2 frame(s); median area 3.5 px; net motion dx=26.0, dy=-78.0; flags: none"
N1358106096,T1113,1358106096-2461,0.4304,2,13,co-iss-n1358106096,1358106096,2001-01-13T19:29:18.122,861.00,930.69,9.44,3,0.00,3,9.44,9.17,27.52,1.03,1.73,,"2 frame(s); median area 3.5 px; net motion dx=26.0, dy=-78.0; flags: none"
N1358114418,T1642,1358114418-0712,0.4301,2,19,co-iss-n1358114418,1358114418,2001-01-13T21:47:24.033,218.98,831.35,10.20,3,0.00,3,10.20,9.69,29.07,1.05,4.39,,"2 frame(s); median area 3.0 px; net motion dx=59.4, dy=2.7; flags: none"
N1358115096,T1642,1358115096-0620,0.4301,2,21,co-iss-n1358115096,1358115096,2001-01-13T21:59:18.060,278.43,834.06,12.33,3,0.00,3,12.33,9.59,28.78,1.29,1.73,,"2 frame(s); median area 3.0 px; net motion dx=59.4, dy=2.7; flags: none"
N1358114418,T1601,1358114418-0140,0.4300,2,19,co-iss-n1358114418,1358114418,2001-01-13T21:47:24.033,455.71,718.94,9.07,3,0.00,3,9.07,8.46,25.39,1.07,4.39,,"2 frame(s); median area 3.5 px; net motion dx=8.5, dy=-17.2; flags: none"
N1358114587,T1601,1358114587-0160,0.4300,2,20,co-iss-n1358114587,1358114587,2001-01-13T21:49:41.040,464.24,701.75,9.27,4,0.00,4,9.27,8.73,34.90,1.06,1.63,,"2 frame(s); median area 3.5 px; net motion dx=8.5, dy=-17.2; flags: none"
N1358069418,T0703,1358069418-0526,0.4298,2,6,co-iss-n1358069418,1358069418,2001-01-13T09:17:24.345,742.75,796.33,10.17,4,0.00,4,10.17,8.54,34.17,1.19,2.45,,"2 frame(s); median area 3.5 px; net motion dx=21.2, dy=0.0; flags: none"
N1358069587,T0703,1358069587-0522,0.4298,2,7,co-iss-n1358069587,1358069587,2001-01-13T09:19:41.351,763.97,796.35,8.09,3,0.00,3,8.09,7.64,22.91,1.06,4.39,,"2 frame(s); median area 3.5 px; net motion dx=21.2, dy=0.0; flags: none"
N1358063118,T0466,1358063118-0379,0.4291,2,1,co-iss-n1358063118,1358063118,2001-01-13T07:32:24.388,633.29,961.30,9.75,3,0.00,3,9.75,8.03,24.10,1.21,1.73,,"2 frame(s); median area 3.5 px; net motion dx=-18.8, dy=3.4; flags: none"
N1358063118,T0500,1358063118-0846,0.4291,2,1,co-iss-n1358063118,1358063118,2001-01-13T07:32:24.388,669.09,1015.27,9.75,3,0.00,3,9.75,8.73,26.18,1.12,4.39,,"2 frame(s); median area 3.5 px; net motion dx=1.9, dy=-19.5; flags: none"
N1358063796,T0466,1358063796-0211,0.4291,2,3,co-iss-n1358063796,1358063796,2001-01-13T07:44:18.415,614.48,964.74,8.27,4,0.00,4,8.27,8.01,32.03,1.03,4.47,,"2 frame(s); median area 3.5 px; net motion dx=-18.8, dy=3.4; flags: none"
N1358063796,T0500,1358063796-0284,0.4291,2,3,co-iss-n1358063796,1358063796,2001-01-13T07:44:18.415,671.02,995.76,8.27,4,0.00,4,8.27,7.93,31.72,1.04,1.62,,"2 frame(s); median area 3.5 px; net motion dx=1.9, dy=-19.5; flags: none"
N1358069418,T0779,1358069418-2775,0.4290,2,6,co-iss-n1358069418,1358069418,2001-01-13T09:17:24.345,703.52,993.72,8.41,4,0.15,4,8.41,7.44,29.75,1.13,6.17,,"2 frame(s); median area 3.5 px; net motion dx=-16.2, dy=-9.6; flags: none"
N1358069587,T0779,1358069587-1603,0.4290,2,7,co-iss-n1358069587,1358069587,2001-01-13T09:19:41.351,687.33,984.08,9.59,3,0.00,3,9.59,8.51,25.53,1.13,1.73,,"2 frame(s); median area 3.5 px; net motion dx=-16.2, dy=-9.6; flags: none"
N1358069418,T0780,1358069418-2798,0.4287,2,6,co-iss-n1358069418,1358069418,2001-01-13T09:17:24.345,992.44,995.30,13.37,3,0.00,3,13.37,10.16,30.47,1.32,1.73,,"2 frame(s); median area 3.0 px; net motion dx=-3.4, dy=-44.0; flags: none"
N1358069587,T0780,1358069587-1505,0.4287,2,7,co-iss-n1358069587,1358069587,2001-01-13T09:19:41.351,989.05,951.31,8.70,3,0.00,3,8.70,7.97,23.90,1.09,4.39,,"2 frame(s); median area 3.0 px; net motion dx=-3.4, dy=-44.0; flags: none"
N1358101818,T0959,1358101818-0621,0.4286,2,9,co-iss-n1358101818,1358101818,2001-01-13T18:17:24.120,439.74,959.63,10.16,3,0.00,3,10.16,9.12,27.35,1.11,1.73,,"2 frame(s); median area 3.0 px; net motion dx=23.9, dy=-65.4; flags: none"
N1358101987,T0959,1358101987-0577,0.4286,2,10,co-iss-n1358101987,1358101987,2001-01-13T18:19:41.127,463.64,894.28,11.86,3,0.00,3,11.86,10.88,32.64,1.09,1.73,,"2 frame(s); median area 3.0 px; net motion dx=23.9, dy=-65.4; flags: none"
N1358114418,T1620,1358114418-0392,0.4284,2,19,co-iss-n1358114418,1358114418,2001-01-13T21:47:24.033,452.91,782.40,10.27,3,0.00,3,10.27,8.46,25.38,1.21,4.39,,"2 frame(s); median area 3.0 px; net motion dx=-17.0, dy=-19.8; flags: none"
N1358115096,T1620,1358115096-0184,0.4284,2,21,co-iss-n1358115096,1358115096,2001-01-13T21:59:18.060,435.92,762.62,11.70,3,0.00,3,11.70,10.24,30.71,1.14,1.73,,"2 frame(s); median area 3.0 px; net motion dx=-17.0, dy=-19.8; flags: none"
N1358069418,T0717,1358069418-0817,0.4277,2,6,co-iss-n1358069418,1358069418,2001-01-13T09:17:24.345,809.05,829.65,10.43,3,0.00,3,10.43,9.98,29.93,1.05,1.73,,"2 frame(s); median area 3.0 px; net motion dx=-0.3, dy=-23.0; flags: none"
N1358069587,T0717,1358069587-0576,0.4277,2,7,co-iss-n1358069587,1358069587,2001-01-13T09:19:41.351,808.71,806.69,11.29,3,0.00,3,11.29,9.45,28.36,1.19,1.73,,"2 frame(s); median area 3.0 px; net motion dx=-0.3, dy=-23.0; flags: none"
N1358069418,T0728,1358069418-1046,0.4276,2,6,co-iss-n1358069418,1358069418,2001-01-13T09:17:24.345,937.34,847.10,9.80,3,0.00,3,9.80,8.57,25.71,1.14,1.73,,"2 frame(s); median area 3.0 px; net motion dx=-25.6, dy=-16.8; flags: none"
N1358069587,T0728,1358069587-0752,0.4276,2,7,co-iss-n1358069587,1358069587,2001-01-13T09:19:41.351,911.69,830.27,11.91,3,0.00,3,11.91,9.52,28.56,1.25,1.73,,"2 frame(s); median area 3.0 px; net motion dx=-25.6, dy=-16.8; flags: none"
N1358117118,T2018,1358117118-0716,0.4274,2,22,co-iss-n1358117118,1358117118,2001-01-13T22:32:24.014,386.54,1013.42,9.39,4,0.00,4,9.39,8.38,33.52,1.12,5.83,,"2 frame(s); median area 3.5 px; net motion dx=4.8, dy=-15.8; flags: none"
N1358117796,T2018,1358117796-0234,0.4274,2,24,co-iss-n1358117796,1358117796,2001-01-13T22:44:18.041,391.34,997.66,8.08,3,0.00,3,8.08,7.97,23.91,1.01,1.73,,"2 frame(s); median area 3.5 px; net motion dx=4.8, dy=-15.8; flags: none"
N1358105418,T1103,1358105418-2608,0.4274,2,11,co-iss-n1358105418,1358105418,2001-01-13T19:17:24.095,767.64,977.96,8.10,3,0.00,3,8.10,7.47,22.42,1.08,4.39,,"2 frame(s); median area 3.5 px; net motion dx=0.5, dy=-80.7; flags: none"
N1358106096,T1103,1358106096-1755,0.4274,2,13,co-iss-n1358106096,1358106096,2001-01-13T19:29:18.122,768.18,897.30,9.37,4,0.00,4,9.37,8.13,32.51,1.15,1.63,,"2 frame(s); median area 3.5 px; net motion dx=0.5, dy=-80.7; flags: none"
N1358069418,T0670,1358069418-0139,0.4273,2,6,co-iss-n1358069418,1358069418,2001-01-13T09:17:24.345,552.31,701.32,9.38,3,0.00,3,9.38,8.42,25.27,1.11,1.73,,"2 frame(s); median area 3.0 px; net motion dx=-10.4, dy=-9.6; flags: none"
N1358069587,T0670,1358069587-0178,0.4273,2,7,co-iss-n1358069587,1358069587,2001-01-13T09:19:41.351,541.93,691.75,12.24,3,0.00,3,12.24,9.64,28.92,1.27,4.39,,"2 frame(s); median area 3.0 px; net motion dx=-10.4, dy=-9.6; flags: none"
N1358105418,T1076,1358105418-1208,0.4273,2,11,co-iss-n1358105418,1358105418,2001-01-13T19:17:24.095,755.09,865.31,9.25,3,0.00,3,9.25,7.94,23.83,1.16,1.73,,"2 frame(s); median area 3.0 px; net motion dx=-37.1, dy=-48.0; flags: none"
N1358106096,T1076,1358106096-0520,0.4273,2,13,co-iss-n1358106096,1358106096,2001-01-13T19:29:18.122,717.95,817.35,12.34,3,0.00,3,12.34,11.68,35.05,1.06,4.39,,"2 frame(s); median area 3.0 px; net motion dx=-37.1, dy=-48.0; flags: none"
N1358105418,T1038,1358105418-0628,0.4271,2,11,co-iss-n1358105418,1358105418,2001-01-13T19:17:24.095,717.90,817.39,11.14,3,0.00,3,11.14,9.61,28.82,1.16,4.39,,"2 frame(s); median area 3.0 px; net motion dx=-62.9, dy=-29.7; flags: none"
N1358106096,T1038,1358106096-0305,0.4271,2,13,co-iss-n1358106096,1358106096,2001-01-13T19:29:18.122,655.04,787.66,10.39,3,0.00,3,10.39,8.91,26.74,1.17,4.39,,"2 frame(s); median area 3.0 px; net motion dx=-62.9, dy=-29.7; flags: none"
N1358069418,T0676,1358069418-0178,0.4266,2,6,co-iss-n1358069418,1358069418,2001-01-13T09:17:24.345,588.03,718.68,8.26,3,0.00,3,8.26,7.87,23.60,1.05,4.39,,"2 frame(s); median area 3.5 px; net motion dx=-0.8, dy=-7.2; flags: none"
N1358069587,T0676,1358069587-0214,0.4266,2,7,co-iss-n1358069587,1358069587,2001-01-13T09:19:41.351,587.24,711.48,8.94,4,0.00,4,8.94,8.68,34.72,1.03,4.47,,"2 frame(s); median area 3.5 px; net motion dx=-0.8, dy=-7.2; flags: none"
N1358069418,T0742,1358069418-1253,0.4261,2,6,co-iss-n1358069418,1358069418,2001-01-13T09:17:24.345,620.01,862.30,10.51,3,0.00,3,10.51,9.14,27.42,1.15,4.39,,"2 frame(s); median area 3.0 px; net motion dx=-18.3, dy=0.6; flags: none"
N1358069587,T0742,1358069587-1022,0.4261,2,7,co-iss-n1358069587,1358069587,2001-01-13T09:19:41.351,601.68,862.93,10.68,3,0.00,3,10.68,9.47,28.42,1.13,1.73,,"2 frame(s); median area 3.0 px; net motion dx=-18.3, dy=0.6; flags: none"
N1358114418,T1641,1358114418-0711,0.4261,2,19,co-iss-n1358114418,1358114418,2001-01-13T21:47:24.033,211.68,831.98,8.31,3,0.00,3,8.31,7.96,23.88,1.04,1.73,,"2 frame(s); median area 3.0 px; net motion dx=57.9, dy=3.3; flags: none"
N1358115096,T1641,1358115096-0640,0.4261,2,21,co-iss-n1358115096,1358115096,2001-01-13T21:59:18.060,269.60,835.26,12.88,3,0.00,3,12.88,10.79,32.38,1.19,1.73,,"2 frame(s); median area 3.0 px; net motion dx=57.9, dy=3.3; flags: none"
N1358069418,T0705,1358069418-0564,0.4255,2,6,co-iss-n1358069418,1358069418,2001-01-13T09:17:24.345,751.39,801.10,10.43,3,0.00,3,10.43,8.92,26.77,1.17,4.39,,"2 frame(s); median area 3.0 px; net motion dx=15.6, dy=-9.5; flags: none"
N1358069587,T0705,1358069587-0487,0.4255,2,7,co-iss-n1358069587,1358069587,2001-01-13T09:19:41.351,766.96,791.65,10.58,3,0.00,3,10.58,9.06,27.18,1.17,4.39,,"2 frame(s); median area 3.0 px; net motion dx=15.6, dy=-9.5; flags: none"
N1358069418,T0678,1358069418-0208,0.4255,2,6,co-iss-n1358069418,1358069418,2001-01-13T09:17:24.345,560.27,731.90,10.34,3,0.00,3,10.34,9.34,28.03,1.11,4.39,,"2 frame(s); median area 3.0 px; net motion dx=-8.0, dy=5.2; flags: none"
N1358069587,T0678,1358069587-0278,0.4255,2,7,co-iss-n1358069587,1358069587,2001-01-13T09:19:41.351,552.29,737.06,10.65,3,0.00,3,10.65,9.15,27.44,1.16,1.73,,"2 frame(s); median area 3.0 px; net motion dx=-8.0, dy=5.2; flags: none"
N1358117118,T2017,1358117118-0712,0.4250,2,22,co-iss-n1358117118,1358117118,2001-01-13T22:32:24.014,321.37,1012.93,9.39,3,0.00,3,9.39,8.53,25.58,1.10,4.39,,"2 frame(s); median area 3.0 px; net motion dx=-23.7, dy=-6.0; flags: none"
N1358117287,T2017,1358117287-0525,0.4250,2,23,co-iss-n1358117287,1358117287,2001-01-13T22:34:41.021,297.71,1006.90,11.43,3,0.00,3,11.43,9.96,29.88,1.15,4.39,,"2 frame(s); median area 3.0 px; net motion dx=-23.7, dy=-6.0; flags: none"
N1358063118,T0453,1358063118-0274,0.4237,3,1,co-iss-n1358063118,1358063118,2001-01-13T07:32:24.388,562.61,936.90,11.67,4,0.00,4,11.67,9.87,39.47,1.18,3.60,,"3 frame(s); median area 3.0 px; net motion dx=38.4, dy=76.8; flags: none"
N1358063287,T0453,1358063287-0389,0.4237,3,2,co-iss-n1358063287,1358063287,2001-01-13T07:34:41.395,557.36,941.05,8.08,3,0.00,3,8.08,7.40,22.19,1.09,4.39,,"3 frame(s); median area 3.0 px; net motion dx=38.4, dy=76.8; flags: none"
N1358063796,T0453,1358063796-0391,0.4237,3,3,co-iss-n1358063796,1358063796,2001-01-13T07:44:18.415,601.00,1013.67,8.27,3,0.00,3,8.27,8.21,24.64,1.01,4.39,,"3 frame(s); median area 3.0 px; net motion dx=38.4, dy=76.8; flags: none"
N1358105418,T1099,1358105418-2511,0.4235,2,11,co-iss-n1358105418,1358105418,2001-01-13T19:17:24.095,729.03,964.67,9.02,3,0.00,3,9.02,8.25,24.75,1.09,4.39,,"2 frame(s); median area 3.0 px; net motion dx=-18.0, dy=-81.0; flags: none"
N1358106096,T1099,1358106096-1491,0.4235,2,13,co-iss-n1358106096,1358106096,2001-01-13T19:29:18.122,711.00,883.62,11.30,3,0.00,3,11.30,9.98,29.95,1.13,4.39,,"2 frame(s); median area 3.0 px; net motion dx=-18.0, dy=-81.0; flags: none"
N1358063118,T0504,1358063118-0871,0.4227,2,1,co-iss-n1358063118,1358063118,2001-01-13T07:32:24.388,683.68,1017.95,9.75,3,0.00,3,9.75,8.90,26.69,1.10,1.73,,"2 frame(s); median area 3.0 px; net motion dx=2.0, dy=-17.3; flags: none"
N1358063796,T0504,1358063796-0294,0.4227,2,3,co-iss-n1358063796,1358063796,2001-01-13T07:44:18.415,685.71,1000.67,10.33,3,0.00,3,10.33,9.16,27.47,1.13,1.73,,"2 frame(s); median area 3.0 px; net motion dx=2.0, dy=-17.3; flags: none"
N1358114418,T1682,1358114418-1615,0.4227,2,19,co-iss-n1358114418,1358114418,2001-01-13T21:47:24.033,190.00,905.33,8.82,3,0.00,3,8.82,8.76,26.27,1.01,1.73,,"2 frame(s); median area 3.0 px; net motion dx=35.0, dy=-45.0; flags: none"
N1358115096,T1682,1358115096-0925,0.4227,2,21,co-iss-n1358115096,1358115096,2001-01-13T21:59:18.060,225.03,860.34,11.25,3,0.00,3,11.25,10.79,32.38,1.04,4.39,,"2 frame(s); median area 3.0 px; net motion dx=35.0, dy=-45.0; flags: none"
N1358114418,T1677,1358114418-1538,0.4223,2,19,co-iss-n1358114418,1358114418,2001-01-13T21:47:24.033,297.99,897.31,8.82,3,0.00,3,8.82,8.01,24.04,1.10,4.39,,"2 frame(s); median area 3.0 px; net motion dx=40.0, dy=-68.1; flags: none"
N1358115096,T1677,1358115096-0591,0.4223,2,21,co-iss-n1358115096,1358115096,2001-01-13T21:59:18.060,338.00,829.24,11.10,3,0.00,3,11.10,9.74,29.21,1.14,1.73,,"2 frame(s); median area 3.0 px; net motion dx=40.0, dy=-68.1; flags: none"
N1358105418,T1057,1358105418-0965,0.4220,2,11,co-iss-n1358105418,1358105418,2001-01-13T19:17:24.095,773.30,846.63,8.84,3,0.00,3,8.84,7.98,23.94,1.11,1.73,,"2 frame(s); median area 3.0 px; net motion dx=-30.3, dy=-29.0; flags: none"
N1358106096,T1057,1358106096-0523,0.4220,2,13,co-iss-n1358106096,1358106096,2001-01-13T19:29:18.122,742.98,817.62,10.99,3,0.00,3,10.99,9.72,29.15,1.13,4.39,,"2 frame(s); median area 3.0 px; net motion dx=-30.3, dy=-29.0; flags: none"
N1358105418,T1006,1358105418-0183,0.4215,2,11,co-iss-n1358105418,1358105418,2001-01-13T19:17:24.095,593.38,734.08,8.88,3,0.00,3,8.88,7.85,23.55,1.13,4.39,,"2 frame(s); median area 3.0 px; net motion dx=-6.1, dy=-0.5; flags: none"
N1358106096,T1006,1358106096-0113,0.4215,2,13,co-iss-n1358106096,1358106096,2001-01-13T19:29:18.122,587.27,733.62,10.80,3,0.00,3,10.80,9.54,28.62,1.13,1.73,,"2 frame(s); median area 3.0 px; net motion dx=-6.1, dy=-0.5; flags: none"
N1358069418,T0785,1358069418-2982,0.4209,2,6,co-iss-n1358069418,1358069418,2001-01-13T09:17:24.345,710.33,1011.28,9.86,3,0.00,3,9.86,8.40,25.20,1.17,1.73,,"2 frame(s); median area 3.0 px; net motion dx=-24.4, dy=-19.7; flags: none"
N1358069587,T0785,1358069587-1626,0.4209,2,7,co-iss-n1358069587,1358069587,2001-01-13T09:19:41.351,685.95,991.62,9.63,3,0.00,3,9.63,8.52,25.55,1.13,1.73,,"2 frame(s); median area 3.0 px; net motion dx=-24.4, dy=-19.7; flags: none"
N1358114418,T1681,1358114418-1612,0.4209,2,19,co-iss-n1358114418,1358114418,2001-01-13T21:47:24.033,161.33,906.02,8.21,3,0.00,3,8.21,8.03,24.09,1.02,4.39,,"2 frame(s); median area 3.0 px; net motion dx=36.3, dy=-42.7; flags: none"
N1358115096,T1681,1358115096-0972,0.4209,2,21,co-iss-n1358115096,1358115096,2001-01-13T21:59:18.060,197.61,863.32,11.25,3,0.00,3,11.25,9.53,28.60,1.18,1.73,,"2 frame(s); median area 3.0 px; net motion dx=36.3, dy=-42.7; flags: none"
N1358108118,T1410,1358108118-0351,0.4208,2,14,co-iss-n1358108118,1358108118,2001-01-13T20:02:24.077,638.02,962.65,9.62,3,0.00,3,9.62,9.12,27.37,1.05,1.73,,"2 frame(s); median area 3.0 px; net motion dx=-26.3, dy=7.0; flags: none"
N1358108796,T1410,1358108796-0226,0.4208,2,16,co-iss-n1358108796,1358108796,2001-01-13T20:14:18.103,611.71,969.61,9.82,3,0.00,3,9.82,8.39,25.18,1.17,1.73,,"2 frame(s); median area 3.0 px; net motion dx=-26.3, dy=7.0; flags: none"
N1358105418,T1017,1358105418-0339,0.4207,2,11,co-iss-n1358105418,1358105418,2001-01-13T19:17:24.095,660.01,773.64,8.60,3,0.00,3,8.60,8.01,24.02,1.07,1.73,,"2 frame(s); median area 3.0 px; net motion dx=-47.7, dy=-16.3; flags: none"
N1358106096,T1017,1358106096-0172,0.4207,2,13,co-iss-n1358106096,1358106096,2001-01-13T19:29:18.122,612.33,757.38,10.79,3,0.00,3,10.79,9.54,28.63,1.13,1.73,,"2 frame(s); median area 3.0 px; net motion dx=-47.7, dy=-16.3; flags: none"
N1358069418,T0732,1358069418-1073,0.4205,2,6,co-iss-n1358069418,1358069418,2001-01-13T09:17:24.345,812.89,848.35,10.43,3,0.00,3,10.43,9.09,27.27,1.15,1.73,,"2 frame(s); median area 3.0 px; net motion dx=5.5, dy=-37.0; flags: none"
N1358069587,T0732,1358069587-0605,0.4205,2,7,co-iss-n1358069587,1358069587,2001-01-13T09:19:41.351,818.35,811.30,8.89,3,0.00,3,8.89,8.40,25.20,1.06,1.73,,"2 frame(s); median area 3.0 px; net motion dx=5.5, dy=-37.0; flags: none"
N1358069418,T0773,1358069418-2685,0.4199,2,6,co-iss-n1358069418,1358069418,2001-01-13T09:17:24.345,767.64,977.96,8.01,3,0.00,3,8.01,7.39,22.17,1.08,4.39,,"2 frame(s); median area 3.0 px; net motion dx=-68.6, dy=35.4; flags: none"
N1358069587,T0773,1358069587-1750,0.4199,2,7,co-iss-n1358069587,1358069587,2001-01-13T09:19:41.351,699.04,1013.31,11.13,3,0.00,3,11.13,9.06,27.17,1.23,4.39,,"2 frame(s); median area 3.0 px; net motion dx=-68.6, dy=35.4; flags: none"
N1358069418,T0740,1358069418-1208,0.4199,2,6,co-iss-n1358069418,1358069418,2001-01-13T09:17:24.345,690.33,858.67,10.43,3,0.00,3,10.43,10.43,31.30,1.00,1.73,,"2 frame(s); median area 3.0 px; net motion dx=0.0, dy=0.0; flags: none"
N1358069418,T0746,1358069418-1300,0.4199,2,6,co-iss-n1358069418,1358069418,2001-01-13T09:17:24.345,738.00,865.65,10.43,3,0.00,3,10.43,9.81,29.43,1.06,4.39,,"2 frame(s); median area 3.0 px; net motion dx=0.0, dy=-0.0; flags: none"
N1358069418,T0772,1358069418-2611,0.4199,2,6,co-iss-n1358069418,1358069418,2001-01-13T09:17:24.345,989.06,967.63,10.43,3,0.00,3,10.43,9.31,27.93,1.12,4.39,,"2 frame(s); median area 3.0 px; net motion dx=-1.0, dy=-41.9; flags: none"
N1358069587,T0740,1358069587-0997,0.4199,2,7,co-iss-n1358069587,1358069587,2001-01-13T09:19:41.351,690.33,858.67,8.70,3,0.00,3,8.70,8.70,26.09,1.00,1.73,,"2 frame(s); median area 3.0 px; net motion dx=0.0, dy=0.0; flags: none"
N1358069587,T0746,1358069587-1051,0.4199,2,7,co-iss-n1358069587,1358069587,2001-01-13T09:19:41.351,738.00,865.64,8.70,3,0.00,3,8.70,8.15,24.46,1.07,4.39,,"2 frame(s); median area 3.0 px; net motion dx=0.0, dy=-0.0; flags: none"
N1358069587,T0772,1358069587-1427,0.4199,2,7,co-iss-n1358069587,1358069587,2001-01-13T09:19:41.351,988.05,925.70,8.70,3,0.00,3,8.70,8.18,24.54,1.06,4.39,,"2 frame(s); median area 3.0 px; net motion dx=-1.0, dy=-41.9; flags: none"
N1358117118,T2025,1358117118-0794,0.4198,3,22,co-iss-n1358117118,1358117118,2001-01-13T22:32:24.014,361.51,1020.51,9.39,4,0.00,4,9.39,9.19,36.77,1.02,1.00,,"3 frame(s); median area 4.0 px; net motion dx=21.5, dy=-15.3; flags: none"
N1358117287,T2025,1358117287-0654,0.4198,3,23,co-iss-n1358117287,1358117287,2001-01-13T22:34:41.021,361.51,1020.56,9.86,4,0.00,4,9.86,8.78,35.11,1.12,1.00,,"3 frame(s); median area 4.0 px; net motion dx=21.5, dy=-15.3; flags: none"
N1358117796,T2025,1358117796-0277,0.4198,3,24,co-iss-n1358117796,1358117796,2001-01-13T22:44:18.041,382.97,1005.25,8.08,4,0.00,4,8.08,7.73,30.90,1.05,1.62,,"3 frame(s); median area 4.0 px; net motion dx=21.5, dy=-15.3; flags: none"
N1358105418,T1072,1358105418-1172,0.4198,2,11,co-iss-n1358105418,1358105418,2001-01-13T19:17:24.095,914.33,862.98,8.10,3,0.00,3,8.10,7.73,23.20,1.05,4.39,,"2 frame(s); median area 3.0 px; net motion dx=-70.7, dy=-8.9; flags: none"
N1358106096,T1072,1358106096-0961,0.4198,2,13,co-iss-n1358106096,1358106096,2001-01-13T19:29:18.122,843.65,854.04,11.00,3,0.00,3,11.00,10.43,31.29,1.05,4.39,,"2 frame(s); median area 3.0 px; net motion dx=-70.7, dy=-8.9; flags: none"
N1358105418,T1081,1358105418-1468,0.4197,2,11,co-iss-n1358105418,1358105418,2001-01-13T19:17:24.095,711.00,883.63,10.50,3,0.00,3,10.50,9.38,28.14,1.12,4.39,,"2 frame(s); median area 3.0 px; net motion dx=-50.4, dy=-62.6; flags: none"
N1358106096,T1081,1358106096-0552,0.4197,2,13,co-iss-n1358106096,1358106096,2001-01-13T19:29:18.122,660.62,820.99,8.56,3,0.00,3,8.56,7.57,22.72,1.13,1.73,,"2 frame(s); median area 3.0 px; net motion dx=-50.4, dy=-62.6; flags: none"
N1358114587,T1732,1358114587-1494,0.4194,2,20,co-iss-n1358114587,1358114587,2001-01-13T21:49:41.040,338.04,991.65,9.56,3,0.00,3,9.56,9.17,27.52,1.04,4.39,,"2 frame(s); median area 3.0 px; net motion dx=-4.0, dy=-81.0; flags: none"
N1358115096,T1732,1358115096-1934,0.4194,2,21,co-iss-n1358115096,1358115096,2001-01-13T21:59:18.060,334.00,910.69,9.39,3,0.00,3,9.39,9.14,27.41,1.03,1.73,,"2 frame(s); median area 3.0 px; net motion dx=-4.0, dy=-81.0; flags: none"
N1358105418,T1047,1358105418-0775,0.4192,2,11,co-iss-n1358105418,1358105418,2001-01-13T19:17:24.095,598.99,831.33,8.29,3,0.00,3,8.29,8.12,24.36,1.02,4.39,,"2 frame(s); median area 3.0 px; net motion dx=-22.7, dy=-68.0; flags: none"
N1358106096,T1047,1358106096-0195,0.4192,2,13,co-iss-n1358106096,1358106096,2001-01-13T19:29:18.122,576.29,763.31,10.61,3,0.00,3,10.61,8.74,26.22,1.21,1.73,,"2 frame(s); median area 3.0 px; net motion dx=-22.7, dy=-68.0; flags: none"
N1358069418,T0758,1358069418-1850,0.4190,2,6,co-iss-n1358069418,1358069418,2001-01-13T09:17:24.345,984.35,906.05,8.96,3,0.00,3,8.96,8.56,25.68,1.05,4.39,,"2 frame(s); median area 3.0 px; net motion dx=5.9, dy=-13.7; flags: none"
N1358069587,T0758,1358069587-1246,0.4190,2,7,co-iss-n1358069587,1358069587,2001-01-13T09:19:41.351,990.27,892.38,9.86,3,0.00,3,9.86,8.70,26.09,1.13,1.73,,"2 frame(s); median area 3.0 px; net motion dx=5.9, dy=-13.7; flags: none"
N1358114418,T1700,1358114418-2417,0.4188,2,19,co-iss-n1358114418,1358114418,2001-01-13T21:47:24.033,41.61,967.69,9.38,3,0.00,3,9.38,8.06,24.18,1.16,1.73,,"2 frame(s); median area 3.0 px; net motion dx=10.4, dy=-72.3; flags: none"
N1358115096,T1700,1358115096-1633,0.4188,2,21,co-iss-n1358115096,1358115096,2001-01-13T21:59:18.060,51.98,895.37,9.39,3,0.00,3,9.39,8.39,25.18,1.12,4.39,,"2 frame(s); median area 3.0 px; net motion dx=10.4, dy=-72.3; flags: none"
N1358105418,T1020,1358105418-0368,0.4186,2,11,co-iss-n1358105418,1358105418,2001-01-13T19:17:24.095,638.07,778.70,9.46,3,0.00,3,9.46,8.18,24.55,1.16,1.73,,"2 frame(s); median area 3.0 px; net motion dx=-34.7, dy=-28.7; flags: none"
N1358106096,T1020,1358106096-0150,0.4186,2,13,co-iss-n1358106096,1358106096,2001-01-13T19:29:18.122,603.34,750.02,9.25,3,0.00,3,9.25,8.99,26.98,1.03,1.73,,"2 frame(s); median area 3.0 px; net motion dx=-34.7, dy=-28.7; flags: none"
N1358114418,T1683,1358114418-1630,0.4184,2,19,co-iss-n1358114418,1358114418,2001-01-13T21:47:24.033,266.66,905.66,8.82,3,0.00,3,8.82,8.65,25.94,1.02,1.73,,"2 frame(s); median area 3.0 px; net motion dx=23.6, dy=-70.1; flags: none"
N1358115096,T1683,1358115096-0641,0.4184,2,21,co-iss-n1358115096,1358115096,2001-01-13T21:59:18.060,290.29,835.60,9.82,3,0.00,3,9.82,8.09,24.27,1.21,1.73,,"2 frame(s); median area 3.0 px; net motion dx=23.6, dy=-70.1; flags: none"
N1358069418,T0739,1358069418-1206,0.4178,2,6,co-iss-n1358069418,1358069418,2001-01-13T09:17:24.345,871.01,857.70,8.96,3,0.00,3,8.96,8.48,25.45,1.06,1.73,,"2 frame(s); median area 3.0 px; net motion dx=15.0, dy=-32.3; flags: none"
N1358069587,T0739,1358069587-0710,0.4178,2,7,co-iss-n1358069587,1358069587,2001-01-13T09:19:41.351,885.98,825.36,9.46,3,0.00,3,9.46,8.86,26.59,1.07,4.39,,"2 frame(s); median area 3.0 px; net motion dx=15.0, dy=-32.3; flags: none"
N1358114418,T1618,1358114418-0374,0.4175,2,19,co-iss-n1358114418,1358114418,2001-01-13T21:47:24.033,454.06,779.68,8.59,3,0.00,3,8.59,7.74,23.21,1.11,1.73,,"2 frame(s); median area 3.0 px; net motion dx=7.7, dy=-31.0; flags: none"
N1358115096,T1618,1358115096-0136,0.4175,2,21,co-iss-n1358115096,1358115096,2001-01-13T21:59:18.060,461.72,748.65,9.76,3,0.00,3,9.76,8.75,26.26,1.11,1.73,,"2 frame(s); median area 3.0 px; net motion dx=7.7, dy=-31.0; flags: none"
N1358105418,T1073,1358105418-1183,0.4174,2,11,co-iss-n1358105418,1358105418,2001-01-13T19:17:24.095,905.02,863.36,8.76,3,0.00,3,8.76,8.11,24.34,1.08,1.73,,"2 frame(s); median area 3.0 px; net motion dx=-69.4, dy=-10.0; flags: none"
N1358106096,T1073,1358106096-0959,0.4174,2,13,co-iss-n1358106096,1358106096,2001-01-13T19:29:18.122,835.67,853.38,9.54,3,0.00,3,9.54,8.33,24.98,1.15,1.73,,"2 frame(s); median area 3.0 px; net motion dx=-69.4, dy=-10.0; flags: none"
N1358069418,T0765,1358069418-2345,0.4173,2,6,co-iss-n1358069418,1358069418,2001-01-13T09:17:24.345,665.68,945.06,9.34,3,0.00,3,9.34,8.25,24.75,1.13,4.39,,"2 frame(s); median area 3.0 px; net motion dx=-17.7, dy=-19.4; flags: none"
N1358069587,T0765,1358069587-1422,0.4173,2,7,co-iss-n1358069587,1358069587,2001-01-13T09:19:41.351,647.95,925.66,8.94,3,0.00,3,8.94,8.09,24.28,1.10,4.39,,"2 frame(s); median area 3.0 px; net motion dx=-17.7, dy=-19.4; flags: none"
N1358114418,T1716,1358114418-2899,0.4171,2,19,co-iss-n1358114418,1358114418,2001-01-13T21:47:24.033,104.68,1009.00,8.82,3,0.00,3,8.82,8.09,24.27,1.09,4.39,,"2 frame(s); median area 3.0 px; net motion dx=2.0, dy=-69.0; flags: none"
N1358114418,T1717,1358114418-2916,0.4171,2,19,co-iss-n1358114418,1358114418,2001-01-13T21:47:24.033,174.65,1009.71,8.82,3,0.00,3,8.82,8.31,24.93,1.06,1.73,,"2 frame(s); median area 3.0 px; net motion dx=-5.7, dy=-70.1; flags: none"
N1358115096,T1716,1358115096-2511,0.4171,2,21,co-iss-n1358115096,1358115096,2001-01-13T21:59:18.060,106.64,940.00,9.39,3,0.00,3,9.39,8.74,26.23,1.07,4.39,,"2 frame(s); median area 3.0 px; net motion dx=2.0, dy=-69.0; flags: none"
N1358115096,T1717,1358115096-2516,0.4171,2,21,co-iss-n1358115096,1358115096,2001-01-13T21:59:18.060,168.96,939.64,9.39,3,0.00,3,9.39,8.77,26.32,1.07,1.73,,"2 frame(s); median area 3.0 px; net motion dx=-5.7, dy=-70.1; flags: none"
N1358063118,T0498,1358063118-0828,0.4166,2,1,co-iss-n1358063118,1358063118,2001-01-13T07:32:24.388,661.01,1014.36,9.75,3,0.00,3,9.75,9.10,27.29,1.07,4.39,,"2 frame(s); median area 3.0 px; net motion dx=-4.7, dy=-24.0; flags: none"
N1358063796,T0498,1358063796-0270,0.4166,2,3,co-iss-n1358063796,1358063796,2001-01-13T07:44:18.415,656.35,990.35,8.27,3,0.00,3,8.27,7.92,23.75,1.05,1.73,,"2 frame(s); median area 3.0 px; net motion dx=-4.7, dy=-24.0; flags: none"
N1358069418,T0775,1358069418-2726,0.4166,2,6,co-iss-n1358069418,1358069418,2001-01-13T09:17:24.345,700.31,986.01,8.41,3,0.00,3,8.41,8.00,24.00,1.05,1.73,,"2 frame(s); median area 3.0 px; net motion dx=-24.6, dy=-2.3; flags: none"
N1358069587,T0775,1358069587-1602,0.4166,2,7,co-iss-n1358069587,1358069587,2001-01-13T09:19:41.351,675.67,983.68,9.61,3,0.00,3,9.61,9.10,27.29,1.06,1.73,,"2 frame(s); median area 3.0 px; net motion dx=-24.6, dy=-2.3; flags: none"
N1358114418,T1699,1358114418-2416,0.4164,3,19,co-iss-n1358114418,1358114418,2001-01-13T21:47:24.033,36.04,967.67,9.67,3,0.00,3,9.67,9.17,27.50,1.06,1.73,,"3 frame(s); median area 3.0 px; net motion dx=27.5, dy=-72.2; flags: none"
N1358114587,T1699,1358114587-1432,0.4164,3,20,co-iss-n1358114587,1358114587,2001-01-13T21:49:41.040,32.32,968.03,9.19,3,0.00,3,9.19,8.59,25.77,1.07,1.73,,"3 frame(s); median area 3.0 px; net motion dx=27.5, dy=-72.2; flags: none"
N1358115096,T1699,1358115096-1636,0.4164,3,21,co-iss-n1358115096,1358115096,2001-01-13T21:59:18.060,63.53,895.51,9.39,4,0.00,4,9.39,9.18,36.74,1.02,2.62,,"3 frame(s); median area 3.0 px; net motion dx=27.5, dy=-72.2; flags: none"
N1358114418,T1712,1358114418-2763,0.4164,2,19,co-iss-n1358114418,1358114418,2001-01-13T21:47:24.033,115.00,997.31,8.58,3,0.00,3,8.58,7.61,22.83,1.13,4.39,,"2 frame(s); median area 3.0 px; net motion dx=0.0, dy=-81.9; flags: none"
N1358115096,T1712,1358115096-2028,0.4164,2,21,co-iss-n1358115096,1358115096,2001-01-13T21:59:18.060,115.04,915.38,9.39,3,0.00,3,9.39,8.34,25.03,1.13,4.39,,"2 frame(s); median area 3.0 px; net motion dx=0.0, dy=-81.9; flags: none"
N1358069418,T0790,1358069418-3070,0.4160,2,6,co-iss-n1358069418,1358069418,2001-01-13T09:17:24.345,776.01,1019.28,9.36,3,0.00,3,9.36,8.47,25.41,1.10,1.73,,"2 frame(s); median area 3.0 px; net motion dx=-79.7, dy=1.0; flags: none"
N1358069587,T0790,1358069587-1798,0.4160,2,7,co-iss-n1358069587,1358069587,2001-01-13T09:19:41.351,696.35,1020.30,8.47,3,0.00,3,8.47,8.01,24.04,1.06,1.73,,"2 frame(s); median area 3.0 px; net motion dx=-79.7, dy=1.0; flags: none"
N1358069418,T0781,1358069418-2811,0.4155,2,6,co-iss-n1358069418,1358069418,2001-01-13T09:17:24.345,744.93,997.64,8.96,3,0.00,3,8.96,8.37,25.11,1.07,4.39,,"2 frame(s); median area 3.0 px; net motion dx=0.0, dy=0.0; flags: none"
N1358069587,T0781,1358069587-1660,0.4155,2,7,co-iss-n1358069587,1358069587,2001-01-13T09:19:41.351,744.94,997.65,8.70,3,0.00,3,8.70,8.18,24.54,1.06,4.39,,"2 frame(s); median area 3.0 px; net motion dx=0.0, dy=0.0; flags: none"
N1358069418,T0770,1358069418-2583,0.4152,2,6,co-iss-n1358069418,1358069418,2001-01-13T09:17:24.345,729.03,964.67,8.96,3,0.00,3,8.96,8.17,24.51,1.10,4.39,,"2 frame(s); median area 3.0 px; net motion dx=-38.1, dy=42.0; flags: none"
N1358069587,T0770,1358069587-1714,0.4152,2,7,co-iss-n1358069587,1358069587,2001-01-13T09:19:41.351,690.96,1006.69,8.62,3,0.00,3,8.62,8.22,24.65,1.05,4.39,,"2 frame(s); median area 3.0 px; net motion dx=-38.1, dy=42.0; flags: none"
N1358069418,T0727,1358069418-1042,0.4148,2,6,co-iss-n1358069418,1358069418,2001-01-13T09:17:24.345,773.30,846.63,8.75,3,0.00,3,8.75,7.89,23.68,1.11,1.73,,"2 frame(s); median area 3.0 px; net motion dx=35.7, dy=-17.0; flags: none"
N1358069587,T0727,1358069587-0737,0.4148,2,7,co-iss-n1358069587,1358069587,2001-01-13T09:19:41.351,809.05,829.65,8.70,3,0.00,3,8.70,8.29,24.87,1.05,1.73,,"2 frame(s); median area 3.0 px; net motion dx=35.7, dy=-17.0; flags: none"
N1358117118,T2020,1358117118-0739,0.4144,2,22,co-iss-n1358117118,1358117118,2001-01-13T22:32:24.014,345.06,1015.32,9.05,3,0.00,3,9.05,8.12,24.35,1.12,4.39,,"2 frame(s); median area 3.0 px; net motion dx=-48.7, dy=3.7; flags: none"
N1358117287,T2020,1358117287-0647,0.4144,2,23,co-iss-n1358117287,1358117287,2001-01-13T22:34:41.021,296.34,1018.97,8.25,3,0.00,3,8.25,8.04,24.13,1.03,1.73,,"2 frame(s); median area 3.0 px; net motion dx=-48.7, dy=3.7; flags: none"
N1358069418,T0789,1358069418-3039,0.4126,2,6,co-iss-n1358069418,1358069418,2001-01-13T09:17:24.345,987.65,1015.34,8.02,3,0.00,3,8.02,7.59,22.77,1.06,1.73,,"2 frame(s); median area 3.0 px; net motion dx=1.4, dy=-47.7; flags: none"
N1358069587,T0789,1358069587-1559,0.4126,2,7,co-iss-n1358069587,1358069587,2001-01-13T09:19:41.351,989.06,967.63,8.70,3,0.00,3,8.70,7.76,23.29,1.12,4.39,,"2 frame(s); median area 3.0 px; net motion dx=1.4, dy=-47.7; flags: none"
N1358069587,T0801,1358069587-0952,0.4125,1,7,co-iss-n1358069587,1358069587,2001-01-13T09:19:41.351,146.70,853.62,36.04,7,0.00,7,36.04,15.15,106.04,2.38,4.04,,1 frame(s); median area 7.0 px; flags: none
N1358106096,T1136,1358106096-0079,0.4125,1,13,co-iss-n1358106096,1358106096,2001-01-13T19:29:18.122,423.04,553.77,58.02,7,0.00,7,58.02,33.96,237.75,1.71,5.04,,1 frame(s); median area 7.0 px; flags: none
N1358117287,T2033,1358117287-0197,0.4125,1,23,co-iss-n1358117287,1358117287,2001-01-13T22:34:41.021,962.74,606.36,71.07,7,0.00,7,71.07,40.68,284.73,1.75,2.18,,1 frame(s); median area 7.0 px; flags: none
N1358063287,T0528,1358063287-0693,0.4119,2,2,co-iss-n1358063287,1358063287,2001-01-13T07:34:41.395,773.32,1014.00,8.19,3,0.00,3,8.19,7.98,23.95,1.03,1.73,,"2 frame(s); median area 3.0 px; net motion dx=-70.0, dy=6.0; flags: none"
N1358063796,T0528,1358063796-0453,0.4119,2,3,co-iss-n1358063796,1358063796,2001-01-13T07:44:18.415,703.33,1020.00,8.27,3,0.00,3,8.27,8.27,24.82,1.00,4.39,,"2 frame(s); median area 3.0 px; net motion dx=-70.0, dy=6.0; flags: none"
N1358105418,T1046,1358105418-0759,0.4028,3,11,co-iss-n1358105418,1358105418,2001-01-13T19:17:24.095,809.04,829.62,11.98,3,0.00,3,11.98,10.54,31.63,1.14,1.73,,"3 frame(s); median area 3.0 px; net motion dx=-55.4, dy=2.0; flags: none"
N1358105587,T1046,1358105587-0673,0.4028,3,12,co-iss-n1358105587,1358105587,2001-01-13T19:19:41.102,809.05,829.65,8.80,3,0.00,3,8.80,8.40,25.20,1.05,1.73,,"3 frame(s); median area 3.0 px; net motion dx=-55.4, dy=2.0; flags: none"
N1358106096,T1046,1358106096-0663,0.4028,3,13,co-iss-n1358106096,1358106096,2001-01-13T19:29:18.122,753.65,831.61,10.84,7,0.00,7,10.84,8.60,60.17,1.26,1.72,,"3 frame(s); median area 3.0 px; net motion dx=-55.4, dy=2.0; flags: none"
N1358114418,T1719,1358114418-2949,0.4018,3,19,co-iss-n1358114418,1358114418,2001-01-13T21:47:24.033,85.21,1013.53,10.27,5,0.00,5,10.27,9.20,45.99,1.12,1.42,,"3 frame(s); median area 3.0 px; net motion dx=-45.3, dy=-68.9; flags: none"
N1358114587,T1719,1358114587-1625,0.4018,3,20,co-iss-n1358114587,1358114587,2001-01-13T21:49:41.040,85.32,1013.02,8.39,3,0.00,3,8.39,8.24,24.73,1.02,4.39,,"3 frame(s); median area 3.0 px; net motion dx=-45.3, dy=-68.9; flags: none"
N1358115096,T1719,1358115096-2606,0.4018,3,21,co-iss-n1358115096,1358115096,2001-01-13T21:59:18.060,39.92,944.60,10.19,3,0.00,3,10.19,8.59,25.78,1.19,4.39,,"3 frame(s); median area 3.0 px; net motion dx=-45.3, dy=-68.9; flags: none"
N1358114418,T1697,1358114418-2237,0.4011,3,19,co-iss-n1358114418,1358114418,2001-01-13T21:47:24.033,37.82,953.26,10.27,4,0.00,4,10.27,8.74,34.97,1.17,2.45,,"3 frame(s); median area 3.0 px; net motion dx=4.3, dy=-57.9; flags: none"
N1358114587,T1697,1358114587-1397,0.4011,3,20,co-iss-n1358114587,1358114587,2001-01-13T21:49:41.040,38.04,953.32,8.39,3,0.00,3,8.39,7.86,23.58,1.07,4.39,,"3 frame(s); median area 3.0 px; net motion dx=4.3, dy=-57.9; flags: none"
N1358115096,T1697,1358115096-1632,0.4011,3,21,co-iss-n1358115096,1358115096,2001-01-13T21:59:18.060,42.13,895.38,11.25,3,0.00,3,11.25,9.98,29.93,1.13,4.39,,"3 frame(s); median area 3.0 px; net motion dx=4.3, dy=-57.9; flags: none"
N1358105418,T1068,1358105418-1112,0.4005,3,11,co-iss-n1358105418,1358105418,2001-01-13T19:17:24.095,690.33,858.67,10.50,3,0.00,3,10.50,10.50,31.50,1.00,1.73,,"3 frame(s); median area 3.0 px; net motion dx=-44.5, dy=-67.2; flags: none"
N1358105587,T1068,1358105587-0931,0.4005,3,12,co-iss-n1358105587,1358105587,2001-01-13T19:19:41.102,690.33,858.67,8.80,3,0.00,3,8.80,8.80,26.40,1.00,1.73,,"3 frame(s); median area 3.0 px; net motion dx=-44.5, dy=-67.2; flags: none"
N1358106096,T1068,1358106096-0326,0.4005,3,13,co-iss-n1358106096,1358106096,2001-01-13T19:29:18.122,645.80,791.45,13.43,3,0.00,3,13.43,9.85,29.56,1.36,4.39,,"3 frame(s); median area 3.0 px; net motion dx=-44.5, dy=-67.2; flags: none"
N1358101818,T0902,1358101818-0143,0.3997,1,9,co-iss-n1358101818,1358101818,2001-01-13T18:17:24.120,213.90,225.91,18.70,9,0.00,9,18.70,12.26,110.33,1.53,4.36,,1 frame(s); median area 9.0 px; flags: none
N1358114418,T1674,1358114418-1388,0.3997,3,19,co-iss-n1358114418,1358114418,2001-01-13T21:47:24.033,37.01,884.72,10.27,3,0.00,3,10.27,9.35,28.05,1.10,1.73,,"3 frame(s); median area 3.0 px; net motion dx=30.6, dy=-1.8; flags: none"
N1358114587,T1674,1358114587-1115,0.3997,3,20,co-iss-n1358114587,1358114587,2001-01-13T21:49:41.040,37.01,884.69,8.39,3,0.00,3,8.39,8.02,24.05,1.05,1.73,,"3 frame(s); median area 3.0 px; net motion dx=30.6, dy=-1.8; flags: none"
N1358115096,T1674,1358115096-1359,0.3997,3,21,co-iss-n1358115096,1358115096,2001-01-13T21:59:18.060,67.62,882.92,13.10,4,0.15,4,13.10,11.27,45.06,1.16,6.85,,"3 frame(s); median area 3.0 px; net motion dx=30.6, dy=-1.8; flags: none"
N1358114418,T1695,1358114418-2174,0.3990,3,19,co-iss-n1358114418,1358114418,2001-01-13T21:47:24.033,39.06,949.33,10.25,3,0.00,3,10.25,9.41,28.24,1.09,1.73,,"3 frame(s); median area 3.0 px; net motion dx=4.6, dy=-56.8; flags: none"
N1358114587,T1695,1358114587-1386,0.3990,3,20,co-iss-n1358114587,1358114587,2001-01-13T21:49:41.040,39.06,949.33,8.39,3,0.00,3,8.39,7.71,23.12,1.09,1.73,,"3 frame(s); median area 3.0 px; net motion dx=4.6, dy=-56.8; flags: none"
N1358115096,T1695,1358115096-1583,0.3990,3,21,co-iss-n1358115096,1358115096,2001-01-13T21:59:18.060,43.67,892.50,11.25,4,0.00,4,11.25,10.10,40.40,1.11,1.82,,"3 frame(s); median area 3.0 px; net motion dx=4.6, dy=-56.8; flags: none"
N1358117118,T2001,1358117118-0627,0.3967,3,22,co-iss-n1358117118,1358117118,2001-01-13T22:32:24.014,376.31,1003.38,9.39,3,0.00,3,9.39,8.16,24.47,1.15,1.73,,"3 frame(s); median area 3.0 px; net motion dx=4.6, dy=-8.7; flags: none"
N1358117287,T2001,1358117287-0502,0.3967,3,23,co-iss-n1358117287,1358117287,2001-01-13T22:34:41.021,376.33,1003.33,8.25,3,0.00,3,8.25,8.25,24.74,1.00,1.73,,"3 frame(s); median area 3.0 px; net motion dx=4.6, dy=-8.7; flags: none"
N1358117796,T2001,1358117796-0218,0.3967,3,24,co-iss-n1358117796,1358117796,2001-01-13T22:44:18.041,380.95,994.70,10.09,3,0.00,3,10.09,9.65,28.95,1.05,4.39,,"3 frame(s); median area 3.0 px; net motion dx=4.6, dy=-8.7; flags: none"
N1358063118,T0460,1358063118-0315,0.3967,3,1,co-iss-n1358063118,1358063118,2001-01-13T07:32:24.388,569.98,948.68,9.75,3,0.00,3,9.75,9.58,28.73,1.02,4.39,,"3 frame(s); median area 3.0 px; net motion dx=16.3, dy=-7.7; flags: none"
N1358063287,T0460,1358063287-0417,0.3967,3,2,co-iss-n1358063287,1358063287,2001-01-13T07:34:41.395,569.96,948.69,8.19,3,0.00,3,8.19,7.83,23.49,1.05,4.39,,"3 frame(s); median area 3.0 px; net motion dx=16.3, dy=-7.7; flags: none"
N1358063796,T0460,1358063796-0151,0.3967,3,3,co-iss-n1358063796,1358063796,2001-01-13T07:44:18.415,586.31,940.99,10.33,3,0.00,3,10.33,8.73,26.18,1.18,4.39,,"3 frame(s); median area 3.0 px; net motion dx=16.3, dy=-7.7; flags: none"
N1358065987,T0629,1358065987-0303,0.3951,1,5,co-iss-n1358065987,1358065987,2001-01-13T08:19:41.376,372.01,456.00,17.94,8,0.00,8,17.94,12.13,97.03,1.48,2.40,,1 frame(s); median area 8.0 px; flags: none
N1358101818,T0908,1358101818-0181,0.3942,1,9,co-iss-n1358101818,1358101818,2001-01-13T18:17:24.120,897.10,289.61,17.79,8,0.00,8,17.79,15.30,122.42,1.16,2.45,,1 frame(s); median area 8.0 px; flags: none
N1358114418,T1703,1358114418-2543,0.3942,3,19,co-iss-n1358114418,1358114418,2001-01-13T21:47:24.033,33.95,978.94,9.00,4,0.00,4,9.00,8.39,33.58,1.07,1.73,,"3 frame(s); median area 3.0 px; net motion dx=31.7, dy=-70.3; flags: none"
N1358114587,T1703,1358114587-1463,0.3942,3,20,co-iss-n1358114587,1358114587,2001-01-13T21:49:41.040,33.64,978.68,8.10,3,0.00,3,8.10,7.57,22.71,1.07,1.73,,"3 frame(s); median area 3.0 px; net motion dx=31.7, dy=-70.3; flags: none"
N1358115096,T1703,1358115096-1871,0.3942,3,21,co-iss-n1358115096,1358115096,2001-01-13T21:59:18.060,65.70,908.61,9.39,3,0.00,3,9.39,7.94,23.83,1.18,1.73,,"3 frame(s); median area 3.0 px; net motion dx=31.7, dy=-70.3; flags: none"
N1358063118,T0458,1358063118-0312,0.3941,3,1,co-iss-n1358063118,1358063118,2001-01-13T07:32:24.388,575.92,946.60,9.75,3,0.00,3,9.75,8.20,24.61,1.19,4.39,,"3 frame(s); median area 3.0 px; net motion dx=-5.9, dy=-9.9; flags: none"
N1358063287,T0458,1358063287-0412,0.3941,3,2,co-iss-n1358063287,1358063287,2001-01-13T07:34:41.395,576.00,946.65,8.19,3,0.00,3,8.19,7.81,23.42,1.05,4.39,,"3 frame(s); median area 3.0 px; net motion dx=-5.9, dy=-9.9; flags: none"
N1358063796,T0458,1358063796-0136,0.3941,3,3,co-iss-n1358063796,1358063796,2001-01-13T07:44:18.415,569.98,936.67,8.79,3,0.00,3,8.79,8.45,25.34,1.04,4.39,,"3 frame(s); median area 3.0 px; net motion dx=-5.9, dy=-9.9; flags: none"
N1358114418,T1714,1358114418-2842,0.3938,3,19,co-iss-n1358114418,1358114418,2001-01-13T21:47:24.033,69.33,1004.67,10.27,3,0.00,3,10.27,10.27,30.81,1.00,1.73,,"3 frame(s); median area 3.0 px; net motion dx=-17.0, dy=-69.7; flags: none"
N1358114587,T1714,1358114587-1560,0.3938,3,20,co-iss-n1358114587,1358114587,2001-01-13T21:49:41.040,69.33,1004.67,8.39,3,0.00,3,8.39,8.39,25.18,1.00,1.73,,"3 frame(s); median area 3.0 px; net motion dx=-17.0, dy=-69.7; flags: none"
N1358115096,T1714,1358115096-2418,0.3938,3,21,co-iss-n1358115096,1358115096,2001-01-13T21:59:18.060,52.29,935.00,9.39,3,0.00,3,9.39,8.80,26.41,1.07,1.73,,"3 frame(s); median area 3.0 px; net motion dx=-17.0, dy=-69.7; flags: none"
N1358101818,T0930,1358101818-0331,0.3913,1,9,co-iss-n1358101818,1358101818,2001-01-13T18:17:24.120,169.48,507.47,17.29,13,0.00,13,17.29,15.06,195.73,1.15,5.61,,1 frame(s); median area 13.0 px; flags: none
N1358110987,T1575,1358110987-0261,0.3912,1,18,co-iss-n1358110987,1358110987,2001-01-13T20:49:41.065,350.92,443.04,17.28,8,0.00,8,17.28,16.11,128.84,1.07,3.25,,1 frame(s); median area 8.0 px; flags: none
N1358114418,T1708,1358114418-2673,0.3905,3,19,co-iss-n1358114418,1358114418,2001-01-13T21:47:24.033,63.70,992.07,8.82,3,0.00,3,8.82,8.03,24.09,1.10,4.39,,"3 frame(s); median area 3.0 px; net motion dx=-21.7, dy=-80.7; flags: none"
N1358114587,T1708,1358114587-1492,0.3905,3,20,co-iss-n1358114587,1358114587,2001-01-13T21:49:41.040,63.69,992.06,8.39,3,0.00,3,8.39,7.75,23.24,1.08,4.39,,"3 frame(s); median area 3.0 px; net motion dx=-21.7, dy=-80.7; flags: none"
N1358115096,T1708,1358115096-1941,0.3905,3,21,co-iss-n1358115096,1358115096,2001-01-13T21:59:18.060,41.99,911.37,10.27,3,0.00,3,10.27,9.36,28.08,1.10,1.73,,"3 frame(s); median area 3.0 px; net motion dx=-21.7, dy=-80.7; flags: none"
N1358114418,T1638,1358114418-0690,0.3905,3,19,co-iss-n1358114418,1358114418,2001-01-13T21:47:24.033,410.06,828.33,8.82,3,0.00,3,8.82,8.05,24.15,1.10,1.73,,"3 frame(s); median area 3.0 px; net motion dx=-14.5, dy=-53.1; flags: none"
N1358114587,T1638,1358114587-0665,0.3905,3,20,co-iss-n1358114587,1358114587,2001-01-13T21:49:41.040,410.05,828.33,8.39,3,0.00,3,8.39,7.72,23.15,1.09,1.73,,"3 frame(s); median area 3.0 px; net motion dx=-14.5, dy=-53.1; flags: none"
N1358115096,T1638,1358115096-0225,0.3905,3,21,co-iss-n1358115096,1358115096,2001-01-13T21:59:18.060,395.53,775.26,12.76,5,0.00,5,12.76,9.60,48.02,1.33,2.54,,"3 frame(s); median area 3.0 px; net motion dx=-14.5, dy=-53.1; flags: none"
N1358101818,T0931,1358101818-0341,0.3888,1,9,co-iss-n1358101818,1358101818,2001-01-13T18:17:24.120,205.26,523.09,16.88,9,0.00,9,16.88,13.16,118.42,1.28,1.65,,1 frame(s); median area 9.0 px; flags: none
N1358065987,T0619,1358065987-0161,0.3885,1,5,co-iss-n1358065987,1358065987,2001-01-13T08:19:41.376,59.15,274.31,21.01,7,0.00,7,21.01,12.65,88.57,1.66,3.79,,1 frame(s); median area 7.0 px; flags: none
N1358106096,T1317,1358106096-3259,0.3880,1,13,co-iss-n1358106096,1358106096,2001-01-13T19:29:18.122,705.20,975.88,16.75,11,0.00,11,16.75,10.71,117.79,1.56,2.75,,1 frame(s); median area 11.0 px; flags: none
N1358101818,T0928,1358101818-0310,0.3878,1,9,co-iss-n1358101818,1358101818,2001-01-13T18:17:24.120,312.20,472.39,16.71,12,0.15,12,16.71,14.95,179.42,1.12,6.93,,1 frame(s); median area 12.0 px; flags: none
N1358061096,T0001,1358061096-0015,0.3875,1,0,co-iss-n1358061096,1358061096,2001-01-13T06:59:18.433,52.01,127.34,36.27,6,0.00,6,36.27,20.76,124.58,1.75,2.74,,1 frame(s); median area 6.0 px; flags: none
N1358061096,T0010,1358061096-0081,0.3875,1,0,co-iss-n1358061096,1358061096,2001-01-13T06:59:18.433,851.52,687.79,30.62,6,0.00,6,30.62,18.52,111.13,1.65,1.63,,1 frame(s); median area 6.0 px; flags: none
N1358069418,T0675,1358069418-0154,0.3875,1,6,co-iss-n1358069418,1358069418,2001-01-13T09:17:24.345,406.35,709.83,93.92,6,0.00,6,93.92,33.26,199.59,2.82,2.03,,1 frame(s); median area 6.0 px; flags: none
N1358069587,T0795,1358069587-0135,0.3875,1,7,co-iss-n1358069587,1358069587,2001-01-13T09:19:41.351,693.65,607.38,34.21,6,0.00,6,34.21,23.05,138.28,1.48,2.64,,1 frame(s); median area 6.0 px; flags: none
N1358106096,T1135,1358106096-0068,0.3875,1,13,co-iss-n1358106096,1358106096,2001-01-13T19:29:18.122,744.85,504.61,46.50,6,0.00,6,46.50,23.39,140.35,1.99,1.63,,1 frame(s); median area 6.0 px; flags: none
N1358108118,T1385,1358108118-0171,0.3875,1,14,co-iss-n1358108118,1358108118,2001-01-13T20:02:24.077,326.81,647.64,36.13,6,0.00,6,36.13,18.11,108.68,1.99,5.10,,1 frame(s); median area 6.0 px; flags: none
N1358117118,T2009,1358117118-0664,0.3872,3,22,co-iss-n1358117118,1358117118,2001-01-13T22:32:24.014,367.02,1007.34,9.39,3,0.00,3,9.39,9.15,27.46,1.03,4.39,,"3 frame(s); median area 3.0 px; net motion dx=23.9, dy=-4.5; flags: none"
N1358117287,T2009,1358117287-0537,0.3872,3,23,co-iss-n1358117287,1358117287,2001-01-13T22:34:41.021,367.03,1007.35,8.25,3,0.00,3,8.25,7.89,23.66,1.05,4.39,,"3 frame(s); median area 3.0 px; net motion dx=23.9, dy=-4.5; flags: none"
N1358117796,T2009,1358117796-0259,0.3872,3,24,co-iss-n1358117796,1358117796,2001-01-13T22:44:18.041,390.91,1002.82,8.08,11,0.00,11,8.08,8.07,88.82,1.00,2.77,,"3 frame(s); median area 3.0 px; net motion dx=23.9, dy=-4.5; flags: none"
N1358061096,T0386,1358061096-3906,0.3821,1,0,co-iss-n1358061096,1358061096,2001-01-13T06:59:18.433,719.53,999.92,15.76,11,0.00,11,15.76,9.57,105.32,1.65,3.11,,1 frame(s); median area 11.0 px; flags: none
N1358061096,T0160,1358061096-1215,0.3819,1,0,co-iss-n1358061096,1358061096,2001-01-13T06:59:18.433,620.10,863.45,15.73,9,0.00,9,15.73,12.11,109.01,1.30,1.33,,1 frame(s); median area 9.0 px; flags: none
N1358110987,T1576,1358110987-0387,0.3816,1,18,co-iss-n1358110987,1358110987,2001-01-13T20:49:41.065,281.34,652.83,15.68,9,0.00,9,15.68,12.15,109.36,1.29,1.44,,1 frame(s); median area 9.0 px; flags: none
N1358061096,T0032,1358061096-0166,0.3809,1,0,co-iss-n1358061096,1358061096,2001-01-13T06:59:18.433,621.06,760.01,15.57,8,0.00,8,15.57,10.41,83.27,1.50,3.78,,1 frame(s); median area 8.0 px; flags: none
N1358101987,T0985,1358101987-0652,0.3784,1,10,co-iss-n1358101987,1358101987,2001-01-13T18:19:41.127,978.82,1013.65,15.14,14,0.00,14,15.14,13.74,192.40,1.10,2.12,,1 frame(s); median area 14.0 px; flags: none
N1358101818,T0929,1358101818-0322,0.3777,1,9,co-iss-n1358101818,1358101818,2001-01-13T18:17:24.120,108.43,491.30,15.03,8,0.15,8,15.03,10.20,81.62,1.47,7.15,,1 frame(s); median area 8.0 px; flags: none
N1358117287,T2040,1358117287-0349,0.3776,1,23,co-iss-n1358117287,1358117287,2001-01-13T22:34:41.021,761.65,936.37,15.02,9,0.15,9,15.02,10.32,92.89,1.46,7.13,,1 frame(s); median area 9.0 px; flags: none
N1358115096,T1876,1358115096-3235,0.3767,1,21,co-iss-n1358115096,1358115096,2001-01-13T21:59:18.060,39.47,977.45,14.87,14,0.00,14,14.87,9.96,139.45,1.49,1.33,,1 frame(s); median area 14.0 px; flags: none
N1358061096,T0025,1358061096-0128,0.3742,1,0,co-iss-n1358061096,1358061096,2001-01-13T06:59:18.433,607.94,747.96,14.44,11,0.00,11,14.44,9.66,106.22,1.50,1.69,,1 frame(s); median area 11.0 px; flags: none
N1358101818,T0904,1358101818-0148,0.3737,1,9,co-iss-n1358101818,1358101818,2001-01-13T18:17:24.120,574.79,230.93,18.54,7,0.00,7,18.54,15.53,108.71,1.19,1.08,,1 frame(s); median area 7.0 px; flags: none
N1358110818,T1502,1358110818-0098,0.3712,1,17,co-iss-n1358110818,1358110818,2001-01-13T20:47:24.058,604.84,173.13,18.12,7,0.15,7,18.12,10.42,72.94,1.74,6.16,,1 frame(s); median area 7.0 px; flags: none
N1358061096,T0016,1358061096-0099,0.3705,1,0,co-iss-n1358061096,1358061096,2001-01-13T06:59:18.433,566.46,734.33,13.84,8,0.00,8,13.84,9.52,76.16,1.45,2.92,,1 frame(s); median area 8.0 px; flags: none
N1358061096,T0031,1358061096-0164,0.3689,1,0,co-iss-n1358061096,1358061096,2001-01-13T06:59:18.433,624.79,758.44,13.57,8,0.00,8,13.57,10.06,80.46,1.35,2.39,,1 frame(s); median area 8.0 px; flags: none
N1358065818,T0610,1358065818-0620,0.3683,1,4,co-iss-n1358065818,1358065818,2001-01-13T08:17:24.370,186.91,981.37,17.63,7,0.00,7,17.63,15.47,108.31,1.14,2.72,,1 frame(s); median area 7.0 px; flags: none
N1358065987,T0613,1358065987-0056,0.3683,1,5,co-iss-n1358065987,1358065987,2001-01-13T08:19:41.376,28.55,84.90,21.80,6,0.00,6,21.80,19.59,117.53,1.11,1.63,,1 frame(s); median area 6.0 px; flags: none
N1358061096,T0351,1358061096-3291,0.3682,1,0,co-iss-n1358061096,1358061096,2001-01-13T06:59:18.433,695.95,965.43,13.45,15,0.00,15,13.45,9.61,144.21,1.40,1.87,,1 frame(s); median area 15.0 px; flags: none
N1358061096,T0365,1358061096-3512,0.3682,1,0,co-iss-n1358061096,1358061096,2001-01-13T06:59:18.433,706.60,975.35,13.45,9,0.00,9,13.45,9.23,83.07,1.46,4.77,,1 frame(s); median area 9.0 px; flags: none
N1358061096,T0410,1358061096-4144,0.3682,1,0,co-iss-n1358061096,1358061096,2001-01-13T06:59:18.433,987.54,1013.66,13.45,12,0.00,12,13.45,9.49,113.92,1.42,2.10,,1 frame(s); median area 12.0 px; flags: none
N1358069418,T0701,1358069418-0491,0.3679,1,6,co-iss-n1358069418,1358069418,2001-01-13T09:17:24.345,581.89,793.95,13.40,8,0.00,8,13.40,9.30,74.39,1.44,1.04,,1 frame(s); median area 8.0 px; flags: none
N1358101818,T0920,1358101818-0252,0.3678,1,9,co-iss-n1358101818,1358101818,2001-01-13T18:17:24.120,306.61,389.74,17.54,7,0.00,7,17.54,14.83,103.84,1.18,3.63,,1 frame(s); median area 7.0 px; flags: none
N1358106096,T1354,1358106096-3869,0.3664,1,13,co-iss-n1358106096,1358106096,2001-01-13T19:29:18.122,987.87,1013.51,13.16,10,0.00,10,13.16,9.64,96.40,1.36,3.48,,1 frame(s); median area 10.0 px; flags: none
N1358065818,T0554,1358065818-0098,0.3661,1,4,co-iss-n1358065818,1358065818,2001-01-13T08:17:24.370,182.74,167.83,17.27,7,0.00,7,17.27,10.96,76.74,1.58,3.60,,1 frame(s); median area 7.0 px; flags: none
N1358061096,T0376,1358061096-3783,0.3660,1,0,co-iss-n1358061096,1358061096,2001-01-13T06:59:18.433,716.37,991.75,13.09,8,0.00,8,13.09,9.54,76.36,1.37,3.28,,1 frame(s); median area 8.0 px; flags: none
N1358061096,T0020,1358061096-0106,0.3655,1,0,co-iss-n1358061096,1358061096,2001-01-13T06:59:18.433,596.57,737.99,17.17,7,0.00,7,17.17,11.33,79.31,1.52,1.20,,1 frame(s); median area 7.0 px; flags: none
N1358106096,T1193,1358106096-1235,0.3637,1,13,co-iss-n1358106096,1358106096,2001-01-13T19:29:18.122,628.54,871.93,12.70,8,0.00,8,12.70,9.76,78.06,1.30,2.30,,1 frame(s); median area 8.0 px; flags: none
N1358061096,T0139,1358061096-1042,0.3635,1,0,co-iss-n1358061096,1358061096,2001-01-13T06:59:18.433,770.54,852.34,12.67,8,0.00,8,12.67,9.37,74.93,1.35,3.72,,1 frame(s); median area 8.0 px; flags: none
N1358063118,T0429,1358063118-0071,0.3625,1,1,co-iss-n1358063118,1358063118,2001-01-13T07:32:24.388,729.32,315.09,36.37,5,0.00,5,36.37,15.89,79.47,2.29,2.62,,1 frame(s); median area 5.0 px; flags: none
N1358069418,T0658,1358069418-0026,0.3625,1,6,co-iss-n1358069418,1358069418,2001-01-13T09:17:24.345,406.95,159.22,44.85,5,0.00,5,44.85,20.58,102.88,2.18,4.39,,1 frame(s); median area 5.0 px; flags: none
N1358099796,T0810,1358099796-0037,0.3625,1,8,co-iss-n1358099796,1358099796,2001-01-13T17:44:18.165,248.77,260.77,26.95,5,0.00,5,26.95,12.80,63.99,2.11,1.73,,1 frame(s); median area 5.0 px; flags: none
N1358108287,T1453,1358108287-0081,0.3625,1,15,co-iss-n1358108287,1358108287,2001-01-13T20:04:41.083,532.57,232.13,57.15,5,0.00,5,57.15,21.42,107.08,2.67,2.14,,1 frame(s); median area 5.0 px; flags: none
N1358108287,T1455,1358108287-0111,0.3625,1,15,co-iss-n1358108287,1358108287,2001-01-13T20:04:41.083,14.95,344.77,48.62,5,0.00,5,48.62,21.01,105.03,2.31,1.73,,1 frame(s); median area 5.0 px; flags: none
N1358108796,T1472,1358108796-0110,0.3625,1,16,co-iss-n1358108796,1358108796,2001-01-13T20:14:18.103,391.02,587.05,42.38,5,0.00,5,42.38,17.82,89.08,2.38,1.00,,1 frame(s); median area 5.0 px; flags: none
N1358108796,T1474,1358108796-0144,0.3625,1,16,co-iss-n1358108796,1358108796,2001-01-13T20:14:18.103,675.32,737.81,48.84,5,0.00,5,48.84,27.74,138.69,1.76,3.40,,1 frame(s); median area 5.0 px; flags: none
N1358061096,T0159,1358061096-1214,0.3621,1,0,co-iss-n1358061096,1358061096,2001-01-13T06:59:18.433,912.46,862.74,12.44,8,0.00,8,12.44,10.39,83.09,1.20,2.14,,1 frame(s); median area 8.0 px; flags: none
N1358101818,T0922,1358101818-0276,0.3618,1,9,co-iss-n1358101818,1358101818,2001-01-13T18:17:24.120,653.65,423.56,16.55,7,0.15,7,16.55,10.67,74.69,1.55,7.11,,1 frame(s); median area 7.0 px; flags: none
N1358110987,T1568,1358110987-0071,0.3599,1,18,co-iss-n1358110987,1358110987,2001-01-13T20:49:41.065,125.87,147.56,20.40,6,0.00,6,20.40,17.20,103.21,1.19,4.47,,1 frame(s); median area 6.0 px; flags: none
N1358061096,T0188,1358061096-1479,0.3595,1,0,co-iss-n1358061096,1358061096,2001-01-13T06:59:18.433,975.05,877.34,12.00,21,0.00,21,12.00,9.45,198.49,1.27,2.64,,1 frame(s); median area 21.0 px; flags: none
N1358099796,T0819,1358099796-0127,0.3584,1,8,co-iss-n1358099796,1358099796,2001-01-13T17:44:18.165,575.72,946.10,11.82,9,0.00,9,11.82,10.50,94.52,1.13,1.78,,1 frame(s); median area 9.0 px; flags: none
N1358099796,T0820,1358099796-0129,0.3584,1,8,co-iss-n1358099796,1358099796,2001-01-13T17:44:18.165,584.74,948.28,11.82,9,0.00,9,11.82,9.38,84.42,1.26,2.73,,1 frame(s); median area 9.0 px; flags: none
N1358115096,T1834,1358115096-2562,0.3580,1,21,co-iss-n1358115096,1358115096,2001-01-13T21:59:18.060,361.52,942.33,11.75,8,0.00,8,11.75,9.94,79.49,1.18,3.40,,1 frame(s); median area 8.0 px; flags: none
N1358061096,T0088,1358061096-0632,0.3573,1,0,co-iss-n1358061096,1358061096,2001-01-13T06:59:18.433,767.76,823.72,11.64,14,0.00,14,11.64,8.84,123.70,1.32,1.48,,1 frame(s); median area 14.0 px; flags: none
N1358061096,T0271,1358061096-2393,0.3568,1,0,co-iss-n1358061096,1358061096,2001-01-13T06:59:18.433,985.93,917.70,11.55,14,0.00,14,11.55,9.20,128.80,1.26,1.20,,1 frame(s); median area 14.0 px; flags: none
N1358063796,T0535,1358063796-0095,0.3567,1,3,co-iss-n1358063796,1358063796,2001-01-13T07:44:18.415,848.66,691.01,24.04,5,0.00,5,24.04,15.80,79.02,1.52,1.73,,1 frame(s); median area 5.0 px; flags: none
N1358106096,T1265,1358106096-2524,0.3553,1,13,co-iss-n1358106096,1358106096,2001-01-13T19:29:18.122,986.88,935.46,11.30,10,0.00,10,11.30,8.46,84.55,1.34,1.66,,1 frame(s); median area 10.0 px; flags: none
N1358115096,T1791,1358115096-1830,0.3550,1,21,co-iss-n1358115096,1358115096,2001-01-13T21:59:18.060,358.46,907.72,11.25,20,0.00,20,11.25,9.69,193.80,1.16,1.24,,1 frame(s); median area 20.0 px; flags: none
N1358115096,T1855,1358115096-2896,0.3550,1,21,co-iss-n1358115096,1358115096,2001-01-13T21:59:18.060,343.34,959.22,11.25,8,0.00,8,11.25,8.81,70.50,1.28,1.82,,1 frame(s); median area 8.0 px; flags: none
N1358065987,T0636,1358065987-0443,0.3527,1,5,co-iss-n1358065987,1358065987,2001-01-13T08:19:41.376,1004.99,602.24,15.04,7,0.00,7,15.04,10.34,72.38,1.45,2.72,,1 frame(s); median area 7.0 px; flags: none
N1358061096,T0111,1358061096-0803,0.3525,1,0,co-iss-n1358061096,1358061096,2001-01-13T06:59:18.433,654.11,838.07,10.83,8,0.00,8,10.83,8.99,71.89,1.21,3.45,,1 frame(s); median area 8.0 px; flags: none
N1358106096,T1152,1358106096-0717,0.3514,1,13,co-iss-n1358106096,1358106096,2001-01-13T19:29:18.122,654.11,838.07,10.64,8,0.00,8,10.64,8.84,70.71,1.20,3.45,,1 frame(s); median area 8.0 px; flags: none
N1358101818,T0939,1358101818-0427,0.3503,1,9,co-iss-n1358101818,1358101818,2001-01-13T18:17:24.120,597.39,626.64,14.64,7,0.00,7,14.64,12.46,87.22,1.17,2.18,,1 frame(s); median area 7.0 px; flags: none
N1358061096,T0198,1358061096-1577,0.3487,1,0,co-iss-n1358061096,1358061096,2001-01-13T06:59:18.433,980.45,881.31,10.20,14,0.00,14,10.20,8.56,119.81,1.19,1.95,,1 frame(s); median area 14.0 px; flags: none
N1358061096,T0018,1358061096-0103,0.3487,1,0,co-iss-n1358061096,1358061096,2001-01-13T06:59:18.433,589.88,737.71,10.19,11,0.00,11,10.19,8.72,95.92,1.17,2.14,,1 frame(s); median area 11.0 px; flags: none
N1358069587,T0796,1358069587-0149,0.3478,1,7,co-iss-n1358069587,1358069587,2001-01-13T09:19:41.351,886.35,643.31,10.05,10,0.00,10,10.05,7.91,79.10,1.27,4.06,,1 frame(s); median area 10.0 px; flags: none
N1358110818,T1498,1358110818-0076,0.3472,1,17,co-iss-n1358110818,1358110818,2001-01-13T20:47:24.058,866.95,141.05,18.29,6,0.00,6,18.29,12.69,76.12,1.44,1.35,,1 frame(s); median area 6.0 px; flags: none
N1358108287,T1464,1358108287-0212,0.3465,1,15,co-iss-n1358108287,1358108287,2001-01-13T20:04:41.083,161.35,691.26,22.34,5,0.00,5,22.34,14.13,70.65,1.58,1.73,,1 frame(s); median area 5.0 px; flags: none
N1358108796,T1476,1358108796-0400,0.3464,1,16,co-iss-n1358108796,1358108796,2001-01-13T20:14:18.103,620.29,1004.88,9.82,8,0.00,8,9.82,8.99,71.91,1.09,2.44,,1 frame(s); median area 8.0 px; flags: none
N1358108796,T1478,1358108796-0428,0.3464,1,16,co-iss-n1358108796,1358108796,2001-01-13T20:14:18.103,632.50,1009.65,9.82,12,0.00,12,9.82,9.40,112.83,1.04,3.51,,1 frame(s); median area 12.0 px; flags: none
N1358063287,T0531,1358063287-0731,0.3463,1,2,co-iss-n1358063287,1358063287,2001-01-13T07:34:41.395,805.22,1017.67,9.80,10,0.00,10,9.80,9.00,89.99,1.09,2.43,,1 frame(s); median area 10.0 px; flags: none
N1358061096,T0322,1358061096-2982,0.3454,1,0,co-iss-n1358061096,1358061096,2001-01-13T06:59:18.433,791.01,948.85,9.65,8,0.00,8,9.65,8.92,71.33,1.08,2.43,,1 frame(s); median area 8.0 px; flags: none
N1358061096,T0326,1358061096-2997,0.3454,1,0,co-iss-n1358061096,1358061096,2001-01-13T06:59:18.433,747.34,948.28,9.65,10,0.00,10,9.65,9.32,93.17,1.04,3.26,,1 frame(s); median area 10.0 px; flags: none
N1358061096,T0329,1358061096-3021,0.3454,1,0,co-iss-n1358061096,1358061096,2001-01-13T06:59:18.433,786.11,949.81,9.65,8,0.00,8,9.65,9.12,72.94,1.06,3.07,,1 frame(s); median area 8.0 px; flags: none
N1358061096,T0353,1358061096-3341,0.3454,1,0,co-iss-n1358061096,1358061096,2001-01-13T06:59:18.433,807.16,967.23,9.65,9,0.00,9,9.65,8.74,78.70,1.10,2.90,,1 frame(s); median area 9.0 px; flags: none
N1358061096,T0377,1358061096-3793,0.3454,1,0,co-iss-n1358061096,1358061096,2001-01-13T06:59:18.433,817.12,994.26,9.65,10,0.00,10,9.65,8.69,86.87,1.11,3.69,,1 frame(s); median area 10.0 px; flags: none
N1358061096,T0415,1358061096-4169,0.3454,1,0,co-iss-n1358061096,1358061096,2001-01-13T06:59:18.433,902.11,1013.66,9.65,8,0.00,8,9.65,8.38,67.04,1.15,1.53,,1 frame(s); median area 8.0 px; flags: none
N1358063287,T0511,1358063287-0005,0.3448,1,2,co-iss-n1358063287,1358063287,2001-01-13T07:34:41.395,961.09,25.70,17.88,6,0.00,6,17.88,11.30,67.80,1.58,4.26,,1 frame(s); median area 6.0 px; flags: none
N1358099796,T0832,1358099796-0170,0.3443,1,8,co-iss-n1358099796,1358099796,2001-01-13T17:44:18.165,586.65,968.91,9.46,8,0.00,8,9.46,8.53,68.22,1.11,1.88,,1 frame(s); median area 8.0 px; flags: none
N1358099796,T0849,1358099796-0336,0.3443,1,8,co-iss-n1358099796,1358099796,2001-01-13T17:44:18.165,605.69,1001.24,9.46,8,0.00,8,9.46,8.58,68.62,1.10,2.49,,1 frame(s); median area 8.0 px; flags: none
N1358099796,T0851,1358099796-0349,0.3443,1,8,co-iss-n1358099796,1358099796,2001-01-13T17:44:18.165,664.05,1004.50,9.46,22,0.00,22,9.46,9.11,200.38,1.04,1.60,,1 frame(s); median area 22.0 px; flags: none
N1358099796,T0859,1358099796-0390,0.3443,1,8,co-iss-n1358099796,1358099796,2001-01-13T17:44:18.165,632.50,1009.65,9.46,12,0.00,12,9.46,9.04,108.51,1.05,3.51,,1 frame(s); median area 12.0 px; flags: none
N1358106096,T1280,1358106096-2742,0.3442,1,13,co-iss-n1358106096,1358106096,2001-01-13T19:29:18.122,791.01,948.85,9.44,8,0.00,8,9.44,8.75,69.99,1.08,2.43,,1 frame(s); median area 8.0 px; flags: none
N1358106096,T1284,1358106096-2757,0.3442,1,13,co-iss-n1358106096,1358106096,2001-01-13T19:29:18.122,747.34,948.28,9.44,10,0.00,10,9.44,9.13,91.33,1.03,3.26,,1 frame(s); median area 10.0 px; flags: none
N1358106096,T1287,1358106096-2780,0.3442,1,13,co-iss-n1358106096,1358106096,2001-01-13T19:29:18.122,786.11,949.81,9.44,8,0.00,8,9.44,8.93,71.45,1.06,3.07,,1 frame(s); median area 8.0 px; flags: none
N1358106096,T1307,1358106096-3091,0.3442,1,13,co-iss-n1358106096,1358106096,2001-01-13T19:29:18.122,807.16,967.23,9.44,9,0.00,9,9.44,8.59,77.33,1.10,2.90,,1 frame(s); median area 9.0 px; flags: none
N1358115096,T1796,1358115096-1874,0.3438,1,21,co-iss-n1358115096,1358115096,2001-01-13T21:59:18.060,137.94,909.83,9.39,9,0.00,9,9.39,8.42,75.82,1.11,2.54,,1 frame(s); median area 9.0 px; flags: none
N1358115096,T1806,1358115096-1955,0.3438,1,21,co-iss-n1358115096,1358115096,2001-01-13T21:59:18.060,217.83,913.41,9.39,8,0.00,8,9.39,9.03,72.27,1.04,1.67,,1 frame(s); median area 8.0 px; flags: none
N1358115096,T1823,1358115096-2223,0.3438,1,21,co-iss-n1358115096,1358115096,2001-01-13T21:59:18.060,152.75,926.31,9.39,8,0.00,8,9.39,9.02,72.17,1.04,1.59,,1 frame(s); median area 8.0 px; flags: none
N1358115096,T1849,1358115096-2811,0.3438,1,21,co-iss-n1358115096,1358115096,2001-01-13T21:59:18.060,138.76,955.81,9.39,9,0.00,9,9.39,8.95,80.53,1.05,1.46,,1 frame(s); median area 9.0 px; flags: none
N1358115096,T1870,1358115096-3137,0.3438,1,21,co-iss-n1358115096,1358115096,2001-01-13T21:59:18.060,111.33,971.02,9.39,9,0.00,9,9.39,8.39,75.55,1.12,2.48,,1 frame(s); median area 9.0 px; flags: none
N1358115096,T1878,1358115096-3246,0.3438,1,21,co-iss-n1358115096,1358115096,2001-01-13T21:59:18.060,131.22,978.45,9.39,23,0.00,23,9.39,9.29,213.69,1.01,1.13,,1 frame(s); median area 23.0 px; flags: none
N1358115096,T1886,1358115096-3353,0.3438,1,21,co-iss-n1358115096,1358115096,2001-01-13T21:59:18.060,144.86,983.81,9.39,21,0.00,21,9.39,9.00,188.92,1.04,1.89,,1 frame(s); median area 21.0 px; flags: none
N1358065987,T0630,1358065987-0304,0.3435,1,5,co-iss-n1358065987,1358065987,2001-01-13T08:19:41.376,585.23,458.30,17.67,6,0.00,6,17.67,14.06,84.34,1.26,2.64,,1 frame(s); median area 6.0 px; flags: none
N1358061096,T0387,1358061096-3921,0.3432,1,0,co-iss-n1358061096,1358061096,2001-01-13T06:59:18.433,988.04,999.46,13.45,7,0.00,7,13.45,11.26,78.81,1.19,1.75,,1 frame(s); median area 7.0 px; flags: none
N1358061096,T0135,1358061096-1005,0.3425,1,0,co-iss-n1358061096,1358061096,2001-01-13T06:59:18.433,853.26,849.51,13.33,7,0.00,7,13.33,9.29,65.05,1.43,2.53,,1 frame(s); median area 7.0 px; flags: none
N1358106096,T1334,1358106096-3655,0.3414,1,13,co-iss-n1358106096,1358106096,2001-01-13T19:29:18.122,988.04,999.46,13.16,7,0.00,7,13.16,11.05,77.32,1.19,1.75,,1 frame(s); median area 7.0 px; flags: none
N1358061096,T0225,1358061096-2019,0.3412,1,0,co-iss-n1358061096,1358061096,2001-01-13T06:59:18.433,649.93,901.60,13.12,7,0.00,7,13.12,9.27,64.86,1.42,3.13,,1 frame(s); median area 7.0 px; flags: none
N1358115096,T1910,1358115096-3540,0.3411,1,21,co-iss-n1358115096,1358115096,2001-01-13T21:59:18.060,54.61,995.21,13.10,7,0.00,7,13.10,10.29,72.05,1.27,1.63,,1 frame(s); median area 7.0 px; flags: none
N1358115096,T1923,1358115096-3732,0.3411,1,21,co-iss-n1358115096,1358115096,2001-01-13T21:59:18.060,62.33,1004.54,13.10,7,0.00,7,13.10,10.39,72.75,1.26,2.80,,1 frame(s); median area 7.0 px; flags: none
N1358117287,T2041,1358117287-0359,0.3411,1,23,co-iss-n1358117287,1358117287,2001-01-13T22:34:41.021,770.89,938.61,21.43,5,0.15,5,21.43,16.44,82.22,1.30,6.31,,1 frame(s); median area 5.0 px; flags: none
N1358106096,T1210,1358106096-1822,0.3398,1,13,co-iss-n1358106096,1358106096,2001-01-13T19:29:18.122,649.93,901.60,12.88,7,0.00,7,12.88,9.11,63.79,1.41,3.13,,1 frame(s); median area 7.0 px; flags: none
N1358106096,T1251,1358106096-2296,0.3387,1,13,co-iss-n1358106096,1358106096,2001-01-13T19:29:18.122,662.98,924.57,16.87,6,0.00,6,16.87,11.38,68.30,1.48,3.19,,1 frame(s); median area 6.0 px; flags: none
N1358101987,T0971,1358101987-0318,0.3387,1,10,co-iss-n1358101987,1358101987,2001-01-13T18:19:41.127,521.86,528.33,16.87,6,0.00,6,16.87,16.36,98.17,1.03,2.64,,1 frame(s); median area 6.0 px; flags: none
N1358061096,T0004,1358061096-0033,0.3375,1,0,co-iss-n1358061096,1358061096,2001-01-13T06:59:18.433,844.25,349.74,64.06,4,0.00,4,64.06,24.86,99.45,2.58,1.00,,1 frame(s); median area 4.0 px; flags: none
N1358061096,T0022,1358061096-0111,0.3375,1,0,co-iss-n1358061096,1358061096,2001-01-13T06:59:18.433,934.75,740.27,72.33,4,0.00,4,72.33,43.63,174.53,1.66,2.62,,1 frame(s); median area 4.0 px; flags: none
N1358061096,T0182,1358061096-1404,0.3375,1,0,co-iss-n1358061096,1358061096,2001-01-13T06:59:18.433,185.22,871.79,49.65,4,0.00,4,49.65,18.27,73.09,2.72,1.00,,1 frame(s); median area 4.0 px; flags: none
N1358063118,T0424,1358063118-0016,0.3375,1,1,co-iss-n1358063118,1358063118,2001-01-13T07:32:24.388,742.00,73.75,26.16,4,0.00,4,26.16,18.63,74.52,1.40,2.45,,1 frame(s); median area 4.0 px; flags: none
N1358063118,T0425,1358063118-0032,0.3375,1,1,co-iss-n1358063118,1358063118,2001-01-13T07:32:24.388,733.93,159.32,62.53,4,0.00,4,62.53,31.46,125.83,1.99,1.63,,1 frame(s); median area 4.0 px; flags: none
N1358063118,T0434,1358063118-0131,0.3375,1,1,co-iss-n1358063118,1358063118,2001-01-13T07:32:24.388,617.12,527.03,74.97,4,0.00,4,74.97,26.64,106.56,2.81,1.63,,1 frame(s); median area 4.0 px; flags: none
N1358063118,T0436,1358063118-0169,0.3375,1,1,co-iss-n1358063118,1358063118,2001-01-13T07:32:24.388,494.73,650.75,73.70,4,0.00,4,73.70,32.30,129.21,2.28,1.00,,1 frame(s); median area 4.0 px; flags: none
N1358063118,T0442,1358063118-0217,0.3375,1,1,co-iss-n1358063118,1358063118,2001-01-13T07:32:24.388,337.45,855.43,39.58,4,0.00,4,39.58,21.85,87.40,1.81,2.45,,1 frame(s); median area 4.0 px; flags: none
N1358063287,T0526,1358063287-0318,0.3375,1,2,co-iss-n1358063287,1358063287,2001-01-13T07:34:41.395,1003.05,920.60,42.49,4,0.00,4,42.49,19.30,77.21,2.20,3.60,,1 frame(s); median area 4.0 px; flags: none
N1358063796,T0536,1358063796-0100,0.3375,1,3,co-iss-n1358063796,1358063796,2001-01-13T07:44:18.415,236.41,722.64,27.45,4,0.00,4,27.45,16.27,65.07,1.69,1.00,,1 frame(s); median area 4.0 px; flags: none
N1358069587,T0793,1358069587-0093,0.3375,1,7,co-iss-n1358069587,1358069587,2001-01-13T09:19:41.351,766.84,397.69,74.27,4,0.00,4,74.27,38.57,154.26,1.93,2.62,,1 frame(s); median area 4.0 px; flags: none
N1358069587,T0794,1358069587-0099,0.3375,1,7,co-iss-n1358069587,1358069587,2001-01-13T09:19:41.351,511.55,433.20,50.07,4,0.00,4,50.07,28.99,115.94,1.73,2.62,,1 frame(s); median area 4.0 px; flags: none
N1358069587,T0798,1358069587-0151,0.3375,1,7,co-iss-n1358069587,1358069587,2001-01-13T09:19:41.351,322.49,655.57,145.76,4,0.00,4,145.76,122.44,489.76,1.19,1.00,,1 frame(s); median area 4.0 px; flags: none
N1358099796,T0807,1358099796-0017,0.3375,1,8,co-iss-n1358099796,1358099796,2001-01-13T17:44:18.165,402.77,153.32,82.27,4,0.00,4,82.27,33.28,133.10,2.47,1.00,,1 frame(s); median area 4.0 px; flags: none
N1358099796,T0809,1358099796-0036,0.3375,1,8,co-iss-n1358099796,1358099796,2001-01-13T17:44:18.165,416.90,248.94,100.33,4,0.00,4,100.33,34.95,139.79,2.87,1.63,,1 frame(s); median area 4.0 px; flags: none
N1358105418,T0992,1358105418-0068,0.3375,1,11,co-iss-n1358105418,1358105418,2001-01-13T19:17:24.095,207.69,387.85,41.20,4,0.00,4,41.20,20.03,80.12,2.06,2.45,,1 frame(s); median area 4.0 px; flags: none
N1358108118,T1372,1358108118-0027,0.3375,1,14,co-iss-n1358108118,1358108118,2001-01-13T20:02:24.077,498.96,121.30,31.27,4,0.00,4,31.27,17.37,69.48,1.80,1.63,,1 frame(s); median area 4.0 px; flags: none
N1358108118,T1378,1358108118-0092,0.3375,1,14,co-iss-n1358108118,1358108118,2001-01-13T20:02:24.077,559.18,376.26,32.58,4,0.00,4,32.58,18.47,73.86,1.76,2.45,,1 frame(s); median area 4.0 px; flags: none
N1358108118,T1389,1358108118-0185,0.3375,1,14,co-iss-n1358108118,1358108118,2001-01-13T20:02:24.077,528.60,696.21,67.13,4,0.00,4,67.13,44.49,177.96,1.51,2.45,,1 frame(s); median area 4.0 px; flags: none
N1358108796,T1465,1358108796-0017,0.3375,1,16,co-iss-n1358108796,1358108796,2001-01-13T20:14:18.103,635.75,190.57,27.87,4,0.00,4,27.87,16.33,65.34,1.71,1.00,,1 frame(s); median area 4.0 px; flags: none
N1358108796,T1467,1358108796-0037,0.3375,1,16,co-iss-n1358108796,1358108796,2001-01-13T20:14:18.103,271.44,318.36,31.40,4,0.00,4,31.40,19.34,77.36,1.62,1.82,,1 frame(s); median area 4.0 px; flags: none
N1358114418,T1594,1358114418-0095,0.3375,1,19,co-iss-n1358114418,1358114418,2001-01-13T21:47:24.033,147.41,587.30,45.07,4,0.00,4,45.07,22.82,91.28,1.98,1.82,,1 frame(s); median area 4.0 px; flags: none
N1358114587,T1724,1358114587-0025,0.3375,1,20,co-iss-n1358114587,1358114587,2001-01-13T21:49:41.040,710.21,153.56,25.88,4,0.00,4,25.88,17.19,68.77,1.51,2.62,,1 frame(s); median area 4.0 px; flags: none
N1358115096,T1737,1358115096-0030,0.3375,1,21,co-iss-n1358115096,1358115096,2001-01-13T21:59:18.060,265.22,318.28,36.12,4,0.00,4,36.12,19.68,78.73,1.84,1.63,,1 frame(s); median area 4.0 px; flags: none
N1358115096,T1738,1358115096-0041,0.3375,1,21,co-iss-n1358115096,1358115096,2001-01-13T21:59:18.060,176.68,393.36,58.30,4,0.00,4,58.30,21.59,86.34,2.70,2.45,,1 frame(s); median area 4.0 px; flags: none
N1358115096,T1740,1358115096-0080,0.3375,1,21,co-iss-n1358115096,1358115096,2001-01-13T21:59:18.060,999.90,686.02,42.12,4,0.00,4,42.12,30.61,122.42,1.38,3.60,,1 frame(s); median area 4.0 px; flags: none
N1358115096,T1745,1358115096-0838,0.3375,1,21,co-iss-n1358115096,1358115096,2001-01-13T21:59:18.060,777.61,853.83,130.95,4,0.00,4,130.95,59.97,239.86,2.18,1.00,,1 frame(s); median area 4.0 px; flags: none
N1358117118,T1951,1358117118-0033,0.3375,1,22,co-iss-n1358117118,1358117118,2001-01-13T22:32:24.014,979.81,140.15,184.23,4,0.00,4,184.23,62.29,249.18,2.96,1.00,,1 frame(s); median area 4.0 px; flags: none
N1358117118,T1959,1358117118-0104,0.3375,1,22,co-iss-n1358117118,1358117118,2001-01-13T22:32:24.014,17.92,438.35,62.07,4,0.00,4,62.07,30.82,123.29,2.01,2.45,,1 frame(s); median area 4.0 px; flags: none
N1358117796,T2045,1358117796-0049,0.3375,1,24,co-iss-n1358117796,1358117796,2001-01-13T22:44:18.041,965.31,461.66,80.97,4,0.00,4,80.97,45.76,183.05,1.77,1.00,,1 frame(s); median area 4.0 px; flags: none
N1358117796,T2047,1358117796-0107,0.3375,1,24,co-iss-n1358117796,1358117796,2001-01-13T22:44:18.041,969.76,876.73,28.39,4,0.00,4,28.39,17.84,71.36,1.59,1.73,,1 frame(s); median area 4.0 px; flags: none
N1358099796,T0879,1358099796-0474,0.3364,1,8,co-iss-n1358099796,1358099796,2001-01-13T17:44:18.165,719.19,1019.08,12.31,7,0.00,7,12.31,9.26,64.85,1.33,3.97,,1 frame(s); median area 7.0 px; flags: none
N1358069418,T0686,1358069418-0263,0.3358,1,6,co-iss-n1358069418,1358069418,2001-01-13T09:17:24.345,565.29,748.59,12.22,7,0.00,7,12.22,8.95,62.63,1.37,1.99,,1 frame(s); median area 7.0 px; flags: none
N1358061096,T0013,1358061096-0088,0.3345,1,0,co-iss-n1358061096,1358061096,2001-01-13T06:59:18.433,577.95,722.57,16.17,6,0.00,6,16.17,11.33,67.99,1.43,1.59,,1 frame(s); median area 6.0 px; flags: none
N1358115096,T1899,1358115096-3468,0.3341,1,21,co-iss-n1358115096,1358115096,2001-01-13T21:59:18.060,54.82,990.98,11.94,7,0.00,7,11.94,8.64,60.46,1.38,1.62,,1 frame(s); median area 7.0 px; flags: none
N1358099796,T0818,1358099796-0126,0.3334,1,8,co-iss-n1358099796,1358099796,2001-01-13T17:44:18.165,576.49,939.14,11.82,7,0.00,7,11.82,9.62,67.37,1.23,3.40,,1 frame(s); median area 7.0 px; flags: none
N1358061096,T0171,1358061096-1285,0.3325,1,0,co-iss-n1358061096,1358061096,2001-01-13T06:59:18.433,736.49,865.87,11.67,7,0.00,7,11.67,10.26,71.82,1.14,2.62,,1 frame(s); median area 7.0 px; flags: none
N1358065818,T0550,1358065818-0068,0.3321,1,4,co-iss-n1358065818,1358065818,2001-01-13T08:17:24.370,477.53,126.88,19.94,5,0.00,5,19.94,12.58,62.91,1.58,5.21,,1 frame(s); median area 5.0 px; flags: none
N1358115096,T1929,1358115096-3788,0.3319,1,21,co-iss-n1358115096,1358115096,2001-01-13T21:59:18.060,72.08,1009.07,11.57,7,0.00,7,11.57,8.87,62.10,1.30,1.83,,1 frame(s); median area 7.0 px; flags: none
N1358061096,T0327,1358061096-3011,0.3318,1,0,co-iss-n1358061096,1358061096,2001-01-13T06:59:18.433,988.25,947.95,11.55,7,0.00,7,11.55,10.12,70.86,1.14,2.88,,1 frame(s); median area 7.0 px; flags: none
N1358061096,T0394,1358061096-3980,0.3318,1,0,co-iss-n1358061096,1358061096,2001-01-13T06:59:18.433,777.43,1004.35,11.55,7,0.00,7,11.55,8.38,58.66,1.38,3.95,,1 frame(s); median area 7.0 px; flags: none
N1358069587,T0804,1358069587-1636,0.3313,1,7,co-iss-n1358069587,1358069587,2001-01-13T09:19:41.351,993.89,992.99,11.46,7,0.00,7,11.46,8.92,62.45,1.28,3.41,,1 frame(s); median area 7.0 px; flags: none
N1358117118,T1955,1358117118-0057,0.3312,1,22,co-iss-n1358117118,1358117118,2001-01-13T22:32:24.014,805.30,268.51,23.96,4,0.00,4,23.96,16.05,64.20,1.49,1.00,,1 frame(s); median area 4.0 px; flags: none
N1358061096,T0009,1358061096-0080,0.3311,1,0,co-iss-n1358061096,1358061096,2001-01-13T06:59:18.433,635.42,685.28,11.43,7,0.00,7,11.43,8.96,62.72,1.28,2.18,,1 frame(s); median area 7.0 px; flags: none
N1358115096,T1820,1358115096-2173,0.3309,1,21,co-iss-n1358115096,1358115096,2001-01-13T21:59:18.060,371.61,922.15,11.40,7,0.00,7,11.40,9.79,68.52,1.16,1.12,,1 frame(s); median area 7.0 px; flags: none
N1358110818,T1530,1358110818-0322,0.3307,1,17,co-iss-n1358110818,1358110818,2001-01-13T20:47:24.058,974.23,530.32,15.54,6,0.00,6,15.54,13.74,82.44,1.13,2.08,,1 frame(s); median area 6.0 px; flags: none
N1358065818,T0551,1358065818-0084,0.3306,1,4,co-iss-n1358065818,1358065818,2001-01-13T08:17:24.370,248.83,152.56,19.68,5,0.00,5,19.68,14.15,70.76,1.39,1.73,,1 frame(s); median area 5.0 px; flags: none
N1358106096,T1285,1358106096-2770,0.3303,1,13,co-iss-n1358106096,1358106096,2001-01-13T19:29:18.122,988.26,947.95,11.30,7,0.00,7,11.30,9.93,69.51,1.14,2.88,,1 frame(s); median area 7.0 px; flags: none
N1358115096,T1769,1358115096-1405,0.3297,1,21,co-iss-n1358115096,1358115096,2001-01-13T21:59:18.060,403.86,884.11,11.19,7,0.00,7,11.19,9.36,65.53,1.20,2.41,,1 frame(s); median area 7.0 px; flags: none
N1358101818,T0896,1358101818-0086,0.3296,1,9,co-iss-n1358101818,1358101818,2001-01-13T18:17:24.120,98.95,146.94,15.35,6,0.00,6,15.35,10.70,64.22,1.43,5.29,,1 frame(s); median area 6.0 px; flags: none
N1358061096,T0071,1358061096-0485,0.3296,1,0,co-iss-n1358061096,1358061096,2001-01-13T06:59:18.433,717.35,808.59,15.35,6,0.00,6,15.35,11.27,67.63,1.36,1.41,,1 frame(s); median area 6.0 px; flags: none
N1358061096,T0105,1358061096-0765,0.3296,1,0,co-iss-n1358061096,1358061096,2001-01-13T06:59:18.433,797.18,832.57,15.35,6,0.00,6,15.35,11.10,66.61,1.38,1.84,,1 frame(s); median area 6.0 px; flags: none
N1358061096,T0127,1358061096-0961,0.3296,1,0,co-iss-n1358061096,1358061096,2001-01-13T06:59:18.433,843.88,846.94,15.35,6,0.00,6,15.35,10.13,60.78,1.51,1.96,,1 frame(s); median area 6.0 px; flags: none
N1358114418,T1587,1358114418-0028,0.3294,1,19,co-iss-n1358114418,1358114418,2001-01-13T21:47:24.033,77.33,152.00,19.49,5,0.00,5,19.49,11.72,58.61,1.66,3.52,,1 frame(s); median area 5.0 px; flags: none
N1358105587,T1128,1358105587-1517,0.3288,1,12,co-iss-n1358105587,1358105587,2001-01-13T19:19:41.102,262.57,976.66,23.56,4,0.00,4,23.56,14.80,59.22,1.59,1.00,,1 frame(s); median area 4.0 px; flags: none
N1358061096,T0103,1358061096-0743,0.3287,1,0,co-iss-n1358061096,1358061096,2001-01-13T06:59:18.433,753.67,831.67,11.04,7,0.00,7,11.04,8.47,59.27,1.30,1.72,,1 frame(s); median area 7.0 px; flags: none
N1358065818,T0557,1358065818-0125,0.3286,1,4,co-iss-n1358065818,1358065818,2001-01-13T08:17:24.370,213.39,209.02,19.34,5,0.00,5,19.34,18.91,94.57,1.02,1.83,,1 frame(s); median area 5.0 px; flags: none
N1358117118,T1965,1358117118-0154,0.3283,1,22,co-iss-n1358117118,1358117118,2001-01-13T22:32:24.014,644.42,660.53,23.47,4,0.00,4,23.47,14.57,58.29,1.61,1.00,,1 frame(s); median area 4.0 px; flags: none
N1358065818,T0593,1358065818-0468,0.3274,1,4,co-iss-n1358065818,1358065818,2001-01-13T08:17:24.370,263.48,744.95,14.99,6,0.00,6,14.99,11.92,71.54,1.26,1.63,,1 frame(s); median area 6.0 px; flags: none
N1358114587,T1730,1358114587-0126,0.3270,1,20,co-iss-n1358114587,1358114587,2001-01-13T21:49:41.040,245.29,616.88,19.08,5,0.00,5,19.08,11.53,57.63,1.66,1.83,,1 frame(s); median area 5.0 px; flags: none
N1358061096,T0033,1358061096-0167,0.3262,1,0,co-iss-n1358061096,1358061096,2001-01-13T06:59:18.433,576.22,760.29,14.78,6,0.00,6,14.78,10.75,64.49,1.38,2.99,,1 frame(s); median area 6.0 px; flags: none
N1358110987,T1571,1358110987-0144,0.3253,1,18,co-iss-n1358110987,1358110987,2001-01-13T20:49:41.065,500.94,265.47,18.80,5,0.00,5,18.80,15.87,79.37,1.18,4.60,,1 frame(s); median area 5.0 px; flags: none
N1358114587,T1727,1358114587-0090,0.3242,1,20,co-iss-n1358114587,1358114587,2001-01-13T21:49:41.040,103.59,458.13,14.46,6,0.00,6,14.46,9.61,57.64,1.51,2.29,,1 frame(s); median area 6.0 px; flags: none
N1358106096,T1133,1358106096-0009,0.3232,1,13,co-iss-n1358106096,1358106096,2001-01-13T19:29:18.122,877.12,66.22,22.61,4,0.00,4,22.61,14.69,58.75,1.54,1.63,,1 frame(s); median area 4.0 px; flags: none
N1358063118,T0440,1358063118-0206,0.3224,1,1,co-iss-n1358063118,1358063118,2001-01-13T07:32:24.388,421.65,805.66,22.48,4,0.00,4,22.48,11.60,46.38,1.94,1.00,,1 frame(s); median area 4.0 px; flags: none
N1358108796,T1475,1358108796-0395,0.3214,1,16,co-iss-n1358108796,1358108796,2001-01-13T20:14:18.103,600.86,1005.00,9.82,7,0.00,7,9.82,9.82,68.72,1.00,2.53,,1 frame(s); median area 7.0 px; flags: none
N1358110818,T1504,1358110818-0129,0.3212,1,17,co-iss-n1358110818,1358110818,2001-01-13T20:47:24.058,230.75,216.44,18.12,5,0.00,5,18.12,12.72,63.60,1.42,2.53,,1 frame(s); median area 5.0 px; flags: none
N1358101818,T0909,1358101818-0182,0.3212,1,9,co-iss-n1358101818,1358101818,2001-01-13T18:17:24.120,251.23,290.09,18.12,5,0.00,5,18.12,14.66,73.32,1.24,2.89,,1 frame(s); median area 5.0 px; flags: none
N1358069587,T0802,1358069587-1608,0.3205,1,7,co-iss-n1358069587,1358069587,2001-01-13T09:19:41.351,988.17,984.66,9.66,7,0.00,7,9.66,8.06,56.44,1.20,5.37,,1 frame(s); median area 7.0 px; flags: none
N1358061096,T0296,1358061096-2708,0.3204,1,0,co-iss-n1358061096,1358061096,2001-01-13T06:59:18.433,874.53,932.10,9.65,7,0.00,7,9.65,8.47,59.27,1.14,5.65,,1 frame(s); median area 7.0 px; flags: none
N1358061096,T0331,1358061096-3041,0.3204,1,0,co-iss-n1358061096,1358061096,2001-01-13T06:59:18.433,761.83,951.46,9.65,7,0.00,7,9.65,9.03,63.20,1.07,3.07,,1 frame(s); median area 7.0 px; flags: none
N1358099796,T0853,1358099796-0359,0.3193,1,8,co-iss-n1358099796,1358099796,2001-01-13T17:44:18.165,600.86,1005.00,9.46,7,0.00,7,9.46,9.45,66.14,1.00,2.53,,1 frame(s); median area 7.0 px; flags: none
N1358099796,T0854,1358099796-0363,0.3193,1,8,co-iss-n1358099796,1358099796,2001-01-13T17:44:18.165,620.21,1004.87,9.46,7,0.00,7,9.46,8.86,62.05,1.07,2.45,,1 frame(s); median area 7.0 px; flags: none
N1358099796,T0858,1358099796-0386,0.3193,1,8,co-iss-n1358099796,1358099796,2001-01-13T17:44:18.165,646.01,1007.31,9.46,7,0.00,7,9.46,8.71,60.95,1.09,4.69,,1 frame(s); median area 7.0 px; flags: none
N1358106096,T1289,1358106096-2799,0.3192,1,13,co-iss-n1358106096,1358106096,2001-01-13T19:29:18.122,761.83,951.45,9.44,7,0.00,7,9.44,8.85,61.96,1.07,3.07,,1 frame(s); median area 7.0 px; flags: none
N1358115096,T1873,1358115096-3176,0.3188,1,21,co-iss-n1358115096,1358115096,2001-01-13T21:59:18.060,202.84,972.28,9.39,7,0.00,7,9.39,9.02,63.16,1.04,3.96,,1 frame(s); median area 7.0 px; flags: none
N1358110818,T1506,1358110818-0139,0.3183,1,17,co-iss-n1358110818,1358110818,2001-01-13T20:47:24.058,658.13,229.43,17.64,5,0.00,5,17.64,16.22,81.11,1.09,1.73,,1 frame(s); median area 5.0 px; flags: none
N1358061096,T0100,1358061096-0722,0.3182,1,0,co-iss-n1358061096,1358061096,2001-01-13T06:59:18.433,771.23,829.73,13.45,6,0.00,6,13.45,10.26,61.55,1.31,1.90,,1 frame(s); median area 6.0 px; flags: none
N1358061096,T0181,1358061096-1403,0.3182,1,0,co-iss-n1358061096,1358061096,2001-01-13T06:59:18.433,959.54,870.64,13.45,6,0.00,6,13.45,10.30,61.80,1.31,1.92,,1 frame(s); median area 6.0 px; flags: none
N1358061096,T0284,1358061096-2536,0.3181,1,0,co-iss-n1358061096,1358061096,2001-01-13T06:59:18.433,729.56,924.55,9.26,7,0.00,7,9.26,8.14,56.97,1.14,2.88,,1 frame(s); median area 7.0 px; flags: none
N1358061096,T0416,1358061096-4195,0.3181,1,0,co-iss-n1358061096,1358061096,2001-01-13T06:59:18.433,760.02,1014.88,13.43,6,0.00,6,13.43,10.26,61.54,1.31,2.13,,1 frame(s); median area 6.0 px; flags: none
N1358061096,T0411,1358061096-4145,0.3179,1,0,co-iss-n1358061096,1358061096,2001-01-13T06:59:18.433,739.23,1012.44,13.40,6,0.00,6,13.40,10.11,60.64,1.33,3.45,,1 frame(s); median area 6.0 px; flags: none
N1358061096,T0398,1358061096-4025,0.3177,1,0,co-iss-n1358061096,1358061096,2001-01-13T06:59:18.433,963.32,1005.62,9.21,7,0.00,7,9.21,8.10,56.73,1.14,1.72,,1 frame(s); median area 7.0 px; flags: none
N1358106096,T1360,1358106096-3916,0.3164,1,13,co-iss-n1358106096,1358106096,2001-01-13T19:29:18.122,760.02,1014.88,13.16,6,0.00,6,13.16,10.08,60.45,1.31,2.13,,1 frame(s); median area 6.0 px; flags: none
N1358106096,T1355,1358106096-3870,0.3164,1,13,co-iss-n1358106096,1358106096,2001-01-13T19:29:18.122,739.23,1012.44,13.15,6,0.00,6,13.15,9.93,59.60,1.32,3.45,,1 frame(s); median area 6.0 px; flags: none
N1358115096,T1937,1358115096-3874,0.3161,1,21,co-iss-n1358115096,1358115096,2001-01-13T21:59:18.060,85.14,1013.70,13.10,6,0.00,6,13.10,10.42,62.53,1.26,1.62,,1 frame(s); median area 6.0 px; flags: none
N1358061096,T0381,1358061096-3873,0.3160,1,0,co-iss-n1358061096,1358061096,2001-01-13T06:59:18.433,991.67,995.71,17.24,5,0.00,5,17.24,12.63,63.16,1.37,2.25,,1 frame(s); median area 5.0 px; flags: none
N1358101818,T0913,1358101818-0216,0.3143,1,9,co-iss-n1358101818,1358101818,2001-01-13T18:17:24.120,700.39,333.60,16.96,5,0.00,5,16.96,13.52,67.60,1.25,3.40,,1 frame(s); median area 5.0 px; flags: none
N1358108796,T1470,1358108796-0095,0.3142,1,16,co-iss-n1358108796,1358108796,2001-01-13T20:14:18.103,367.34,546.79,21.12,4,0.00,4,21.12,13.14,52.56,1.61,4.47,,1 frame(s); median area 4.0 px; flags: none
N1358106096,T1331,1358106096-3609,0.3137,1,13,co-iss-n1358106096,1358106096,2001-01-13T19:29:18.122,991.72,995.70,16.87,5,0.00,5,16.87,12.02,60.12,1.40,2.25,,1 frame(s); median area 5.0 px; flags: none
N1358065818,T0544,1358065818-0021,0.3133,1,4,co-iss-n1358065818,1358065818,2001-01-13T08:17:24.370,139.82,45.80,20.97,4,0.00,4,20.97,16.91,67.65,1.24,1.62,,1 frame(s); median area 4.0 px; flags: none
N1358061096,T0003,1358061096-0022,0.3125,1,0,co-iss-n1358061096,1358061096,2001-01-13T06:59:18.433,134.72,255.84,27.52,3,0.00,3,27.52,21.11,63.34,1.30,4.39,,1 frame(s); median area 3.0 px; flags: none
N1358061096,T0005,1358061096-0036,0.3125,1,0,co-iss-n1358061096,1358061096,2001-01-13T06:59:18.433,304.59,370.74,31.01,3,0.00,3,31.01,17.47,52.40,1.78,1.73,,1 frame(s); median area 3.0 px; flags: none
N1358061096,T0006,1358061096-0037,0.3125,1,0,co-iss-n1358061096,1358061096,2001-01-13T06:59:18.433,669.35,370.54,47.64,3,0.00,3,47.64,29.60,88.80,1.61,1.73,,1 frame(s); median area 3.0 px; flags: none
N1358061096,T0007,1358061096-0039,0.3125,1,0,co-iss-n1358061096,1358061096,2001-01-13T06:59:18.433,620.18,381.54,27.38,3,0.00,3,27.38,14.26,42.78,1.92,4.39,,1 frame(s); median area 3.0 px; flags: none
N1358063118,T0435,1358063118-0156,0.3125,1,1,co-iss-n1358063118,1358063118,2001-01-13T07:32:24.388,533.88,622.57,27.50,3,0.00,3,27.50,20.08,60.25,1.37,1.73,,1 frame(s); median area 3.0 px; flags: none
N1358063118,T0439,1358063118-0190,0.3125,1,1,co-iss-n1358063118,1358063118,2001-01-13T07:32:24.388,726.32,721.77,27.19,3,0.00,3,27.19,20.15,60.44,1.35,1.73,,1 frame(s); median area 3.0 px; flags: none
N1358063287,T0518,1358063287-0092,0.3125,1,2,co-iss-n1358063287,1358063287,2001-01-13T07:34:41.395,172.64,331.16,30.79,3,0.00,3,30.79,21.38,64.14,1.44,1.73,,1 frame(s); median area 3.0 px; flags: none
N1358063287,T0520,1358063287-0106,0.3125,1,2,co-iss-n1358063287,1358063287,2001-01-13T07:34:41.395,954.75,355.85,30.72,3,0.00,3,30.72,16.93,50.79,1.81,1.73,,1 frame(s); median area 3.0 px; flags: none
N1358063796,T0534,1358063796-0020,0.3125,1,3,co-iss-n1358063796,1358063796,2001-01-13T07:44:18.415,437.76,208.27,62.10,3,0.00,3,62.10,42.04,126.11,1.48,1.73,,1 frame(s); median area 3.0 px; flags: none
N1358069418,T0654,1358069418-0009,0.3125,1,6,co-iss-n1358069418,1358069418,2001-01-13T09:17:24.345,524.82,60.57,30.53,3,0.00,3,30.53,17.97,53.92,1.70,1.73,,1 frame(s); median area 3.0 px; flags: none
N1358069418,T0665,1358069418-0107,0.3125,1,6,co-iss-n1358069418,1358069418,2001-01-13T09:17:24.345,182.87,567.47,26.90,3,0.00,3,26.90,19.21,57.64,1.40,1.73,,1 frame(s); median area 3.0 px; flags: none
N1358099796,T0808,1358099796-0023,0.3125,1,8,co-iss-n1358099796,1358099796,2001-01-13T17:44:18.165,50.18,182.85,36.37,3,0.00,3,36.37,18.01,54.02,2.02,1.73,,1 frame(s); median area 3.0 px; flags: none
N1358099796,T0811,1358099796-0054,0.3125,1,8,co-iss-n1358099796,1358099796,2001-01-13T17:44:18.165,975.45,351.84,32.58,3,0.00,3,32.58,19.70,59.10,1.65,1.73,,1 frame(s); median area 3.0 px; flags: none
N1358105418,T0988,1358105418-0030,0.3125,1,11,co-iss-n1358105418,1358105418,2001-01-13T19:17:24.095,597.11,187.47,37.33,3,0.00,3,37.33,26.73,80.20,1.40,4.39,,1 frame(s); median area 3.0 px; flags: none
N1358105418,T0989,1358105418-0046,0.3125,1,11,co-iss-n1358105418,1358105418,2001-01-13T19:17:24.095,684.06,269.92,111.36,3,0.00,3,111.36,43.16,129.49,2.58,1.73,,1 frame(s); median area 3.0 px; flags: none
N1358105587,T1121,1358105587-0044,0.3125,1,12,co-iss-n1358105587,1358105587,2001-01-13T19:19:41.102,761.19,227.88,47.06,3,0.00,3,47.06,22.75,68.26,2.07,1.73,,1 frame(s); median area 3.0 px; flags: none
N1358106096,T1321,1358106096-3373,0.3125,1,13,co-iss-n1358106096,1358106096,2001-01-13T19:29:18.122,28.86,981.66,29.87,3,0.00,3,29.87,19.11,57.34,1.56,1.73,,1 frame(s); median area 3.0 px; flags: none
N1358108287,T1462,1358108287-0201,0.3125,1,15,co-iss-n1358108287,1358108287,2001-01-13T20:04:41.083,949.22,671.98,29.18,3,0.00,3,29.18,16.92,50.75,1.72,4.39,,1 frame(s); median area 3.0 px; flags: none
N1358108287,T1463,1358108287-0207,0.3125,1,15,co-iss-n1358108287,1358108287,2001-01-13T20:04:41.083,978.13,684.69,37.84,3,0.00,3,37.84,18.29,54.86,2.07,1.73,,1 frame(s); median area 3.0 px; flags: none
N1358108796,T1466,1358108796-0026,0.3125,1,16,co-iss-n1358108796,1358108796,2001-01-13T20:14:18.103,878.87,230.10,64.49,3,0.00,3,64.49,28.01,84.04,2.30,1.73,,1 frame(s); median area 3.0 px; flags: none
N1358108796,T1469,1358108796-0083,0.3125,1,16,co-iss-n1358108796,1358108796,2001-01-13T20:14:18.103,34.55,497.26,26.42,3,0.00,3,26.42,19.47,58.42,1.36,1.73,,1 frame(s); median area 3.0 px; flags: none
N1358108796,T1471,1358108796-0108,0.3125,1,16,co-iss-n1358108796,1358108796,2001-01-13T20:14:18.103,164.43,577.10,36.74,3,0.00,3,36.74,25.67,77.02,1.43,1.73,,1 frame(s); median area 3.0 px; flags: none
N1358108796,T1473,1358108796-0136,0.3125,1,16,co-iss-n1358108796,1358108796,2001-01-13T20:14:18.103,251.28,712.17,25.56,3,0.00,3,25.56,15.53,46.58,1.65,1.73,,1 frame(s); median area 3.0 px; flags: none
N1358114418,T1678,1358114418-1592,0.3125,1,19,co-iss-n1358114418,1358114418,2001-01-13T21:47:24.033,874.19,902.53,25.17,3,0.00,3,25.17,15.78,47.33,1.60,1.73,,1 frame(s); median area 3.0 px; flags: none
N1358114587,T1729,1358114587-0121,0.3125,1,20,co-iss-n1358114587,1358114587,2001-01-13T21:49:41.040,622.86,585.04,178.89,3,0.00,3,178.89,73.03,219.08,2.45,1.73,,1 frame(s); median area 3.0 px; flags: none
N1358115096,T1739,1358115096-0067,0.3125,1,21,co-iss-n1358115096,1358115096,2001-01-13T21:59:18.060,56.71,593.57,54.52,3,0.00,3,54.52,41.79,125.38,1.30,1.73,,1 frame(s); median area 3.0 px; flags: none
N1358117118,T1950,1358117118-0029,0.3125,1,22,co-iss-n1358117118,1358117118,2001-01-13T22:32:24.014,454.74,129.18,28.71,3,0.00,3,28.71,16.83,50.50,1.71,1.73,,1 frame(s); median area 3.0 px; flags: none
N1358117287,T2027,1358117287-0013,0.3125,1,23,co-iss-n1358117287,1358117287,2001-01-13T22:34:41.021,357.78,79.76,27.84,3,0.00,3,27.84,17.31,51.92,1.61,1.73,,1 frame(s); median area 3.0 px; flags: none
N1358117287,T2028,1358117287-0016,0.3125,1,23,co-iss-n1358117287,1358117287,2001-01-13T22:34:41.021,328.43,90.69,27.36,3,0.00,3,27.36,21.44,64.33,1.28,1.73,,1 frame(s); median area 3.0 px; flags: none
N1358117287,T2030,1358117287-0106,0.3125,1,23,co-iss-n1358117287,1358117287,2001-01-13T22:34:41.021,836.73,363.46,31.16,3,0.00,3,31.16,19.16,57.48,1.63,1.73,,1 frame(s); median area 3.0 px; flags: none
N1358117796,T2046,1358117796-0096,0.3125,1,24,co-iss-n1358117796,1358117796,2001-01-13T22:44:18.041,835.14,760.64,26.04,3,0.00,3,26.04,17.58,52.74,1.48,1.73,,1 frame(s); median area 3.0 px; flags: none
N1358117118,T1957,1358117118-0081,0.3121,1,22,co-iss-n1358117118,1358117118,2001-01-13T22:32:24.014,242.64,348.56,20.77,4,0.00,4,20.77,13.66,54.63,1.52,1.00,,1 frame(s); median area 4.0 px; flags: none
N1358061096,T0056,1358061096-0309,0.3118,1,0,co-iss-n1358061096,1358061096,2001-01-13T06:59:18.433,659.53,784.44,16.55,5,0.00,5,16.55,10.23,51.15,1.62,1.93,,1 frame(s); median area 5.0 px; flags: none
N1358105587,T1124,1358105587-0141,0.3118,1,12,co-iss-n1358105587,1358105587,2001-01-13T19:19:41.102,893.85,641.01,8.21,7,0.00,7,8.21,7.63,53.40,1.08,1.29,,1 frame(s); median area 7.0 px; flags: none
N1358106096,T1252,1358106096-2297,0.3118,1,13,co-iss-n1358106096,1358106096,2001-01-13T19:29:18.122,666.14,923.66,12.38,6,0.00,6,12.38,9.21,55.24,1.34,2.23,,1 frame(s); median area 6.0 px; flags: none
N1358101818,T0963,1358101818-0661,0.3117,1,9,co-iss-n1358101818,1358101818,2001-01-13T18:17:24.120,27.63,1020.12,20.70,4,0.00,4,20.70,14.62,58.49,1.42,2.62,,1 frame(s); median area 4.0 px; flags: none
N1358061096,T0348,1358061096-3231,0.3110,1,0,co-iss-n1358061096,1358061096,2001-01-13T06:59:18.433,151.72,960.89,20.58,4,0.15,4,20.58,14.47,57.89,1.42,6.17,,1 frame(s); median area 4.0 px; flags: none
N1358061096,T0095,1358061096-0682,0.3109,1,0,co-iss-n1358061096,1358061096,2001-01-13T06:59:18.433,783.68,826.30,12.23,6,0.00,6,12.23,9.73,58.35,1.26,3.57,,1 frame(s); median area 6.0 px; flags: none
N1358061096,T0101,1358061096-0730,0.3108,1,0,co-iss-n1358061096,1358061096,2001-01-13T06:59:18.433,731.51,829.32,12.21,6,0.15,6,12.21,8.88,53.26,1.38,6.81,,1 frame(s); median area 6.0 px; flags: none
N1358117118,T1948,1358117118-0009,0.3105,1,22,co-iss-n1358117118,1358117118,2001-01-13T22:32:24.014,68.01,48.31,16.34,5,0.00,5,16.34,10.39,51.94,1.57,4.39,,1 frame(s); median area 5.0 px; flags: none
N1358101987,T0964,1358101987-0012,0.3105,1,10,co-iss-n1358101987,1358101987,2001-01-13T18:19:41.127,724.50,17.00,20.50,4,0.00,4,20.50,16.09,64.36,1.27,2.62,,1 frame(s); median area 4.0 px; flags: none
N1358099796,T0813,1358099796-0098,0.3104,1,8,co-iss-n1358099796,1358099796,2001-01-13T17:44:18.165,76.88,724.53,16.32,5,0.00,5,16.32,12.22,61.08,1.34,3.52,,1 frame(s); median area 5.0 px; flags: none
N1358065818,T0543,1358065818-0020,0.3102,1,4,co-iss-n1358065818,1358065818,2001-01-13T08:17:24.370,790.82,43.30,20.45,4,0.00,4,20.45,17.32,69.27,1.18,1.63,,1 frame(s); median area 4.0 px; flags: none
N1358061096,T0051,1358061096-0274,0.3089,1,0,co-iss-n1358061096,1358061096,2001-01-13T06:59:18.433,636.91,779.24,16.07,5,0.00,5,16.07,11.11,55.55,1.45,3.40,,1 frame(s); median area 5.0 px; flags: none
N1358069418,T0698,1358069418-0457,0.3088,1,6,co-iss-n1358069418,1358069418,2001-01-13T09:17:24.345,368.57,787.58,20.22,4,0.00,4,20.22,12.37,49.48,1.63,1.00,,1 frame(s); median area 4.0 px; flags: none
N1358110818,T1525,1358110818-0289,0.3086,1,17,co-iss-n1358110818,1358110818,2001-01-13T20:47:24.058,547.39,464.78,16.02,5,0.00,5,16.02,12.74,63.71,1.26,3.40,,1 frame(s); median area 5.0 px; flags: none
N1358101987,T0965,1358101987-0063,0.3084,1,10,co-iss-n1358101987,1358101987,2001-01-13T18:19:41.127,750.81,103.44,20.15,4,0.00,4,20.15,14.64,58.55,1.38,2.62,,1 frame(s); median area 4.0 px; flags: none
N1358110987,T1580,1358110987-0501,0.3071,1,18,co-iss-n1358110987,1358110987,2001-01-13T20:49:41.065,11.25,853.55,15.77,5,0.00,5,15.77,12.78,63.88,1.23,1.73,,1 frame(s); median area 5.0 px; flags: none
N1358061096,T0183,1358061096-1405,0.3070,1,0,co-iss-n1358061096,1358061096,2001-01-13T06:59:18.433,628.87,872.00,11.59,6,0.00,6,11.59,10.00,60.00,1.16,2.33,,1 frame(s); median area 6.0 px; flags: none
N1358063118,T0428,1358063118-0053,0.3069,1,1,co-iss-n1358063118,1358063118,2001-01-13T07:32:24.388,288.72,239.76,24.06,3,0.00,3,24.06,16.78,50.34,1.43,1.73,,1 frame(s); median area 3.0 px; flags: none
N1358061096,T0141,1358061096-1066,0.3068,1,0,co-iss-n1358061096,1358061096,2001-01-13T06:59:18.433,824.09,853.02,11.55,6,0.00,6,11.55,8.96,53.76,1.29,1.63,,1 frame(s); median area 6.0 px; flags: none
N1358061096,T0180,1358061096-1400,0.3068,1,0,co-iss-n1358061096,1358061096,2001-01-13T06:59:18.433,935.45,871.05,11.55,6,0.00,6,11.55,8.96,53.78,1.29,1.31,,1 frame(s); median area 6.0 px; flags: none
N1358061096,T0290,1358061096-2616,0.3068,1,0,co-iss-n1358061096,1358061096,2001-01-13T06:59:18.433,985.86,927.53,11.55,6,0.00,6,11.55,9.40,56.42,1.23,3.31,,1 frame(s); median area 6.0 px; flags: none
N1358061096,T0378,1358061096-3845,0.3068,1,0,co-iss-n1358061096,1358061096,2001-01-13T06:59:18.433,985.78,994.99,11.55,6,0.00,6,11.55,9.07,54.45,1.27,3.68,,1 frame(s); median area 6.0 px; flags: none
N1358117796,T2043,1358117796-0019,0.3062,1,24,co-iss-n1358117796,1358117796,2001-01-13T22:44:18.041,973.87,227.70,15.61,5,0.15,5,15.61,11.74,58.68,1.33,7.25,,1 frame(s); median area 5.0 px; flags: none
N1358106096,T1186,1358106096-1132,0.3053,1,13,co-iss-n1358106096,1358106096,2001-01-13T19:29:18.122,736.80,865.95,11.30,6,0.00,6,11.30,9.48,56.88,1.19,4.47,,1 frame(s); median area 6.0 px; flags: none
N1358106096,T1327,1358106096-3579,0.3053,1,13,co-iss-n1358106096,1358106096,2001-01-13T19:29:18.122,985.78,994.99,11.30,6,0.00,6,11.30,8.90,53.41,1.27,3.68,,1 frame(s); median area 6.0 px; flags: none
N1358101987,T0986,1358101987-0660,0.3049,1,10,co-iss-n1358101987,1358101987,2001-01-13T18:19:41.127,979.40,1020.29,15.40,5,0.00,5,15.40,12.13,60.67,1.27,1.73,,1 frame(s); median area 5.0 px; flags: none
N1358114418,T1588,1358114418-0038,0.3048,1,19,co-iss-n1358114418,1358114418,2001-01-13T21:47:24.033,911.79,228.63,23.71,3,0.00,3,23.71,16.69,50.07,1.42,4.39,,1 frame(s); median area 3.0 px; flags: none
N1358061096,T0374,1358061096-3702,0.3045,1,0,co-iss-n1358061096,1358061096,2001-01-13T06:59:18.433,706.87,987.70,15.33,5,0.00,5,15.33,11.59,57.96,1.32,1.39,,1 frame(s); median area 5.0 px; flags: none
N1358061096,T0065,1358061096-0386,0.3042,1,0,co-iss-n1358061096,1358061096,2001-01-13T06:59:18.433,664.62,796.35,15.29,5,0.00,5,15.29,9.77,48.83,1.57,1.83,,1 frame(s); median area 5.0 px; flags: none
N1358065987,T0633,1358065987-0369,0.3041,1,5,co-iss-n1358065987,1358065987,2001-01-13T08:19:41.376,22.43,534.43,19.43,4,0.00,4,19.43,16.91,67.65,1.15,1.00,,1 frame(s); median area 4.0 px; flags: none
N1358101818,T0885,1358101818-0019,0.3037,1,9,co-iss-n1358101818,1358101818,2001-01-13T18:17:24.120,1014.38,31.41,19.37,4,0.00,4,19.37,13.24,52.96,1.46,1.00,,1 frame(s); median area 4.0 px; flags: none
N1358069418,T0652,1358069418-0004,0.3037,1,6,co-iss-n1358069418,1358069418,2001-01-13T09:17:24.345,637.08,27.92,19.37,4,0.15,4,19.37,12.74,50.96,1.52,6.17,,1 frame(s); median area 4.0 px; flags: none
N1358069587,T0792,1358069587-0081,0.3036,1,7,co-iss-n1358069587,1358069587,2001-01-13T09:19:41.351,840.02,372.42,11.02,6,0.00,6,11.02,8.74,52.42,1.26,3.34,,1 frame(s); median area 6.0 px; flags: none
N1358110987,T1583,1358110987-0568,0.3036,1,18,co-iss-n1358110987,1358110987,2001-01-13T20:49:41.065,236.22,980.03,15.18,5,0.00,5,15.18,9.64,48.22,1.57,2.44,,1 frame(s); median area 5.0 px; flags: none
N1358065818,T0588,1358065818-0426,0.3034,1,4,co-iss-n1358065818,1358065818,2001-01-13T08:17:24.370,382.86,679.57,15.16,5,0.00,5,15.16,14.07,70.35,1.08,1.73,,1 frame(s); median area 5.0 px; flags: none
N1358061096,T0096,1358061096-0686,0.3033,1,0,co-iss-n1358061096,1358061096,2001-01-13T06:59:18.433,629.48,827.10,15.13,5,0.00,5,15.13,11.04,55.22,1.37,4.39,,1 frame(s); median area 5.0 px; flags: none
N1358117796,T2044,1358117796-0041,0.3031,1,24,co-iss-n1358117796,1358117796,2001-01-13T22:44:18.041,970.78,413.58,23.44,3,0.00,3,23.44,13.47,40.40,1.74,1.73,,1 frame(s); median area 3.0 px; flags: none
N1358065818,T0556,1358065818-0123,0.3030,1,4,co-iss-n1358065818,1358065818,2001-01-13T08:17:24.370,942.61,206.54,19.26,4,0.00,4,19.26,14.14,56.54,1.36,1.00,,1 frame(s); median area 4.0 px; flags: none
N1358065818,T0558,1358065818-0129,0.3020,1,4,co-iss-n1358065818,1358065818,2001-01-13T08:17:24.370,279.51,213.51,19.09,4,0.00,4,19.09,14.40,57.61,1.33,1.00,,1 frame(s); median area 4.0 px; flags: none
N1358106096,T1203,1358106096-1441,0.3017,1,13,co-iss-n1358106096,1358106096,2001-01-13T19:29:18.122,643.01,882.38,10.69,6,0.00,6,10.69,8.59,51.54,1.24,1.81,,1 frame(s); median area 6.0 px; flags: none
N1358115096,T1941,1358115096-3945,0.3016,1,21,co-iss-n1358115096,1358115096,2001-01-13T21:59:18.060,49.36,1017.45,14.86,5,0.00,5,14.86,10.75,53.76,1.38,1.83,,1 frame(s); median area 5.0 px; flags: none
N1358106096,T1147,1358106096-0612,0.3016,1,13,co-iss-n1358106096,1358106096,2001-01-13T19:29:18.122,629.48,827.10,14.85,5,0.00,5,14.85,10.85,54.25,1.37,4.39,,1 frame(s); median area 5.0 px; flags: none
N1358069418,T0754,1358069418-1702,0.3015,1,6,co-iss-n1358069418,1358069418,2001-01-13T09:17:24.345,631.35,895.64,14.84,5,0.00,5,14.84,9.68,48.41,1.53,1.73,,1 frame(s); median area 5.0 px; flags: none
N1358065987,T0620,1358065987-0172,0.3014,1,5,co-iss-n1358065987,1358065987,2001-01-13T08:19:41.376,896.45,299.45,18.99,4,0.00,4,18.99,15.72,62.90,1.21,1.00,,1 frame(s); median area 4.0 px; flags: none
N1358101818,T0910,1358101818-0188,0.3007,1,9,co-iss-n1358101818,1358101818,2001-01-13T18:17:24.120,120.34,294.50,18.87,4,0.00,4,18.87,14.27,57.07,1.32,1.00,,1 frame(s); median area 4.0 px; flags: none
N1358063287,T0521,1358063287-0116,0.3007,1,2,co-iss-n1358063287,1358063287,2001-01-13T07:34:41.395,836.18,375.70,23.03,3,0.00,3,23.03,14.76,44.27,1.56,1.73,,1 frame(s); median area 3.0 px; flags: none
N1358110987,T1569,1358110987-0123,0.3003,1,18,co-iss-n1358110987,1358110987,2001-01-13T20:49:41.065,900.36,223.49,18.80,4,0.00,4,18.80,14.63,58.51,1.28,1.00,,1 frame(s); median area 4.0 px; flags: none
N1358061096,T0362,1358061096-3483,0.3000,1,0,co-iss-n1358061096,1358061096,2001-01-13T06:59:18.433,986.73,973.46,10.42,6,0.00,6,10.42,8.60,51.62,1.21,1.73,,1 frame(s); median area 6.0 px; flags: none
N1358117287,T2042,1358117287-0456,0.2990,1,23,co-iss-n1358117287,1358117287,2001-01-13T22:34:41.021,833.44,985.85,22.75,3,0.00,3,22.75,17.20,51.59,1.32,1.73,,1 frame(s); median area 3.0 px; flags: none
N1358110818,T1496,1358110818-0053,0.2987,1,17,co-iss-n1358110818,1358110818,2001-01-13T20:47:24.058,734.42,106.42,18.53,4,0.00,4,18.53,16.01,64.03,1.16,1.00,,1 frame(s); median area 4.0 px; flags: none
N1358115096,T1736,1358115096-0016,0.2984,1,21,co-iss-n1358115096,1358115096,2001-01-13T21:59:18.060,317.01,199.67,14.32,5,0.00,5,14.32,10.59,52.94,1.35,1.73,,1 frame(s); median area 5.0 px; flags: none
N1358061096,T0131,1358061096-0987,0.2982,1,0,co-iss-n1358061096,1358061096,2001-01-13T06:59:18.433,863.82,849.20,14.28,5,0.00,5,14.28,10.93,54.63,1.31,3.82,,1 frame(s); median area 5.0 px; flags: none
N1358065987,T0616,1358065987-0082,0.2977,1,5,co-iss-n1358065987,1358065987,2001-01-13T08:19:41.376,1014.15,140.86,18.37,4,0.00,4,18.37,13.93,55.72,1.32,1.63,,1 frame(s); median area 4.0 px; flags: none
N1358061096,T0076,1358061096-0507,0.2977,1,0,co-iss-n1358061096,1358061096,2001-01-13T06:59:18.433,627.69,810.82,14.20,5,0.00,5,14.20,8.90,44.50,1.60,3.54,,1 frame(s); median area 5.0 px; flags: none
N1358065987,T0635,1358065987-0421,0.2972,1,5,co-iss-n1358065987,1358065987,2001-01-13T08:19:41.376,125.85,585.17,18.29,4,0.15,4,18.29,12.17,48.69,1.50,6.85,,1 frame(s); median area 4.0 px; flags: none
N1358061096,T0064,1358061096-0380,0.2971,1,0,co-iss-n1358061096,1358061096,2001-01-13T06:59:18.433,690.28,795.07,14.10,5,0.00,5,14.10,9.84,49.19,1.43,1.79,,1 frame(s); median area 5.0 px; flags: none
N1358105418,T0991,1358105418-0067,0.2967,1,11,co-iss-n1358105418,1358105418,2001-01-13T19:17:24.095,362.62,384.60,18.21,4,0.00,4,18.21,11.41,45.63,1.60,1.00,,1 frame(s); median area 4.0 px; flags: none
N1358108796,T1477,1358108796-0421,0.2964,1,16,co-iss-n1358108796,1358108796,2001-01-13T20:14:18.103,624.37,1008.36,9.82,6,0.00,6,9.82,9.49,56.93,1.04,2.53,,1 frame(s); median area 6.0 px; flags: none
N1358108796,T1481,1358108796-0447,0.2964,1,16,co-iss-n1358108796,1358108796,2001-01-13T20:14:18.103,644.20,1011.11,9.82,6,0.00,6,9.82,9.25,55.48,1.06,1.98,,1 frame(s); median area 6.0 px; flags: none
N1358061096,T0224,1358061096-2011,0.2954,1,0,co-iss-n1358061096,1358061096,2001-01-13T06:59:18.433,937.46,899.00,9.65,6,0.00,6,9.65,8.42,50.53,1.15,3.54,,1 frame(s); median area 6.0 px; flags: none
N1358061096,T0254,1358061096-2278,0.2954,1,0,co-iss-n1358061096,1358061096,2001-01-13T06:59:18.433,743.80,911.15,9.65,6,0.00,6,9.65,8.65,51.91,1.12,1.56,,1 frame(s); median area 6.0 px; flags: none
N1358061096,T0298,1358061096-2735,0.2954,1,0,co-iss-n1358061096,1358061096,2001-01-13T06:59:18.433,960.49,934.43,9.65,6,0.00,6,9.65,8.66,51.96,1.11,4.00,,1 frame(s); median area 6.0 px; flags: none
N1358061096,T0342,1358061096-3157,0.2954,1,0,co-iss-n1358061096,1358061096,2001-01-13T06:59:18.433,799.69,957.30,9.65,6,0.00,6,9.65,9.06,54.33,1.07,2.29,,1 frame(s); median area 6.0 px; flags: none
N1358061096,T0354,1358061096-3372,0.2954,1,0,co-iss-n1358061096,1358061096,2001-01-13T06:59:18.433,776.26,968.20,9.65,6,0.00,6,9.65,8.75,52.51,1.10,1.43,,1 frame(s); median area 6.0 px; flags: none
N1358061096,T0389,1358061096-3945,0.2954,1,0,co-iss-n1358061096,1358061096,2001-01-13T06:59:18.433,971.38,1000.17,9.65,6,0.00,6,9.65,8.87,53.20,1.09,3.47,,1 frame(s); median area 6.0 px; flags: none
N1358061096,T0395,1358061096-3996,0.2948,1,0,co-iss-n1358061096,1358061096,2001-01-13T06:59:18.433,720.02,1004.49,13.71,5,0.00,5,13.71,10.43,52.15,1.31,1.61,,1 frame(s); median area 5.0 px; flags: none
N1358099796,T0828,1358099796-0153,0.2943,1,8,co-iss-n1358099796,1358099796,2001-01-13T17:44:18.165,580.36,962.00,9.46,6,0.00,6,9.46,8.51,51.06,1.11,1.63,,1 frame(s); median area 6.0 px; flags: none
N1358099796,T0857,1358099796-0383,0.2943,1,8,co-iss-n1358099796,1358099796,2001-01-13T17:44:18.165,624.37,1008.36,9.46,6,0.00,6,9.46,9.12,54.73,1.04,2.53,,1 frame(s); median area 6.0 px; flags: none
N1358099796,T0864,1358099796-0410,0.2943,1,8,co-iss-n1358099796,1358099796,2001-01-13T17:44:18.165,644.21,1011.11,9.46,6,0.00,6,9.46,8.87,53.21,1.07,1.98,,1 frame(s); median area 6.0 px; flags: none
N1358106096,T1230,1358106096-2072,0.2942,1,13,co-iss-n1358106096,1358106096,2001-01-13T19:29:18.122,743.80,911.15,9.44,6,0.00,6,9.44,8.49,50.97,1.11,1.56,,1 frame(s); median area 6.0 px; flags: none
N1358106096,T1300,1358106096-2910,0.2942,1,13,co-iss-n1358106096,1358106096,2001-01-13T19:29:18.122,799.69,957.30,9.44,6,0.00,6,9.44,8.88,53.29,1.06,2.29,,1 frame(s); median area 6.0 px; flags: none
N1358106096,T1308,1358106096-3124,0.2942,1,13,co-iss-n1358106096,1358106096,2001-01-13T19:29:18.122,776.26,968.19,9.44,6,0.00,6,9.44,8.59,51.51,1.10,1.43,,1 frame(s); median area 6.0 px; flags: none
N1358106096,T1335,1358106096-3677,0.2942,1,13,co-iss-n1358106096,1358106096,2001-01-13T19:29:18.122,971.38,1000.16,9.44,6,0.00,6,9.44,8.70,52.18,1.09,3.47,,1 frame(s); median area 6.0 px; flags: none
N1358106096,T1359,1358106096-3892,0.2942,1,13,co-iss-n1358106096,1358106096,2001-01-13T19:29:18.122,901.69,1013.07,9.44,6,0.00,6,9.44,8.35,50.12,1.13,1.43,,1 frame(s); median area 6.0 px; flags: none
N1358061096,T0017,1358061096-0101,0.2941,1,0,co-iss-n1358061096,1358061096,2001-01-13T06:59:18.433,593.68,734.01,13.60,5,0.00,5,13.60,11.35,56.75,1.20,1.62,,1 frame(s); median area 5.0 px; flags: none
N1358115096,T1833,1358115096-2554,0.2938,1,21,co-iss-n1358115096,1358115096,2001-01-13T21:59:18.060,266.40,942.81,9.39,6,0.00,6,9.39,8.58,51.50,1.09,1.29,,1 frame(s); median area 6.0 px; flags: none
N1358115096,T1844,1358115096-2727,0.2938,1,21,co-iss-n1358115096,1358115096,2001-01-13T21:59:18.060,293.80,950.92,9.39,6,0.00,6,9.39,8.22,49.31,1.14,1.53,,1 frame(s); median area 6.0 px; flags: none
N1358115096,T1846,1358115096-2765,0.2938,1,21,co-iss-n1358115096,1358115096,2001-01-13T21:59:18.060,100.85,952.53,9.39,6,0.00,6,9.39,8.59,51.51,1.09,2.72,,1 frame(s); median area 6.0 px; flags: none
N1358115096,T1916,1358115096-3613,0.2938,1,21,co-iss-n1358115096,1358115096,2001-01-13T21:59:18.060,221.16,997.19,9.39,6,0.00,6,9.39,8.22,49.34,1.14,4.75,,1 frame(s); median area 6.0 px; flags: none
N1358110818,T1562,1358110818-0614,0.2938,1,17,co-iss-n1358110818,1358110818,2001-01-13T20:47:24.058,97.01,975.12,17.72,4,0.00,4,17.72,14.92,59.67,1.19,1.63,,1 frame(s); median area 4.0 px; flags: none
N1358101818,T0916,1358101818-0234,0.2938,1,9,co-iss-n1358101818,1358101818,2001-01-13T18:17:24.120,316.46,356.34,17.71,4,0.00,4,17.71,13.49,53.94,1.31,1.00,,1 frame(s); median area 4.0 px; flags: none
N1358069418,T0659,1358069418-0031,0.2937,1,6,co-iss-n1358069418,1358069418,2001-01-13T09:17:24.345,16.24,184.53,21.87,3,0.00,3,21.87,13.73,41.20,1.59,1.73,,1 frame(s); median area 3.0 px; flags: none
N1358110818,T1520,1358110818-0268,0.2933,1,17,co-iss-n1358110818,1358110818,2001-01-13T20:47:24.058,115.84,444.29,17.64,4,0.15,4,17.64,13.07,52.28,1.35,6.85,,1 frame(s); median area 4.0 px; flags: none
N1358117287,T2034,1358117287-0205,0.2933,1,23,co-iss-n1358117287,1358117287,2001-01-13T22:34:41.021,528.35,629.52,9.30,6,0.00,6,9.30,7.97,47.81,1.17,2.03,,1 frame(s); median area 6.0 px; flags: none
N1358101818,T0911,1358101818-0193,0.2933,1,9,co-iss-n1358101818,1358101818,2001-01-13T18:17:24.120,876.60,296.41,17.63,4,0.00,4,17.63,12.54,50.15,1.41,1.00,,1 frame(s); median area 4.0 px; flags: none
N1358061096,T0112,1358061096-0818,0.2932,1,0,co-iss-n1358061096,1358061096,2001-01-13T06:59:18.433,711.58,837.03,13.45,5,0.00,5,13.45,9.93,49.65,1.35,2.62,,1 frame(s); median area 5.0 px; flags: none
N1358061096,T0113,1358061096-0819,0.2932,1,0,co-iss-n1358061096,1358061096,2001-01-13T06:59:18.433,748.40,837.30,13.45,5,0.00,5,13.45,9.75,48.74,1.38,1.65,,1 frame(s); median area 5.0 px; flags: none
N1358061096,T0145,1358061096-1098,0.2932,1,0,co-iss-n1358061096,1358061096,2001-01-13T06:59:18.433,728.58,854.71,13.45,5,0.00,5,13.45,10.48,52.39,1.28,1.73,,1 frame(s); median area 5.0 px; flags: none
N1358061096,T0151,1358061096-1158,0.2932,1,0,co-iss-n1358061096,1358061096,2001-01-13T06:59:18.433,690.41,858.63,13.45,5,0.00,5,13.45,11.34,56.71,1.19,3.40,,1 frame(s); median area 5.0 px; flags: none
N1358061096,T0203,1358061096-1618,0.2931,1,0,co-iss-n1358061096,1358061096,2001-01-13T06:59:18.433,643.08,882.36,9.27,6,0.00,6,9.27,8.42,50.50,1.10,1.81,,1 frame(s); median area 6.0 px; flags: none
N1358101818,T0948,1358101818-0481,0.2928,1,9,co-iss-n1358101818,1358101818,2001-01-13T18:17:24.120,63.78,701.22,17.54,4,0.00,4,17.54,16.80,67.20,1.04,2.45,,1 frame(s); median area 4.0 px; flags: none
N1358115096,T1763,1358115096-1231,0.2927,1,21,co-iss-n1358115096,1358115096,2001-01-13T21:59:18.060,175.76,876.74,9.20,6,0.00,6,9.20,7.76,46.59,1.18,3.08,,1 frame(s); median area 6.0 px; flags: none
N1358069418,T0651,1358069418-0003,0.2926,1,6,co-iss-n1358069418,1358069418,2001-01-13T09:17:24.345,878.33,24.34,21.68,3,0.00,3,21.68,21.01,63.02,1.03,1.73,,1 frame(s); median area 3.0 px; flags: none
N1358065818,T0574,1358065818-0289,0.2918,1,4,co-iss-n1358065818,1358065818,2001-01-13T08:17:24.370,287.20,477.45,17.38,4,0.00,4,17.38,12.39,49.58,1.40,3.60,,1 frame(s); median area 4.0 px; flags: none
N1358101818,T0921,1358101818-0253,0.2918,1,9,co-iss-n1358101818,1358101818,2001-01-13T18:17:24.120,345.16,390.44,17.38,4,0.15,4,17.38,10.87,43.49,1.60,6.17,,1 frame(s); median area 4.0 px; flags: none
N1358105587,T1120,1358105587-0034,0.2917,1,12,co-iss-n1358105587,1358105587,2001-01-13T19:19:41.102,499.33,185.50,21.53,3,0.00,3,21.53,14.33,43.00,1.50,1.73,,1 frame(s); median area 3.0 px; flags: none
N1358115096,T1743,1358115096-0468,0.2917,1,21,co-iss-n1358115096,1358115096,2001-01-13T21:59:18.060,334.08,816.84,9.03,6,0.00,6,9.03,8.05,48.30,1.12,1.94,,1 frame(s); median area 6.0 px; flags: none
N1358106096,T1174,1358106096-0973,0.2914,1,13,co-iss-n1358106096,1358106096,2001-01-13T19:29:18.122,728.58,854.71,13.16,5,0.00,5,13.16,10.29,51.44,1.28,1.73,,1 frame(s); median area 5.0 px; flags: none
N1358106096,T1177,1358106096-1019,0.2914,1,13,co-iss-n1358106096,1358106096,2001-01-13T19:29:18.122,690.41,858.63,13.16,5,0.00,5,13.16,11.12,55.58,1.18,3.40,,1 frame(s); median area 5.0 px; flags: none
N1358099796,T0817,1358099796-0123,0.2913,1,8,co-iss-n1358099796,1358099796,2001-01-13T17:44:18.165,574.43,933.82,13.13,5,0.00,5,13.13,9.59,47.96,1.37,1.73,,1 frame(s); median area 5.0 px; flags: none
N1358069418,T0685,1358069418-0257,0.2909,1,6,co-iss-n1358069418,1358069418,2001-01-13T09:17:24.345,629.18,745.38,13.06,5,0.00,5,13.06,9.30,46.52,1.40,3.05,,1 frame(s); median area 5.0 px; flags: none
N1358101818,T0924,1358101818-0278,0.2908,1,9,co-iss-n1358101818,1358101818,2001-01-13T18:17:24.120,326.61,423.19,17.21,4,0.00,4,17.21,15.01,60.02,1.15,4.47,,1 frame(s); median area 4.0 px; flags: none
N1358108118,T1369,1358108118-0013,0.2906,1,14,co-iss-n1358108118,1358108118,2001-01-13T20:02:24.077,8.26,68.03,21.34,3,0.00,3,21.34,15.49,46.46,1.38,4.39,,1 frame(s); median area 3.0 px; flags: none
N1358061096,T0155,1358061096-1190,0.2905,1,0,co-iss-n1358061096,1358061096,2001-01-13T06:59:18.433,727.81,861.51,8.83,6,0.00,6,8.83,8.08,48.46,1.09,1.59,,1 frame(s); median area 6.0 px; flags: none
N1358069418,T0674,1358069418-0149,0.2901,1,6,co-iss-n1358069418,1358069418,2001-01-13T09:17:24.345,553.87,706.34,12.93,5,0.00,5,12.93,9.17,45.87,1.41,2.86,,1 frame(s); median area 5.0 px; flags: none
N1358106096,T1179,1358106096-1045,0.2896,1,13,co-iss-n1358106096,1358106096,2001-01-13T19:29:18.122,727.81,861.51,8.68,6,0.00,6,8.68,7.95,47.69,1.09,1.59,,1 frame(s); median area 6.0 px; flags: none
N1358065987,T0644,1358065987-0629,0.2896,1,5,co-iss-n1358065987,1358065987,2001-01-13T08:19:41.376,553.80,842.20,12.85,5,0.00,5,12.85,12.78,63.88,1.01,2.89,,1 frame(s); median area 5.0 px; flags: none
N1358117287,T2039,1358117287-0268,0.2896,1,23,co-iss-n1358117287,1358117287,2001-01-13T22:34:41.021,747.72,843.51,21.18,3,0.00,3,21.18,13.95,41.86,1.52,1.73,,1 frame(s); median area 3.0 px; flags: none
N1358069418,T0655,1358069418-0010,0.2891,1,6,co-iss-n1358069418,1358069418,2001-01-13T09:17:24.345,726.79,74.49,21.10,3,0.00,3,21.10,14.50,43.51,1.46,4.39,,1 frame(s); median area 3.0 px; flags: none
N1358106096,T1299,1358106096-2861,0.2888,1,13,co-iss-n1358106096,1358106096,2001-01-13T19:29:18.122,684.29,953.65,12.71,5,0.00,5,12.71,9.42,47.12,1.35,2.53,,1 frame(s); median area 5.0 px; flags: none
N1358061096,T0015,1358061096-0090,0.2886,1,0,co-iss-n1358061096,1358061096,2001-01-13T06:59:18.433,582.37,727.22,12.69,5,0.00,5,12.69,9.30,46.50,1.36,1.73,,1 frame(s); median area 5.0 px; flags: none
N1358115096,T1767,1358115096-1338,0.2883,1,21,co-iss-n1358115096,1358115096,2001-01-13T21:59:18.060,206.50,883.29,8.47,6,0.00,6,8.47,7.75,46.51,1.09,3.54,,1 frame(s); median area 6.0 px; flags: none
N1358101818,T0887,1358101818-0038,0.2877,1,9,co-iss-n1358101818,1358101818,2001-01-13T18:17:24.120,40.62,62.70,20.86,3,0.00,3,20.86,18.54,55.61,1.13,1.73,,1 frame(s); median area 3.0 px; flags: none
N1358110987,T1579,1358110987-0495,0.2877,1,18,co-iss-n1358110987,1358110987,2001-01-13T20:49:41.065,65.05,843.63,16.69,4,0.15,4,16.69,11.40,45.60,1.46,6.85,,1 frame(s); median area 4.0 px; flags: none
N1358061096,T0169,1358061096-1272,0.2874,1,0,co-iss-n1358061096,1358061096,2001-01-13T06:59:18.433,934.95,864.58,12.48,5,0.00,5,12.48,10.02,50.10,1.24,3.05,,1 frame(s); median area 5.0 px; flags: none
N1358101818,T0937,1358101818-0415,0.2873,1,9,co-iss-n1358101818,1358101818,2001-01-13T18:17:24.120,153.39,614.47,16.63,4,0.00,4,16.63,13.67,54.70,1.22,1.00,,1 frame(s); median area 4.0 px; flags: none
N1358065987,T0622,1358065987-0214,0.2870,1,5,co-iss-n1358065987,1358065987,2001-01-13T08:19:41.376,37.36,363.07,20.74,3,0.00,3,20.74,19.48,58.43,1.07,4.39,,1 frame(s); median area 3.0 px; flags: none
N1358065987,T0614,1358065987-0062,0.2864,1,5,co-iss-n1358065987,1358065987,2001-01-13T08:19:41.376,668.56,92.32,20.66,3,0.00,3,20.66,15.57,46.70,1.33,1.73,,1 frame(s); median area 3.0 px; flags: none
N1358114418,T1586,1358114418-0025,0.2858,1,19,co-iss-n1358114418,1358114418,2001-01-13T21:47:24.033,197.61,136.57,16.39,4,0.00,4,16.39,11.10,44.41,1.48,1.00,,1 frame(s); median area 4.0 px; flags: none
N1358117118,T1953,1358117118-0041,0.2857,1,22,co-iss-n1358117118,1358117118,2001-01-13T22:32:24.014,165.22,176.47,20.53,3,0.00,3,20.53,13.00,38.99,1.58,1.73,,1 frame(s); median area 3.0 px; flags: none
N1358106096,T1281,1358106096-2751,0.2856,1,13,co-iss-n1358106096,1358106096,2001-01-13T19:29:18.122,687.27,948.84,12.19,5,0.00,5,12.19,9.54,47.70,1.28,1.62,,1 frame(s); median area 5.0 px; flags: none
N1358114418,T1589,1358114418-0041,0.2856,1,19,co-iss-n1358114418,1358114418,2001-01-13T21:47:24.033,642.53,277.31,20.51,3,0.00,3,20.51,14.59,43.76,1.41,1.73,,1 frame(s); median area 3.0 px; flags: none
N1358061096,T0231,1358061096-2065,0.2852,1,0,co-iss-n1358061096,1358061096,2001-01-13T06:59:18.433,643.79,902.35,16.29,4,0.00,4,16.29,10.63,42.51,1.53,3.16,,1 frame(s); median area 4.0 px; flags: none
N1358108287,T1461,1358108287-0160,0.2848,1,15,co-iss-n1358108287,1358108287,2001-01-13T20:04:41.083,557.42,528.42,16.22,4,0.00,4,16.22,11.11,44.45,1.46,1.00,,1 frame(s); median area 4.0 px; flags: none
N1358065818,T0545,1358065818-0027,0.2847,1,4,co-iss-n1358065818,1358065818,2001-01-13T08:17:24.370,818.18,48.53,20.37,3,0.00,3,20.37,14.50,43.51,1.40,1.73,,1 frame(s); median area 3.0 px; flags: none
N1358110987,T1565,1358110987-0012,0.2844,1,18,co-iss-n1358110987,1358110987,2001-01-13T20:49:41.065,865.78,37.59,20.31,3,0.00,3,20.31,16.34,49.01,1.24,1.73,,1 frame(s); median area 3.0 px; flags: none
N1358101818,T0927,1358101818-0306,0.2843,1,9,co-iss-n1358101818,1358101818,2001-01-13T18:17:24.120,734.87,458.44,16.13,4,0.00,4,16.13,14.29,57.17,1.13,2.62,,1 frame(s); median area 4.0 px; flags: none
N1358061096,T0227,1358061096-2038,0.2843,1,0,co-iss-n1358061096,1358061096,2001-01-13T06:59:18.433,990.29,899.54,11.96,5,0.00,5,11.96,8.81,44.07,1.36,1.73,,1 frame(s); median area 5.0 px; flags: none
N1358069418,T0708,1358069418-0607,0.2839,1,6,co-iss-n1358069418,1358069418,2001-01-13T09:17:24.345,717.55,808.69,11.90,5,0.00,5,11.90,8.90,44.48,1.34,3.40,,1 frame(s); median area 5.0 px; flags: none
N1358115096,T1735,1358115096-0006,0.2838,1,21,co-iss-n1358115096,1358115096,2001-01-13T21:59:18.060,349.77,83.87,16.05,4,0.00,4,16.05,12.10,48.42,1.33,2.45,,1 frame(s); median area 4.0 px; flags: none
N1358110818,T1515,1358110818-0222,0.2836,1,17,co-iss-n1358110818,1358110818,2001-01-13T20:47:24.058,764.50,366.50,16.02,4,0.00,4,16.02,16.02,64.10,1.00,1.00,,1 frame(s); median area 4.0 px; flags: none
N1358117287,T2036,1358117287-0226,0.2833,1,23,co-iss-n1358117287,1358117287,2001-01-13T22:34:41.021,374.38,695.50,15.97,4,0.00,4,15.97,11.80,47.20,1.35,1.00,,1 frame(s); median area 4.0 px; flags: none
N1358065987,T0615,1358065987-0074,0.2833,1,5,co-iss-n1358065987,1358065987,2001-01-13T08:19:41.376,752.58,131.22,20.13,3,0.00,3,20.13,15.86,47.59,1.27,1.73,,1 frame(s); median area 3.0 px; flags: none
N1358110987,T1578,1358110987-0483,0.2829,1,18,co-iss-n1358110987,1358110987,2001-01-13T20:49:41.065,347.38,829.18,11.73,5,0.00,5,11.73,9.27,46.34,1.27,2.62,,1 frame(s); median area 5.0 px; flags: none
N1358061096,T0029,1358061096-0154,0.2828,1,0,co-iss-n1358061096,1358061096,2001-01-13T06:59:18.433,572.72,756.36,11.72,5,0.00,5,11.72,9.48,47.40,1.24,2.53,,1 frame(s); median area 5.0 px; flags: none
N1358065987,T0617,1358065987-0085,0.2827,1,5,co-iss-n1358065987,1358065987,2001-01-13T08:19:41.376,715.25,145.38,20.04,3,0.00,3,20.04,17.71,53.13,1.13,1.73,,1 frame(s); median area 3.0 px; flags: none
N1358101987,T0980,1358101987-0618,0.2821,1,10,co-iss-n1358101987,1358101987,2001-01-13T18:19:41.127,298.75,976.92,11.60,5,0.15,5,11.60,8.74,43.71,1.33,7.25,,1 frame(s); median area 5.0 px; flags: none
N1358105587,T1125,1358105587-0158,0.2820,1,12,co-iss-n1358105587,1358105587,2001-01-13T19:19:41.102,442.03,691.50,15.75,4,0.00,4,15.75,13.50,53.99,1.17,2.62,,1 frame(s); median area 4.0 px; flags: none
N1358101987,T0966,1358101987-0112,0.2818,1,10,co-iss-n1358101987,1358101987,2001-01-13T18:19:41.127,309.81,183.43,19.89,3,0.00,3,19.89,15.41,46.23,1.29,1.73,,1 frame(s); median area 3.0 px; flags: none
N1358061096,T0211,1358061096-1779,0.2818,1,0,co-iss-n1358061096,1358061096,2001-01-13T06:59:18.433,800.71,889.39,11.55,5,0.00,5,11.55,10.20,50.99,1.13,1.73,,1 frame(s); median area 5.0 px; flags: none
N1358061096,T0222,1358061096-1965,0.2818,1,0,co-iss-n1358061096,1358061096,2001-01-13T06:59:18.433,986.79,896.38,11.55,5,0.00,5,11.55,10.77,53.85,1.07,2.86,,1 frame(s); median area 5.0 px; flags: none
N1358061096,T0366,1358061096-3532,0.2818,1,0,co-iss-n1358061096,1358061096,2001-01-13T06:59:18.433,747.63,977.41,11.55,5,0.00,5,11.55,10.00,50.02,1.15,2.99,,1 frame(s); median area 5.0 px; flags: none
N1358061096,T0382,1358061096-3875,0.2818,1,0,co-iss-n1358061096,1358061096,2001-01-13T06:59:18.433,744.62,997.26,11.55,5,0.00,5,11.55,9.86,49.31,1.17,1.65,,1 frame(s); median area 5.0 px; flags: none
N1358061096,T0396,1358061096-4000,0.2818,1,0,co-iss-n1358061096,1358061096,2001-01-13T06:59:18.433,806.03,1004.36,11.55,5,0.00,5,11.55,9.74,48.71,1.19,3.52,,1 frame(s); median area 5.0 px; flags: none
N1358061096,T0407,1358061096-4099,0.2818,1,0,co-iss-n1358061096,1358061096,2001-01-13T06:59:18.433,835.15,1008.89,11.55,5,0.00,5,11.55,10.27,51.36,1.12,1.43,,1 frame(s); median area 5.0 px; flags: none
N1358061096,T0047,1358061096-0243,0.2816,1,0,co-iss-n1358061096,1358061096,2001-01-13T06:59:18.433,657.16,774.86,11.51,5,0.15,5,11.51,9.58,47.91,1.20,7.25,,1 frame(s); median area 5.0 px; flags: none
N1358110987,T1564,1358110987-0003,0.2813,1,18,co-iss-n1358110987,1358110987,2001-01-13T20:49:41.065,978.71,8.45,19.81,3,0.00,3,19.81,14.52,43.57,1.36,4.39,,1 frame(s); median area 3.0 px; flags: none
N1358101818,T0925,1358101818-0287,0.2808,1,9,co-iss-n1358101818,1358101818,2001-01-13T18:17:24.120,1020.15,433.15,15.55,4,0.00,4,15.55,13.71,54.82,1.13,2.45,,1 frame(s); median area 4.0 px; flags: none
N1358105418,T0990,1358105418-0066,0.2807,1,11,co-iss-n1358105418,1358105418,2001-01-13T19:17:24.095,378.51,377.63,15.53,4,0.00,4,15.53,11.84,47.34,1.31,1.00,,1 frame(s); median area 4.0 px; flags: none
N1358061096,T0163,1358061096-1252,0.2806,1,0,co-iss-n1358061096,1358061096,2001-01-13T06:59:18.433,904.51,864.07,11.36,5,0.00,5,11.36,9.45,47.23,1.20,2.62,,1 frame(s); median area 5.0 px; flags: none
N1358061096,T0023,1358061096-0112,0.2806,1,0,co-iss-n1358061096,1358061096,2001-01-13T06:59:18.433,571.86,740.62,15.52,4,0.00,4,15.52,11.31,45.25,1.37,1.62,,1 frame(s); median area 4.0 px; flags: none
N1358110987,T1585,1358110987-0586,0.2806,1,18,co-iss-n1358110987,1358110987,2001-01-13T20:49:41.065,591.54,1011.46,15.51,4,0.00,4,15.51,14.39,57.54,1.08,1.00,,1 frame(s); median area 4.0 px; flags: none
N1358061096,T0173,1358061096-1301,0.2806,1,0,co-iss-n1358061096,1358061096,2001-01-13T06:59:18.433,941.82,866.77,11.34,5,0.00,5,11.34,9.33,46.67,1.22,1.88,,1 frame(s); median area 5.0 px; flags: none
N1358106096,T1206,1358106096-1593,0.2803,1,13,co-iss-n1358106096,1358106096,2001-01-13T19:29:18.122,800.71,889.39,11.30,5,0.00,5,11.30,10.00,50.02,1.13,1.73,,1 frame(s); median area 5.0 px; flags: none
N1358106096,T1318,1358106096-3279,0.2803,1,13,co-iss-n1358106096,1358106096,2001-01-13T19:29:18.122,747.63,977.41,11.30,5,0.00,5,11.30,9.82,49.12,1.15,2.99,,1 frame(s); median area 5.0 px; flags: none
N1358106096,T1332,1358106096-3612,0.2803,1,13,co-iss-n1358106096,1358106096,2001-01-13T19:29:18.122,744.62,997.26,11.30,5,0.00,5,11.30,9.68,48.38,1.17,1.65,,1 frame(s); median area 5.0 px; flags: none
N1358106096,T1341,1358106096-3732,0.2803,1,13,co-iss-n1358106096,1358106096,2001-01-13T19:29:18.122,806.03,1004.36,11.30,5,0.00,5,11.30,9.57,47.83,1.18,3.52,,1 frame(s); median area 5.0 px; flags: none
N1358106096,T1351,1358106096-3827,0.2803,1,13,co-iss-n1358106096,1358106096,2001-01-13T19:29:18.122,835.15,1008.89,11.30,5,0.00,5,11.30,10.08,50.38,1.12,1.43,,1 frame(s); median area 5.0 px; flags: none
N1358069418,T0755,1358069418-1703,0.2803,1,6,co-iss-n1358069418,1358069418,2001-01-13T09:17:24.345,636.68,896.47,11.30,5,0.00,5,11.30,9.03,45.13,1.25,2.54,,1 frame(s); median area 5.0 px; flags: none
N1358115096,T1765,1358115096-1313,0.2800,1,21,co-iss-n1358115096,1358115096,2001-01-13T21:59:18.060,177.48,880.84,11.25,5,0.00,5,11.25,9.03,45.17,1.24,2.62,,1 frame(s); median area 5.0 px; flags: none
N1358115096,T1775,1358115096-1576,0.2800,1,21,co-iss-n1358115096,1358115096,2001-01-13T21:59:18.060,292.18,891.36,11.25,5,0.00,5,11.25,10.27,51.36,1.09,2.89,,1 frame(s); median area 5.0 px; flags: none
N1358115096,T1891,1358115096-3405,0.2800,1,21,co-iss-n1358115096,1358115096,2001-01-13T21:59:18.060,78.47,986.68,11.25,5,0.00,5,11.25,10.72,53.62,1.05,5.00,,1 frame(s); median area 5.0 px; flags: none
N1358115096,T1911,1358115096-3542,0.2800,1,21,co-iss-n1358115096,1358115096,2001-01-13T21:59:18.060,84.80,994.20,11.25,5,0.00,5,11.25,11.25,56.23,1.00,1.34,,1 frame(s); median area 5.0 px; flags: none
N1358115096,T1936,1358115096-3850,0.2800,1,21,co-iss-n1358115096,1358115096,2001-01-13T21:59:18.060,242.59,1011.48,11.25,5,0.00,5,11.25,9.50,47.52,1.18,1.83,,1 frame(s); median area 5.0 px; flags: none
N1358115096,T1942,1358115096-3947,0.2800,1,21,co-iss-n1358115096,1358115096,2001-01-13T21:59:18.060,88.52,1017.68,11.25,5,0.00,5,11.25,9.40,47.00,1.20,2.54,,1 frame(s); median area 5.0 px; flags: none
N1358061096,T0027,1358061096-0143,0.2800,1,0,co-iss-n1358061096,1358061096,2001-01-13T06:59:18.433,606.41,752.61,11.24,5,0.00,5,11.24,8.61,43.06,1.31,3.40,,1 frame(s); median area 5.0 px; flags: none
N1358110987,T1567,1358110987-0053,0.2798,1,18,co-iss-n1358110987,1358110987,2001-01-13T20:49:41.065,987.72,115.36,19.55,3,0.00,3,19.55,18.10,54.31,1.08,1.73,,1 frame(s); median area 3.0 px; flags: none
N1358114418,T1593,1358114418-0081,0.2798,1,19,co-iss-n1358114418,1358114418,2001-01-13T21:47:24.033,365.21,489.36,19.55,3,0.00,3,19.55,15.17,45.52,1.29,1.73,,1 frame(s); median area 3.0 px; flags: none
N1358061096,T0405,1358061096-4070,0.2798,1,0,co-iss-n1358061096,1358061096,2001-01-13T06:59:18.433,762.83,1008.27,11.21,5,0.15,5,11.21,9.03,45.14,1.24,7.25,,1 frame(s); median area 5.0 px; flags: none
N1358061096,T0125,1358061096-0937,0.2796,1,0,co-iss-n1358061096,1358061096,2001-01-13T06:59:18.433,751.84,844.63,11.18,5,0.00,5,11.18,8.74,43.68,1.28,2.46,,1 frame(s); median area 5.0 px; flags: none
N1358061096,T0147,1358061096-1122,0.2796,1,0,co-iss-n1358061096,1358061096,2001-01-13T06:59:18.433,893.98,855.62,15.35,4,0.00,4,15.35,9.66,38.63,1.59,1.63,,1 frame(s); median area 4.0 px; flags: none
N1358061096,T0282,1358061096-2516,0.2796,1,0,co-iss-n1358061096,1358061096,2001-01-13T06:59:18.433,662.81,923.61,15.35,4,0.00,4,15.35,11.11,44.44,1.38,2.70,,1 frame(s); median area 4.0 px; flags: none
N1358117118,T1962,1358117118-0131,0.2791,1,22,co-iss-n1358117118,1358117118,2001-01-13T22:32:24.014,46.56,591.88,15.26,4,0.00,4,15.26,10.42,41.66,1.46,2.62,,1 frame(s); median area 4.0 px; flags: none
N1358061096,T0077,1358061096-0547,0.2790,1,0,co-iss-n1358061096,1358061096,2001-01-13T06:59:18.433,737.39,814.01,11.08,5,0.00,5,11.08,9.49,47.47,1.17,1.79,,1 frame(s); median area 5.0 px; flags: none
N1358106096,T1349,1358106096-3801,0.2786,1,13,co-iss-n1358106096,1358106096,2001-01-13T19:29:18.122,762.83,1008.27,11.01,5,0.15,5,11.01,8.88,44.38,1.24,7.25,,1 frame(s); median area 5.0 px; flags: none
N1358065818,T0611,1358065818-0629,0.2786,1,4,co-iss-n1358065818,1358065818,2001-01-13T08:17:24.370,143.42,996.58,19.34,3,0.00,3,19.34,15.30,45.89,1.26,1.73,,1 frame(s); median area 3.0 px; flags: none
N1358106096,T1162,1358106096-0841,0.2784,1,13,co-iss-n1358106096,1358106096,2001-01-13T19:29:18.122,751.84,844.63,10.98,5,0.00,5,10.98,8.59,42.96,1.28,2.46,,1 frame(s); median area 5.0 px; flags: none
N1358069418,T0653,1358069418-0008,0.2784,1,6,co-iss-n1358069418,1358069418,2001-01-13T09:17:24.345,403.39,57.82,19.32,3,0.00,3,19.32,14.81,44.44,1.30,1.73,,1 frame(s); median area 3.0 px; flags: none
N1358105587,T1122,1358105587-0099,0.2784,1,12,co-iss-n1358105587,1358105587,2001-01-13T19:19:41.102,216.95,500.66,19.31,3,0.00,3,19.31,16.34,49.02,1.18,4.39,,1 frame(s); median area 3.0 px; flags: none
N1358101818,T0892,1358101818-0053,0.2782,1,9,co-iss-n1358101818,1358101818,2001-01-13T18:17:24.120,852.62,90.86,19.29,3,0.00,3,19.29,16.66,49.97,1.16,4.39,,1 frame(s); median area 3.0 px; flags: none
N1358061096,T0220,1358061096-1926,0.2780,1,0,co-iss-n1358061096,1358061096,2001-01-13T06:59:18.433,723.05,896.34,10.92,5,0.00,5,10.92,9.28,46.39,1.18,2.23,,1 frame(s); median area 5.0 px; flags: none
N1358115096,T1756,1358115096-1106,0.2774,1,21,co-iss-n1358115096,1358115096,2001-01-13T21:59:18.060,172.99,871.22,10.81,5,0.00,5,10.81,9.44,47.22,1.14,3.40,,1 frame(s); median area 5.0 px; flags: none
N1358108287,T1454,1358108287-0097,0.2773,1,15,co-iss-n1358108287,1358108287,2001-01-13T20:04:41.083,737.05,306.29,19.14,3,0.00,3,19.14,13.71,41.14,1.40,4.39,,1 frame(s); median area 3.0 px; flags: none
N1358115096,T1751,1358115096-1041,0.2772,1,21,co-iss-n1358115096,1358115096,2001-01-13T21:59:18.060,414.37,866.30,14.96,4,0.00,4,14.96,12.39,49.58,1.21,4.47,,1 frame(s); median area 4.0 px; flags: none
N1358065987,T0639,1358065987-0502,0.2770,1,5,co-iss-n1358065987,1358065987,2001-01-13T08:19:41.376,131.57,681.63,14.91,4,0.00,4,14.91,9.83,39.31,1.52,1.00,,1 frame(s); median area 4.0 px; flags: none
N1358110818,T1561,1358110818-0613,0.2769,1,17,co-iss-n1358110818,1358110818,2001-01-13T20:47:24.058,40.08,975.67,14.90,4,0.00,4,14.90,11.72,46.88,1.27,3.60,,1 frame(s); median area 4.0 px; flags: none
N1358106096,T1209,1358106096-1732,0.2768,1,13,co-iss-n1358106096,1358106096,2001-01-13T19:29:18.122,723.05,896.34,10.72,5,0.00,5,10.72,9.12,45.61,1.18,2.23,,1 frame(s); median area 5.0 px; flags: none
N1358101818,T0897,1358101818-0101,0.2767,1,9,co-iss-n1358101818,1358101818,2001-01-13T18:17:24.120,512.28,160.30,19.04,3,0.00,3,19.04,15.15,45.46,1.26,1.73,,1 frame(s); median area 3.0 px; flags: none
N1358065987,T0641,1358065987-0511,0.2767,1,5,co-iss-n1358065987,1358065987,2001-01-13T08:19:41.376,978.18,693.82,14.86,4,0.00,4,14.86,13.60,54.38,1.09,2.45,,1 frame(s); median area 4.0 px; flags: none
N1358061096,T0406,1358061096-4076,0.2766,1,0,co-iss-n1358061096,1358061096,2001-01-13T06:59:18.433,829.76,1008.43,10.69,5,0.00,5,10.69,8.66,43.29,1.23,2.25,,1 frame(s); median area 5.0 px; flags: none
N1358061096,T0039,1358061096-0194,0.2763,1,0,co-iss-n1358061096,1358061096,2001-01-13T06:59:18.433,622.42,764.20,10.64,5,0.00,5,10.64,8.97,44.86,1.19,4.39,,1 frame(s); median area 5.0 px; flags: none
N1358106096,T1310,1358106096-3153,0.2762,1,13,co-iss-n1358106096,1358106096,2001-01-13T19:29:18.122,698.44,969.56,14.78,4,0.00,4,14.78,11.01,44.03,1.34,5.83,,1 frame(s); median area 4.0 px; flags: none
N1358101987,T0967,1358101987-0151,0.2761,1,10,co-iss-n1358101987,1358101987,2001-01-13T18:19:41.127,787.76,241.48,18.94,3,0.00,3,18.94,12.14,36.42,1.56,1.73,,1 frame(s); median area 3.0 px; flags: none
N1358061096,T0104,1358061096-0764,0.2761,1,0,co-iss-n1358061096,1358061096,2001-01-13T06:59:18.433,792.22,833.34,10.61,5,0.00,5,10.61,9.21,46.07,1.15,4.60,,1 frame(s); median area 5.0 px; flags: none
N1358065818,T0562,1358065818-0143,0.2760,1,4,co-iss-n1358065818,1358065818,2001-01-13T08:17:24.370,345.31,241.80,18.92,3,0.00,3,18.92,12.84,38.52,1.47,1.73,,1 frame(s); median area 3.0 px; flags: none
N1358101818,T0898,1358101818-0107,0.2757,1,9,co-iss-n1358101818,1358101818,2001-01-13T18:17:24.120,566.26,169.78,18.87,3,0.00,3,18.87,12.19,36.58,1.55,1.73,,1 frame(s); median area 3.0 px; flags: none
N1358061096,T0323,1358061096-2991,0.2756,1,0,co-iss-n1358061096,1358061096,2001-01-13T06:59:18.433,687.22,948.90,10.52,5,0.00,5,10.52,8.57,42.83,1.23,1.62,,1 frame(s); median area 5.0 px; flags: none
N1358106096,T1350,1358106096-3808,0.2755,1,13,co-iss-n1358106096,1358106096,2001-01-13T19:29:18.122,829.76,1008.43,10.50,5,0.00,5,10.50,8.52,42.58,1.23,2.25,,1 frame(s); median area 5.0 px; flags: none
N1358065818,T0564,1358065818-0148,0.2755,1,4,co-iss-n1358065818,1358065818,2001-01-13T08:17:24.370,271.27,259.79,18.83,3,0.00,3,18.83,12.17,36.50,1.55,1.73,,1 frame(s); median area 3.0 px; flags: none
N1358065987,T0621,1358065987-0205,0.2754,1,5,co-iss-n1358065987,1358065987,2001-01-13T08:19:41.376,387.10,345.37,18.81,3,0.00,3,18.81,17.07,51.22,1.10,4.39,,1 frame(s); median area 3.0 px; flags: none
N1358101818,T0918,1358101818-0245,0.2750,1,9,co-iss-n1358101818,1358101818,2001-01-13T18:17:24.120,128.34,385.58,14.58,4,0.00,4,14.58,12.21,48.83,1.19,5.83,,1 frame(s); median area 4.0 px; flags: none
N1358110987,T1570,1358110987-0130,0.2748,1,18,co-iss-n1358110987,1358110987,2001-01-13T20:49:41.065,900.26,235.63,18.71,3,0.00,3,18.71,16.96,50.87,1.10,1.73,,1 frame(s); median area 3.0 px; flags: none
N1358099796,T0816,1358099796-0120,0.2746,1,8,co-iss-n1358099796,1358099796,2001-01-13T17:44:18.165,607.58,892.73,10.35,5,0.00,5,10.35,9.29,46.45,1.11,1.73,,1 frame(s); median area 5.0 px; flags: none
N1358065987,T0628,1358065987-0291,0.2746,1,5,co-iss-n1358065987,1358065987,2001-01-13T08:19:41.376,975.32,441.08,14.51,4,0.15,4,14.51,11.11,44.43,1.31,6.85,,1 frame(s); median area 4.0 px; flags: none
N1358110987,T1581,1358110987-0523,0.2743,1,18,co-iss-n1358110987,1358110987,2001-01-13T20:49:41.065,624.20,883.80,10.30,5,0.00,5,10.30,10.26,51.32,1.00,2.89,,1 frame(s); median area 5.0 px; flags: none
N1358110818,T1495,1358110818-0049,0.2742,1,17,co-iss-n1358110818,1358110818,2001-01-13T20:47:24.058,747.42,101.26,18.61,3,0.00,3,18.61,14.79,44.38,1.26,4.39,,1 frame(s); median area 3.0 px; flags: none
N1358110818,T1500,1358110818-0083,0.2742,1,17,co-iss-n1358110818,1358110818,2001-01-13T20:47:24.058,359.71,149.36,18.61,3,0.00,3,18.61,17.39,52.16,1.07,1.73,,1 frame(s); median area 3.0 px; flags: none
N1358069587,T0799,1358069587-0206,0.2741,1,7,co-iss-n1358069587,1358069587,2001-01-13T09:19:41.351,291.44,706.86,14.43,4,0.00,4,14.43,11.12,44.47,1.30,2.62,,1 frame(s); median area 4.0 px; flags: none
N1358106096,T1315,1358106096-3244,0.2739,1,13,co-iss-n1358106096,1358106096,2001-01-13T19:29:18.122,986.69,973.69,10.24,5,0.00,5,10.24,8.76,43.79,1.17,2.99,,1 frame(s); median area 5.0 px; flags: none
N1358065818,T0559,1358065818-0138,0.2739,1,4,co-iss-n1358065818,1358065818,2001-01-13T08:17:24.370,825.69,233.73,18.57,3,0.00,3,18.57,14.51,43.52,1.28,1.73,,1 frame(s); median area 3.0 px; flags: none
N1358110818,T1513,1358110818-0206,0.2739,1,17,co-iss-n1358110818,1358110818,2001-01-13T20:47:24.058,949.71,338.82,14.40,4,0.00,4,14.40,10.11,40.43,1.42,2.45,,1 frame(s); median area 4.0 px; flags: none
N1358115096,T1894,1358115096-3424,0.2737,1,21,co-iss-n1358115096,1358115096,2001-01-13T21:59:18.060,321.59,987.98,10.20,5,0.00,5,10.20,9.22,46.10,1.11,2.89,,1 frame(s); median area 5.0 px; flags: none
N1358108287,T1457,1358108287-0131,0.2735,1,15,co-iss-n1358108287,1358108287,2001-01-13T20:04:41.083,663.50,434.52,14.34,4,0.00,4,14.34,11.05,44.20,1.30,1.00,,1 frame(s); median area 4.0 px; flags: none
N1358061096,T0187,1358061096-1456,0.2734,1,0,co-iss-n1358061096,1358061096,2001-01-13T06:59:18.433,946.20,872.62,10.14,5,0.00,5,10.14,9.10,45.52,1.11,2.11,,1 frame(s); median area 5.0 px; flags: none
N1358110818,T1563,1358110818-0621,0.2732,1,17,co-iss-n1358110818,1358110818,2001-01-13T20:47:24.058,82.63,984.81,18.45,3,0.00,3,18.45,13.76,41.28,1.34,1.73,,1 frame(s); median area 3.0 px; flags: none
N1358061096,T0070,1358061096-0435,0.2729,1,0,co-iss-n1358061096,1358061096,2001-01-13T06:59:18.433,713.78,801.98,14.23,4,0.15,4,14.23,9.18,36.74,1.55,6.17,,1 frame(s); median area 4.0 px; flags: none
N1358115096,T1748,1358115096-1016,0.2728,1,21,co-iss-n1358115096,1358115096,2001-01-13T21:59:18.060,271.27,866.70,10.05,5,0.00,5,10.05,8.89,44.44,1.13,2.46,,1 frame(s); median area 5.0 px; flags: none
N1358115096,T1801,1358115096-1915,0.2727,1,21,co-iss-n1358115096,1358115096,2001-01-13T21:59:18.060,368.03,910.39,10.04,5,0.00,5,10.04,8.02,40.08,1.25,3.95,,1 frame(s); median area 5.0 px; flags: none
N1358106096,T1200,1358106096-1404,0.2727,1,13,co-iss-n1358106096,1358106096,2001-01-13T19:29:18.122,638.51,880.22,10.03,5,0.00,5,10.03,8.78,43.90,1.14,1.73,,1 frame(s); median area 5.0 px; flags: none
N1358061096,T0086,1358061096-0619,0.2724,1,0,co-iss-n1358061096,1358061096,2001-01-13T06:59:18.433,760.28,820.57,14.14,4,0.00,4,14.14,10.22,40.89,1.38,2.24,,1 frame(s); median area 4.0 px; flags: none
N1358065987,T0626,1358065987-0257,0.2722,1,5,co-iss-n1358065987,1358065987,2001-01-13T08:19:41.376,483.25,413.38,18.29,3,0.00,3,18.29,15.88,47.63,1.15,1.73,,1 frame(s); median area 3.0 px; flags: none
N1358099796,T0815,1358099796-0116,0.2721,1,8,co-iss-n1358099796,1358099796,2001-01-13T17:44:18.165,603.64,873.42,9.93,5,0.00,5,9.93,8.03,40.14,1.24,3.40,,1 frame(s); median area 5.0 px; flags: none
N1358065818,T0565,1358065818-0155,0.2719,1,4,co-iss-n1358065818,1358065818,2001-01-13T08:17:24.370,807.32,263.66,18.23,3,0.00,3,18.23,17.80,53.39,1.02,1.73,,1 frame(s); median area 3.0 px; flags: none
N1358101987,T0984,1358101987-0645,0.2715,1,10,co-iss-n1358101987,1358101987,2001-01-13T18:19:41.127,255.68,1000.39,14.01,4,0.00,4,14.01,11.12,44.47,1.26,5.83,,1 frame(s); median area 4.0 px; flags: none
N1358101987,T0969,1358101987-0218,0.2715,1,10,co-iss-n1358101987,1358101987,2001-01-13T18:19:41.127,538.60,358.20,18.16,3,0.00,3,18.16,15.13,45.39,1.20,1.73,,1 frame(s); median area 3.0 px; flags: none
N1358061096,T0357,1358061096-3428,0.2714,1,0,co-iss-n1358061096,1358061096,2001-01-13T06:59:18.433,755.04,970.83,9.81,5,0.00,5,9.81,8.58,42.88,1.14,5.21,,1 frame(s); median area 5.0 px; flags: none
N1358105587,T1119,1358105587-0024,0.2712,1,12,co-iss-n1358105587,1358105587,2001-01-13T19:19:41.102,105.23,144.73,18.12,3,0.00,3,18.12,12.03,36.10,1.51,4.39,,1 frame(s); median area 3.0 px; flags: none
N1358065987,T0625,1358065987-0256,0.2712,1,5,co-iss-n1358065987,1358065987,2001-01-13T08:19:41.376,869.79,412.69,18.11,3,0.00,3,18.11,12.61,37.84,1.44,1.73,,1 frame(s); median area 3.0 px; flags: none
N1358065987,T0627,1358065987-0263,0.2712,1,5,co-iss-n1358065987,1358065987,2001-01-13T08:19:41.376,497.75,416.72,18.11,3,0.00,3,18.11,12.67,38.01,1.43,1.73,,1 frame(s); median area 3.0 px; flags: none
N1358061096,T0146,1358061096-1121,0.2709,1,0,co-iss-n1358061096,1358061096,2001-01-13T06:59:18.433,867.14,855.59,9.74,5,0.00,5,9.74,8.27,41.35,1.18,3.05,,1 frame(s); median area 5.0 px; flags: none
N1358108118,T1391,1358108118-0210,0.2709,1,14,co-iss-n1358108118,1358108118,2001-01-13T20:02:24.077,729.73,822.53,18.07,3,0.00,3,18.07,12.95,38.86,1.40,1.73,,1 frame(s); median area 3.0 px; flags: none
N1358114587,T1723,1358114587-0002,0.2706,1,20,co-iss-n1358114587,1358114587,2001-01-13T21:49:41.040,652.83,31.55,18.01,3,0.00,3,18.01,13.49,40.48,1.34,4.39,,1 frame(s); median area 3.0 px; flags: none
N1358106096,T1146,1358106096-0609,0.2705,1,13,co-iss-n1358106096,1358106096,2001-01-13T19:29:18.122,603.21,826.74,13.83,4,0.00,4,13.83,10.42,41.70,1.33,2.45,,1 frame(s); median area 4.0 px; flags: none
N1358061096,T0226,1358061096-2023,0.2704,1,0,co-iss-n1358061096,1358061096,2001-01-13T06:59:18.433,755.50,900.33,9.65,5,0.00,5,9.65,8.47,42.36,1.14,5.00,,1 frame(s); median area 5.0 px; flags: none
N1358061096,T0240,1358061096-2174,0.2704,1,0,co-iss-n1358061096,1358061096,2001-01-13T06:59:18.433,984.37,906.59,9.65,5,0.00,5,9.65,8.90,44.49,1.08,1.83,,1 frame(s); median area 5.0 px; flags: none
N1358061096,T0252,1358061096-2261,0.2704,1,0,co-iss-n1358061096,1358061096,2001-01-13T06:59:18.433,895.62,910.44,9.65,5,0.00,5,9.65,9.06,45.30,1.07,1.28,,1 frame(s); median area 5.0 px; flags: none
N1358061096,T0253,1358061096-2264,0.2704,1,0,co-iss-n1358061096,1358061096,2001-01-13T06:59:18.433,910.58,910.18,9.65,5,0.00,5,9.65,9.03,45.16,1.07,1.65,,1 frame(s); median area 5.0 px; flags: none
N1358061096,T0265,1358061096-2346,0.2704,1,0,co-iss-n1358061096,1358061096,2001-01-13T06:59:18.433,794.34,914.44,9.65,5,0.00,5,9.65,8.38,41.88,1.15,2.54,,1 frame(s); median area 5.0 px; flags: none
N1358061096,T0278,1358061096-2474,0.2704,1,0,co-iss-n1358061096,1358061096,2001-01-13T06:59:18.433,942.62,920.19,9.65,5,0.00,5,9.65,8.84,44.18,1.09,3.04,,1 frame(s); median area 5.0 px; flags: none
N1358061096,T0279,1358061096-2482,0.2704,1,0,co-iss-n1358061096,1358061096,2001-01-13T06:59:18.433,746.20,922.00,9.65,5,0.00,5,9.65,9.65,48.26,1.00,3.82,,1 frame(s); median area 5.0 px; flags: none
N1358061096,T0287,1358061096-2581,0.2704,1,0,co-iss-n1358061096,1358061096,2001-01-13T06:59:18.433,784.58,926.00,9.65,5,0.00,5,9.65,9.19,45.96,1.05,1.79,,1 frame(s); median area 5.0 px; flags: none
N1358061096,T0319,1358061096-2940,0.2704,1,0,co-iss-n1358061096,1358061096,2001-01-13T06:59:18.433,771.82,945.59,9.65,5,0.00,5,9.65,8.56,42.81,1.13,2.46,,1 frame(s); median area 5.0 px; flags: none
N1358061096,T0334,1358061096-3044,0.2704,1,0,co-iss-n1358061096,1358061096,2001-01-13T06:59:18.433,807.13,950.67,9.65,5,0.00,5,9.65,8.32,41.61,1.16,3.52,,1 frame(s); median area 5.0 px; flags: none
N1358061096,T0344,1358061096-3176,0.2704,1,0,co-iss-n1358061096,1358061096,2001-01-13T06:59:18.433,770.00,956.84,9.65,5,0.00,5,9.65,8.88,44.39,1.09,3.40,,1 frame(s); median area 5.0 px; flags: none
N1358106096,T1311,1358106096-3179,0.2704,1,13,co-iss-n1358106096,1358106096,2001-01-13T19:29:18.122,755.04,970.83,9.65,5,0.00,5,9.65,8.43,42.17,1.14,5.21,,1 frame(s); median area 5.0 px; flags: none
N1358061096,T0107,1358061096-0769,0.2702,1,0,co-iss-n1358061096,1358061096,2001-01-13T06:59:18.433,632.85,834.08,13.79,4,0.00,4,13.79,10.78,43.14,1.28,1.17,,1 frame(s); median area 4.0 px; flags: none
N1358065987,T0624,1358065987-0241,0.2701,1,5,co-iss-n1358065987,1358065987,2001-01-13T08:19:41.376,812.42,390.17,17.94,3,0.00,3,17.94,14.38,43.14,1.25,1.73,,1 frame(s); median area 3.0 px; flags: none
N1358061096,T0012,1358061096-0086,0.2701,1,0,co-iss-n1358061096,1358061096,2001-01-13T06:59:18.433,566.81,722.47,13.76,4,0.00,4,13.76,11.10,44.39,1.24,2.70,,1 frame(s); median area 4.0 px; flags: none
N1358061096,T0106,1358061096-0766,0.2700,1,0,co-iss-n1358061096,1358061096,2001-01-13T06:59:18.433,809.91,832.94,13.75,4,0.00,4,13.75,9.99,39.95,1.38,1.73,,1 frame(s); median area 4.0 px; flags: none
N1358061096,T0046,1358061096-0230,0.2699,1,0,co-iss-n1358061096,1358061096,2001-01-13T06:59:18.433,651.54,769.98,13.73,4,0.00,4,13.73,11.27,45.09,1.22,2.62,,1 frame(s); median area 4.0 px; flags: none
N1358117287,T2029,1358117287-0041,0.2697,1,23,co-iss-n1358117287,1358117287,2001-01-13T22:34:41.021,10.52,151.41,13.71,4,0.00,4,13.71,11.63,46.53,1.18,1.00,,1 frame(s); median area 4.0 px; flags: none
N1358069418,T0724,1358069418-0940,0.2696,1,6,co-iss-n1358069418,1358069418,2001-01-13T09:17:24.345,606.02,839.86,13.68,4,0.00,4,13.68,10.22,40.87,1.34,1.00,,1 frame(s); median area 4.0 px; flags: none
N1358101987,T0982,1358101987-0634,0.2695,1,10,co-iss-n1358101987,1358101987,2001-01-13T18:19:41.127,272.11,991.48,13.67,4,0.00,4,13.67,10.95,43.80,1.25,2.62,,1 frame(s); median area 4.0 px; flags: none
N1358099796,T0823,1358099796-0138,0.2693,1,8,co-iss-n1358099796,1358099796,2001-01-13T17:44:18.165,577.38,955.55,9.46,5,0.00,5,9.46,9.01,45.06,1.05,3.40,,1 frame(s); median area 5.0 px; flags: none
N1358099796,T0824,1358099796-0141,0.2693,1,8,co-iss-n1358099796,1358099796,2001-01-13T17:44:18.165,580.81,956.58,9.46,5,0.00,5,9.46,8.56,42.79,1.11,1.42,,1 frame(s); median area 5.0 px; flags: none
N1358099796,T0829,1358099796-0158,0.2693,1,8,co-iss-n1358099796,1358099796,2001-01-13T17:44:18.165,603.06,962.82,9.46,5,0.00,5,9.46,9.19,45.96,1.03,5.21,,1 frame(s); median area 5.0 px; flags: none
N1358099796,T0831,1358099796-0168,0.2693,1,8,co-iss-n1358099796,1358099796,2001-01-13T17:44:18.165,609.49,967.29,9.46,5,0.00,5,9.46,8.42,42.09,1.12,2.54,,1 frame(s); median area 5.0 px; flags: none
N1358099796,T0868,1358099796-0426,0.2693,1,8,co-iss-n1358099796,1358099796,2001-01-13T17:44:18.165,676.81,1013.76,9.46,5,0.00,5,9.46,8.83,44.16,1.07,4.65,,1 frame(s); median area 5.0 px; flags: none
N1358099796,T0874,1358099796-0453,0.2693,1,8,co-iss-n1358099796,1358099796,2001-01-13T17:44:18.165,687.01,1015.79,9.46,5,0.00,5,9.46,9.00,44.98,1.05,5.21,,1 frame(s); median area 5.0 px; flags: none
N1358099796,T0878,1358099796-0471,0.2693,1,8,co-iss-n1358099796,1358099796,2001-01-13T17:44:18.165,693.10,1018.51,9.46,5,0.00,5,9.46,8.51,42.54,1.11,2.23,,1 frame(s); median area 5.0 px; flags: none
N1358110987,T1573,1358110987-0199,0.2692,1,18,co-iss-n1358110987,1358110987,2001-01-13T20:49:41.065,553.39,337.22,17.79,3,0.00,3,17.79,15.30,45.90,1.16,1.73,,1 frame(s); median area 3.0 px; flags: none
N1358106096,T1217,1358106096-1972,0.2692,1,13,co-iss-n1358106096,1358106096,2001-01-13T19:29:18.122,984.37,906.59,9.44,5,0.00,5,9.44,8.73,43.66,1.08,1.83,,1 frame(s); median area 5.0 px; flags: none
N1358106096,T1228,1358106096-2055,0.2692,1,13,co-iss-n1358106096,1358106096,2001-01-13T19:29:18.122,895.62,910.44,9.44,5,0.00,5,9.44,8.88,44.41,1.06,1.28,,1 frame(s); median area 5.0 px; flags: none
N1358106096,T1229,1358106096-2058,0.2692,1,13,co-iss-n1358106096,1358106096,2001-01-13T19:29:18.122,910.58,910.18,9.44,5,0.00,5,9.44,8.86,44.31,1.07,1.65,,1 frame(s); median area 5.0 px; flags: none
N1358106096,T1237,1358106096-2139,0.2692,1,13,co-iss-n1358106096,1358106096,2001-01-13T19:29:18.122,794.35,914.44,9.44,5,0.00,5,9.44,8.23,41.15,1.15,2.54,,1 frame(s); median area 5.0 px; flags: none
N1358106096,T1248,1358106096-2258,0.2692,1,13,co-iss-n1358106096,1358106096,2001-01-13T19:29:18.122,942.62,920.19,9.44,5,0.00,5,9.44,8.67,43.36,1.09,3.04,,1 frame(s); median area 5.0 px; flags: none
N1358106096,T1249,1358106096-2265,0.2692,1,13,co-iss-n1358106096,1358106096,2001-01-13T19:29:18.122,746.20,922.00,9.44,5,0.00,5,9.44,9.44,47.22,1.00,3.82,,1 frame(s); median area 5.0 px; flags: none
N1358106096,T1257,1358106096-2359,0.2692,1,13,co-iss-n1358106096,1358106096,2001-01-13T19:29:18.122,784.58,926.00,9.44,5,0.00,5,9.44,9.00,45.02,1.05,1.79,,1 frame(s); median area 5.0 px; flags: none
N1358106096,T1277,1358106096-2699,0.2692,1,13,co-iss-n1358106096,1358106096,2001-01-13T19:29:18.122,771.82,945.59,9.44,5,0.00,5,9.44,8.40,42.01,1.12,2.46,,1 frame(s); median area 5.0 px; flags: none
N1358106096,T1292,1358106096-2802,0.2692,1,13,co-iss-n1358106096,1358106096,2001-01-13T19:29:18.122,807.13,950.66,9.44,5,0.00,5,9.44,8.18,40.89,1.15,3.52,,1 frame(s); median area 5.0 px; flags: none
N1358106096,T1330,1358106096-3598,0.2692,1,13,co-iss-n1358106096,1358106096,2001-01-13T19:29:18.122,815.85,996.15,9.44,5,0.00,5,9.44,8.69,43.46,1.09,1.88,,1 frame(s); median area 5.0 px; flags: none
N1358101987,T0968,1358101987-0215,0.2689,1,10,co-iss-n1358101987,1358101987,2001-01-13T18:19:41.127,812.78,355.33,17.73,3,0.00,3,17.73,13.34,40.02,1.33,1.73,,1 frame(s); median area 3.0 px; flags: none
N1358115096,T1783,1358115096-1775,0.2688,1,21,co-iss-n1358115096,1358115096,2001-01-13T21:59:18.060,302.74,904.21,9.39,5,0.00,5,9.39,7.90,39.51,1.19,2.46,,1 frame(s); median area 5.0 px; flags: none
N1358115096,T1784,1358115096-1787,0.2688,1,21,co-iss-n1358115096,1358115096,2001-01-13T21:59:18.060,273.95,906.01,9.39,5,0.00,5,9.39,8.40,42.01,1.12,2.62,,1 frame(s); median area 5.0 px; flags: none
N1358115096,T1789,1358115096-1817,0.2688,1,21,co-iss-n1358115096,1358115096,2001-01-13T21:59:18.060,241.79,907.02,9.39,5,0.00,5,9.39,9.03,45.16,1.04,3.40,,1 frame(s); median area 5.0 px; flags: none
N1358115096,T1793,1358115096-1841,0.2688,1,21,co-iss-n1358115096,1358115096,2001-01-13T21:59:18.060,215.35,907.20,9.39,5,0.00,5,9.39,8.61,43.07,1.09,1.16,,1 frame(s); median area 5.0 px; flags: none
N1358115096,T1841,1358115096-2694,0.2688,1,21,co-iss-n1358115096,1358115096,2001-01-13T21:59:18.060,338.59,948.99,9.39,5,0.00,5,9.39,8.34,41.69,1.13,2.44,,1 frame(s); median area 5.0 px; flags: none
N1358115096,T1860,1358115096-2948,0.2688,1,21,co-iss-n1358115096,1358115096,2001-01-13T21:59:18.060,102.59,961.44,9.39,5,0.00,5,9.39,8.38,41.89,1.12,1.48,,1 frame(s); median area 5.0 px; flags: none
N1358115096,T1866,1358115096-3103,0.2688,1,21,co-iss-n1358115096,1358115096,2001-01-13T21:59:18.060,190.14,967.82,9.39,5,0.00,5,9.39,8.01,40.07,1.17,1.07,,1 frame(s); median area 5.0 px; flags: none
N1358115096,T1879,1358115096-3249,0.2688,1,21,co-iss-n1358115096,1358115096,2001-01-13T21:59:18.060,195.21,976.41,9.39,5,0.00,5,9.39,8.39,41.97,1.12,4.60,,1 frame(s); median area 5.0 px; flags: none
N1358115096,T1881,1358115096-3259,0.2688,1,21,co-iss-n1358115096,1358115096,2001-01-13T21:59:18.060,156.13,977.43,9.39,5,0.00,5,9.39,8.18,40.92,1.15,4.60,,1 frame(s); median area 5.0 px; flags: none
N1358115096,T1900,1358115096-3483,0.2688,1,21,co-iss-n1358115096,1358115096,2001-01-13T21:59:18.060,153.48,990.88,9.39,5,0.00,5,9.39,8.07,40.36,1.16,1.65,,1 frame(s); median area 5.0 px; flags: none
N1358065987,T0631,1358065987-0322,0.2685,1,5,co-iss-n1358065987,1358065987,2001-01-13T08:19:41.376,534.40,472.80,17.67,3,0.00,3,17.67,14.81,44.43,1.19,1.73,,1 frame(s); median area 3.0 px; flags: none
N1358061096,T0419,1358061096-4226,0.2685,1,0,co-iss-n1358061096,1358061096,2001-01-13T06:59:18.433,803.33,1017.60,9.33,5,0.00,5,9.33,8.35,41.75,1.12,1.83,,1 frame(s); median area 5.0 px; flags: none
N1358065818,T0592,1358065818-0460,0.2683,1,4,co-iss-n1358065818,1358065818,2001-01-13T08:17:24.370,21.19,734.60,17.63,3,0.00,3,17.63,14.59,43.76,1.21,1.73,,1 frame(s); median area 3.0 px; flags: none
N1358061096,T0136,1358061096-1011,0.2682,1,0,co-iss-n1358061096,1358061096,2001-01-13T06:59:18.433,750.83,850.50,13.45,4,0.00,4,13.45,11.60,46.40,1.16,2.70,,1 frame(s); median area 4.0 px; flags: none
N1358061096,T0154,1358061096-1185,0.2682,1,0,co-iss-n1358061096,1358061096,2001-01-13T06:59:18.433,899.97,860.44,13.45,4,0.00,4,13.45,11.71,46.86,1.15,2.45,,1 frame(s); median area 4.0 px; flags: none
N1358061096,T0166,1358061096-1258,0.2682,1,0,co-iss-n1358061096,1358061096,2001-01-13T06:59:18.433,700.87,865.55,13.45,4,0.00,4,13.45,11.53,46.12,1.17,2.45,,1 frame(s); median area 4.0 px; flags: none
N1358061096,T0167,1358061096-1260,0.2682,1,0,co-iss-n1358061096,1358061096,2001-01-13T06:59:18.433,727.63,865.11,13.45,4,0.00,4,13.45,10.59,42.36,1.27,1.62,,1 frame(s); median area 4.0 px; flags: none
N1358061096,T0245,1358061096-2218,0.2682,1,0,co-iss-n1358061096,1358061096,2001-01-13T06:59:18.433,663.46,908.30,13.45,4,0.00,4,13.45,11.14,44.56,1.21,4.47,,1 frame(s); median area 4.0 px; flags: none
N1358061096,T0370,1358061096-3629,0.2682,1,0,co-iss-n1358061096,1358061096,2001-01-13T06:59:18.433,711.60,981.42,13.45,4,0.00,4,13.45,9.77,39.09,1.38,5.83,,1 frame(s); median area 4.0 px; flags: none
N1358061096,T0399,1358061096-4030,0.2682,1,0,co-iss-n1358061096,1358061096,2001-01-13T06:59:18.433,731.55,1005.68,13.45,4,0.00,4,13.45,10.63,42.53,1.26,4.47,,1 frame(s); median area 4.0 px; flags: none
N1358065818,T0567,1358065818-0200,0.2673,1,4,co-iss-n1358065818,1358065818,2001-01-13T08:17:24.370,722.69,332.28,17.46,3,0.00,3,17.46,14.08,42.25,1.24,1.73,,1 frame(s); median area 3.0 px; flags: none
N1358065818,T0586,1358065818-0407,0.2673,1,4,co-iss-n1358065818,1358065818,2001-01-13T08:17:24.370,8.67,652.33,17.46,3,0.00,3,17.46,17.42,52.26,1.00,1.73,,1 frame(s); median area 3.0 px; flags: none
N1358101818,T0917,1358101818-0236,0.2673,1,9,co-iss-n1358101818,1358101818,2001-01-13T18:17:24.120,943.33,357.33,17.46,3,0.00,3,17.46,17.46,52.38,1.00,1.73,,1 frame(s); median area 3.0 px; flags: none
N1358110987,T1572,1358110987-0182,0.2672,1,18,co-iss-n1358110987,1358110987,2001-01-13T20:49:41.065,683.93,322.71,17.45,3,0.00,3,17.45,16.38,49.14,1.07,4.39,,1 frame(s); median area 3.0 px; flags: none
N1358110818,T1517,1358110818-0241,0.2671,1,17,co-iss-n1358110818,1358110818,2001-01-13T20:47:24.058,28.72,401.66,17.44,3,0.00,3,17.44,15.61,46.83,1.12,1.73,,1 frame(s); median area 3.0 px; flags: none
N1358106096,T1347,1358106096-3778,0.2668,1,13,co-iss-n1358106096,1358106096,2001-01-13T19:29:18.122,963.24,1006.23,9.05,5,0.00,5,9.05,8.09,40.47,1.12,2.14,,1 frame(s); median area 5.0 px; flags: none
N1358108118,T1376,1358108118-0088,0.2668,1,14,co-iss-n1358108118,1358108118,2001-01-13T20:02:24.077,416.22,370.72,17.38,3,0.00,3,17.38,11.55,34.66,1.50,1.73,,1 frame(s); median area 3.0 px; flags: none
N1358061096,T0356,1358061096-3401,0.2665,1,0,co-iss-n1358061096,1358061096,2001-01-13T06:59:18.433,698.43,969.57,13.17,4,0.00,4,13.17,9.31,37.23,1.41,5.83,,1 frame(s); median area 4.0 px; flags: none
N1358061096,T0062,1358061096-0366,0.2665,1,0,co-iss-n1358061096,1358061096,2001-01-13T06:59:18.433,590.66,793.98,13.16,4,0.00,4,13.16,11.15,44.59,1.18,1.62,,1 frame(s); median area 4.0 px; flags: none
N1358106096,T1153,1358106096-0746,0.2664,1,13,co-iss-n1358106096,1358106096,2001-01-13T19:29:18.122,748.47,837.52,13.16,4,0.00,4,13.16,10.23,40.93,1.29,5.83,,1 frame(s); median area 4.0 px; flags: none
N1358106096,T1167,1358106096-0900,0.2664,1,13,co-iss-n1358106096,1358106096,2001-01-13T19:29:18.122,750.83,850.50,13.16,4,0.00,4,13.16,11.38,45.53,1.16,2.70,,1 frame(s); median area 4.0 px; flags: none
N1358106096,T1183,1358106096-1108,0.2664,1,13,co-iss-n1358106096,1358106096,2001-01-13T19:29:18.122,700.87,865.55,13.16,4,0.00,4,13.16,11.30,45.21,1.16,2.45,,1 frame(s); median area 4.0 px; flags: none
N1358106096,T1221,1358106096-2015,0.2664,1,13,co-iss-n1358106096,1358106096,2001-01-13T19:29:18.122,663.46,908.30,13.16,4,0.00,4,13.16,10.92,43.69,1.20,4.47,,1 frame(s); median area 4.0 px; flags: none
N1358106096,T1322,1358106096-3374,0.2664,1,13,co-iss-n1358106096,1358106096,2001-01-13T19:29:18.122,711.50,981.47,13.16,4,0.00,4,13.16,10.52,42.10,1.25,5.83,,1 frame(s); median area 4.0 px; flags: none
N1358106096,T1344,1358106096-3761,0.2664,1,13,co-iss-n1358106096,1358106096,2001-01-13T19:29:18.122,731.55,1005.68,13.16,4,0.00,4,13.16,10.44,41.74,1.26,4.47,,1 frame(s); median area 4.0 px; flags: none
N1358115096,T1770,1358115096-1422,0.2661,1,21,co-iss-n1358115096,1358115096,2001-01-13T21:59:18.060,398.55,885.17,13.10,4,0.15,4,13.10,10.04,40.17,1.30,6.17,,1 frame(s); median area 4.0 px; flags: none
N1358108796,T1468,1358108796-0058,0.2660,1,16,co-iss-n1358108796,1358108796,2001-01-13T20:14:18.103,232.39,375.33,17.25,3,0.00,3,17.25,14.87,44.60,1.16,1.73,,1 frame(s); median area 3.0 px; flags: none
N1358061096,T0114,1358061096-0835,0.2660,1,0,co-iss-n1358061096,1358061096,2001-01-13T06:59:18.433,756.40,837.63,13.08,4,0.00,4,13.08,8.87,35.46,1.48,2.70,,1 frame(s); median area 4.0 px; flags: none
N1358101818,T0907,1358101818-0178,0.2657,1,9,co-iss-n1358101818,1358101818,2001-01-13T18:17:24.120,118.77,287.07,17.20,3,0.00,3,17.20,12.24,36.72,1.41,4.39,,1 frame(s); median area 3.0 px; flags: none
N1358106096,T1134,1358106096-0062,0.2651,1,13,co-iss-n1358106096,1358106096,2001-01-13T19:29:18.122,973.73,458.98,17.10,3,0.00,3,17.10,11.66,34.98,1.47,4.39,,1 frame(s); median area 3.0 px; flags: none
N1358106096,T1154,1358106096-0747,0.2646,1,13,co-iss-n1358106096,1358106096,2001-01-13T19:29:18.122,756.40,837.63,12.84,4,0.00,4,12.84,8.72,34.88,1.47,2.70,,1 frame(s); median area 4.0 px; flags: none
N1358110818,T1539,1358110818-0423,0.2645,1,17,co-iss-n1358110818,1358110818,2001-01-13T20:47:24.058,786.78,656.37,12.83,4,0.00,4,12.83,10.87,43.47,1.18,4.47,,1 frame(s); median area 4.0 px; flags: none
N1358065987,T0632,1358065987-0344,0.2642,1,5,co-iss-n1358065987,1358065987,2001-01-13T08:19:41.376,16.23,501.47,16.95,3,0.00,3,16.95,10.64,31.93,1.59,1.73,,1 frame(s); median area 3.0 px; flags: none
N1358101818,T0914,1358101818-0220,0.2641,1,9,co-iss-n1358101818,1358101818,2001-01-13T18:17:24.120,73.97,337.74,8.60,5,0.00,5,8.60,7.85,39.27,1.09,3.84,,1 frame(s); median area 5.0 px; flags: none
N1358117287,T2035,1358117287-0210,0.2639,1,23,co-iss-n1358117287,1358117287,2001-01-13T22:34:41.021,539.81,641.26,8.57,5,0.00,5,8.57,7.74,38.72,1.11,3.52,,1 frame(s); median area 5.0 px; flags: none
N1358115096,T1805,1358115096-1939,0.2637,1,21,co-iss-n1358115096,1358115096,2001-01-13T21:59:18.060,381.64,910.19,12.70,4,0.00,4,12.70,9.67,38.70,1.31,2.70,,1 frame(s); median area 4.0 px; flags: none
N1358063287,T0516,1358063287-0062,0.2634,1,2,co-iss-n1358063287,1358063287,2001-01-13T07:34:41.395,169.77,223.02,16.82,3,0.00,3,16.82,11.02,33.07,1.53,4.39,,1 frame(s); median area 3.0 px; flags: none
N1358110818,T1546,1358110818-0466,0.2633,1,17,co-iss-n1358110818,1358110818,2001-01-13T20:47:24.058,930.78,721.82,12.63,4,0.00,4,12.63,10.88,43.51,1.16,2.45,,1 frame(s); median area 4.0 px; flags: none
N1358069418,T0669,1358069418-0138,0.2632,1,6,co-iss-n1358069418,1358069418,2001-01-13T09:17:24.345,567.41,701.50,12.61,4,0.00,4,12.61,9.16,36.65,1.38,2.24,,1 frame(s); median area 4.0 px; flags: none
N1358069587,T0791,1358069587-0037,0.2631,1,7,co-iss-n1358069587,1358069587,2001-01-13T09:19:41.351,516.62,178.59,12.60,4,0.00,4,12.60,8.74,34.96,1.44,5.83,,1 frame(s); median area 4.0 px; flags: none
N1358061096,T0040,1358061096-0197,0.2630,1,0,co-iss-n1358061096,1358061096,2001-01-13T06:59:18.433,638.35,764.73,12.59,4,0.00,4,12.59,10.29,41.18,1.22,2.45,,1 frame(s); median area 4.0 px; flags: none
N1358106096,T1137,1358106096-0080,0.2627,1,13,co-iss-n1358106096,1358106096,2001-01-13T19:29:18.122,375.51,564.77,16.69,3,0.00,3,16.69,11.24,33.73,1.48,1.73,,1 frame(s); median area 3.0 px; flags: none
N1358110818,T1559,1358110818-0557,0.2626,1,17,co-iss-n1358110818,1358110818,2001-01-13T20:47:24.058,871.80,858.20,8.35,5,0.00,5,8.35,8.32,41.61,1.00,2.89,,1 frame(s); median area 5.0 px; flags: none
N1358061096,T0041,1358061096-0199,0.2626,1,0,co-iss-n1358061096,1358061096,2001-01-13T06:59:18.433,646.46,765.75,12.52,4,0.00,4,12.52,10.71,42.84,1.17,4.47,,1 frame(s); median area 4.0 px; flags: none
N1358061096,T0121,1358061096-0888,0.2626,1,0,co-iss-n1358061096,1358061096,2001-01-13T06:59:18.433,727.83,841.58,12.51,4,0.00,4,12.51,10.25,40.99,1.22,1.63,,1 frame(s); median area 4.0 px; flags: none
N1358061096,T0258,1358061096-2289,0.2625,1,0,co-iss-n1358061096,1358061096,2001-01-13T06:59:18.433,653.55,912.49,12.50,4,0.00,4,12.50,9.66,38.63,1.29,2.62,,1 frame(s); median area 4.0 px; flags: none
N1358061096,T0123,1358061096-0921,0.2618,1,0,co-iss-n1358061096,1358061096,2001-01-13T06:59:18.433,779.41,843.61,12.39,4,0.00,4,12.39,10.01,40.03,1.24,2.62,,1 frame(s); median area 4.0 px; flags: none
N1358061096,T0288,1358061096-2599,0.2618,1,0,co-iss-n1358061096,1358061096,2001-01-13T06:59:18.433,668.01,927.30,12.39,4,0.00,4,12.39,10.06,40.26,1.23,3.60,,1 frame(s); median area 4.0 px; flags: none
N1358110987,T1566,1358110987-0048,0.2618,1,18,co-iss-n1358110987,1358110987,2001-01-13T20:49:41.065,192.75,107.86,16.56,3,0.00,3,16.56,14.46,43.37,1.15,4.39,,1 frame(s); median area 3.0 px; flags: none
N1358101818,T0934,1358101818-0383,0.2618,1,9,co-iss-n1358101818,1358101818,2001-01-13T18:17:24.120,212.20,576.64,16.55,3,0.00,3,16.55,12.50,37.49,1.32,1.73,,1 frame(s); median area 3.0 px; flags: none
N1358101818,T0891,1358101818-0047,0.2617,1,9,co-iss-n1358101818,1358101818,2001-01-13T18:17:24.120,585.09,81.54,12.37,4,0.00,4,12.37,9.79,39.18,1.26,2.62,,1 frame(s); median area 4.0 px; flags: none
N1358105587,T1123,1358105587-0134,0.2616,1,12,co-iss-n1358105587,1358105587,2001-01-13T19:19:41.102,879.59,631.79,8.19,5,0.00,5,8.19,7.75,38.74,1.06,2.62,,1 frame(s); median area 5.0 px; flags: none
N1358106096,T1159,1358106096-0795,0.2612,1,13,co-iss-n1358106096,1358106096,2001-01-13T19:29:18.122,727.83,841.58,12.28,4,0.00,4,12.28,10.07,40.28,1.22,1.63,,1 frame(s); median area 4.0 px; flags: none
N1358108796,T1482,1358108796-0455,0.2611,1,16,co-iss-n1358108796,1358108796,2001-01-13T20:14:18.103,597.05,1012.81,12.26,4,0.00,4,12.26,9.48,37.92,1.29,1.63,,1 frame(s); median area 4.0 px; flags: none
N1358065818,T0600,1358065818-0523,0.2606,1,4,co-iss-n1358065818,1358065818,2001-01-13T08:17:24.370,116.74,812.99,16.35,3,0.00,3,16.35,11.08,33.23,1.48,4.39,,1 frame(s); median area 3.0 px; flags: none
N1358106096,T1258,1358106096-2376,0.2605,1,13,co-iss-n1358106096,1358106096,2001-01-13T19:29:18.122,668.05,927.23,12.17,4,0.00,4,12.17,10.82,43.28,1.12,3.60,,1 frame(s); median area 4.0 px; flags: none
N1358108287,T1448,1358108287-0003,0.2605,1,15,co-iss-n1358108287,1358108287,2001-01-13T20:04:41.083,218.37,14.66,16.33,3,0.00,3,16.33,14.56,43.68,1.12,1.73,,1 frame(s); median area 3.0 px; flags: none
N1358065987,T0623,1358065987-0238,0.2604,1,5,co-iss-n1358065987,1358065987,2001-01-13T08:19:41.376,110.66,389.22,16.31,3,0.00,3,16.31,12.23,36.68,1.33,1.73,,1 frame(s); median area 3.0 px; flags: none
N1358106096,T1176,1358106096-1012,0.2603,1,13,co-iss-n1358106096,1358106096,2001-01-13T19:29:18.122,846.79,858.01,12.13,4,0.00,4,12.13,10.13,40.54,1.20,1.63,,1 frame(s); median area 4.0 px; flags: none
N1358061096,T0014,1358061096-0089,0.2601,1,0,co-iss-n1358061096,1358061096,2001-01-13T06:59:18.433,567.25,727.26,16.27,3,0.00,3,16.27,10.71,32.14,1.52,1.73,,1 frame(s); median area 3.0 px; flags: none
N1358065818,T0605,1358065818-0590,0.2601,1,4,co-iss-n1358065818,1358065818,2001-01-13T08:17:24.370,138.67,926.67,16.27,3,0.00,3,16.27,16.21,48.63,1.00,1.73,,1 frame(s); median area 3.0 px; flags: none
N1358108796,T1492,1358108796-0538,0.2593,1,16,co-iss-n1358108796,1358108796,2001-01-13T20:14:18.103,626.34,1020.50,11.97,4,0.00,4,11.97,9.79,39.14,1.22,1.82,,1 frame(s); median area 4.0 px; flags: none
N1358105587,T1129,1358105587-1545,0.2588,1,12,co-iss-n1358105587,1358105587,2001-01-13T19:19:41.102,412.78,986.34,16.06,3,0.00,3,16.06,12.05,36.14,1.33,1.73,,1 frame(s); median area 3.0 px; flags: none
N1358106096,T1170,1358106096-0926,0.2585,1,13,co-iss-n1358106096,1358106096,2001-01-13T19:29:18.122,768.45,852.22,11.84,4,0.15,4,11.84,8.98,35.91,1.32,6.17,,1 frame(s); median area 4.0 px; flags: none
N1358099796,T0833,1358099796-0174,0.2584,1,8,co-iss-n1358099796,1358099796,2001-01-13T17:44:18.165,580.91,969.46,11.82,4,0.00,4,11.82,10.43,41.71,1.13,2.62,,1 frame(s); median area 4.0 px; flags: none
N1358101987,T0970,1358101987-0293,0.2584,1,10,co-iss-n1358101987,1358101987,2001-01-13T18:19:41.127,916.36,477.73,15.98,3,0.00,3,15.98,14.61,43.83,1.09,1.73,,1 frame(s); median area 3.0 px; flags: none
N1358061096,T0052,1358061096-0288,0.2581,1,0,co-iss-n1358061096,1358061096,2001-01-13T06:59:18.433,659.56,781.29,11.77,4,0.00,4,11.77,9.90,39.61,1.19,1.82,,1 frame(s); median area 4.0 px; flags: none
N1358110987,T1574,1358110987-0231,0.2579,1,18,co-iss-n1358110987,1358110987,2001-01-13T20:49:41.065,360.33,400.43,15.89,3,0.00,3,15.89,12.30,36.90,1.29,1.73,,1 frame(s); median area 3.0 px; flags: none
N1358061096,T0237,1358061096-2141,0.2578,1,0,co-iss-n1358061096,1358061096,2001-01-13T06:59:18.433,657.57,905.25,11.72,4,0.00,4,11.72,9.55,38.18,1.23,4.47,,1 frame(s); median area 4.0 px; flags: none
N1358061096,T0085,1358061096-0615,0.2577,1,0,co-iss-n1358061096,1358061096,2001-01-13T06:59:18.433,691.40,821.03,11.70,4,0.00,4,11.70,10.16,40.65,1.15,2.45,,1 frame(s); median area 4.0 px; flags: none
N1358061096,T0067,1358061096-0412,0.2575,1,0,co-iss-n1358061096,1358061096,2001-01-13T06:59:18.433,705.54,798.81,11.67,4,0.00,4,11.67,9.56,38.23,1.22,1.82,,1 frame(s); median area 4.0 px; flags: none
N1358114418,T1711,1358114418-2750,0.2572,1,19,co-iss-n1358114418,1358114418,2001-01-13T21:47:24.033,843.55,995.93,11.62,4,0.00,4,11.62,10.55,42.22,1.10,2.62,,1 frame(s); median area 4.0 px; flags: none
N1358061096,T0158,1358061096-1208,0.2568,1,0,co-iss-n1358061096,1358061096,2001-01-13T06:59:18.433,779.33,861.77,11.55,4,0.00,4,11.55,8.81,35.26,1.31,2.70,,1 frame(s); median area 4.0 px; flags: none
N1358061096,T0161,1358061096-1231,0.2568,1,0,co-iss-n1358061096,1358061096,2001-01-13T06:59:18.433,836.09,862.79,11.55,4,0.00,4,11.55,8.51,34.03,1.36,2.45,,1 frame(s); median area 4.0 px; flags: none
N1358061096,T0179,1358061096-1387,0.2568,1,0,co-iss-n1358061096,1358061096,2001-01-13T06:59:18.433,763.55,870.99,11.55,4,0.15,4,11.55,9.83,39.32,1.17,6.85,,1 frame(s); median area 4.0 px; flags: none
N1358061096,T0191,1358061096-1493,0.2568,1,0,co-iss-n1358061096,1358061096,2001-01-13T06:59:18.433,964.49,874.74,11.55,4,0.00,4,11.55,10.96,43.84,1.05,2.70,,1 frame(s); median area 4.0 px; flags: none
N1358061096,T0207,1358061096-1670,0.2568,1,0,co-iss-n1358061096,1358061096,2001-01-13T06:59:18.433,710.62,883.69,11.55,4,0.00,4,11.55,9.41,37.64,1.23,2.70,,1 frame(s); median area 4.0 px; flags: none
N1358061096,T0268,1358061096-2362,0.2568,1,0,co-iss-n1358061096,1358061096,2001-01-13T06:59:18.433,715.72,915.37,11.55,4,0.00,4,11.55,10.29,41.17,1.12,2.70,,1 frame(s); median area 4.0 px; flags: none
N1358061096,T0392,1358061096-3963,0.2568,1,0,co-iss-n1358061096,1358061096,2001-01-13T06:59:18.433,767.56,1001.50,11.55,4,0.00,4,11.55,9.81,39.25,1.18,5.83,,1 frame(s); median area 4.0 px; flags: none
N1358061096,T0397,1358061096-4017,0.2568,1,0,co-iss-n1358061096,1358061096,2001-01-13T06:59:18.433,767.67,1005.10,11.55,4,0.00,4,11.55,8.88,35.53,1.30,1.17,,1 frame(s); median area 4.0 px; flags: none
N1358065818,T0570,1358065818-0226,0.2568,1,4,co-iss-n1358065818,1358065818,2001-01-13T08:17:24.370,249.50,382.27,15.71,3,0.00,3,15.71,10.54,31.61,1.49,1.73,,1 frame(s); median area 3.0 px; flags: none
N1358106096,T1215,1358106096-1938,0.2565,1,13,co-iss-n1358106096,1358106096,2001-01-13T19:29:18.122,657.57,905.25,11.51,4,0.00,4,11.51,9.38,37.54,1.23,4.47,,1 frame(s); median area 4.0 px; flags: none
N1358099796,T0883,1358099796-0497,0.2564,1,8,co-iss-n1358099796,1358099796,2001-01-13T17:44:18.165,626.34,1020.50,11.48,4,0.00,4,11.48,9.37,37.49,1.22,1.82,,1 frame(s); median area 4.0 px; flags: none
N1358061096,T0143,1358061096-1076,0.2564,1,0,co-iss-n1358061096,1358061096,2001-01-13T06:59:18.433,748.24,853.64,11.48,4,0.00,4,11.48,8.75,34.98,1.31,2.45,,1 frame(s); median area 4.0 px; flags: none
N1358110818,T1524,1358110818-0286,0.2562,1,17,co-iss-n1358110818,1358110818,2001-01-13T20:47:24.058,705.62,461.76,15.62,3,0.00,3,15.62,13.76,41.27,1.14,1.73,,1 frame(s); median area 3.0 px; flags: none
N1358061096,T0316,1358061096-2918,0.2560,1,0,co-iss-n1358061096,1358061096,2001-01-13T06:59:18.433,719.99,944.09,11.41,4,0.00,4,11.41,8.90,35.61,1.28,1.00,,1 frame(s); median area 4.0 px; flags: none
N1358115096,T1817,1358115096-2118,0.2558,1,21,co-iss-n1358115096,1358115096,2001-01-13T21:59:18.060,374.58,918.22,11.38,4,0.00,4,11.38,10.35,41.41,1.10,4.47,,1 frame(s); median area 4.0 px; flags: none
N1358069418,T0660,1358069418-0058,0.2556,1,6,co-iss-n1358069418,1358069418,2001-01-13T09:17:24.345,644.99,330.56,11.35,4,0.00,4,11.35,8.54,34.15,1.33,2.62,,1 frame(s); median area 4.0 px; flags: none
N1358061096,T0028,1358061096-0153,0.2555,1,0,co-iss-n1358061096,1358061096,2001-01-13T06:59:18.433,626.04,755.76,15.50,3,0.00,3,15.50,10.87,32.61,1.43,4.39,,1 frame(s); median area 3.0 px; flags: none
N1358106096,T1182,1358106096-1059,0.2553,1,13,co-iss-n1358106096,1358106096,2001-01-13T19:29:18.122,779.33,861.77,11.30,4,0.00,4,11.30,8.66,34.63,1.31,2.70,,1 frame(s); median area 4.0 px; flags: none
N1358106096,T1184,1358106096-1110,0.2553,1,13,co-iss-n1358106096,1358106096,2001-01-13T19:29:18.122,727.60,865.07,11.30,4,0.00,4,11.30,9.47,37.87,1.19,1.62,,1 frame(s); median area 4.0 px; flags: none
N1358106096,T1192,1358106096-1222,0.2553,1,13,co-iss-n1358106096,1358106096,2001-01-13T19:29:18.122,763.55,870.99,11.30,4,0.15,4,11.30,9.65,38.60,1.17,6.85,,1 frame(s); median area 4.0 px; flags: none
N1358106096,T1338,1358106096-3698,0.2553,1,13,co-iss-n1358106096,1358106096,2001-01-13T19:29:18.122,767.56,1001.50,11.30,4,0.00,4,11.30,9.63,38.53,1.17,5.83,,1 frame(s); median area 4.0 px; flags: none
N1358106096,T1343,1358106096-3747,0.2553,1,13,co-iss-n1358106096,1358106096,2001-01-13T19:29:18.122,767.67,1005.10,11.30,4,0.00,4,11.30,8.72,34.89,1.30,1.17,,1 frame(s); median area 4.0 px; flags: none
N1358106096,T1172,1358106096-0955,0.2551,1,13,co-iss-n1358106096,1358106096,2001-01-13T19:29:18.122,748.24,853.64,11.27,4,0.00,4,11.27,8.60,34.41,1.31,2.45,,1 frame(s); median area 4.0 px; flags: none
N1358106096,T1178,1358106096-1040,0.2551,1,13,co-iss-n1358106096,1358106096,2001-01-13T19:29:18.122,888.30,860.22,11.26,4,0.00,4,11.26,9.50,38.02,1.19,2.45,,1 frame(s); median area 4.0 px; flags: none
N1358115096,T1825,1358115096-2355,0.2551,1,21,co-iss-n1358115096,1358115096,2001-01-13T21:59:18.060,967.68,930.42,15.43,3,0.00,3,15.43,12.25,36.75,1.26,1.73,,1 frame(s); median area 3.0 px; flags: none
N1358115096,T1747,1358115096-1014,0.2550,1,21,co-iss-n1358115096,1358115096,2001-01-13T21:59:18.060,236.96,866.45,11.25,4,0.00,4,11.25,9.02,36.10,1.25,2.45,,1 frame(s); median area 4.0 px; flags: none
N1358115096,T1759,1358115096-1153,0.2550,1,21,co-iss-n1358115096,1358115096,2001-01-13T21:59:18.060,306.57,872.91,11.25,4,0.00,4,11.25,8.68,34.70,1.30,2.45,,1 frame(s); median area 4.0 px; flags: none
N1358115096,T1760,1358115096-1194,0.2550,1,21,co-iss-n1358115096,1358115096,2001-01-13T21:59:18.060,322.27,874.82,11.25,4,0.00,4,11.25,9.18,36.74,1.22,1.63,,1 frame(s); median area 4.0 px; flags: none
N1358115096,T1761,1358115096-1208,0.2550,1,21,co-iss-n1358115096,1358115096,2001-01-13T21:59:18.060,167.09,876.14,11.25,4,0.00,4,11.25,9.69,38.74,1.16,1.62,,1 frame(s); median area 4.0 px; flags: none
N1358115096,T1764,1358115096-1233,0.2550,1,21,co-iss-n1358115096,1358115096,2001-01-13T21:59:18.060,194.45,877.54,11.25,4,0.00,4,11.25,10.23,40.92,1.10,2.62,,1 frame(s); median area 4.0 px; flags: none
N1358115096,T1780,1358115096-1725,0.2550,1,21,co-iss-n1358115096,1358115096,2001-01-13T21:59:18.060,170.44,901.57,11.25,4,0.00,4,11.25,9.22,36.89,1.22,2.24,,1 frame(s); median area 4.0 px; flags: none
N1358115096,T1896,1358115096-3452,0.2550,1,21,co-iss-n1358115096,1358115096,2001-01-13T21:59:18.060,59.30,988.21,11.25,4,0.00,4,11.25,8.72,34.88,1.29,4.47,,1 frame(s); median area 4.0 px; flags: none
N1358115096,T1897,1358115096-3453,0.2550,1,21,co-iss-n1358115096,1358115096,2001-01-13T21:59:18.060,75.55,988.82,11.25,4,0.15,4,11.25,9.25,36.99,1.22,6.17,,1 frame(s); median area 4.0 px; flags: none
N1358115096,T1931,1358115096-3811,0.2550,1,21,co-iss-n1358115096,1358115096,2001-01-13T21:59:18.060,223.30,1009.23,11.25,4,0.00,4,11.25,9.12,36.47,1.23,1.63,,1 frame(s); median area 4.0 px; flags: none
N1358065818,T0595,1358065818-0475,0.2550,1,4,co-iss-n1358065818,1358065818,2001-01-13T08:17:24.370,235.36,751.57,15.41,3,0.00,3,15.41,11.91,35.73,1.29,1.73,,1 frame(s); median area 3.0 px; flags: none
N1358106096,T1274,1358106096-2680,0.2548,1,13,co-iss-n1358106096,1358106096,2001-01-13T19:29:18.122,719.99,944.09,11.21,4,0.00,4,11.21,8.75,35.02,1.28,1.00,,1 frame(s); median area 4.0 px; flags: none
N1358061096,T0242,1358061096-2193,0.2541,1,0,co-iss-n1358061096,1358061096,2001-01-13T06:59:18.433,654.07,907.83,11.11,4,0.00,4,11.11,8.85,35.42,1.25,1.62,,1 frame(s); median area 4.0 px; flags: none
N1358101818,T0935,1358101818-0385,0.2541,1,9,co-iss-n1358101818,1358101818,2001-01-13T18:17:24.120,186.48,578.76,15.26,3,0.00,3,15.26,10.67,32.02,1.43,1.73,,1 frame(s); median area 3.0 px; flags: none
N1358065987,T0618,1358065987-0130,0.2540,1,5,co-iss-n1358065987,1358065987,2001-01-13T08:19:41.376,562.74,211.36,15.25,3,0.00,3,15.25,13.29,39.88,1.15,1.73,,1 frame(s); median area 3.0 px; flags: none
N1358101818,T0950,1358101818-0486,0.2538,1,9,co-iss-n1358101818,1358101818,2001-01-13T18:17:24.120,248.75,707.57,15.22,3,0.00,3,15.22,11.66,34.99,1.30,1.73,,1 frame(s); median area 3.0 px; flags: none
N1358065987,T0638,1358065987-0483,0.2538,1,5,co-iss-n1358065987,1358065987,2001-01-13T08:19:41.376,880.35,648.21,15.22,3,0.00,3,15.22,11.70,35.10,1.30,1.73,,1 frame(s); median area 3.0 px; flags: none
N1358061096,T0068,1358061096-0432,0.2537,1,0,co-iss-n1358061096,1358061096,2001-01-13T06:59:18.433,680.79,802.03,11.03,4,0.00,4,11.03,9.49,37.98,1.16,3.60,,1 frame(s); median area 4.0 px; flags: none
N1358061096,T0045,1358061096-0228,0.2534,1,0,co-iss-n1358061096,1358061096,2001-01-13T06:59:18.433,643.71,770.35,10.98,4,0.00,4,10.98,9.32,37.29,1.18,4.47,,1 frame(s); median area 4.0 px; flags: none
N1358061096,T0133,1358061096-0996,0.2532,1,0,co-iss-n1358061096,1358061096,2001-01-13T06:59:18.433,746.67,849.55,10.94,4,0.15,4,10.94,8.87,35.48,1.23,6.17,,1 frame(s); median area 4.0 px; flags: none
N1358061096,T0132,1358061096-0988,0.2527,1,0,co-iss-n1358061096,1358061096,2001-01-13T06:59:18.433,618.47,849.47,10.86,4,0.00,4,10.86,9.53,38.11,1.14,2.62,,1 frame(s); median area 4.0 px; flags: none
N1358061096,T0189,1358061096-1481,0.2526,1,0,co-iss-n1358061096,1358061096,2001-01-13T06:59:18.433,700.37,875.15,10.85,4,0.15,4,10.85,8.64,34.54,1.26,6.17,,1 frame(s); median area 4.0 px; flags: none
N1358110818,T1494,1358110818-0024,0.2525,1,17,co-iss-n1358110818,1358110818,2001-01-13T20:47:24.058,726.48,39.99,10.84,4,0.00,4,10.84,9.89,39.54,1.10,2.62,,1 frame(s); median area 4.0 px; flags: none
N1358065818,T0549,1358065818-0057,0.2522,1,4,co-iss-n1358065818,1358065818,2001-01-13T08:17:24.370,131.25,102.11,14.95,3,0.00,3,14.95,12.93,38.79,1.16,4.39,,1 frame(s); median area 3.0 px; flags: none
N1358061096,T0165,1358061096-1256,0.2521,1,0,co-iss-n1358061096,1358061096,2001-01-13T06:59:18.433,685.00,865.51,10.77,4,0.15,4,10.77,8.84,35.35,1.22,6.85,,1 frame(s); median area 4.0 px; flags: none
N1358061096,T0124,1358061096-0934,0.2520,1,0,co-iss-n1358061096,1358061096,2001-01-13T06:59:18.433,726.41,844.96,10.76,4,0.15,4,10.76,9.30,37.21,1.16,6.85,,1 frame(s); median area 4.0 px; flags: none
N1358061096,T0011,1358061096-0085,0.2520,1,0,co-iss-n1358061096,1358061096,2001-01-13T06:59:18.433,565.01,718.76,10.75,4,0.00,4,10.75,9.46,37.84,1.14,1.62,,1 frame(s); median area 4.0 px; flags: none
N1358106096,T1165,1358106096-0886,0.2520,1,13,co-iss-n1358106096,1358106096,2001-01-13T19:29:18.122,746.67,849.55,10.75,4,0.15,4,10.75,8.72,34.89,1.23,6.17,,1 frame(s); median area 4.0 px; flags: none
N1358115096,T1746,1358115096-0960,0.2520,1,21,co-iss-n1358115096,1358115096,2001-01-13T21:59:18.060,311.81,863.07,10.75,4,0.00,4,10.75,9.06,36.23,1.19,1.17,,1 frame(s); median area 4.0 px; flags: none
N1358061096,T0080,1358061096-0587,0.2520,1,0,co-iss-n1358061096,1358061096,2001-01-13T06:59:18.433,638.01,819.25,10.74,4,0.00,4,10.74,9.57,38.27,1.12,1.62,,1 frame(s); median area 4.0 px; flags: none
N1358101987,T0979,1358101987-0616,0.2519,1,10,co-iss-n1358101987,1358101987,2001-01-13T18:19:41.127,310.51,970.49,10.74,4,0.00,4,10.74,9.62,38.49,1.12,5.83,,1 frame(s); median area 4.0 px; flags: none
N1358063287,T0527,1358063287-0438,0.2519,1,2,co-iss-n1358063287,1358063287,2001-01-13T07:34:41.395,916.19,952.60,14.90,3,0.00,3,14.90,12.32,36.97,1.21,4.39,,1 frame(s); median area 3.0 px; flags: none
N1358106096,T1164,1358106096-0878,0.2516,1,13,co-iss-n1358106096,1358106096,2001-01-13T19:29:18.122,618.47,849.47,10.68,4,0.00,4,10.68,9.37,37.48,1.14,2.62,,1 frame(s); median area 4.0 px; flags: none
N1358061096,T0343,1358061096-3168,0.2514,1,0,co-iss-n1358061096,1358061096,2001-01-13T06:59:18.433,692.07,957.27,10.65,4,0.00,4,10.65,8.83,35.30,1.21,1.62,,1 frame(s); median area 4.0 px; flags: none
N1358115096,T1947,1358115096-3989,0.2510,1,21,co-iss-n1358115096,1358115096,2001-01-13T21:59:18.060,46.05,1019.78,10.59,4,0.00,4,10.59,9.19,36.77,1.15,1.62,,1 frame(s); median area 4.0 px; flags: none
N1358106096,T1161,1358106096-0839,0.2509,1,13,co-iss-n1358106096,1358106096,2001-01-13T19:29:18.122,726.41,844.96,10.57,4,0.15,4,10.57,9.15,36.59,1.16,6.85,,1 frame(s); median area 4.0 px; flags: none
N1358110818,T1533,1358110818-0352,0.2509,1,17,co-iss-n1358110818,1358110818,2001-01-13T20:47:24.058,996.36,569.22,14.73,3,0.00,3,14.73,11.79,35.38,1.25,1.73,,1 frame(s); median area 3.0 px; flags: none
N1358065987,T0647,1358065987-0701,0.2509,1,5,co-iss-n1358065987,1358065987,2001-01-13T08:19:41.376,304.49,943.51,10.56,4,0.00,4,10.56,10.38,41.52,1.02,1.00,,1 frame(s); median area 4.0 px; flags: none
N1358065987,T0640,1358065987-0505,0.2506,1,5,co-iss-n1358065987,1358065987,2001-01-13T08:19:41.376,838.29,684.34,14.69,3,0.00,3,14.69,13.37,40.11,1.10,1.73,,1 frame(s); median area 3.0 px; flags: none
N1358106096,T1301,1358106096-2921,0.2503,1,13,co-iss-n1358106096,1358106096,2001-01-13T19:29:18.122,692.07,957.27,10.47,4,0.00,4,10.47,8.68,34.72,1.21,1.62,,1 frame(s); median area 4.0 px; flags: none
N1358069418,T0741,1358069418-1246,0.2501,1,6,co-iss-n1358069418,1358069418,2001-01-13T09:17:24.345,779.35,861.77,10.43,4,0.00,4,10.43,8.16,32.62,1.28,2.70,,1 frame(s); median area 4.0 px; flags: none
