review_rank,candidate_id,image_id,run_date,candidate_time,candidate_x,candidate_y,next_action,suggested_label,context_status,context_opus_id,context_time,context_filter,context_duration_seconds,delta_minutes,context_center_resolution_km_px
1,1357029177-0148,N1357029177,2001-01-01,2001-01-01T08:20:46.529,731.37,212.49,confirm_known_validation_mark,known-lightning,nearby_non_hal_context,co-iss-n1357029966,2001-01-01T08:34:27.063,BL1,0.46,13.68,59.71794
1,1357029177-0148,N1357029177,2001-01-01,2001-01-01T08:20:46.529,731.37,212.49,confirm_known_validation_mark,known-lightning,nearby_non_hal_context,co-iss-n1357030002,2001-01-01T08:35:03.071,CB2,0.46,14.28,59.71838
1,1357029177-0148,N1357029177,2001-01-01,2001-01-01T08:20:46.529,731.37,212.49,confirm_known_validation_mark,known-lightning,nearby_non_hal_context,co-iss-n1357028137,2001-01-01T08:03:55.344,MT3,3.2,16.85,119.39134
1,1357029177-0148,N1357029177,2001-01-01,2001-01-01T08:20:46.529,731.37,212.49,confirm_known_validation_mark,known-lightning,nearby_non_hal_context,co-iss-n1357028097,2001-01-01T08:03:17.036,MT2,1.5,17.49,59.6952
1,1357029177-0148,N1357029177,2001-01-01,2001-01-01T08:20:46.529,731.37,212.49,confirm_known_validation_mark,known-lightning,nearby_non_hal_context,co-iss-n1357028060,2001-01-01T08:02:40.641,CB2,1.2,18.10,59.69475
1,1357029177-0148,N1357029177,2001-01-01,2001-01-01T08:20:46.529,731.37,212.49,confirm_known_validation_mark,known-lightning,nearby_non_hal_context,co-iss-n1357028023,2001-01-01T08:02:04.157,BL1,0.38,18.71,59.69431
2,1357029177-0219,N1357029177,2001-01-01,2001-01-01T08:20:46.529,847.00,402.23,confirm_known_validation_mark,known-lightning,nearby_non_hal_context,co-iss-n1357029966,2001-01-01T08:34:27.063,BL1,0.46,13.68,59.71794
2,1357029177-0219,N1357029177,2001-01-01,2001-01-01T08:20:46.529,847.00,402.23,confirm_known_validation_mark,known-lightning,nearby_non_hal_context,co-iss-n1357030002,2001-01-01T08:35:03.071,CB2,0.46,14.28,59.71838
2,1357029177-0219,N1357029177,2001-01-01,2001-01-01T08:20:46.529,847.00,402.23,confirm_known_validation_mark,known-lightning,nearby_non_hal_context,co-iss-n1357028137,2001-01-01T08:03:55.344,MT3,3.2,16.85,119.39134
2,1357029177-0219,N1357029177,2001-01-01,2001-01-01T08:20:46.529,847.00,402.23,confirm_known_validation_mark,known-lightning,nearby_non_hal_context,co-iss-n1357028097,2001-01-01T08:03:17.036,MT2,1.5,17.49,59.6952
2,1357029177-0219,N1357029177,2001-01-01,2001-01-01T08:20:46.529,847.00,402.23,confirm_known_validation_mark,known-lightning,nearby_non_hal_context,co-iss-n1357028060,2001-01-01T08:02:40.641,CB2,1.2,18.10,59.69475
2,1357029177-0219,N1357029177,2001-01-01,2001-01-01T08:20:46.529,847.00,402.23,confirm_known_validation_mark,known-lightning,nearby_non_hal_context,co-iss-n1357028023,2001-01-01T08:02:04.157,BL1,0.38,18.71,59.69431
3,1357810970-0228,N1357810970,2001-01-10,2001-01-10T09:29:58.115,951.80,333.08,confirm_known_validation_mark,known-lightning,nearby_non_hal_context,co-iss-n1357810242,2001-01-10T09:18:54.928,MT3,3.2,11.05,171.27214
3,1357810970-0228,N1357810970,2001-01-10,2001-01-10T09:29:58.115,951.80,333.08,confirm_known_validation_mark,known-lightning,nearby_non_hal_context,co-iss-n1357810202,2001-01-10T09:18:16.620,MT2,1.5,11.69,85.63421
3,1357810970-0228,N1357810970,2001-01-10,2001-01-10T09:29:58.115,951.80,333.08,confirm_known_validation_mark,known-lightning,nearby_non_hal_context,co-iss-n1357810165,2001-01-10T09:17:40.225,CB2,1.2,12.30,85.63246
3,1357810970-0228,N1357810970,2001-01-10,2001-01-10T09:29:58.115,951.80,333.08,confirm_known_validation_mark,known-lightning,nearby_non_hal_context,co-iss-n1357810128,2001-01-10T09:17:03.661,BL1,0.46,12.91,85.63071
3,1357810970-0228,N1357810970,2001-01-10,2001-01-10T09:29:58.115,951.80,333.08,confirm_known_validation_mark,known-lightning,nearby_non_hal_context,co-iss-n1357809912,2001-01-10T09:13:24.930,MT3,3.2,16.55,171.24071
3,1357810970-0228,N1357810970,2001-01-10,2001-01-10T09:29:58.115,951.80,333.08,confirm_known_validation_mark,known-lightning,nearby_non_hal_context,co-iss-n1357809872,2001-01-10T09:12:46.622,MT2,1.5,17.19,85.61849
3,1357810970-0228,N1357810970,2001-01-10,2001-01-10T09:29:58.115,951.80,333.08,confirm_known_validation_mark,known-lightning,nearby_non_hal_context,co-iss-n1357809835,2001-01-10T09:12:10.231,CB2,1.2,17.80,85.61675
3,1357810970-0228,N1357810970,2001-01-10,2001-01-10T09:29:58.115,951.80,333.08,confirm_known_validation_mark,known-lightning,nearby_non_hal_context,co-iss-n1357809798,2001-01-10T09:11:33.663,BL1,0.46,18.41,85.61499
4,1357810970-0239,N1357810970,2001-01-10,2001-01-10T09:29:58.115,955.53,354.96,confirm_known_validation_mark,known-lightning,nearby_non_hal_context,co-iss-n1357810242,2001-01-10T09:18:54.928,MT3,3.2,11.05,171.27214
4,1357810970-0239,N1357810970,2001-01-10,2001-01-10T09:29:58.115,955.53,354.96,confirm_known_validation_mark,known-lightning,nearby_non_hal_context,co-iss-n1357810202,2001-01-10T09:18:16.620,MT2,1.5,11.69,85.63421
4,1357810970-0239,N1357810970,2001-01-10,2001-01-10T09:29:58.115,955.53,354.96,confirm_known_validation_mark,known-lightning,nearby_non_hal_context,co-iss-n1357810165,2001-01-10T09:17:40.225,CB2,1.2,12.30,85.63246
4,1357810970-0239,N1357810970,2001-01-10,2001-01-10T09:29:58.115,955.53,354.96,confirm_known_validation_mark,known-lightning,nearby_non_hal_context,co-iss-n1357810128,2001-01-10T09:17:03.661,BL1,0.46,12.91,85.63071
4,1357810970-0239,N1357810970,2001-01-10,2001-01-10T09:29:58.115,955.53,354.96,confirm_known_validation_mark,known-lightning,nearby_non_hal_context,co-iss-n1357809912,2001-01-10T09:13:24.930,MT3,3.2,16.55,171.24071
4,1357810970-0239,N1357810970,2001-01-10,2001-01-10T09:29:58.115,955.53,354.96,confirm_known_validation_mark,known-lightning,nearby_non_hal_context,co-iss-n1357809872,2001-01-10T09:12:46.622,MT2,1.5,17.19,85.61849
4,1357810970-0239,N1357810970,2001-01-10,2001-01-10T09:29:58.115,955.53,354.96,confirm_known_validation_mark,known-lightning,nearby_non_hal_context,co-iss-n1357809835,2001-01-10T09:12:10.231,CB2,1.2,17.80,85.61675
4,1357810970-0239,N1357810970,2001-01-10,2001-01-10T09:29:58.115,955.53,354.96,confirm_known_validation_mark,known-lightning,nearby_non_hal_context,co-iss-n1357809798,2001-01-10T09:11:33.663,BL1,0.46,18.41,85.61499
5,1357885387-0203,N1357885387,2001-01-11,2001-01-11T06:10:14.599,776.00,318.00,confirm_known_validation_mark,known-lightning,nearby_non_hal_context,co-iss-n1357884659,2001-01-11T05:59:11.412,MT3,3.2,11.05,178.48128
5,1357885387-0203,N1357885387,2001-01-11,2001-01-11T06:10:14.599,776.00,318.00,confirm_known_validation_mark,known-lightning,nearby_non_hal_context,co-iss-n1357884619,2001-01-11T05:58:33.105,MT2,1.5,11.69,89.23871
5,1357885387-0203,N1357885387,2001-01-11,2001-01-11T06:10:14.599,776.00,318.00,confirm_known_validation_mark,known-lightning,nearby_non_hal_context,co-iss-n1357884582,2001-01-11T05:57:56.710,CB2,1.2,12.30,89.23692
5,1357885387-0203,N1357885387,2001-01-11,2001-01-11T06:10:14.599,776.00,318.00,confirm_known_validation_mark,known-lightning,nearby_non_hal_context,co-iss-n1357884545,2001-01-11T05:57:20.145,BL1,0.46,12.91,89.2351
5,1357885387-0203,N1357885387,2001-01-11,2001-01-11T06:10:14.599,776.00,318.00,confirm_known_validation_mark,known-lightning,nearby_non_hal_context,co-iss-n1357884329,2001-01-11T05:53:41.415,MT3,3.2,16.55,178.4488
5,1357885387-0203,N1357885387,2001-01-11,2001-01-11T06:10:14.599,776.00,318.00,confirm_known_validation_mark,known-lightning,nearby_non_hal_context,co-iss-n1357884289,2001-01-11T05:53:03.107,MT2,1.5,17.19,89.22247
5,1357885387-0203,N1357885387,2001-01-11,2001-01-11T06:10:14.599,776.00,318.00,confirm_known_validation_mark,known-lightning,nearby_non_hal_context,co-iss-n1357884252,2001-01-11T05:52:26.716,CB2,1.2,17.80,89.22068
5,1357885387-0203,N1357885387,2001-01-11,2001-01-11T06:10:14.599,776.00,318.00,confirm_known_validation_mark,known-lightning,nearby_non_hal_context,co-iss-n1357884215,2001-01-11T05:51:50.148,BL1,0.46,18.41,89.21886
5,1357885387-0203,N1357885387,2001-01-11,2001-01-11T06:10:14.599,776.00,318.00,confirm_known_validation_mark,known-lightning,nearby_non_hal_context,co-iss-n1357886488,2001-01-11T06:29:43.032,BL1,0.56,19.47,89.33075
6,1357885387-0218,N1357885387,2001-01-11,2001-01-11T06:10:14.599,769.65,339.50,confirm_known_validation_mark,known-lightning,nearby_non_hal_context,co-iss-n1357884659,2001-01-11T05:59:11.412,MT3,3.2,11.05,178.48128
6,1357885387-0218,N1357885387,2001-01-11,2001-01-11T06:10:14.599,769.65,339.50,confirm_known_validation_mark,known-lightning,nearby_non_hal_context,co-iss-n1357884619,2001-01-11T05:58:33.105,MT2,1.5,11.69,89.23871
6,1357885387-0218,N1357885387,2001-01-11,2001-01-11T06:10:14.599,769.65,339.50,confirm_known_validation_mark,known-lightning,nearby_non_hal_context,co-iss-n1357884582,2001-01-11T05:57:56.710,CB2,1.2,12.30,89.23692
6,1357885387-0218,N1357885387,2001-01-11,2001-01-11T06:10:14.599,769.65,339.50,confirm_known_validation_mark,known-lightning,nearby_non_hal_context,co-iss-n1357884545,2001-01-11T05:57:20.145,BL1,0.46,12.91,89.2351
6,1357885387-0218,N1357885387,2001-01-11,2001-01-11T06:10:14.599,769.65,339.50,confirm_known_validation_mark,known-lightning,nearby_non_hal_context,co-iss-n1357884329,2001-01-11T05:53:41.415,MT3,3.2,16.55,178.4488
6,1357885387-0218,N1357885387,2001-01-11,2001-01-11T06:10:14.599,769.65,339.50,confirm_known_validation_mark,known-lightning,nearby_non_hal_context,co-iss-n1357884289,2001-01-11T05:53:03.107,MT2,1.5,17.19,89.22247
6,1357885387-0218,N1357885387,2001-01-11,2001-01-11T06:10:14.599,769.65,339.50,confirm_known_validation_mark,known-lightning,nearby_non_hal_context,co-iss-n1357884252,2001-01-11T05:52:26.716,CB2,1.2,17.80,89.22068
6,1357885387-0218,N1357885387,2001-01-11,2001-01-11T06:10:14.599,769.65,339.50,confirm_known_validation_mark,known-lightning,nearby_non_hal_context,co-iss-n1357884215,2001-01-11T05:51:50.148,BL1,0.46,18.41,89.21886
6,1357885387-0218,N1357885387,2001-01-11,2001-01-11T06:10:14.599,769.65,339.50,confirm_known_validation_mark,known-lightning,nearby_non_hal_context,co-iss-n1357886488,2001-01-11T06:29:43.032,BL1,0.56,19.47,89.33075
7,1356990399-0202,N1356990399,2000-12-31,2000-12-31T21:34:28.797,402.62,656.20,priority_temporal_review,uncertain,nearby_non_hal_context,co-iss-n1356990109,2000-12-31T21:30:07.607,MT3,3.2,4.35,118.57338
7,1356990399-0202,N1356990399,2000-12-31,2000-12-31T21:34:28.797,402.62,656.20,priority_temporal_review,uncertain,nearby_non_hal_context,co-iss-n1356990069,2000-12-31T21:29:29.300,MT2,1.5,4.99,59.28632
7,1356990399-0202,N1356990399,2000-12-31,2000-12-31T21:34:28.797,402.62,656.20,priority_temporal_review,uncertain,nearby_non_hal_context,co-iss-n1356990032,2000-12-31T21:28:52.904,CB2,1.2,5.60,59.28598
7,1356990399-0202,N1356990399,2000-12-31,2000-12-31T21:34:28.797,402.62,656.20,priority_temporal_review,uncertain,nearby_non_hal_context,co-iss-n1356989995,2000-12-31T21:28:16.420,BL1,0.38,6.21,59.28563
7,1356990399-0202,N1356990399,2000-12-31,2000-12-31T21:34:28.797,402.62,656.20,priority_temporal_review,uncertain,nearby_non_hal_context,co-iss-n1356989779,2000-12-31T21:24:38.209,MT3,2.6,9.84,118.56719
7,1356990399-0202,N1356990399,2000-12-31,2000-12-31T21:34:28.797,402.62,656.20,priority_temporal_review,uncertain,nearby_non_hal_context,co-iss-n1356989739,2000-12-31T21:23:59.302,MT2,1.5,10.49,59.28322
7,1356990399-0202,N1356990399,2000-12-31,2000-12-31T21:34:28.797,402.62,656.20,priority_temporal_review,uncertain,nearby_non_hal_context,co-iss-n1356989702,2000-12-31T21:23:22.915,CB2,1,11.10,59.28288
7,1356990399-0202,N1356990399,2000-12-31,2000-12-31T21:34:28.797,402.62,656.20,priority_temporal_review,uncertain,nearby_non_hal_context,co-iss-n1356989665,2000-12-31T21:22:46.422,BL1,0.38,11.71,59.28254
7,1356990399-0202,N1356990399,2000-12-31,2000-12-31T21:34:28.797,402.62,656.20,priority_temporal_review,uncertain,nearby_non_hal_context,co-iss-n1356989405,2000-12-31T21:18:23.612,MT3,3.2,16.09,118.56018
7,1356990399-0202,N1356990399,2000-12-31,2000-12-31T21:34:28.797,402.62,656.20,priority_temporal_review,uncertain,nearby_non_hal_context,co-iss-n1356989365,2000-12-31T21:17:45.304,MT2,1.5,16.72,59.27973
7,1356990399-0202,N1356990399,2000-12-31,2000-12-31T21:34:28.797,402.62,656.20,priority_temporal_review,uncertain,nearby_non_hal_context,co-iss-n1356989328,2000-12-31T21:17:08.933,CB2,1.2,17.33,59.27939
7,1356990399-0202,N1356990399,2000-12-31,2000-12-31T21:34:28.797,402.62,656.20,priority_temporal_review,uncertain,nearby_non_hal_context,co-iss-n1356989295,2000-12-31T21:16:36.364,BL1,0.46,17.87,59.27908
8,1356976983-0161,N1356976983,2000-12-31,2000-12-31T17:50:52.890,62.82,480.68,priority_temporal_review,uncertain,nearby_non_hal_context,co-iss-n1356976693,2000-12-31T17:46:31.700,MT3,3.2,4.35,118.33433
8,1356976983-0161,N1356976983,2000-12-31,2000-12-31T17:50:52.890,62.82,480.68,priority_temporal_review,uncertain,nearby_non_hal_context,co-iss-n1356976653,2000-12-31T17:45:53.392,MT2,1.5,4.99,59.16683
8,1356976983-0161,N1356976983,2000-12-31,2000-12-31T17:50:52.890,62.82,480.68,priority_temporal_review,uncertain,nearby_non_hal_context,co-iss-n1356976616,2000-12-31T17:45:17.001,CB2,1.2,5.60,59.16653
8,1356976983-0161,N1356976983,2000-12-31,2000-12-31T17:50:52.890,62.82,480.68,priority_temporal_review,uncertain,nearby_non_hal_context,co-iss-n1356976579,2000-12-31T17:44:40.513,BL1,0.38,6.21,59.16622
8,1356976983-0161,N1356976983,2000-12-31,2000-12-31T17:50:52.890,62.82,480.68,priority_temporal_review,uncertain,nearby_non_hal_context,co-iss-n1356976363,2000-12-31T17:41:02.302,MT3,2.6,9.84,118.32878
8,1356976983-0161,N1356976983,2000-12-31,2000-12-31T17:50:52.890,62.82,480.68,priority_temporal_review,uncertain,nearby_non_hal_context,co-iss-n1356976323,2000-12-31T17:40:23.395,MT2,1.5,10.49,59.16406
8,1356976983-0161,N1356976983,2000-12-31,2000-12-31T17:50:52.890,62.82,480.68,priority_temporal_review,uncertain,nearby_non_hal_context,co-iss-n1356976286,2000-12-31T17:39:47.008,CB2,1,11.10,59.16375
8,1356976983-0161,N1356976983,2000-12-31,2000-12-31T17:50:52.890,62.82,480.68,priority_temporal_review,uncertain,nearby_non_hal_context,co-iss-n1356976249,2000-12-31T17:39:10.515,BL1,0.38,11.71,59.16344
8,1356976983-0161,N1356976983,2000-12-31,2000-12-31T17:50:52.890,62.82,480.68,priority_temporal_review,uncertain,nearby_non_hal_context,co-iss-n1356975989,2000-12-31T17:34:47.705,MT3,3.2,16.09,118.32251
8,1356976983-0161,N1356976983,2000-12-31,2000-12-31T17:50:52.890,62.82,480.68,priority_temporal_review,uncertain,nearby_non_hal_context,co-iss-n1356975949,2000-12-31T17:34:09.397,MT2,1.5,16.72,59.16093
8,1356976983-0161,N1356976983,2000-12-31,2000-12-31T17:50:52.890,62.82,480.68,priority_temporal_review,uncertain,nearby_non_hal_context,co-iss-n1356975912,2000-12-31T17:33:33.030,CB2,1.2,17.33,59.16062
8,1356976983-0161,N1356976983,2000-12-31,2000-12-31T17:50:52.890,62.82,480.68,priority_temporal_review,uncertain,nearby_non_hal_context,co-iss-n1356975879,2000-12-31T17:33:00.457,BL1,0.46,17.87,59.16034
9,1356990399-0080,N1356990399,2000-12-31,2000-12-31T21:34:28.797,900.63,316.07,priority_temporal_review,uncertain,nearby_non_hal_context,co-iss-n1356990109,2000-12-31T21:30:07.607,MT3,3.2,4.35,118.57338
9,1356990399-0080,N1356990399,2000-12-31,2000-12-31T21:34:28.797,900.63,316.07,priority_temporal_review,uncertain,nearby_non_hal_context,co-iss-n1356990069,2000-12-31T21:29:29.300,MT2,1.5,4.99,59.28632
9,1356990399-0080,N1356990399,2000-12-31,2000-12-31T21:34:28.797,900.63,316.07,priority_temporal_review,uncertain,nearby_non_hal_context,co-iss-n1356990032,2000-12-31T21:28:52.904,CB2,1.2,5.60,59.28598
9,1356990399-0080,N1356990399,2000-12-31,2000-12-31T21:34:28.797,900.63,316.07,priority_temporal_review,uncertain,nearby_non_hal_context,co-iss-n1356989995,2000-12-31T21:28:16.420,BL1,0.38,6.21,59.28563
9,1356990399-0080,N1356990399,2000-12-31,2000-12-31T21:34:28.797,900.63,316.07,priority_temporal_review,uncertain,nearby_non_hal_context,co-iss-n1356989779,2000-12-31T21:24:38.209,MT3,2.6,9.84,118.56719
9,1356990399-0080,N1356990399,2000-12-31,2000-12-31T21:34:28.797,900.63,316.07,priority_temporal_review,uncertain,nearby_non_hal_context,co-iss-n1356989739,2000-12-31T21:23:59.302,MT2,1.5,10.49,59.28322
9,1356990399-0080,N1356990399,2000-12-31,2000-12-31T21:34:28.797,900.63,316.07,priority_temporal_review,uncertain,nearby_non_hal_context,co-iss-n1356989702,2000-12-31T21:23:22.915,CB2,1,11.10,59.28288
9,1356990399-0080,N1356990399,2000-12-31,2000-12-31T21:34:28.797,900.63,316.07,priority_temporal_review,uncertain,nearby_non_hal_context,co-iss-n1356989665,2000-12-31T21:22:46.422,BL1,0.38,11.71,59.28254
9,1356990399-0080,N1356990399,2000-12-31,2000-12-31T21:34:28.797,900.63,316.07,priority_temporal_review,uncertain,nearby_non_hal_context,co-iss-n1356989405,2000-12-31T21:18:23.612,MT3,3.2,16.09,118.56018
9,1356990399-0080,N1356990399,2000-12-31,2000-12-31T21:34:28.797,900.63,316.07,priority_temporal_review,uncertain,nearby_non_hal_context,co-iss-n1356989365,2000-12-31T21:17:45.304,MT2,1.5,16.72,59.27973
9,1356990399-0080,N1356990399,2000-12-31,2000-12-31T21:34:28.797,900.63,316.07,priority_temporal_review,uncertain,nearby_non_hal_context,co-iss-n1356989328,2000-12-31T21:17:08.933,CB2,1.2,17.33,59.27939
9,1356990399-0080,N1356990399,2000-12-31,2000-12-31T21:34:28.797,900.63,316.07,priority_temporal_review,uncertain,nearby_non_hal_context,co-iss-n1356989295,2000-12-31T21:16:36.364,BL1,0.46,17.87,59.27908
10,1356985927-0141,N1356985927,2000-12-31,2000-12-31T20:19:56.828,730.33,432.12,priority_temporal_review,uncertain,nearby_non_hal_context,co-iss-n1356985637,2000-12-31T20:15:35.638,MT3,3.2,4.35,118.4908
10,1356985927-0141,N1356985927,2000-12-31,2000-12-31T20:19:56.828,730.33,432.12,priority_temporal_review,uncertain,nearby_non_hal_context,co-iss-n1356985597,2000-12-31T20:14:57.331,MT2,1.5,4.99,59.24504
10,1356985927-0141,N1356985927,2000-12-31,2000-12-31T20:19:56.828,730.33,432.12,priority_temporal_review,uncertain,nearby_non_hal_context,co-iss-n1356985193,2000-12-31T20:08:14.453,BL1,0.38,11.71,59.24139
10,1356985927-0141,N1356985927,2000-12-31,2000-12-31T20:19:56.828,730.33,432.12,priority_temporal_review,uncertain,nearby_non_hal_context,co-iss-n1356984933,2000-12-31T20:03:51.643,MT3,3.2,16.09,118.47806
10,1356985927-0141,N1356985927,2000-12-31,2000-12-31T20:19:56.828,730.33,432.12,priority_temporal_review,uncertain,nearby_non_hal_context,co-iss-n1356984893,2000-12-31T20:03:13.335,MT2,1.5,16.72,59.23868
10,1356985927-0141,N1356985927,2000-12-31,2000-12-31T20:19:56.828,730.33,432.12,priority_temporal_review,uncertain,nearby_non_hal_context,co-iss-n1356984856,2000-12-31T20:02:36.968,CB2,1.2,17.33,59.23835
10,1356985927-0141,N1356985927,2000-12-31,2000-12-31T20:19:56.828,730.33,432.12,priority_temporal_review,uncertain,nearby_non_hal_context,co-iss-n1356984823,2000-12-31T20:02:04.395,BL1,0.46,17.87,59.23805
11,1356985927-0245,N1356985927,2000-12-31,2000-12-31T20:19:56.828,612.58,709.56,priority_temporal_review,uncertain,nearby_non_hal_context,co-iss-n1356985637,2000-12-31T20:15:35.638,MT3,3.2,4.35,118.4908
11,1356985927-0245,N1356985927,2000-12-31,2000-12-31T20:19:56.828,612.58,709.56,priority_temporal_review,uncertain,nearby_non_hal_context,co-iss-n1356985597,2000-12-31T20:14:57.331,MT2,1.5,4.99,59.24504
11,1356985927-0245,N1356985927,2000-12-31,2000-12-31T20:19:56.828,612.58,709.56,priority_temporal_review,uncertain,nearby_non_hal_context,co-iss-n1356985193,2000-12-31T20:08:14.453,BL1,0.38,11.71,59.24139
11,1356985927-0245,N1356985927,2000-12-31,2000-12-31T20:19:56.828,612.58,709.56,priority_temporal_review,uncertain,nearby_non_hal_context,co-iss-n1356984933,2000-12-31T20:03:51.643,MT3,3.2,16.09,118.47806
11,1356985927-0245,N1356985927,2000-12-31,2000-12-31T20:19:56.828,612.58,709.56,priority_temporal_review,uncertain,nearby_non_hal_context,co-iss-n1356984893,2000-12-31T20:03:13.335,MT2,1.5,16.72,59.23868
11,1356985927-0245,N1356985927,2000-12-31,2000-12-31T20:19:56.828,612.58,709.56,priority_temporal_review,uncertain,nearby_non_hal_context,co-iss-n1356984856,2000-12-31T20:02:36.968,CB2,1.2,17.33,59.23835
11,1356985927-0245,N1356985927,2000-12-31,2000-12-31T20:19:56.828,612.58,709.56,priority_temporal_review,uncertain,nearby_non_hal_context,co-iss-n1356984823,2000-12-31T20:02:04.395,BL1,0.46,17.87,59.23805
12,1356985927-0162,N1356985927,2000-12-31,2000-12-31T20:19:56.828,835.23,498.82,priority_temporal_review,uncertain,nearby_non_hal_context,co-iss-n1356985637,2000-12-31T20:15:35.638,MT3,3.2,4.35,118.4908
12,1356985927-0162,N1356985927,2000-12-31,2000-12-31T20:19:56.828,835.23,498.82,priority_temporal_review,uncertain,nearby_non_hal_context,co-iss-n1356985597,2000-12-31T20:14:57.331,MT2,1.5,4.99,59.24504
12,1356985927-0162,N1356985927,2000-12-31,2000-12-31T20:19:56.828,835.23,498.82,priority_temporal_review,uncertain,nearby_non_hal_context,co-iss-n1356985193,2000-12-31T20:08:14.453,BL1,0.38,11.71,59.24139
12,1356985927-0162,N1356985927,2000-12-31,2000-12-31T20:19:56.828,835.23,498.82,priority_temporal_review,uncertain,nearby_non_hal_context,co-iss-n1356984933,2000-12-31T20:03:51.643,MT3,3.2,16.09,118.47806
12,1356985927-0162,N1356985927,2000-12-31,2000-12-31T20:19:56.828,835.23,498.82,priority_temporal_review,uncertain,nearby_non_hal_context,co-iss-n1356984893,2000-12-31T20:03:13.335,MT2,1.5,16.72,59.23868
12,1356985927-0162,N1356985927,2000-12-31,2000-12-31T20:19:56.828,835.23,498.82,priority_temporal_review,uncertain,nearby_non_hal_context,co-iss-n1356984856,2000-12-31T20:02:36.968,CB2,1.2,17.33,59.23835
12,1356985927-0162,N1356985927,2000-12-31,2000-12-31T20:19:56.828,835.23,498.82,priority_temporal_review,uncertain,nearby_non_hal_context,co-iss-n1356984823,2000-12-31T20:02:04.395,BL1,0.46,17.87,59.23805
13,1356990399-0013,N1356990399,2000-12-31,2000-12-31T21:34:28.797,626.28,57.49,priority_temporal_review,uncertain,nearby_non_hal_context,co-iss-n1356990109,2000-12-31T21:30:07.607,MT3,3.2,4.35,118.57338
13,1356990399-0013,N1356990399,2000-12-31,2000-12-31T21:34:28.797,626.28,57.49,priority_temporal_review,uncertain,nearby_non_hal_context,co-iss-n1356990069,2000-12-31T21:29:29.300,MT2,1.5,4.99,59.28632
13,1356990399-0013,N1356990399,2000-12-31,2000-12-31T21:34:28.797,626.28,57.49,priority_temporal_review,uncertain,nearby_non_hal_context,co-iss-n1356990032,2000-12-31T21:28:52.904,CB2,1.2,5.60,59.28598
13,1356990399-0013,N1356990399,2000-12-31,2000-12-31T21:34:28.797,626.28,57.49,priority_temporal_review,uncertain,nearby_non_hal_context,co-iss-n1356989995,2000-12-31T21:28:16.420,BL1,0.38,6.21,59.28563
13,1356990399-0013,N1356990399,2000-12-31,2000-12-31T21:34:28.797,626.28,57.49,priority_temporal_review,uncertain,nearby_non_hal_context,co-iss-n1356989779,2000-12-31T21:24:38.209,MT3,2.6,9.84,118.56719
13,1356990399-0013,N1356990399,2000-12-31,2000-12-31T21:34:28.797,626.28,57.49,priority_temporal_review,uncertain,nearby_non_hal_context,co-iss-n1356989739,2000-12-31T21:23:59.302,MT2,1.5,10.49,59.28322
13,1356990399-0013,N1356990399,2000-12-31,2000-12-31T21:34:28.797,626.28,57.49,priority_temporal_review,uncertain,nearby_non_hal_context,co-iss-n1356989702,2000-12-31T21:23:22.915,CB2,1,11.10,59.28288
13,1356990399-0013,N1356990399,2000-12-31,2000-12-31T21:34:28.797,626.28,57.49,priority_temporal_review,uncertain,nearby_non_hal_context,co-iss-n1356989665,2000-12-31T21:22:46.422,BL1,0.38,11.71,59.28254
13,1356990399-0013,N1356990399,2000-12-31,2000-12-31T21:34:28.797,626.28,57.49,priority_temporal_review,uncertain,nearby_non_hal_context,co-iss-n1356989405,2000-12-31T21:18:23.612,MT3,3.2,16.09,118.56018
13,1356990399-0013,N1356990399,2000-12-31,2000-12-31T21:34:28.797,626.28,57.49,priority_temporal_review,uncertain,nearby_non_hal_context,co-iss-n1356989365,2000-12-31T21:17:45.304,MT2,1.5,16.72,59.27973
13,1356990399-0013,N1356990399,2000-12-31,2000-12-31T21:34:28.797,626.28,57.49,priority_temporal_review,uncertain,nearby_non_hal_context,co-iss-n1356989328,2000-12-31T21:17:08.933,CB2,1.2,17.33,59.27939
13,1356990399-0013,N1356990399,2000-12-31,2000-12-31T21:34:28.797,626.28,57.49,priority_temporal_review,uncertain,nearby_non_hal_context,co-iss-n1356989295,2000-12-31T21:16:36.364,BL1,0.46,17.87,59.27908
14,1356985927-0123,N1356985927,2000-12-31,2000-12-31T20:19:56.828,515.70,403.81,priority_temporal_review,uncertain,nearby_non_hal_context,co-iss-n1356985637,2000-12-31T20:15:35.638,MT3,3.2,4.35,118.4908
14,1356985927-0123,N1356985927,2000-12-31,2000-12-31T20:19:56.828,515.70,403.81,priority_temporal_review,uncertain,nearby_non_hal_context,co-iss-n1356985597,2000-12-31T20:14:57.331,MT2,1.5,4.99,59.24504
14,1356985927-0123,N1356985927,2000-12-31,2000-12-31T20:19:56.828,515.70,403.81,priority_temporal_review,uncertain,nearby_non_hal_context,co-iss-n1356985193,2000-12-31T20:08:14.453,BL1,0.38,11.71,59.24139
14,1356985927-0123,N1356985927,2000-12-31,2000-12-31T20:19:56.828,515.70,403.81,priority_temporal_review,uncertain,nearby_non_hal_context,co-iss-n1356984933,2000-12-31T20:03:51.643,MT3,3.2,16.09,118.47806
14,1356985927-0123,N1356985927,2000-12-31,2000-12-31T20:19:56.828,515.70,403.81,priority_temporal_review,uncertain,nearby_non_hal_context,co-iss-n1356984893,2000-12-31T20:03:13.335,MT2,1.5,16.72,59.23868
14,1356985927-0123,N1356985927,2000-12-31,2000-12-31T20:19:56.828,515.70,403.81,priority_temporal_review,uncertain,nearby_non_hal_context,co-iss-n1356984856,2000-12-31T20:02:36.968,CB2,1.2,17.33,59.23835
14,1356985927-0123,N1356985927,2000-12-31,2000-12-31T20:19:56.828,515.70,403.81,priority_temporal_review,uncertain,nearby_non_hal_context,co-iss-n1356984823,2000-12-31T20:02:04.395,BL1,0.46,17.87,59.23805
15,1356990399-0030,N1356990399,2000-12-31,2000-12-31T21:34:28.797,445.85,114.86,priority_temporal_review,uncertain,nearby_non_hal_context,co-iss-n1356990109,2000-12-31T21:30:07.607,MT3,3.2,4.35,118.57338
15,1356990399-0030,N1356990399,2000-12-31,2000-12-31T21:34:28.797,445.85,114.86,priority_temporal_review,uncertain,nearby_non_hal_context,co-iss-n1356990069,2000-12-31T21:29:29.300,MT2,1.5,4.99,59.28632
15,1356990399-0030,N1356990399,2000-12-31,2000-12-31T21:34:28.797,445.85,114.86,priority_temporal_review,uncertain,nearby_non_hal_context,co-iss-n1356990032,2000-12-31T21:28:52.904,CB2,1.2,5.60,59.28598
15,1356990399-0030,N1356990399,2000-12-31,2000-12-31T21:34:28.797,445.85,114.86,priority_temporal_review,uncertain,nearby_non_hal_context,co-iss-n1356989995,2000-12-31T21:28:16.420,BL1,0.38,6.21,59.28563
15,1356990399-0030,N1356990399,2000-12-31,2000-12-31T21:34:28.797,445.85,114.86,priority_temporal_review,uncertain,nearby_non_hal_context,co-iss-n1356989779,2000-12-31T21:24:38.209,MT3,2.6,9.84,118.56719
15,1356990399-0030,N1356990399,2000-12-31,2000-12-31T21:34:28.797,445.85,114.86,priority_temporal_review,uncertain,nearby_non_hal_context,co-iss-n1356989739,2000-12-31T21:23:59.302,MT2,1.5,10.49,59.28322
15,1356990399-0030,N1356990399,2000-12-31,2000-12-31T21:34:28.797,445.85,114.86,priority_temporal_review,uncertain,nearby_non_hal_context,co-iss-n1356989702,2000-12-31T21:23:22.915,CB2,1,11.10,59.28288
15,1356990399-0030,N1356990399,2000-12-31,2000-12-31T21:34:28.797,445.85,114.86,priority_temporal_review,uncertain,nearby_non_hal_context,co-iss-n1356989665,2000-12-31T21:22:46.422,BL1,0.38,11.71,59.28254
15,1356990399-0030,N1356990399,2000-12-31,2000-12-31T21:34:28.797,445.85,114.86,priority_temporal_review,uncertain,nearby_non_hal_context,co-iss-n1356989405,2000-12-31T21:18:23.612,MT3,3.2,16.09,118.56018
15,1356990399-0030,N1356990399,2000-12-31,2000-12-31T21:34:28.797,445.85,114.86,priority_temporal_review,uncertain,nearby_non_hal_context,co-iss-n1356989365,2000-12-31T21:17:45.304,MT2,1.5,16.72,59.27973
15,1356990399-0030,N1356990399,2000-12-31,2000-12-31T21:34:28.797,445.85,114.86,priority_temporal_review,uncertain,nearby_non_hal_context,co-iss-n1356989328,2000-12-31T21:17:08.933,CB2,1.2,17.33,59.27939
15,1356990399-0030,N1356990399,2000-12-31,2000-12-31T21:34:28.797,445.85,114.86,priority_temporal_review,uncertain,nearby_non_hal_context,co-iss-n1356989295,2000-12-31T21:16:36.364,BL1,0.46,17.87,59.27908
16,1356976983-0147,N1356976983,2000-12-31,2000-12-31T17:50:52.890,718.12,439.44,priority_temporal_review,uncertain,nearby_non_hal_context,co-iss-n1356976693,2000-12-31T17:46:31.700,MT3,3.2,4.35,118.33433
16,1356976983-0147,N1356976983,2000-12-31,2000-12-31T17:50:52.890,718.12,439.44,priority_temporal_review,uncertain,nearby_non_hal_context,co-iss-n1356976653,2000-12-31T17:45:53.392,MT2,1.5,4.99,59.16683
16,1356976983-0147,N1356976983,2000-12-31,2000-12-31T17:50:52.890,718.12,439.44,priority_temporal_review,uncertain,nearby_non_hal_context,co-iss-n1356976616,2000-12-31T17:45:17.001,CB2,1.2,5.60,59.16653
16,1356976983-0147,N1356976983,2000-12-31,2000-12-31T17:50:52.890,718.12,439.44,priority_temporal_review,uncertain,nearby_non_hal_context,co-iss-n1356976579,2000-12-31T17:44:40.513,BL1,0.38,6.21,59.16622
16,1356976983-0147,N1356976983,2000-12-31,2000-12-31T17:50:52.890,718.12,439.44,priority_temporal_review,uncertain,nearby_non_hal_context,co-iss-n1356976363,2000-12-31T17:41:02.302,MT3,2.6,9.84,118.32878
16,1356976983-0147,N1356976983,2000-12-31,2000-12-31T17:50:52.890,718.12,439.44,priority_temporal_review,uncertain,nearby_non_hal_context,co-iss-n1356976323,2000-12-31T17:40:23.395,MT2,1.5,10.49,59.16406
16,1356976983-0147,N1356976983,2000-12-31,2000-12-31T17:50:52.890,718.12,439.44,priority_temporal_review,uncertain,nearby_non_hal_context,co-iss-n1356976286,2000-12-31T17:39:47.008,CB2,1,11.10,59.16375
16,1356976983-0147,N1356976983,2000-12-31,2000-12-31T17:50:52.890,718.12,439.44,priority_temporal_review,uncertain,nearby_non_hal_context,co-iss-n1356976249,2000-12-31T17:39:10.515,BL1,0.38,11.71,59.16344
16,1356976983-0147,N1356976983,2000-12-31,2000-12-31T17:50:52.890,718.12,439.44,priority_temporal_review,uncertain,nearby_non_hal_context,co-iss-n1356975989,2000-12-31T17:34:47.705,MT3,3.2,16.09,118.32251
16,1356976983-0147,N1356976983,2000-12-31,2000-12-31T17:50:52.890,718.12,439.44,priority_temporal_review,uncertain,nearby_non_hal_context,co-iss-n1356975949,2000-12-31T17:34:09.397,MT2,1.5,16.72,59.16093
16,1356976983-0147,N1356976983,2000-12-31,2000-12-31T17:50:52.890,718.12,439.44,priority_temporal_review,uncertain,nearby_non_hal_context,co-iss-n1356975912,2000-12-31T17:33:33.030,CB2,1.2,17.33,59.16062
16,1356976983-0147,N1356976983,2000-12-31,2000-12-31T17:50:52.890,718.12,439.44,priority_temporal_review,uncertain,nearby_non_hal_context,co-iss-n1356975879,2000-12-31T17:33:00.457,BL1,0.46,17.87,59.16034
17,1356990399-0193,N1356990399,2000-12-31,2000-12-31T21:34:28.797,744.43,625.61,priority_temporal_review,uncertain,nearby_non_hal_context,co-iss-n1356990109,2000-12-31T21:30:07.607,MT3,3.2,4.35,118.57338
17,1356990399-0193,N1356990399,2000-12-31,2000-12-31T21:34:28.797,744.43,625.61,priority_temporal_review,uncertain,nearby_non_hal_context,co-iss-n1356990069,2000-12-31T21:29:29.300,MT2,1.5,4.99,59.28632
17,1356990399-0193,N1356990399,2000-12-31,2000-12-31T21:34:28.797,744.43,625.61,priority_temporal_review,uncertain,nearby_non_hal_context,co-iss-n1356990032,2000-12-31T21:28:52.904,CB2,1.2,5.60,59.28598
17,1356990399-0193,N1356990399,2000-12-31,2000-12-31T21:34:28.797,744.43,625.61,priority_temporal_review,uncertain,nearby_non_hal_context,co-iss-n1356989995,2000-12-31T21:28:16.420,BL1,0.38,6.21,59.28563
17,1356990399-0193,N1356990399,2000-12-31,2000-12-31T21:34:28.797,744.43,625.61,priority_temporal_review,uncertain,nearby_non_hal_context,co-iss-n1356989779,2000-12-31T21:24:38.209,MT3,2.6,9.84,118.56719
17,1356990399-0193,N1356990399,2000-12-31,2000-12-31T21:34:28.797,744.43,625.61,priority_temporal_review,uncertain,nearby_non_hal_context,co-iss-n1356989739,2000-12-31T21:23:59.302,MT2,1.5,10.49,59.28322
17,1356990399-0193,N1356990399,2000-12-31,2000-12-31T21:34:28.797,744.43,625.61,priority_temporal_review,uncertain,nearby_non_hal_context,co-iss-n1356989702,2000-12-31T21:23:22.915,CB2,1,11.10,59.28288
17,1356990399-0193,N1356990399,2000-12-31,2000-12-31T21:34:28.797,744.43,625.61,priority_temporal_review,uncertain,nearby_non_hal_context,co-iss-n1356989665,2000-12-31T21:22:46.422,BL1,0.38,11.71,59.28254
17,1356990399-0193,N1356990399,2000-12-31,2000-12-31T21:34:28.797,744.43,625.61,priority_temporal_review,uncertain,nearby_non_hal_context,co-iss-n1356989405,2000-12-31T21:18:23.612,MT3,3.2,16.09,118.56018
17,1356990399-0193,N1356990399,2000-12-31,2000-12-31T21:34:28.797,744.43,625.61,priority_temporal_review,uncertain,nearby_non_hal_context,co-iss-n1356989365,2000-12-31T21:17:45.304,MT2,1.5,16.72,59.27973
17,1356990399-0193,N1356990399,2000-12-31,2000-12-31T21:34:28.797,744.43,625.61,priority_temporal_review,uncertain,nearby_non_hal_context,co-iss-n1356989328,2000-12-31T21:17:08.933,CB2,1.2,17.33,59.27939
17,1356990399-0193,N1356990399,2000-12-31,2000-12-31T21:34:28.797,744.43,625.61,priority_temporal_review,uncertain,nearby_non_hal_context,co-iss-n1356989295,2000-12-31T21:16:36.364,BL1,0.46,17.87,59.27908
18,1356990399-0086,N1356990399,2000-12-31,2000-12-31T21:34:28.797,647.43,332.24,priority_temporal_review,uncertain,nearby_non_hal_context,co-iss-n1356990109,2000-12-31T21:30:07.607,MT3,3.2,4.35,118.57338
18,1356990399-0086,N1356990399,2000-12-31,2000-12-31T21:34:28.797,647.43,332.24,priority_temporal_review,uncertain,nearby_non_hal_context,co-iss-n1356990069,2000-12-31T21:29:29.300,MT2,1.5,4.99,59.28632
18,1356990399-0086,N1356990399,2000-12-31,2000-12-31T21:34:28.797,647.43,332.24,priority_temporal_review,uncertain,nearby_non_hal_context,co-iss-n1356990032,2000-12-31T21:28:52.904,CB2,1.2,5.60,59.28598
18,1356990399-0086,N1356990399,2000-12-31,2000-12-31T21:34:28.797,647.43,332.24,priority_temporal_review,uncertain,nearby_non_hal_context,co-iss-n1356989995,2000-12-31T21:28:16.420,BL1,0.38,6.21,59.28563
18,1356990399-0086,N1356990399,2000-12-31,2000-12-31T21:34:28.797,647.43,332.24,priority_temporal_review,uncertain,nearby_non_hal_context,co-iss-n1356989779,2000-12-31T21:24:38.209,MT3,2.6,9.84,118.56719
18,1356990399-0086,N1356990399,2000-12-31,2000-12-31T21:34:28.797,647.43,332.24,priority_temporal_review,uncertain,nearby_non_hal_context,co-iss-n1356989739,2000-12-31T21:23:59.302,MT2,1.5,10.49,59.28322
18,1356990399-0086,N1356990399,2000-12-31,2000-12-31T21:34:28.797,647.43,332.24,priority_temporal_review,uncertain,nearby_non_hal_context,co-iss-n1356989702,2000-12-31T21:23:22.915,CB2,1,11.10,59.28288
18,1356990399-0086,N1356990399,2000-12-31,2000-12-31T21:34:28.797,647.43,332.24,priority_temporal_review,uncertain,nearby_non_hal_context,co-iss-n1356989665,2000-12-31T21:22:46.422,BL1,0.38,11.71,59.28254
18,1356990399-0086,N1356990399,2000-12-31,2000-12-31T21:34:28.797,647.43,332.24,priority_temporal_review,uncertain,nearby_non_hal_context,co-iss-n1356989405,2000-12-31T21:18:23.612,MT3,3.2,16.09,118.56018
18,1356990399-0086,N1356990399,2000-12-31,2000-12-31T21:34:28.797,647.43,332.24,priority_temporal_review,uncertain,nearby_non_hal_context,co-iss-n1356989365,2000-12-31T21:17:45.304,MT2,1.5,16.72,59.27973
18,1356990399-0086,N1356990399,2000-12-31,2000-12-31T21:34:28.797,647.43,332.24,priority_temporal_review,uncertain,nearby_non_hal_context,co-iss-n1356989328,2000-12-31T21:17:08.933,CB2,1.2,17.33,59.27939
18,1356990399-0086,N1356990399,2000-12-31,2000-12-31T21:34:28.797,647.43,332.24,priority_temporal_review,uncertain,nearby_non_hal_context,co-iss-n1356989295,2000-12-31T21:16:36.364,BL1,0.46,17.87,59.27908
19,1356990399-0056,N1356990399,2000-12-31,2000-12-31T21:34:28.797,218.44,234.51,priority_temporal_review,uncertain,nearby_non_hal_context,co-iss-n1356990109,2000-12-31T21:30:07.607,MT3,3.2,4.35,118.57338
19,1356990399-0056,N1356990399,2000-12-31,2000-12-31T21:34:28.797,218.44,234.51,priority_temporal_review,uncertain,nearby_non_hal_context,co-iss-n1356990069,2000-12-31T21:29:29.300,MT2,1.5,4.99,59.28632
19,1356990399-0056,N1356990399,2000-12-31,2000-12-31T21:34:28.797,218.44,234.51,priority_temporal_review,uncertain,nearby_non_hal_context,co-iss-n1356990032,2000-12-31T21:28:52.904,CB2,1.2,5.60,59.28598
19,1356990399-0056,N1356990399,2000-12-31,2000-12-31T21:34:28.797,218.44,234.51,priority_temporal_review,uncertain,nearby_non_hal_context,co-iss-n1356989995,2000-12-31T21:28:16.420,BL1,0.38,6.21,59.28563
19,1356990399-0056,N1356990399,2000-12-31,2000-12-31T21:34:28.797,218.44,234.51,priority_temporal_review,uncertain,nearby_non_hal_context,co-iss-n1356989779,2000-12-31T21:24:38.209,MT3,2.6,9.84,118.56719
19,1356990399-0056,N1356990399,2000-12-31,2000-12-31T21:34:28.797,218.44,234.51,priority_temporal_review,uncertain,nearby_non_hal_context,co-iss-n1356989739,2000-12-31T21:23:59.302,MT2,1.5,10.49,59.28322
19,1356990399-0056,N1356990399,2000-12-31,2000-12-31T21:34:28.797,218.44,234.51,priority_temporal_review,uncertain,nearby_non_hal_context,co-iss-n1356989702,2000-12-31T21:23:22.915,CB2,1,11.10,59.28288
19,1356990399-0056,N1356990399,2000-12-31,2000-12-31T21:34:28.797,218.44,234.51,priority_temporal_review,uncertain,nearby_non_hal_context,co-iss-n1356989665,2000-12-31T21:22:46.422,BL1,0.38,11.71,59.28254
19,1356990399-0056,N1356990399,2000-12-31,2000-12-31T21:34:28.797,218.44,234.51,priority_temporal_review,uncertain,nearby_non_hal_context,co-iss-n1356989405,2000-12-31T21:18:23.612,MT3,3.2,16.09,118.56018
19,1356990399-0056,N1356990399,2000-12-31,2000-12-31T21:34:28.797,218.44,234.51,priority_temporal_review,uncertain,nearby_non_hal_context,co-iss-n1356989365,2000-12-31T21:17:45.304,MT2,1.5,16.72,59.27973
19,1356990399-0056,N1356990399,2000-12-31,2000-12-31T21:34:28.797,218.44,234.51,priority_temporal_review,uncertain,nearby_non_hal_context,co-iss-n1356989328,2000-12-31T21:17:08.933,CB2,1.2,17.33,59.27939
19,1356990399-0056,N1356990399,2000-12-31,2000-12-31T21:34:28.797,218.44,234.51,priority_temporal_review,uncertain,nearby_non_hal_context,co-iss-n1356989295,2000-12-31T21:16:36.364,BL1,0.46,17.87,59.27908
20,1356985927-0197,N1356985927,2000-12-31,2000-12-31T20:19:56.828,116.23,575.74,priority_temporal_review,uncertain,nearby_non_hal_context,co-iss-n1356985637,2000-12-31T20:15:35.638,MT3,3.2,4.35,118.4908
20,1356985927-0197,N1356985927,2000-12-31,2000-12-31T20:19:56.828,116.23,575.74,priority_temporal_review,uncertain,nearby_non_hal_context,co-iss-n1356985597,2000-12-31T20:14:57.331,MT2,1.5,4.99,59.24504
20,1356985927-0197,N1356985927,2000-12-31,2000-12-31T20:19:56.828,116.23,575.74,priority_temporal_review,uncertain,nearby_non_hal_context,co-iss-n1356985193,2000-12-31T20:08:14.453,BL1,0.38,11.71,59.24139
20,1356985927-0197,N1356985927,2000-12-31,2000-12-31T20:19:56.828,116.23,575.74,priority_temporal_review,uncertain,nearby_non_hal_context,co-iss-n1356984933,2000-12-31T20:03:51.643,MT3,3.2,16.09,118.47806
20,1356985927-0197,N1356985927,2000-12-31,2000-12-31T20:19:56.828,116.23,575.74,priority_temporal_review,uncertain,nearby_non_hal_context,co-iss-n1356984893,2000-12-31T20:03:13.335,MT2,1.5,16.72,59.23868
20,1356985927-0197,N1356985927,2000-12-31,2000-12-31T20:19:56.828,116.23,575.74,priority_temporal_review,uncertain,nearby_non_hal_context,co-iss-n1356984856,2000-12-31T20:02:36.968,CB2,1.2,17.33,59.23835
20,1356985927-0197,N1356985927,2000-12-31,2000-12-31T20:19:56.828,116.23,575.74,priority_temporal_review,uncertain,nearby_non_hal_context,co-iss-n1356984823,2000-12-31T20:02:04.395,BL1,0.46,17.87,59.23805
21,1356985927-0308,N1356985927,2000-12-31,2000-12-31T20:19:56.828,922.55,771.33,priority_temporal_review,uncertain,nearby_non_hal_context,co-iss-n1356985637,2000-12-31T20:15:35.638,MT3,3.2,4.35,118.4908
21,1356985927-0308,N1356985927,2000-12-31,2000-12-31T20:19:56.828,922.55,771.33,priority_temporal_review,uncertain,nearby_non_hal_context,co-iss-n1356985597,2000-12-31T20:14:57.331,MT2,1.5,4.99,59.24504
21,1356985927-0308,N1356985927,2000-12-31,2000-12-31T20:19:56.828,922.55,771.33,priority_temporal_review,uncertain,nearby_non_hal_context,co-iss-n1356985193,2000-12-31T20:08:14.453,BL1,0.38,11.71,59.24139
21,1356985927-0308,N1356985927,2000-12-31,2000-12-31T20:19:56.828,922.55,771.33,priority_temporal_review,uncertain,nearby_non_hal_context,co-iss-n1356984933,2000-12-31T20:03:51.643,MT3,3.2,16.09,118.47806
21,1356985927-0308,N1356985927,2000-12-31,2000-12-31T20:19:56.828,922.55,771.33,priority_temporal_review,uncertain,nearby_non_hal_context,co-iss-n1356984893,2000-12-31T20:03:13.335,MT2,1.5,16.72,59.23868
21,1356985927-0308,N1356985927,2000-12-31,2000-12-31T20:19:56.828,922.55,771.33,priority_temporal_review,uncertain,nearby_non_hal_context,co-iss-n1356984856,2000-12-31T20:02:36.968,CB2,1.2,17.33,59.23835
21,1356985927-0308,N1356985927,2000-12-31,2000-12-31T20:19:56.828,922.55,771.33,priority_temporal_review,uncertain,nearby_non_hal_context,co-iss-n1356984823,2000-12-31T20:02:04.395,BL1,0.46,17.87,59.23805
22,1356990399-0263,N1356990399,2000-12-31,2000-12-31T21:34:28.797,382.48,864.12,priority_temporal_review,uncertain,nearby_non_hal_context,co-iss-n1356990109,2000-12-31T21:30:07.607,MT3,3.2,4.35,118.57338
22,1356990399-0263,N1356990399,2000-12-31,2000-12-31T21:34:28.797,382.48,864.12,priority_temporal_review,uncertain,nearby_non_hal_context,co-iss-n1356990069,2000-12-31T21:29:29.300,MT2,1.5,4.99,59.28632
22,1356990399-0263,N1356990399,2000-12-31,2000-12-31T21:34:28.797,382.48,864.12,priority_temporal_review,uncertain,nearby_non_hal_context,co-iss-n1356990032,2000-12-31T21:28:52.904,CB2,1.2,5.60,59.28598
22,1356990399-0263,N1356990399,2000-12-31,2000-12-31T21:34:28.797,382.48,864.12,priority_temporal_review,uncertain,nearby_non_hal_context,co-iss-n1356989995,2000-12-31T21:28:16.420,BL1,0.38,6.21,59.28563
22,1356990399-0263,N1356990399,2000-12-31,2000-12-31T21:34:28.797,382.48,864.12,priority_temporal_review,uncertain,nearby_non_hal_context,co-iss-n1356989779,2000-12-31T21:24:38.209,MT3,2.6,9.84,118.56719
22,1356990399-0263,N1356990399,2000-12-31,2000-12-31T21:34:28.797,382.48,864.12,priority_temporal_review,uncertain,nearby_non_hal_context,co-iss-n1356989739,2000-12-31T21:23:59.302,MT2,1.5,10.49,59.28322
22,1356990399-0263,N1356990399,2000-12-31,2000-12-31T21:34:28.797,382.48,864.12,priority_temporal_review,uncertain,nearby_non_hal_context,co-iss-n1356989702,2000-12-31T21:23:22.915,CB2,1,11.10,59.28288
22,1356990399-0263,N1356990399,2000-12-31,2000-12-31T21:34:28.797,382.48,864.12,priority_temporal_review,uncertain,nearby_non_hal_context,co-iss-n1356989665,2000-12-31T21:22:46.422,BL1,0.38,11.71,59.28254
22,1356990399-0263,N1356990399,2000-12-31,2000-12-31T21:34:28.797,382.48,864.12,priority_temporal_review,uncertain,nearby_non_hal_context,co-iss-n1356989405,2000-12-31T21:18:23.612,MT3,3.2,16.09,118.56018
22,1356990399-0263,N1356990399,2000-12-31,2000-12-31T21:34:28.797,382.48,864.12,priority_temporal_review,uncertain,nearby_non_hal_context,co-iss-n1356989365,2000-12-31T21:17:45.304,MT2,1.5,16.72,59.27973
22,1356990399-0263,N1356990399,2000-12-31,2000-12-31T21:34:28.797,382.48,864.12,priority_temporal_review,uncertain,nearby_non_hal_context,co-iss-n1356989328,2000-12-31T21:17:08.933,CB2,1.2,17.33,59.27939
22,1356990399-0263,N1356990399,2000-12-31,2000-12-31T21:34:28.797,382.48,864.12,priority_temporal_review,uncertain,nearby_non_hal_context,co-iss-n1356989295,2000-12-31T21:16:36.364,BL1,0.46,17.87,59.27908
23,1356981455-0275,N1356981455,2000-12-31,2000-12-31T19:05:24.859,343.62,791.13,priority_temporal_review,uncertain,nearby_non_hal_context,co-iss-n1356981165,2000-12-31T19:01:03.669,MT3,3.2,4.35,118.41111
23,1356981455-0275,N1356981455,2000-12-31,2000-12-31T19:05:24.859,343.62,791.13,priority_temporal_review,uncertain,nearby_non_hal_context,co-iss-n1356981125,2000-12-31T19:00:25.361,MT2,1.5,4.99,59.20521
23,1356981455-0275,N1356981455,2000-12-31,2000-12-31T19:05:24.859,343.62,791.13,priority_temporal_review,uncertain,nearby_non_hal_context,co-iss-n1356981088,2000-12-31T18:59:48.966,CB2,1.2,5.60,59.20489
23,1356981455-0275,N1356981455,2000-12-31,2000-12-31T19:05:24.859,343.62,791.13,priority_temporal_review,uncertain,nearby_non_hal_context,co-iss-n1356981051,2000-12-31T18:59:12.482,BL1,0.38,6.21,59.20457
23,1356981455-0275,N1356981455,2000-12-31,2000-12-31T19:05:24.859,343.62,791.13,priority_temporal_review,uncertain,nearby_non_hal_context,co-iss-n1356980835,2000-12-31T18:55:34.271,MT3,2.6,9.84,118.40535
23,1356981455-0275,N1356981455,2000-12-31,2000-12-31T19:05:24.859,343.62,791.13,priority_temporal_review,uncertain,nearby_non_hal_context,co-iss-n1356980795,2000-12-31T18:54:55.364,MT2,1.5,10.49,59.20233
23,1356981455-0275,N1356981455,2000-12-31,2000-12-31T19:05:24.859,343.62,791.13,priority_temporal_review,uncertain,nearby_non_hal_context,co-iss-n1356980758,2000-12-31T18:54:18.977,CB2,1,11.10,59.20201
23,1356981455-0275,N1356981455,2000-12-31,2000-12-31T19:05:24.859,343.62,791.13,priority_temporal_review,uncertain,nearby_non_hal_context,co-iss-n1356980721,2000-12-31T18:53:42.484,BL1,0.38,11.71,59.20169
23,1356981455-0275,N1356981455,2000-12-31,2000-12-31T19:05:24.859,343.62,791.13,priority_temporal_review,uncertain,nearby_non_hal_context,co-iss-n1356980461,2000-12-31T18:49:19.674,MT3,3.2,16.09,118.39883
23,1356981455-0275,N1356981455,2000-12-31,2000-12-31T19:05:24.859,343.62,791.13,priority_temporal_review,uncertain,nearby_non_hal_context,co-iss-n1356980421,2000-12-31T18:48:41.366,MT2,1.5,16.72,59.19908
23,1356981455-0275,N1356981455,2000-12-31,2000-12-31T19:05:24.859,343.62,791.13,priority_temporal_review,uncertain,nearby_non_hal_context,co-iss-n1356980384,2000-12-31T18:48:04.999,CB2,1.2,17.33,59.19876
23,1356981455-0275,N1356981455,2000-12-31,2000-12-31T19:05:24.859,343.62,791.13,priority_temporal_review,uncertain,nearby_non_hal_context,co-iss-n1356980351,2000-12-31T18:47:32.434,BL1,0.46,17.87,59.19847
24,1356981455-0109,N1356981455,2000-12-31,2000-12-31T19:05:24.859,909.59,321.38,priority_temporal_review,uncertain,nearby_non_hal_context,co-iss-n1356981165,2000-12-31T19:01:03.669,MT3,3.2,4.35,118.41111
24,1356981455-0109,N1356981455,2000-12-31,2000-12-31T19:05:24.859,909.59,321.38,priority_temporal_review,uncertain,nearby_non_hal_context,co-iss-n1356981125,2000-12-31T19:00:25.361,MT2,1.5,4.99,59.20521
24,1356981455-0109,N1356981455,2000-12-31,2000-12-31T19:05:24.859,909.59,321.38,priority_temporal_review,uncertain,nearby_non_hal_context,co-iss-n1356981088,2000-12-31T18:59:48.966,CB2,1.2,5.60,59.20489
24,1356981455-0109,N1356981455,2000-12-31,2000-12-31T19:05:24.859,909.59,321.38,priority_temporal_review,uncertain,nearby_non_hal_context,co-iss-n1356981051,2000-12-31T18:59:12.482,BL1,0.38,6.21,59.20457
24,1356981455-0109,N1356981455,2000-12-31,2000-12-31T19:05:24.859,909.59,321.38,priority_temporal_review,uncertain,nearby_non_hal_context,co-iss-n1356980835,2000-12-31T18:55:34.271,MT3,2.6,9.84,118.40535
24,1356981455-0109,N1356981455,2000-12-31,2000-12-31T19:05:24.859,909.59,321.38,priority_temporal_review,uncertain,nearby_non_hal_context,co-iss-n1356980795,2000-12-31T18:54:55.364,MT2,1.5,10.49,59.20233
24,1356981455-0109,N1356981455,2000-12-31,2000-12-31T19:05:24.859,909.59,321.38,priority_temporal_review,uncertain,nearby_non_hal_context,co-iss-n1356980758,2000-12-31T18:54:18.977,CB2,1,11.10,59.20201
24,1356981455-0109,N1356981455,2000-12-31,2000-12-31T19:05:24.859,909.59,321.38,priority_temporal_review,uncertain,nearby_non_hal_context,co-iss-n1356980721,2000-12-31T18:53:42.484,BL1,0.38,11.71,59.20169
24,1356981455-0109,N1356981455,2000-12-31,2000-12-31T19:05:24.859,909.59,321.38,priority_temporal_review,uncertain,nearby_non_hal_context,co-iss-n1356980461,2000-12-31T18:49:19.674,MT3,3.2,16.09,118.39883
24,1356981455-0109,N1356981455,2000-12-31,2000-12-31T19:05:24.859,909.59,321.38,priority_temporal_review,uncertain,nearby_non_hal_context,co-iss-n1356980421,2000-12-31T18:48:41.366,MT2,1.5,16.72,59.19908
24,1356981455-0109,N1356981455,2000-12-31,2000-12-31T19:05:24.859,909.59,321.38,priority_temporal_review,uncertain,nearby_non_hal_context,co-iss-n1356980384,2000-12-31T18:48:04.999,CB2,1.2,17.33,59.19876
24,1356981455-0109,N1356981455,2000-12-31,2000-12-31T19:05:24.859,909.59,321.38,priority_temporal_review,uncertain,nearby_non_hal_context,co-iss-n1356980351,2000-12-31T18:47:32.434,BL1,0.46,17.87,59.19847
25,1356985927-0012,N1356985927,2000-12-31,2000-12-31T20:19:56.828,493.50,54.00,priority_temporal_review,uncertain,nearby_non_hal_context,co-iss-n1356985637,2000-12-31T20:15:35.638,MT3,3.2,4.35,118.4908
25,1356985927-0012,N1356985927,2000-12-31,2000-12-31T20:19:56.828,493.50,54.00,priority_temporal_review,uncertain,nearby_non_hal_context,co-iss-n1356985597,2000-12-31T20:14:57.331,MT2,1.5,4.99,59.24504
25,1356985927-0012,N1356985927,2000-12-31,2000-12-31T20:19:56.828,493.50,54.00,priority_temporal_review,uncertain,nearby_non_hal_context,co-iss-n1356985193,2000-12-31T20:08:14.453,BL1,0.38,11.71,59.24139
25,1356985927-0012,N1356985927,2000-12-31,2000-12-31T20:19:56.828,493.50,54.00,priority_temporal_review,uncertain,nearby_non_hal_context,co-iss-n1356984933,2000-12-31T20:03:51.643,MT3,3.2,16.09,118.47806
25,1356985927-0012,N1356985927,2000-12-31,2000-12-31T20:19:56.828,493.50,54.00,priority_temporal_review,uncertain,nearby_non_hal_context,co-iss-n1356984893,2000-12-31T20:03:13.335,MT2,1.5,16.72,59.23868
25,1356985927-0012,N1356985927,2000-12-31,2000-12-31T20:19:56.828,493.50,54.00,priority_temporal_review,uncertain,nearby_non_hal_context,co-iss-n1356984856,2000-12-31T20:02:36.968,CB2,1.2,17.33,59.23835
25,1356985927-0012,N1356985927,2000-12-31,2000-12-31T20:19:56.828,493.50,54.00,priority_temporal_review,uncertain,nearby_non_hal_context,co-iss-n1356984823,2000-12-31T20:02:04.395,BL1,0.46,17.87,59.23805
26,1356985927-0354,N1356985927,2000-12-31,2000-12-31T20:19:56.828,558.34,822.42,priority_temporal_review,uncertain,nearby_non_hal_context,co-iss-n1356985637,2000-12-31T20:15:35.638,MT3,3.2,4.35,118.4908
26,1356985927-0354,N1356985927,2000-12-31,2000-12-31T20:19:56.828,558.34,822.42,priority_temporal_review,uncertain,nearby_non_hal_context,co-iss-n1356985597,2000-12-31T20:14:57.331,MT2,1.5,4.99,59.24504
26,1356985927-0354,N1356985927,2000-12-31,2000-12-31T20:19:56.828,558.34,822.42,priority_temporal_review,uncertain,nearby_non_hal_context,co-iss-n1356985193,2000-12-31T20:08:14.453,BL1,0.38,11.71,59.24139
26,1356985927-0354,N1356985927,2000-12-31,2000-12-31T20:19:56.828,558.34,822.42,priority_temporal_review,uncertain,nearby_non_hal_context,co-iss-n1356984933,2000-12-31T20:03:51.643,MT3,3.2,16.09,118.47806
26,1356985927-0354,N1356985927,2000-12-31,2000-12-31T20:19:56.828,558.34,822.42,priority_temporal_review,uncertain,nearby_non_hal_context,co-iss-n1356984893,2000-12-31T20:03:13.335,MT2,1.5,16.72,59.23868
26,1356985927-0354,N1356985927,2000-12-31,2000-12-31T20:19:56.828,558.34,822.42,priority_temporal_review,uncertain,nearby_non_hal_context,co-iss-n1356984856,2000-12-31T20:02:36.968,CB2,1.2,17.33,59.23835
26,1356985927-0354,N1356985927,2000-12-31,2000-12-31T20:19:56.828,558.34,822.42,priority_temporal_review,uncertain,nearby_non_hal_context,co-iss-n1356984823,2000-12-31T20:02:04.395,BL1,0.46,17.87,59.23805
27,1356976983-0402,N1356976983,2000-12-31,2000-12-31T17:50:52.890,713.50,944.42,priority_temporal_review,uncertain,nearby_non_hal_context,co-iss-n1356976693,2000-12-31T17:46:31.700,MT3,3.2,4.35,118.33433
27,1356976983-0402,N1356976983,2000-12-31,2000-12-31T17:50:52.890,713.50,944.42,priority_temporal_review,uncertain,nearby_non_hal_context,co-iss-n1356976653,2000-12-31T17:45:53.392,MT2,1.5,4.99,59.16683
27,1356976983-0402,N1356976983,2000-12-31,2000-12-31T17:50:52.890,713.50,944.42,priority_temporal_review,uncertain,nearby_non_hal_context,co-iss-n1356976616,2000-12-31T17:45:17.001,CB2,1.2,5.60,59.16653
27,1356976983-0402,N1356976983,2000-12-31,2000-12-31T17:50:52.890,713.50,944.42,priority_temporal_review,uncertain,nearby_non_hal_context,co-iss-n1356976579,2000-12-31T17:44:40.513,BL1,0.38,6.21,59.16622
27,1356976983-0402,N1356976983,2000-12-31,2000-12-31T17:50:52.890,713.50,944.42,priority_temporal_review,uncertain,nearby_non_hal_context,co-iss-n1356976363,2000-12-31T17:41:02.302,MT3,2.6,9.84,118.32878
27,1356976983-0402,N1356976983,2000-12-31,2000-12-31T17:50:52.890,713.50,944.42,priority_temporal_review,uncertain,nearby_non_hal_context,co-iss-n1356976323,2000-12-31T17:40:23.395,MT2,1.5,10.49,59.16406
27,1356976983-0402,N1356976983,2000-12-31,2000-12-31T17:50:52.890,713.50,944.42,priority_temporal_review,uncertain,nearby_non_hal_context,co-iss-n1356976286,2000-12-31T17:39:47.008,CB2,1,11.10,59.16375
27,1356976983-0402,N1356976983,2000-12-31,2000-12-31T17:50:52.890,713.50,944.42,priority_temporal_review,uncertain,nearby_non_hal_context,co-iss-n1356976249,2000-12-31T17:39:10.515,BL1,0.38,11.71,59.16344
27,1356976983-0402,N1356976983,2000-12-31,2000-12-31T17:50:52.890,713.50,944.42,priority_temporal_review,uncertain,nearby_non_hal_context,co-iss-n1356975989,2000-12-31T17:34:47.705,MT3,3.2,16.09,118.32251
27,1356976983-0402,N1356976983,2000-12-31,2000-12-31T17:50:52.890,713.50,944.42,priority_temporal_review,uncertain,nearby_non_hal_context,co-iss-n1356975949,2000-12-31T17:34:09.397,MT2,1.5,16.72,59.16093
27,1356976983-0402,N1356976983,2000-12-31,2000-12-31T17:50:52.890,713.50,944.42,priority_temporal_review,uncertain,nearby_non_hal_context,co-iss-n1356975912,2000-12-31T17:33:33.030,CB2,1.2,17.33,59.16062
27,1356976983-0402,N1356976983,2000-12-31,2000-12-31T17:50:52.890,713.50,944.42,priority_temporal_review,uncertain,nearby_non_hal_context,co-iss-n1356975879,2000-12-31T17:33:00.457,BL1,0.46,17.87,59.16034
28,1356985927-0074,N1356985927,2000-12-31,2000-12-31T20:19:56.828,905.42,252.21,priority_temporal_review,uncertain,nearby_non_hal_context,co-iss-n1356985637,2000-12-31T20:15:35.638,MT3,3.2,4.35,118.4908
28,1356985927-0074,N1356985927,2000-12-31,2000-12-31T20:19:56.828,905.42,252.21,priority_temporal_review,uncertain,nearby_non_hal_context,co-iss-n1356985597,2000-12-31T20:14:57.331,MT2,1.5,4.99,59.24504
28,1356985927-0074,N1356985927,2000-12-31,2000-12-31T20:19:56.828,905.42,252.21,priority_temporal_review,uncertain,nearby_non_hal_context,co-iss-n1356985193,2000-12-31T20:08:14.453,BL1,0.38,11.71,59.24139
28,1356985927-0074,N1356985927,2000-12-31,2000-12-31T20:19:56.828,905.42,252.21,priority_temporal_review,uncertain,nearby_non_hal_context,co-iss-n1356984933,2000-12-31T20:03:51.643,MT3,3.2,16.09,118.47806
28,1356985927-0074,N1356985927,2000-12-31,2000-12-31T20:19:56.828,905.42,252.21,priority_temporal_review,uncertain,nearby_non_hal_context,co-iss-n1356984893,2000-12-31T20:03:13.335,MT2,1.5,16.72,59.23868
28,1356985927-0074,N1356985927,2000-12-31,2000-12-31T20:19:56.828,905.42,252.21,priority_temporal_review,uncertain,nearby_non_hal_context,co-iss-n1356984856,2000-12-31T20:02:36.968,CB2,1.2,17.33,59.23835
28,1356985927-0074,N1356985927,2000-12-31,2000-12-31T20:19:56.828,905.42,252.21,priority_temporal_review,uncertain,nearby_non_hal_context,co-iss-n1356984823,2000-12-31T20:02:04.395,BL1,0.46,17.87,59.23805
29,1356985927-0055,N1356985927,2000-12-31,2000-12-31T20:19:56.828,451.71,196.90,priority_temporal_review,uncertain,nearby_non_hal_context,co-iss-n1356985637,2000-12-31T20:15:35.638,MT3,3.2,4.35,118.4908
29,1356985927-0055,N1356985927,2000-12-31,2000-12-31T20:19:56.828,451.71,196.90,priority_temporal_review,uncertain,nearby_non_hal_context,co-iss-n1356985597,2000-12-31T20:14:57.331,MT2,1.5,4.99,59.24504
29,1356985927-0055,N1356985927,2000-12-31,2000-12-31T20:19:56.828,451.71,196.90,priority_temporal_review,uncertain,nearby_non_hal_context,co-iss-n1356985193,2000-12-31T20:08:14.453,BL1,0.38,11.71,59.24139
29,1356985927-0055,N1356985927,2000-12-31,2000-12-31T20:19:56.828,451.71,196.90,priority_temporal_review,uncertain,nearby_non_hal_context,co-iss-n1356984933,2000-12-31T20:03:51.643,MT3,3.2,16.09,118.47806
29,1356985927-0055,N1356985927,2000-12-31,2000-12-31T20:19:56.828,451.71,196.90,priority_temporal_review,uncertain,nearby_non_hal_context,co-iss-n1356984893,2000-12-31T20:03:13.335,MT2,1.5,16.72,59.23868
29,1356985927-0055,N1356985927,2000-12-31,2000-12-31T20:19:56.828,451.71,196.90,priority_temporal_review,uncertain,nearby_non_hal_context,co-iss-n1356984856,2000-12-31T20:02:36.968,CB2,1.2,17.33,59.23835
29,1356985927-0055,N1356985927,2000-12-31,2000-12-31T20:19:56.828,451.71,196.90,priority_temporal_review,uncertain,nearby_non_hal_context,co-iss-n1356984823,2000-12-31T20:02:04.395,BL1,0.46,17.87,59.23805
30,1356990399-0348,N1356990399,2000-12-31,2000-12-31T21:34:28.797,734.98,945.68,temporal_review,uncertain,nearby_non_hal_context,co-iss-n1356990109,2000-12-31T21:30:07.607,MT3,3.2,4.35,118.57338
30,1356990399-0348,N1356990399,2000-12-31,2000-12-31T21:34:28.797,734.98,945.68,temporal_review,uncertain,nearby_non_hal_context,co-iss-n1356990069,2000-12-31T21:29:29.300,MT2,1.5,4.99,59.28632
30,1356990399-0348,N1356990399,2000-12-31,2000-12-31T21:34:28.797,734.98,945.68,temporal_review,uncertain,nearby_non_hal_context,co-iss-n1356990032,2000-12-31T21:28:52.904,CB2,1.2,5.60,59.28598
30,1356990399-0348,N1356990399,2000-12-31,2000-12-31T21:34:28.797,734.98,945.68,temporal_review,uncertain,nearby_non_hal_context,co-iss-n1356989995,2000-12-31T21:28:16.420,BL1,0.38,6.21,59.28563
30,1356990399-0348,N1356990399,2000-12-31,2000-12-31T21:34:28.797,734.98,945.68,temporal_review,uncertain,nearby_non_hal_context,co-iss-n1356989779,2000-12-31T21:24:38.209,MT3,2.6,9.84,118.56719
30,1356990399-0348,N1356990399,2000-12-31,2000-12-31T21:34:28.797,734.98,945.68,temporal_review,uncertain,nearby_non_hal_context,co-iss-n1356989739,2000-12-31T21:23:59.302,MT2,1.5,10.49,59.28322
30,1356990399-0348,N1356990399,2000-12-31,2000-12-31T21:34:28.797,734.98,945.68,temporal_review,uncertain,nearby_non_hal_context,co-iss-n1356989702,2000-12-31T21:23:22.915,CB2,1,11.10,59.28288
30,1356990399-0348,N1356990399,2000-12-31,2000-12-31T21:34:28.797,734.98,945.68,temporal_review,uncertain,nearby_non_hal_context,co-iss-n1356989665,2000-12-31T21:22:46.422,BL1,0.38,11.71,59.28254
30,1356990399-0348,N1356990399,2000-12-31,2000-12-31T21:34:28.797,734.98,945.68,temporal_review,uncertain,nearby_non_hal_context,co-iss-n1356989405,2000-12-31T21:18:23.612,MT3,3.2,16.09,118.56018
30,1356990399-0348,N1356990399,2000-12-31,2000-12-31T21:34:28.797,734.98,945.68,temporal_review,uncertain,nearby_non_hal_context,co-iss-n1356989365,2000-12-31T21:17:45.304,MT2,1.5,16.72,59.27973
30,1356990399-0348,N1356990399,2000-12-31,2000-12-31T21:34:28.797,734.98,945.68,temporal_review,uncertain,nearby_non_hal_context,co-iss-n1356989328,2000-12-31T21:17:08.933,CB2,1.2,17.33,59.27939
30,1356990399-0348,N1356990399,2000-12-31,2000-12-31T21:34:28.797,734.98,945.68,temporal_review,uncertain,nearby_non_hal_context,co-iss-n1356989295,2000-12-31T21:16:36.364,BL1,0.46,17.87,59.27908
31,1356990399-0279,N1356990399,2000-12-31,2000-12-31T21:34:28.797,859.48,919.10,temporal_review,uncertain,nearby_non_hal_context,co-iss-n1356990109,2000-12-31T21:30:07.607,MT3,3.2,4.35,118.57338
31,1356990399-0279,N1356990399,2000-12-31,2000-12-31T21:34:28.797,859.48,919.10,temporal_review,uncertain,nearby_non_hal_context,co-iss-n1356990069,2000-12-31T21:29:29.300,MT2,1.5,4.99,59.28632
31,1356990399-0279,N1356990399,2000-12-31,2000-12-31T21:34:28.797,859.48,919.10,temporal_review,uncertain,nearby_non_hal_context,co-iss-n1356990032,2000-12-31T21:28:52.904,CB2,1.2,5.60,59.28598
31,1356990399-0279,N1356990399,2000-12-31,2000-12-31T21:34:28.797,859.48,919.10,temporal_review,uncertain,nearby_non_hal_context,co-iss-n1356989995,2000-12-31T21:28:16.420,BL1,0.38,6.21,59.28563
31,1356990399-0279,N1356990399,2000-12-31,2000-12-31T21:34:28.797,859.48,919.10,temporal_review,uncertain,nearby_non_hal_context,co-iss-n1356989779,2000-12-31T21:24:38.209,MT3,2.6,9.84,118.56719
31,1356990399-0279,N1356990399,2000-12-31,2000-12-31T21:34:28.797,859.48,919.10,temporal_review,uncertain,nearby_non_hal_context,co-iss-n1356989739,2000-12-31T21:23:59.302,MT2,1.5,10.49,59.28322
31,1356990399-0279,N1356990399,2000-12-31,2000-12-31T21:34:28.797,859.48,919.10,temporal_review,uncertain,nearby_non_hal_context,co-iss-n1356989702,2000-12-31T21:23:22.915,CB2,1,11.10,59.28288
31,1356990399-0279,N1356990399,2000-12-31,2000-12-31T21:34:28.797,859.48,919.10,temporal_review,uncertain,nearby_non_hal_context,co-iss-n1356989665,2000-12-31T21:22:46.422,BL1,0.38,11.71,59.28254
31,1356990399-0279,N1356990399,2000-12-31,2000-12-31T21:34:28.797,859.48,919.10,temporal_review,uncertain,nearby_non_hal_context,co-iss-n1356989405,2000-12-31T21:18:23.612,MT3,3.2,16.09,118.56018
31,1356990399-0279,N1356990399,2000-12-31,2000-12-31T21:34:28.797,859.48,919.10,temporal_review,uncertain,nearby_non_hal_context,co-iss-n1356989365,2000-12-31T21:17:45.304,MT2,1.5,16.72,59.27973
31,1356990399-0279,N1356990399,2000-12-31,2000-12-31T21:34:28.797,859.48,919.10,temporal_review,uncertain,nearby_non_hal_context,co-iss-n1356989328,2000-12-31T21:17:08.933,CB2,1.2,17.33,59.27939
31,1356990399-0279,N1356990399,2000-12-31,2000-12-31T21:34:28.797,859.48,919.10,temporal_review,uncertain,nearby_non_hal_context,co-iss-n1356989295,2000-12-31T21:16:36.364,BL1,0.46,17.87,59.27908
32,1356985927-0189,N1356985927,2000-12-31,2000-12-31T20:19:56.828,752.72,567.15,temporal_review,uncertain,nearby_non_hal_context,co-iss-n1356985637,2000-12-31T20:15:35.638,MT3,3.2,4.35,118.4908
32,1356985927-0189,N1356985927,2000-12-31,2000-12-31T20:19:56.828,752.72,567.15,temporal_review,uncertain,nearby_non_hal_context,co-iss-n1356985597,2000-12-31T20:14:57.331,MT2,1.5,4.99,59.24504
32,1356985927-0189,N1356985927,2000-12-31,2000-12-31T20:19:56.828,752.72,567.15,temporal_review,uncertain,nearby_non_hal_context,co-iss-n1356985193,2000-12-31T20:08:14.453,BL1,0.38,11.71,59.24139
32,1356985927-0189,N1356985927,2000-12-31,2000-12-31T20:19:56.828,752.72,567.15,temporal_review,uncertain,nearby_non_hal_context,co-iss-n1356984933,2000-12-31T20:03:51.643,MT3,3.2,16.09,118.47806
32,1356985927-0189,N1356985927,2000-12-31,2000-12-31T20:19:56.828,752.72,567.15,temporal_review,uncertain,nearby_non_hal_context,co-iss-n1356984893,2000-12-31T20:03:13.335,MT2,1.5,16.72,59.23868
32,1356985927-0189,N1356985927,2000-12-31,2000-12-31T20:19:56.828,752.72,567.15,temporal_review,uncertain,nearby_non_hal_context,co-iss-n1356984856,2000-12-31T20:02:36.968,CB2,1.2,17.33,59.23835
32,1356985927-0189,N1356985927,2000-12-31,2000-12-31T20:19:56.828,752.72,567.15,temporal_review,uncertain,nearby_non_hal_context,co-iss-n1356984823,2000-12-31T20:02:04.395,BL1,0.46,17.87,59.23805
33,1356985927-0173,N1356985927,2000-12-31,2000-12-31T20:19:56.828,180.25,527.56,temporal_review,uncertain,nearby_non_hal_context,co-iss-n1356985637,2000-12-31T20:15:35.638,MT3,3.2,4.35,118.4908
33,1356985927-0173,N1356985927,2000-12-31,2000-12-31T20:19:56.828,180.25,527.56,temporal_review,uncertain,nearby_non_hal_context,co-iss-n1356985597,2000-12-31T20:14:57.331,MT2,1.5,4.99,59.24504
33,1356985927-0173,N1356985927,2000-12-31,2000-12-31T20:19:56.828,180.25,527.56,temporal_review,uncertain,nearby_non_hal_context,co-iss-n1356985193,2000-12-31T20:08:14.453,BL1,0.38,11.71,59.24139
33,1356985927-0173,N1356985927,2000-12-31,2000-12-31T20:19:56.828,180.25,527.56,temporal_review,uncertain,nearby_non_hal_context,co-iss-n1356984933,2000-12-31T20:03:51.643,MT3,3.2,16.09,118.47806
33,1356985927-0173,N1356985927,2000-12-31,2000-12-31T20:19:56.828,180.25,527.56,temporal_review,uncertain,nearby_non_hal_context,co-iss-n1356984893,2000-12-31T20:03:13.335,MT2,1.5,16.72,59.23868
33,1356985927-0173,N1356985927,2000-12-31,2000-12-31T20:19:56.828,180.25,527.56,temporal_review,uncertain,nearby_non_hal_context,co-iss-n1356984856,2000-12-31T20:02:36.968,CB2,1.2,17.33,59.23835
33,1356985927-0173,N1356985927,2000-12-31,2000-12-31T20:19:56.828,180.25,527.56,temporal_review,uncertain,nearby_non_hal_context,co-iss-n1356984823,2000-12-31T20:02:04.395,BL1,0.46,17.87,59.23805
34,1356976983-0095,N1356976983,2000-12-31,2000-12-31T17:50:52.890,389.49,311.88,temporal_review,uncertain,nearby_non_hal_context,co-iss-n1356976693,2000-12-31T17:46:31.700,MT3,3.2,4.35,118.33433
34,1356976983-0095,N1356976983,2000-12-31,2000-12-31T17:50:52.890,389.49,311.88,temporal_review,uncertain,nearby_non_hal_context,co-iss-n1356976653,2000-12-31T17:45:53.392,MT2,1.5,4.99,59.16683
34,1356976983-0095,N1356976983,2000-12-31,2000-12-31T17:50:52.890,389.49,311.88,temporal_review,uncertain,nearby_non_hal_context,co-iss-n1356976616,2000-12-31T17:45:17.001,CB2,1.2,5.60,59.16653
34,1356976983-0095,N1356976983,2000-12-31,2000-12-31T17:50:52.890,389.49,311.88,temporal_review,uncertain,nearby_non_hal_context,co-iss-n1356976579,2000-12-31T17:44:40.513,BL1,0.38,6.21,59.16622
34,1356976983-0095,N1356976983,2000-12-31,2000-12-31T17:50:52.890,389.49,311.88,temporal_review,uncertain,nearby_non_hal_context,co-iss-n1356976363,2000-12-31T17:41:02.302,MT3,2.6,9.84,118.32878
34,1356976983-0095,N1356976983,2000-12-31,2000-12-31T17:50:52.890,389.49,311.88,temporal_review,uncertain,nearby_non_hal_context,co-iss-n1356976323,2000-12-31T17:40:23.395,MT2,1.5,10.49,59.16406
34,1356976983-0095,N1356976983,2000-12-31,2000-12-31T17:50:52.890,389.49,311.88,temporal_review,uncertain,nearby_non_hal_context,co-iss-n1356976286,2000-12-31T17:39:47.008,CB2,1,11.10,59.16375
34,1356976983-0095,N1356976983,2000-12-31,2000-12-31T17:50:52.890,389.49,311.88,temporal_review,uncertain,nearby_non_hal_context,co-iss-n1356976249,2000-12-31T17:39:10.515,BL1,0.38,11.71,59.16344
34,1356976983-0095,N1356976983,2000-12-31,2000-12-31T17:50:52.890,389.49,311.88,temporal_review,uncertain,nearby_non_hal_context,co-iss-n1356975989,2000-12-31T17:34:47.705,MT3,3.2,16.09,118.32251
34,1356976983-0095,N1356976983,2000-12-31,2000-12-31T17:50:52.890,389.49,311.88,temporal_review,uncertain,nearby_non_hal_context,co-iss-n1356975949,2000-12-31T17:34:09.397,MT2,1.5,16.72,59.16093
34,1356976983-0095,N1356976983,2000-12-31,2000-12-31T17:50:52.890,389.49,311.88,temporal_review,uncertain,nearby_non_hal_context,co-iss-n1356975912,2000-12-31T17:33:33.030,CB2,1.2,17.33,59.16062
34,1356976983-0095,N1356976983,2000-12-31,2000-12-31T17:50:52.890,389.49,311.88,temporal_review,uncertain,nearby_non_hal_context,co-iss-n1356975879,2000-12-31T17:33:00.457,BL1,0.46,17.87,59.16034
35,1356985927-0198,N1356985927,2000-12-31,2000-12-31T20:19:56.828,433.66,575.91,temporal_review,uncertain,nearby_non_hal_context,co-iss-n1356985637,2000-12-31T20:15:35.638,MT3,3.2,4.35,118.4908
35,1356985927-0198,N1356985927,2000-12-31,2000-12-31T20:19:56.828,433.66,575.91,temporal_review,uncertain,nearby_non_hal_context,co-iss-n1356985597,2000-12-31T20:14:57.331,MT2,1.5,4.99,59.24504
35,1356985927-0198,N1356985927,2000-12-31,2000-12-31T20:19:56.828,433.66,575.91,temporal_review,uncertain,nearby_non_hal_context,co-iss-n1356985193,2000-12-31T20:08:14.453,BL1,0.38,11.71,59.24139
35,1356985927-0198,N1356985927,2000-12-31,2000-12-31T20:19:56.828,433.66,575.91,temporal_review,uncertain,nearby_non_hal_context,co-iss-n1356984933,2000-12-31T20:03:51.643,MT3,3.2,16.09,118.47806
35,1356985927-0198,N1356985927,2000-12-31,2000-12-31T20:19:56.828,433.66,575.91,temporal_review,uncertain,nearby_non_hal_context,co-iss-n1356984893,2000-12-31T20:03:13.335,MT2,1.5,16.72,59.23868
35,1356985927-0198,N1356985927,2000-12-31,2000-12-31T20:19:56.828,433.66,575.91,temporal_review,uncertain,nearby_non_hal_context,co-iss-n1356984856,2000-12-31T20:02:36.968,CB2,1.2,17.33,59.23835
35,1356985927-0198,N1356985927,2000-12-31,2000-12-31T20:19:56.828,433.66,575.91,temporal_review,uncertain,nearby_non_hal_context,co-iss-n1356984823,2000-12-31T20:02:04.395,BL1,0.46,17.87,59.23805
36,1356976983-0286,N1356976983,2000-12-31,2000-12-31T17:50:52.890,349.71,798.22,temporal_review,uncertain,nearby_non_hal_context,co-iss-n1356976693,2000-12-31T17:46:31.700,MT3,3.2,4.35,118.33433
36,1356976983-0286,N1356976983,2000-12-31,2000-12-31T17:50:52.890,349.71,798.22,temporal_review,uncertain,nearby_non_hal_context,co-iss-n1356976653,2000-12-31T17:45:53.392,MT2,1.5,4.99,59.16683
36,1356976983-0286,N1356976983,2000-12-31,2000-12-31T17:50:52.890,349.71,798.22,temporal_review,uncertain,nearby_non_hal_context,co-iss-n1356976616,2000-12-31T17:45:17.001,CB2,1.2,5.60,59.16653
36,1356976983-0286,N1356976983,2000-12-31,2000-12-31T17:50:52.890,349.71,798.22,temporal_review,uncertain,nearby_non_hal_context,co-iss-n1356976579,2000-12-31T17:44:40.513,BL1,0.38,6.21,59.16622
36,1356976983-0286,N1356976983,2000-12-31,2000-12-31T17:50:52.890,349.71,798.22,temporal_review,uncertain,nearby_non_hal_context,co-iss-n1356976363,2000-12-31T17:41:02.302,MT3,2.6,9.84,118.32878
36,1356976983-0286,N1356976983,2000-12-31,2000-12-31T17:50:52.890,349.71,798.22,temporal_review,uncertain,nearby_non_hal_context,co-iss-n1356976323,2000-12-31T17:40:23.395,MT2,1.5,10.49,59.16406
36,1356976983-0286,N1356976983,2000-12-31,2000-12-31T17:50:52.890,349.71,798.22,temporal_review,uncertain,nearby_non_hal_context,co-iss-n1356976286,2000-12-31T17:39:47.008,CB2,1,11.10,59.16375
36,1356976983-0286,N1356976983,2000-12-31,2000-12-31T17:50:52.890,349.71,798.22,temporal_review,uncertain,nearby_non_hal_context,co-iss-n1356976249,2000-12-31T17:39:10.515,BL1,0.38,11.71,59.16344
36,1356976983-0286,N1356976983,2000-12-31,2000-12-31T17:50:52.890,349.71,798.22,temporal_review,uncertain,nearby_non_hal_context,co-iss-n1356975989,2000-12-31T17:34:47.705,MT3,3.2,16.09,118.32251
36,1356976983-0286,N1356976983,2000-12-31,2000-12-31T17:50:52.890,349.71,798.22,temporal_review,uncertain,nearby_non_hal_context,co-iss-n1356975949,2000-12-31T17:34:09.397,MT2,1.5,16.72,59.16093
36,1356976983-0286,N1356976983,2000-12-31,2000-12-31T17:50:52.890,349.71,798.22,temporal_review,uncertain,nearby_non_hal_context,co-iss-n1356975912,2000-12-31T17:33:33.030,CB2,1.2,17.33,59.16062
36,1356976983-0286,N1356976983,2000-12-31,2000-12-31T17:50:52.890,349.71,798.22,temporal_review,uncertain,nearby_non_hal_context,co-iss-n1356975879,2000-12-31T17:33:00.457,BL1,0.46,17.87,59.16034
37,1357352003-0272,N1357352003,2001-01-05,2001-01-05T02:01:10.293,626.87,751.47,single_frame_visual_review,uncertain,nearby_non_hal_context,co-iss-n1357351323,2001-01-05T01:50:19.106,MT3,3.2,10.85,133.92461
37,1357352003-0272,N1357352003,2001-01-05,2001-01-05T02:01:10.293,626.87,751.47,single_frame_visual_review,uncertain,nearby_non_hal_context,co-iss-n1357351283,2001-01-05T01:49:40.798,MT2,1.5,11.49,66.96106
37,1357352003-0272,N1357352003,2001-01-05,2001-01-05T02:01:10.293,626.87,751.47,single_frame_visual_review,uncertain,nearby_non_hal_context,co-iss-n1357351246,2001-01-05T01:49:04.407,CB2,1.2,12.10,66.9599
37,1357352003-0272,N1357352003,2001-01-05,2001-01-05T02:01:10.293,626.87,751.47,single_frame_visual_review,uncertain,nearby_non_hal_context,co-iss-n1357351209,2001-01-05T01:48:27.839,BL1,0.46,12.71,66.95873
37,1357352003-0272,N1357352003,2001-01-05,2001-01-05T02:01:10.293,626.87,751.47,single_frame_visual_review,uncertain,nearby_non_hal_context,co-iss-n1357350993,2001-01-05T01:44:49.108,MT3,3.2,16.35,133.90369
37,1357352003-0272,N1357352003,2001-01-05,2001-01-05T02:01:10.293,626.87,751.47,single_frame_visual_review,uncertain,nearby_non_hal_context,co-iss-n1357350953,2001-01-05T01:44:10.800,MT2,1.5,16.99,66.9506
37,1357352003-0272,N1357352003,2001-01-05,2001-01-05T02:01:10.293,626.87,751.47,single_frame_visual_review,uncertain,nearby_non_hal_context,co-iss-n1357350916,2001-01-05T01:43:34.405,CB2,1.2,17.60,66.94945
37,1357352003-0272,N1357352003,2001-01-05,2001-01-05T02:01:10.293,626.87,751.47,single_frame_visual_review,uncertain,nearby_non_hal_context,co-iss-n1357350879,2001-01-05T01:42:57.921,BL1,0.38,18.21,66.94828
37,1357352003-0272,N1357352003,2001-01-05,2001-01-05T02:01:10.293,626.87,751.47,single_frame_visual_review,uncertain,nearby_non_hal_context,co-iss-n1357353152,2001-01-05T02:20:50.825,BL1,0.46,19.68,67.02042
38,1357811330-0180,N1357811330,2001-01-10,2001-01-10T09:35:58.112,637.48,276.04,single_frame_visual_review,uncertain,nearby_non_hal_context,co-iss-n1357810242,2001-01-10T09:18:54.928,MT3,3.2,17.05,171.27214
38,1357811330-0180,N1357811330,2001-01-10,2001-01-10T09:35:58.112,637.48,276.04,single_frame_visual_review,uncertain,nearby_non_hal_context,co-iss-n1357810202,2001-01-10T09:18:16.620,MT2,1.5,17.69,85.63421
38,1357811330-0180,N1357811330,2001-01-10,2001-01-10T09:35:58.112,637.48,276.04,single_frame_visual_review,uncertain,nearby_non_hal_context,co-iss-n1357810165,2001-01-10T09:17:40.225,CB2,1.2,18.30,85.63246
38,1357811330-0180,N1357811330,2001-01-10,2001-01-10T09:35:58.112,637.48,276.04,single_frame_visual_review,uncertain,nearby_non_hal_context,co-iss-n1357810128,2001-01-10T09:17:03.661,BL1,0.46,18.91,85.63071
39,1357811330-0399,N1357811330,2001-01-10,2001-01-10T09:35:58.112,807.98,614.96,single_frame_visual_review,uncertain,nearby_non_hal_context,co-iss-n1357810242,2001-01-10T09:18:54.928,MT3,3.2,17.05,171.27214
39,1357811330-0399,N1357811330,2001-01-10,2001-01-10T09:35:58.112,807.98,614.96,single_frame_visual_review,uncertain,nearby_non_hal_context,co-iss-n1357810202,2001-01-10T09:18:16.620,MT2,1.5,17.69,85.63421
39,1357811330-0399,N1357811330,2001-01-10,2001-01-10T09:35:58.112,807.98,614.96,single_frame_visual_review,uncertain,nearby_non_hal_context,co-iss-n1357810165,2001-01-10T09:17:40.225,CB2,1.2,18.30,85.63246
39,1357811330-0399,N1357811330,2001-01-10,2001-01-10T09:35:58.112,807.98,614.96,single_frame_visual_review,uncertain,nearby_non_hal_context,co-iss-n1357810128,2001-01-10T09:17:03.661,BL1,0.46,18.91,85.63071
40,1358099796-0108,N1358099796,2001-01-13,2001-01-13T17:44:18.165,812.74,818.98,single_frame_visual_review,uncertain,nearby_non_hal_context,co-iss-n1358099885,2001-01-13T17:45:53.169,CB2,26,1.58,100.24323
40,1358099796-0108,N1358099796,2001-01-13,2001-01-13T17:44:18.165,812.74,818.98,single_frame_visual_review,uncertain,nearby_non_hal_context,co-iss-n1358099707,2001-01-13T17:42:25.162,UV3,56,1.88,100.23304
40,1358099796-0108,N1358099796,2001-01-13,2001-01-13T17:44:18.165,812.74,818.98,single_frame_visual_review,uncertain,nearby_non_hal_context,co-iss-n1358099974,2001-01-13T17:47:22.172,UV3,26,3.07,100.24793
41,1357658284-0195,N1357658284,2001-01-08,2001-01-08T15:04:41.200,713.61,689.45,single_frame_visual_review,uncertain,nearby_non_hal_context,co-iss-n1357658357,2001-01-08T15:07:16.203,RED,18,2.58,78.68815
41,1357658284-0195,N1357658284,2001-01-08,2001-01-08T15:04:41.200,713.61,689.45,single_frame_visual_review,uncertain,nearby_non_hal_context,co-iss-n1357658430,2001-01-08T15:08:29.206,GRN,18,3.80,78.69134
41,1357658284-0195,N1357658284,2001-01-08,2001-01-08T15:04:41.200,713.61,689.45,single_frame_visual_review,uncertain,nearby_non_hal_context,co-iss-n1357658567,2001-01-08T15:10:08.209,BL2,56,5.45,78.6965
41,1357658284-0195,N1357658284,2001-01-08,2001-01-08T15:04:41.200,713.61,689.45,single_frame_visual_review,uncertain,nearby_non_hal_context,co-iss-n1357658704,2001-01-08T15:12:25.216,UV3,56,7.73,78.70248
41,1357658284-0195,N1357658284,2001-01-08,2001-01-08T15:04:41.200,713.61,689.45,single_frame_visual_review,uncertain,nearby_non_hal_context,co-iss-n1357658882,2001-01-08T15:15:53.223,CB2,26,11.20,78.71091
41,1357658284-0195,N1357658284,2001-01-08,2001-01-08T15:04:41.200,713.61,689.45,single_frame_visual_review,uncertain,nearby_non_hal_context,co-iss-n1357658971,2001-01-08T15:17:22.226,UV3,26,12.68,78.7148
42,1358105418-1483,N1358105418,2001-01-13,2001-01-13T19:17:24.095,28.87,888.11,single_frame_visual_review,uncertain,nearby_non_hal_context,co-iss-n1358105660,2001-01-13T19:22:16.105,RED,18,4.87,100.54866
42,1358105418-1483,N1358105418,2001-01-13,2001-01-13T19:17:24.095,28.87,888.11,single_frame_visual_review,uncertain,nearby_non_hal_context,co-iss-n1358105733,2001-01-13T19:23:29.109,GRN,18,6.08,100.55252
42,1358105418-1483,N1358105418,2001-01-13,2001-01-13T19:17:24.095,28.87,888.11,single_frame_visual_review,uncertain,nearby_non_hal_context,co-iss-n1358105870,2001-01-13T19:25:08.112,BL2,56,7.73,100.55876
42,1358105418-1483,N1358105418,2001-01-13,2001-01-13T19:17:24.095,28.87,888.11,single_frame_visual_review,uncertain,nearby_non_hal_context,co-iss-n1358106007,2001-01-13T19:27:25.119,UV3,56,10.02,100.56601
42,1358105418-1483,N1358105418,2001-01-13,2001-01-13T19:17:24.095,28.87,888.11,single_frame_visual_review,uncertain,nearby_non_hal_context,co-iss-n1358106185,2001-01-13T19:30:53.125,CB2,26,13.48,100.57622
42,1358105418-1483,N1358105418,2001-01-13,2001-01-13T19:17:24.095,28.87,888.11,single_frame_visual_review,uncertain,nearby_non_hal_context,co-iss-n1358106274,2001-01-13T19:32:22.128,UV3,26,14.97,100.58093
43,1357667285-0063,N1357667285,2001-01-08,2001-01-08T17:34:42.137,164.06,271.23,single_frame_visual_review,uncertain,nearby_non_hal_context,co-iss-n1357667358,2001-01-08T17:37:17.141,RED,18,2.58,79.08247
43,1357667285-0063,N1357667285,2001-01-08,2001-01-08T17:34:42.137,164.06,271.23,single_frame_visual_review,uncertain,nearby_non_hal_context,co-iss-n1357667431,2001-01-08T17:38:30.144,GRN,18,3.80,79.08568
43,1357667285-0063,N1357667285,2001-01-08,2001-01-08T17:34:42.137,164.06,271.23,single_frame_visual_review,uncertain,nearby_non_hal_context,co-iss-n1357667568,2001-01-08T17:40:09.147,BL2,56,5.45,79.09087
43,1357667285-0063,N1357667285,2001-01-08,2001-01-08T17:34:42.137,164.06,271.23,single_frame_visual_review,uncertain,nearby_non_hal_context,co-iss-n1357667705,2001-01-08T17:42:26.154,UV3,56,7.73,79.09689
43,1357667285-0063,N1357667285,2001-01-08,2001-01-08T17:34:42.137,164.06,271.23,single_frame_visual_review,uncertain,nearby_non_hal_context,co-iss-n1357667883,2001-01-08T17:45:54.160,CB2,26,11.20,79.10537
43,1357667285-0063,N1357667285,2001-01-08,2001-01-08T17:34:42.137,164.06,271.23,single_frame_visual_review,uncertain,nearby_non_hal_context,co-iss-n1357667972,2001-01-08T17:47:23.164,UV3,26,12.68,79.10928
44,1357646415-0076,N1357646415,2001-01-08,2001-01-08T11:47:24.274,689.56,470.36,single_frame_visual_review,uncertain,nearby_non_hal_context,co-iss-n1357646657,2001-01-08T11:52:16.284,RED,18,4.87,78.17918
44,1357646415-0076,N1357646415,2001-01-08,2001-01-08T11:47:24.274,689.56,470.36,single_frame_visual_review,uncertain,nearby_non_hal_context,co-iss-n1357646730,2001-01-08T11:53:29.287,GRN,18,6.08,78.18234
44,1357646415-0076,N1357646415,2001-01-08,2001-01-08T11:47:24.274,689.56,470.36,single_frame_visual_review,uncertain,nearby_non_hal_context,co-iss-n1357646867,2001-01-08T11:55:08.290,BL2,56,7.73,78.18746
44,1357646415-0076,N1357646415,2001-01-08,2001-01-08T11:47:24.274,689.56,470.36,single_frame_visual_review,uncertain,nearby_non_hal_context,co-iss-n1357647004,2001-01-08T11:57:25.297,UV3,56,10.02,78.19339
44,1357646415-0076,N1357646415,2001-01-08,2001-01-08T11:47:24.274,689.56,470.36,single_frame_visual_review,uncertain,nearby_non_hal_context,co-iss-n1357647182,2001-01-08T12:00:53.304,CB2,26,13.48,78.20176
44,1357646415-0076,N1357646415,2001-01-08,2001-01-08T11:47:24.274,689.56,470.36,single_frame_visual_review,uncertain,nearby_non_hal_context,co-iss-n1357647271,2001-01-08T12:02:22.307,UV3,26,14.97,78.20562
45,1358114587-0079,N1358114587,2001-01-13,2001-01-13T21:49:41.040,259.57,429.91,single_frame_visual_review,uncertain,nearby_non_hal_context,co-iss-n1358114660,2001-01-13T21:52:16.043,RED,18,2.58,101.02522
45,1358114587-0079,N1358114587,2001-01-13,2001-01-13T21:49:41.040,259.57,429.91,single_frame_visual_review,uncertain,nearby_non_hal_context,co-iss-n1358114733,2001-01-13T21:53:29.046,GRN,18,3.80,101.02909
45,1358114587-0079,N1358114587,2001-01-13,2001-01-13T21:49:41.040,259.57,429.91,single_frame_visual_review,uncertain,nearby_non_hal_context,co-iss-n1358114870,2001-01-13T21:55:08.049,BL2,56,5.45,101.03534
45,1358114587-0079,N1358114587,2001-01-13,2001-01-13T21:49:41.040,259.57,429.91,single_frame_visual_review,uncertain,nearby_non_hal_context,co-iss-n1358115007,2001-01-13T21:57:25.056,UV3,56,7.73,101.04261
45,1358114587-0079,N1358114587,2001-01-13,2001-01-13T21:49:41.040,259.57,429.91,single_frame_visual_review,uncertain,nearby_non_hal_context,co-iss-n1358115185,2001-01-13T22:00:53.063,CB2,26,11.20,101.05284
45,1358114587-0079,N1358114587,2001-01-13,2001-01-13T21:49:41.040,259.57,429.91,single_frame_visual_review,uncertain,nearby_non_hal_context,co-iss-n1358115274,2001-01-13T22:02:22.066,UV3,26,12.68,101.05756
46,1357628584-0070,N1357628584,2001-01-08,2001-01-08T06:49:41.405,939.70,418.53,single_frame_visual_review,uncertain,nearby_non_hal_context,co-iss-n1357628657,2001-01-08T06:52:16.409,RED,18,2.58,77.40425
46,1357628584-0070,N1357628584,2001-01-08,2001-01-08T06:49:41.405,939.70,418.53,single_frame_visual_review,uncertain,nearby_non_hal_context,co-iss-n1357628730,2001-01-08T06:53:29.412,GRN,18,3.80,77.40738
46,1357628584-0070,N1357628584,2001-01-08,2001-01-08T06:49:41.405,939.70,418.53,single_frame_visual_review,uncertain,nearby_non_hal_context,co-iss-n1357628867,2001-01-08T06:55:08.415,BL2,56,5.45,77.41242
46,1357628584-0070,N1357628584,2001-01-08,2001-01-08T06:49:41.405,939.70,418.53,single_frame_visual_review,uncertain,nearby_non_hal_context,co-iss-n1357629004,2001-01-08T06:57:25.422,UV3,56,7.73,77.41829
46,1357628584-0070,N1357628584,2001-01-08,2001-01-08T06:49:41.405,939.70,418.53,single_frame_visual_review,uncertain,nearby_non_hal_context,co-iss-n1357629182,2001-01-08T07:00:53.428,CB2,26,11.20,77.42654
46,1357628584-0070,N1357628584,2001-01-08,2001-01-08T06:49:41.405,939.70,418.53,single_frame_visual_review,uncertain,nearby_non_hal_context,co-iss-n1357629271,2001-01-08T07:02:22.432,UV3,26,12.68,77.43035
47,1357352003-0194,N1357352003,2001-01-05,2001-01-05T02:01:10.293,380.15,543.48,single_frame_visual_review,uncertain,nearby_non_hal_context,co-iss-n1357351323,2001-01-05T01:50:19.106,MT3,3.2,10.85,133.92461
47,1357352003-0194,N1357352003,2001-01-05,2001-01-05T02:01:10.293,380.15,543.48,single_frame_visual_review,uncertain,nearby_non_hal_context,co-iss-n1357351283,2001-01-05T01:49:40.798,MT2,1.5,11.49,66.96106
47,1357352003-0194,N1357352003,2001-01-05,2001-01-05T02:01:10.293,380.15,543.48,single_frame_visual_review,uncertain,nearby_non_hal_context,co-iss-n1357351246,2001-01-05T01:49:04.407,CB2,1.2,12.10,66.9599
47,1357352003-0194,N1357352003,2001-01-05,2001-01-05T02:01:10.293,380.15,543.48,single_frame_visual_review,uncertain,nearby_non_hal_context,co-iss-n1357351209,2001-01-05T01:48:27.839,BL1,0.46,12.71,66.95873
47,1357352003-0194,N1357352003,2001-01-05,2001-01-05T02:01:10.293,380.15,543.48,single_frame_visual_review,uncertain,nearby_non_hal_context,co-iss-n1357350993,2001-01-05T01:44:49.108,MT3,3.2,16.35,133.90369
47,1357352003-0194,N1357352003,2001-01-05,2001-01-05T02:01:10.293,380.15,543.48,single_frame_visual_review,uncertain,nearby_non_hal_context,co-iss-n1357350953,2001-01-05T01:44:10.800,MT2,1.5,16.99,66.9506
47,1357352003-0194,N1357352003,2001-01-05,2001-01-05T02:01:10.293,380.15,543.48,single_frame_visual_review,uncertain,nearby_non_hal_context,co-iss-n1357350916,2001-01-05T01:43:34.405,CB2,1.2,17.60,66.94945
47,1357352003-0194,N1357352003,2001-01-05,2001-01-05T02:01:10.293,380.15,543.48,single_frame_visual_review,uncertain,nearby_non_hal_context,co-iss-n1357350879,2001-01-05T01:42:57.921,BL1,0.38,18.21,66.94828
47,1357352003-0194,N1357352003,2001-01-05,2001-01-05T02:01:10.293,380.15,543.48,single_frame_visual_review,uncertain,nearby_non_hal_context,co-iss-n1357353152,2001-01-05T02:20:50.825,BL1,0.46,19.68,67.02042
48,1357637415-0069,N1357637415,2001-01-08,2001-01-08T09:17:24.336,95.74,471.57,single_frame_visual_review,uncertain,nearby_non_hal_context,co-iss-n1357637657,2001-01-08T09:22:16.346,RED,18,4.87,77.79047
48,1357637415-0069,N1357637415,2001-01-08,2001-01-08T09:17:24.336,95.74,471.57,single_frame_visual_review,uncertain,nearby_non_hal_context,co-iss-n1357637730,2001-01-08T09:23:29.350,GRN,18,6.08,77.79362
48,1357637415-0069,N1357637415,2001-01-08,2001-01-08T09:17:24.336,95.74,471.57,single_frame_visual_review,uncertain,nearby_non_hal_context,co-iss-n1357637867,2001-01-08T09:25:08.353,BL2,56,7.73,77.7987
48,1357637415-0069,N1357637415,2001-01-08,2001-01-08T09:17:24.336,95.74,471.57,single_frame_visual_review,uncertain,nearby_non_hal_context,co-iss-n1357638004,2001-01-08T09:27:25.359,UV3,56,10.02,77.8046
48,1357637415-0069,N1357637415,2001-01-08,2001-01-08T09:17:24.336,95.74,471.57,single_frame_visual_review,uncertain,nearby_non_hal_context,co-iss-n1357638182,2001-01-08T09:30:53.366,CB2,26,13.48,77.81291
48,1357637415-0069,N1357637415,2001-01-08,2001-01-08T09:17:24.336,95.74,471.57,single_frame_visual_review,uncertain,nearby_non_hal_context,co-iss-n1357638271,2001-01-08T09:32:22.369,UV3,26,14.97,77.81674
49,1357665093-0016,N1357665093,2001-01-08,2001-01-08T16:59:18.176,807.46,164.30,single_frame_visual_review,uncertain,nearby_non_hal_context,co-iss-n1357665182,2001-01-08T17:00:53.179,CB2,26,1.58,78.98675
49,1357665093-0016,N1357665093,2001-01-08,2001-01-08T16:59:18.176,807.46,164.30,single_frame_visual_review,uncertain,nearby_non_hal_context,co-iss-n1357665004,2001-01-08T16:57:25.173,UV3,56,1.88,78.97829
49,1357665093-0016,N1357665093,2001-01-08,2001-01-08T16:59:18.176,807.46,164.30,single_frame_visual_review,uncertain,nearby_non_hal_context,co-iss-n1357665271,2001-01-08T17:02:22.182,UV3,26,3.07,78.99066
49,1357665093-0016,N1357665093,2001-01-08,2001-01-08T16:59:18.176,807.46,164.30,single_frame_visual_review,uncertain,nearby_non_hal_context,co-iss-n1357664867,2001-01-08T16:55:08.166,BL2,56,4.17,78.97228
49,1357665093-0016,N1357665093,2001-01-08,2001-01-08T16:59:18.176,807.46,164.30,single_frame_visual_review,uncertain,nearby_non_hal_context,co-iss-n1357664730,2001-01-08T16:53:29.163,GRN,18,5.82,78.9671
49,1357665093-0016,N1357665093,2001-01-08,2001-01-08T16:59:18.176,807.46,164.30,single_frame_visual_review,uncertain,nearby_non_hal_context,co-iss-n1357664657,2001-01-08T16:52:16.159,RED,18,7.03,78.9639
50,1357685285-0112,N1357685285,2001-01-08,2001-01-08T22:34:42.013,474.82,382.50,single_frame_visual_review,uncertain,nearby_non_hal_context,co-iss-n1357685358,2001-01-08T22:37:17.016,RED,18,2.58,79.87805
50,1357685285-0112,N1357685285,2001-01-08,2001-01-08T22:34:42.013,474.82,382.50,single_frame_visual_review,uncertain,nearby_non_hal_context,co-iss-n1357685431,2001-01-08T22:38:30.019,GRN,18,3.80,79.8813
50,1357685285-0112,N1357685285,2001-01-08,2001-01-08T22:34:42.013,474.82,382.50,single_frame_visual_review,uncertain,nearby_non_hal_context,co-iss-n1357685568,2001-01-08T22:40:09.022,BL2,56,5.45,79.88655
50,1357685285-0112,N1357685285,2001-01-08,2001-01-08T22:34:42.013,474.82,382.50,single_frame_visual_review,uncertain,nearby_non_hal_context,co-iss-n1357685705,2001-01-08T22:42:26.029,UV3,56,7.73,79.89264
50,1357685285-0112,N1357685285,2001-01-08,2001-01-08T22:34:42.013,474.82,382.50,single_frame_visual_review,uncertain,nearby_non_hal_context,co-iss-n1357685883,2001-01-08T22:45:54.036,CB2,26,11.20,79.90122
50,1357685285-0112,N1357685285,2001-01-08,2001-01-08T22:34:42.013,474.82,382.50,single_frame_visual_review,uncertain,nearby_non_hal_context,co-iss-n1357685972,2001-01-08T22:47:23.039,UV3,26,12.68,79.90518
51,1357682416-0008,N1357682416,2001-01-08,2001-01-08T21:47:25.025,428.07,73.69,single_frame_visual_review,uncertain,nearby_non_hal_context,co-iss-n1357682658,2001-01-08T21:52:17.035,RED,18,4.87,79.75813
51,1357682416-0008,N1357682416,2001-01-08,2001-01-08T21:47:25.025,428.07,73.69,single_frame_visual_review,uncertain,nearby_non_hal_context,co-iss-n1357682731,2001-01-08T21:53:30.038,GRN,18,6.08,79.76137
51,1357682416-0008,N1357682416,2001-01-08,2001-01-08T21:47:25.025,428.07,73.69,single_frame_visual_review,uncertain,nearby_non_hal_context,co-iss-n1357682868,2001-01-08T21:55:09.041,BL2,56,7.73,79.7666
51,1357682416-0008,N1357682416,2001-01-08,2001-01-08T21:47:25.025,428.07,73.69,single_frame_visual_review,uncertain,nearby_non_hal_context,co-iss-n1357683005,2001-01-08T21:57:26.048,UV3,56,10.02,79.77269
51,1357682416-0008,N1357682416,2001-01-08,2001-01-08T21:47:25.025,428.07,73.69,single_frame_visual_review,uncertain,nearby_non_hal_context,co-iss-n1357683183,2001-01-08T22:00:54.054,CB2,26,13.48,79.78125
51,1357682416-0008,N1357682416,2001-01-08,2001-01-08T21:47:25.025,428.07,73.69,single_frame_visual_review,uncertain,nearby_non_hal_context,co-iss-n1357683272,2001-01-08T22:02:23.058,UV3,26,14.97,79.78521
52,1357685285-0093,N1357685285,2001-01-08,2001-01-08T22:34:42.013,504.70,306.29,single_frame_visual_review,uncertain,nearby_non_hal_context,co-iss-n1357685358,2001-01-08T22:37:17.016,RED,18,2.58,79.87805
52,1357685285-0093,N1357685285,2001-01-08,2001-01-08T22:34:42.013,504.70,306.29,single_frame_visual_review,uncertain,nearby_non_hal_context,co-iss-n1357685431,2001-01-08T22:38:30.019,GRN,18,3.80,79.8813
52,1357685285-0093,N1357685285,2001-01-08,2001-01-08T22:34:42.013,504.70,306.29,single_frame_visual_review,uncertain,nearby_non_hal_context,co-iss-n1357685568,2001-01-08T22:40:09.022,BL2,56,5.45,79.88655
52,1357685285-0093,N1357685285,2001-01-08,2001-01-08T22:34:42.013,504.70,306.29,single_frame_visual_review,uncertain,nearby_non_hal_context,co-iss-n1357685705,2001-01-08T22:42:26.029,UV3,56,7.73,79.89264
52,1357685285-0093,N1357685285,2001-01-08,2001-01-08T22:34:42.013,504.70,306.29,single_frame_visual_review,uncertain,nearby_non_hal_context,co-iss-n1357685883,2001-01-08T22:45:54.036,CB2,26,11.20,79.90122
52,1357685285-0093,N1357685285,2001-01-08,2001-01-08T22:34:42.013,504.70,306.29,single_frame_visual_review,uncertain,nearby_non_hal_context,co-iss-n1357685972,2001-01-08T22:47:23.039,UV3,26,12.68,79.90518
53,1357352003-0192,N1357352003,2001-01-05,2001-01-05T02:01:10.293,823.83,535.84,single_frame_visual_review,uncertain,nearby_non_hal_context,co-iss-n1357351323,2001-01-05T01:50:19.106,MT3,3.2,10.85,133.92461
53,1357352003-0192,N1357352003,2001-01-05,2001-01-05T02:01:10.293,823.83,535.84,single_frame_visual_review,uncertain,nearby_non_hal_context,co-iss-n1357351283,2001-01-05T01:49:40.798,MT2,1.5,11.49,66.96106
53,1357352003-0192,N1357352003,2001-01-05,2001-01-05T02:01:10.293,823.83,535.84,single_frame_visual_review,uncertain,nearby_non_hal_context,co-iss-n1357351246,2001-01-05T01:49:04.407,CB2,1.2,12.10,66.9599
53,1357352003-0192,N1357352003,2001-01-05,2001-01-05T02:01:10.293,823.83,535.84,single_frame_visual_review,uncertain,nearby_non_hal_context,co-iss-n1357351209,2001-01-05T01:48:27.839,BL1,0.46,12.71,66.95873
53,1357352003-0192,N1357352003,2001-01-05,2001-01-05T02:01:10.293,823.83,535.84,single_frame_visual_review,uncertain,nearby_non_hal_context,co-iss-n1357350993,2001-01-05T01:44:49.108,MT3,3.2,16.35,133.90369
53,1357352003-0192,N1357352003,2001-01-05,2001-01-05T02:01:10.293,823.83,535.84,single_frame_visual_review,uncertain,nearby_non_hal_context,co-iss-n1357350953,2001-01-05T01:44:10.800,MT2,1.5,16.99,66.9506
53,1357352003-0192,N1357352003,2001-01-05,2001-01-05T02:01:10.293,823.83,535.84,single_frame_visual_review,uncertain,nearby_non_hal_context,co-iss-n1357350916,2001-01-05T01:43:34.405,CB2,1.2,17.60,66.94945
53,1357352003-0192,N1357352003,2001-01-05,2001-01-05T02:01:10.293,823.83,535.84,single_frame_visual_review,uncertain,nearby_non_hal_context,co-iss-n1357350879,2001-01-05T01:42:57.921,BL1,0.38,18.21,66.94828
53,1357352003-0192,N1357352003,2001-01-05,2001-01-05T02:01:10.293,823.83,535.84,single_frame_visual_review,uncertain,nearby_non_hal_context,co-iss-n1357353152,2001-01-05T02:20:50.825,BL1,0.46,19.68,67.02042
54,1357667116-1600,N1357667116,2001-01-08,2001-01-08T17:32:25.131,367.96,1009.04,single_frame_visual_review,uncertain,nearby_non_hal_context,co-iss-n1357667358,2001-01-08T17:37:17.141,RED,18,4.87,79.08247
54,1357667116-1600,N1357667116,2001-01-08,2001-01-08T17:32:25.131,367.96,1009.04,single_frame_visual_review,uncertain,nearby_non_hal_context,co-iss-n1357667431,2001-01-08T17:38:30.144,GRN,18,6.08,79.08568
54,1357667116-1600,N1357667116,2001-01-08,2001-01-08T17:32:25.131,367.96,1009.04,single_frame_visual_review,uncertain,nearby_non_hal_context,co-iss-n1357667568,2001-01-08T17:40:09.147,BL2,56,7.73,79.09087
54,1357667116-1600,N1357667116,2001-01-08,2001-01-08T17:32:25.131,367.96,1009.04,single_frame_visual_review,uncertain,nearby_non_hal_context,co-iss-n1357667705,2001-01-08T17:42:26.154,UV3,56,10.02,79.09689
54,1357667116-1600,N1357667116,2001-01-08,2001-01-08T17:32:25.131,367.96,1009.04,single_frame_visual_review,uncertain,nearby_non_hal_context,co-iss-n1357667883,2001-01-08T17:45:54.160,CB2,26,13.48,79.10537
54,1357667116-1600,N1357667116,2001-01-08,2001-01-08T17:32:25.131,367.96,1009.04,single_frame_visual_review,uncertain,nearby_non_hal_context,co-iss-n1357667972,2001-01-08T17:47:23.164,UV3,26,14.97,79.10928
55,1357674094-0052,N1357674094,2001-01-08,2001-01-08T19:29:19.113,316.82,479.90,single_frame_visual_review,uncertain,nearby_non_hal_context,co-iss-n1357674183,2001-01-08T19:30:54.117,CB2,26,1.58,79.38286
55,1357674094-0052,N1357674094,2001-01-08,2001-01-08T19:29:19.113,316.82,479.90,single_frame_visual_review,uncertain,nearby_non_hal_context,co-iss-n1357674005,2001-01-08T19:27:26.110,UV3,56,1.88,79.37434
55,1357674094-0052,N1357674094,2001-01-08,2001-01-08T19:29:19.113,316.82,479.90,single_frame_visual_review,uncertain,nearby_non_hal_context,co-iss-n1357674272,2001-01-08T19:32:23.120,UV3,26,3.07,79.38679
55,1357674094-0052,N1357674094,2001-01-08,2001-01-08T19:29:19.113,316.82,479.90,single_frame_visual_review,uncertain,nearby_non_hal_context,co-iss-n1357673868,2001-01-08T19:25:09.103,BL2,56,4.17,79.3683
55,1357674094-0052,N1357674094,2001-01-08,2001-01-08T19:29:19.113,316.82,479.90,single_frame_visual_review,uncertain,nearby_non_hal_context,co-iss-n1357673731,2001-01-08T19:23:30.100,GRN,18,5.82,79.36309
55,1357674094-0052,N1357674094,2001-01-08,2001-01-08T19:29:19.113,316.82,479.90,single_frame_visual_review,uncertain,nearby_non_hal_context,co-iss-n1357673658,2001-01-08T19:22:17.097,RED,18,7.03,79.35987
56,1357638093-0061,N1357638093,2001-01-08,2001-01-08T09:29:18.363,717.61,548.63,single_frame_visual_review,uncertain,nearby_non_hal_context,co-iss-n1357638182,2001-01-08T09:30:53.366,CB2,26,1.58,77.81291
56,1357638093-0061,N1357638093,2001-01-08,2001-01-08T09:29:18.363,717.61,548.63,single_frame_visual_review,uncertain,nearby_non_hal_context,co-iss-n1357638004,2001-01-08T09:27:25.359,UV3,56,1.88,77.8046
56,1357638093-0061,N1357638093,2001-01-08,2001-01-08T09:29:18.363,717.61,548.63,single_frame_visual_review,uncertain,nearby_non_hal_context,co-iss-n1357638271,2001-01-08T09:32:22.369,UV3,26,3.07,77.81674
56,1357638093-0061,N1357638093,2001-01-08,2001-01-08T09:29:18.363,717.61,548.63,single_frame_visual_review,uncertain,nearby_non_hal_context,co-iss-n1357637867,2001-01-08T09:25:08.353,BL2,56,4.17,77.7987
56,1357638093-0061,N1357638093,2001-01-08,2001-01-08T09:29:18.363,717.61,548.63,single_frame_visual_review,uncertain,nearby_non_hal_context,co-iss-n1357637730,2001-01-08T09:23:29.350,GRN,18,5.82,77.79362
56,1357638093-0061,N1357638093,2001-01-08,2001-01-08T09:29:18.363,717.61,548.63,single_frame_visual_review,uncertain,nearby_non_hal_context,co-iss-n1357637657,2001-01-08T09:22:16.346,RED,18,7.03,77.79047
57,1357667285-0006,N1357667285,2001-01-08,2001-01-08T17:34:42.137,164.95,31.31,single_frame_visual_review,uncertain,nearby_non_hal_context,co-iss-n1357667358,2001-01-08T17:37:17.141,RED,18,2.58,79.08247
57,1357667285-0006,N1357667285,2001-01-08,2001-01-08T17:34:42.137,164.95,31.31,single_frame_visual_review,uncertain,nearby_non_hal_context,co-iss-n1357667431,2001-01-08T17:38:30.144,GRN,18,3.80,79.08568
57,1357667285-0006,N1357667285,2001-01-08,2001-01-08T17:34:42.137,164.95,31.31,single_frame_visual_review,uncertain,nearby_non_hal_context,co-iss-n1357667568,2001-01-08T17:40:09.147,BL2,56,5.45,79.09087
57,1357667285-0006,N1357667285,2001-01-08,2001-01-08T17:34:42.137,164.95,31.31,single_frame_visual_review,uncertain,nearby_non_hal_context,co-iss-n1357667705,2001-01-08T17:42:26.154,UV3,56,7.73,79.09689
57,1357667285-0006,N1357667285,2001-01-08,2001-01-08T17:34:42.137,164.95,31.31,single_frame_visual_review,uncertain,nearby_non_hal_context,co-iss-n1357667883,2001-01-08T17:45:54.160,CB2,26,11.20,79.10537
57,1357667285-0006,N1357667285,2001-01-08,2001-01-08T17:34:42.137,164.95,31.31,single_frame_visual_review,uncertain,nearby_non_hal_context,co-iss-n1357667972,2001-01-08T17:47:23.164,UV3,26,12.68,79.10928
58,1357667794-0108,N1357667794,2001-01-08,2001-01-08T17:44:19.157,895.25,681.83,single_frame_visual_review,uncertain,nearby_non_hal_context,co-iss-n1357667883,2001-01-08T17:45:54.160,CB2,26,1.58,79.10537
58,1357667794-0108,N1357667794,2001-01-08,2001-01-08T17:44:19.157,895.25,681.83,single_frame_visual_review,uncertain,nearby_non_hal_context,co-iss-n1357667705,2001-01-08T17:42:26.154,UV3,56,1.88,79.09689
58,1357667794-0108,N1357667794,2001-01-08,2001-01-08T17:44:19.157,895.25,681.83,single_frame_visual_review,uncertain,nearby_non_hal_context,co-iss-n1357667972,2001-01-08T17:47:23.164,UV3,26,3.07,79.10928
58,1357667794-0108,N1357667794,2001-01-08,2001-01-08T17:44:19.157,895.25,681.83,single_frame_visual_review,uncertain,nearby_non_hal_context,co-iss-n1357667568,2001-01-08T17:40:09.147,BL2,56,4.17,79.09087
58,1357667794-0108,N1357667794,2001-01-08,2001-01-08T17:44:19.157,895.25,681.83,single_frame_visual_review,uncertain,nearby_non_hal_context,co-iss-n1357667431,2001-01-08T17:38:30.144,GRN,18,5.82,79.08568
58,1357667794-0108,N1357667794,2001-01-08,2001-01-08T17:44:19.157,895.25,681.83,single_frame_visual_review,uncertain,nearby_non_hal_context,co-iss-n1357667358,2001-01-08T17:37:17.141,RED,18,7.03,79.08247
59,1357685285-0055,N1357685285,2001-01-08,2001-01-08T22:34:42.013,906.18,154.87,single_frame_visual_review,uncertain,nearby_non_hal_context,co-iss-n1357685358,2001-01-08T22:37:17.016,RED,18,2.58,79.87805
59,1357685285-0055,N1357685285,2001-01-08,2001-01-08T22:34:42.013,906.18,154.87,single_frame_visual_review,uncertain,nearby_non_hal_context,co-iss-n1357685431,2001-01-08T22:38:30.019,GRN,18,3.80,79.8813
59,1357685285-0055,N1357685285,2001-01-08,2001-01-08T22:34:42.013,906.18,154.87,single_frame_visual_review,uncertain,nearby_non_hal_context,co-iss-n1357685568,2001-01-08T22:40:09.022,BL2,56,5.45,79.88655
59,1357685285-0055,N1357685285,2001-01-08,2001-01-08T22:34:42.013,906.18,154.87,single_frame_visual_review,uncertain,nearby_non_hal_context,co-iss-n1357685705,2001-01-08T22:42:26.029,UV3,56,7.73,79.89264
59,1357685285-0055,N1357685285,2001-01-08,2001-01-08T22:34:42.013,906.18,154.87,single_frame_visual_review,uncertain,nearby_non_hal_context,co-iss-n1357685883,2001-01-08T22:45:54.036,CB2,26,11.20,79.90122
59,1357685285-0055,N1357685285,2001-01-08,2001-01-08T22:34:42.013,906.18,154.87,single_frame_visual_review,uncertain,nearby_non_hal_context,co-iss-n1357685972,2001-01-08T22:47:23.039,UV3,26,12.68,79.90518
60,1357664584-0715,N1357664584,2001-01-08,2001-01-08T16:49:41.156,153.93,752.40,single_frame_visual_review,uncertain,nearby_non_hal_context,co-iss-n1357664657,2001-01-08T16:52:16.159,RED,18,2.58,78.9639
60,1357664584-0715,N1357664584,2001-01-08,2001-01-08T16:49:41.156,153.93,752.40,single_frame_visual_review,uncertain,nearby_non_hal_context,co-iss-n1357664730,2001-01-08T16:53:29.163,GRN,18,3.80,78.9671
60,1357664584-0715,N1357664584,2001-01-08,2001-01-08T16:49:41.156,153.93,752.40,single_frame_visual_review,uncertain,nearby_non_hal_context,co-iss-n1357664867,2001-01-08T16:55:08.166,BL2,56,5.45,78.97228
60,1357664584-0715,N1357664584,2001-01-08,2001-01-08T16:49:41.156,153.93,752.40,single_frame_visual_review,uncertain,nearby_non_hal_context,co-iss-n1357665004,2001-01-08T16:57:25.173,UV3,56,7.73,78.97829
60,1357664584-0715,N1357664584,2001-01-08,2001-01-08T16:49:41.156,153.93,752.40,single_frame_visual_review,uncertain,nearby_non_hal_context,co-iss-n1357665182,2001-01-08T17:00:53.179,CB2,26,11.20,78.98675
60,1357664584-0715,N1357664584,2001-01-08,2001-01-08T16:49:41.156,153.93,752.40,single_frame_visual_review,uncertain,nearby_non_hal_context,co-iss-n1357665271,2001-01-08T17:02:22.182,UV3,26,12.68,78.99066
61,1358117118-0033,N1358117118,2001-01-13,2001-01-13T22:32:24.014,979.81,140.15,single_frame_visual_review,uncertain,nearby_non_hal_context,co-iss-n1358117360,2001-01-13T22:37:16.024,RED,18,4.87,101.1684
61,1358117118-0033,N1358117118,2001-01-13,2001-01-13T22:32:24.014,979.81,140.15,single_frame_visual_review,uncertain,nearby_non_hal_context,co-iss-n1358117433,2001-01-13T22:38:29.028,GRN,18,6.08,101.17227
61,1358117118-0033,N1358117118,2001-01-13,2001-01-13T22:32:24.014,979.81,140.15,single_frame_visual_review,uncertain,nearby_non_hal_context,co-iss-n1358117570,2001-01-13T22:40:08.031,BL2,56,7.73,101.17853
61,1358117118-0033,N1358117118,2001-01-13,2001-01-13T22:32:24.014,979.81,140.15,single_frame_visual_review,uncertain,nearby_non_hal_context,co-iss-n1358117707,2001-01-13T22:42:25.038,UV3,56,10.02,101.1858
61,1358117118-0033,N1358117118,2001-01-13,2001-01-13T22:32:24.014,979.81,140.15,single_frame_visual_review,uncertain,nearby_non_hal_context,co-iss-n1358117885,2001-01-13T22:45:53.044,CB2,26,13.48,101.19604
61,1358117118-0033,N1358117118,2001-01-13,2001-01-13T22:32:24.014,979.81,140.15,single_frame_visual_review,uncertain,nearby_non_hal_context,co-iss-n1358117974,2001-01-13T22:47:22.047,UV3,26,14.97,101.20076
62,1357673416-1543,N1357673416,2001-01-08,2001-01-08T19:17:25.087,158.93,814.90,single_frame_visual_review,uncertain,nearby_non_hal_context,co-iss-n1357673658,2001-01-08T19:22:17.097,RED,18,4.87,79.35987
62,1357673416-1543,N1357673416,2001-01-08,2001-01-08T19:17:25.087,158.93,814.90,single_frame_visual_review,uncertain,nearby_non_hal_context,co-iss-n1357673731,2001-01-08T19:23:30.100,GRN,18,6.08,79.36309
62,1357673416-1543,N1357673416,2001-01-08,2001-01-08T19:17:25.087,158.93,814.90,single_frame_visual_review,uncertain,nearby_non_hal_context,co-iss-n1357673868,2001-01-08T19:25:09.103,BL2,56,7.73,79.3683
62,1357673416-1543,N1357673416,2001-01-08,2001-01-08T19:17:25.087,158.93,814.90,single_frame_visual_review,uncertain,nearby_non_hal_context,co-iss-n1357674005,2001-01-08T19:27:26.110,UV3,56,10.02,79.37434
62,1357673416-1543,N1357673416,2001-01-08,2001-01-08T19:17:25.087,158.93,814.90,single_frame_visual_review,uncertain,nearby_non_hal_context,co-iss-n1357674183,2001-01-08T19:30:54.117,CB2,26,13.48,79.38286
62,1357673416-1543,N1357673416,2001-01-08,2001-01-08T19:17:25.087,158.93,814.90,single_frame_visual_review,uncertain,nearby_non_hal_context,co-iss-n1357674272,2001-01-08T19:32:23.120,UV3,26,14.97,79.38679
63,1357673585-0019,N1357673585,2001-01-08,2001-01-08T19:19:42.094,98.12,89.79,single_frame_visual_review,uncertain,nearby_non_hal_context,co-iss-n1357673658,2001-01-08T19:22:17.097,RED,18,2.58,79.35987
63,1357673585-0019,N1357673585,2001-01-08,2001-01-08T19:19:42.094,98.12,89.79,single_frame_visual_review,uncertain,nearby_non_hal_context,co-iss-n1357673731,2001-01-08T19:23:30.100,GRN,18,3.80,79.36309
63,1357673585-0019,N1357673585,2001-01-08,2001-01-08T19:19:42.094,98.12,89.79,single_frame_visual_review,uncertain,nearby_non_hal_context,co-iss-n1357673868,2001-01-08T19:25:09.103,BL2,56,5.45,79.3683
63,1357673585-0019,N1357673585,2001-01-08,2001-01-08T19:19:42.094,98.12,89.79,single_frame_visual_review,uncertain,nearby_non_hal_context,co-iss-n1357674005,2001-01-08T19:27:26.110,UV3,56,7.73,79.37434
63,1357673585-0019,N1357673585,2001-01-08,2001-01-08T19:19:42.094,98.12,89.79,single_frame_visual_review,uncertain,nearby_non_hal_context,co-iss-n1357674183,2001-01-08T19:30:54.117,CB2,26,11.20,79.38286
63,1357673585-0019,N1357673585,2001-01-08,2001-01-08T19:19:42.094,98.12,89.79,single_frame_visual_review,uncertain,nearby_non_hal_context,co-iss-n1357674272,2001-01-08T19:32:23.120,UV3,26,12.68,79.38679
64,1357685285-0071,N1357685285,2001-01-08,2001-01-08T22:34:42.013,587.04,220.95,single_frame_visual_review,uncertain,nearby_non_hal_context,co-iss-n1357685358,2001-01-08T22:37:17.016,RED,18,2.58,79.87805
64,1357685285-0071,N1357685285,2001-01-08,2001-01-08T22:34:42.013,587.04,220.95,single_frame_visual_review,uncertain,nearby_non_hal_context,co-iss-n1357685431,2001-01-08T22:38:30.019,GRN,18,3.80,79.8813
64,1357685285-0071,N1357685285,2001-01-08,2001-01-08T22:34:42.013,587.04,220.95,single_frame_visual_review,uncertain,nearby_non_hal_context,co-iss-n1357685568,2001-01-08T22:40:09.022,BL2,56,5.45,79.88655
64,1357685285-0071,N1357685285,2001-01-08,2001-01-08T22:34:42.013,587.04,220.95,single_frame_visual_review,uncertain,nearby_non_hal_context,co-iss-n1357685705,2001-01-08T22:42:26.029,UV3,56,7.73,79.89264
64,1357685285-0071,N1357685285,2001-01-08,2001-01-08T22:34:42.013,587.04,220.95,single_frame_visual_review,uncertain,nearby_non_hal_context,co-iss-n1357685883,2001-01-08T22:45:54.036,CB2,26,11.20,79.90122
64,1357685285-0071,N1357685285,2001-01-08,2001-01-08T22:34:42.013,587.04,220.95,single_frame_visual_review,uncertain,nearby_non_hal_context,co-iss-n1357685972,2001-01-08T22:47:23.039,UV3,26,12.68,79.90518
65,1357646584-0889,N1357646584,2001-01-08,2001-01-08T11:49:41.281,616.14,779.43,single_frame_visual_review,uncertain,nearby_non_hal_context,co-iss-n1357646657,2001-01-08T11:52:16.284,RED,18,2.58,78.17918
65,1357646584-0889,N1357646584,2001-01-08,2001-01-08T11:49:41.281,616.14,779.43,single_frame_visual_review,uncertain,nearby_non_hal_context,co-iss-n1357646730,2001-01-08T11:53:29.287,GRN,18,3.80,78.18234
65,1357646584-0889,N1357646584,2001-01-08,2001-01-08T11:49:41.281,616.14,779.43,single_frame_visual_review,uncertain,nearby_non_hal_context,co-iss-n1357646867,2001-01-08T11:55:08.290,BL2,56,5.45,78.18746
65,1357646584-0889,N1357646584,2001-01-08,2001-01-08T11:49:41.281,616.14,779.43,single_frame_visual_review,uncertain,nearby_non_hal_context,co-iss-n1357647004,2001-01-08T11:57:25.297,UV3,56,7.73,78.19339
65,1357646584-0889,N1357646584,2001-01-08,2001-01-08T11:49:41.281,616.14,779.43,single_frame_visual_review,uncertain,nearby_non_hal_context,co-iss-n1357647182,2001-01-08T12:00:53.304,CB2,26,11.20,78.20176
65,1357646584-0889,N1357646584,2001-01-08,2001-01-08T11:49:41.281,616.14,779.43,single_frame_visual_review,uncertain,nearby_non_hal_context,co-iss-n1357647271,2001-01-08T12:02:22.307,UV3,26,12.68,78.20562
66,1358114587-0121,N1358114587,2001-01-13,2001-01-13T21:49:41.040,622.86,585.04,single_frame_visual_review,uncertain,nearby_non_hal_context,co-iss-n1358114660,2001-01-13T21:52:16.043,RED,18,2.58,101.02522
66,1358114587-0121,N1358114587,2001-01-13,2001-01-13T21:49:41.040,622.86,585.04,single_frame_visual_review,uncertain,nearby_non_hal_context,co-iss-n1358114733,2001-01-13T21:53:29.046,GRN,18,3.80,101.02909
66,1358114587-0121,N1358114587,2001-01-13,2001-01-13T21:49:41.040,622.86,585.04,single_frame_visual_review,uncertain,nearby_non_hal_context,co-iss-n1358114870,2001-01-13T21:55:08.049,BL2,56,5.45,101.03534
66,1358114587-0121,N1358114587,2001-01-13,2001-01-13T21:49:41.040,622.86,585.04,single_frame_visual_review,uncertain,nearby_non_hal_context,co-iss-n1358115007,2001-01-13T21:57:25.056,UV3,56,7.73,101.04261
66,1358114587-0121,N1358114587,2001-01-13,2001-01-13T21:49:41.040,622.86,585.04,single_frame_visual_review,uncertain,nearby_non_hal_context,co-iss-n1358115185,2001-01-13T22:00:53.063,CB2,26,11.20,101.05284
66,1358114587-0121,N1358114587,2001-01-13,2001-01-13T21:49:41.040,622.86,585.04,single_frame_visual_review,uncertain,nearby_non_hal_context,co-iss-n1358115274,2001-01-13T22:02:22.066,UV3,26,12.68,101.05756
67,1357685116-0026,N1357685116,2001-01-08,2001-01-08T22:32:25.006,715.00,96.00,review_as_negative_example,artifact,nearby_non_hal_context,co-iss-n1357685358,2001-01-08T22:37:17.016,RED,18,4.87,79.87805
67,1357685116-0026,N1357685116,2001-01-08,2001-01-08T22:32:25.006,715.00,96.00,review_as_negative_example,artifact,nearby_non_hal_context,co-iss-n1357685431,2001-01-08T22:38:30.019,GRN,18,6.08,79.8813
67,1357685116-0026,N1357685116,2001-01-08,2001-01-08T22:32:25.006,715.00,96.00,review_as_negative_example,artifact,nearby_non_hal_context,co-iss-n1357685568,2001-01-08T22:40:09.022,BL2,56,7.73,79.88655
67,1357685116-0026,N1357685116,2001-01-08,2001-01-08T22:32:25.006,715.00,96.00,review_as_negative_example,artifact,nearby_non_hal_context,co-iss-n1357685705,2001-01-08T22:42:26.029,UV3,56,10.02,79.89264
67,1357685116-0026,N1357685116,2001-01-08,2001-01-08T22:32:25.006,715.00,96.00,review_as_negative_example,artifact,nearby_non_hal_context,co-iss-n1357685883,2001-01-08T22:45:54.036,CB2,26,13.48,79.90122
67,1357685116-0026,N1357685116,2001-01-08,2001-01-08T22:32:25.006,715.00,96.00,review_as_negative_example,artifact,nearby_non_hal_context,co-iss-n1357685972,2001-01-08T22:47:23.039,UV3,26,14.97,79.90518
68,1357806858-0398,N1357806858,2001-01-10,2001-01-10T08:21:26.143,402.00,601.00,review_as_negative_example,artifact,nearby_non_hal_context,co-iss-n1357807599,2001-01-10T08:34:54.578,BL1,0.56,13.47,85.51032
68,1357806858-0398,N1357806858,2001-01-10,2001-01-10T08:21:26.143,402.00,601.00,review_as_negative_example,artifact,nearby_non_hal_context,co-iss-n1357807635,2001-01-10T08:35:30.466,CB2,0.68,14.07,85.51203
68,1357806858-0398,N1357806858,2001-01-10,2001-01-10T08:21:26.143,402.00,601.00,review_as_negative_example,artifact,nearby_non_hal_context,co-iss-n1357805770,2001-01-10T08:04:22.959,MT3,3.2,17.05,170.84657
68,1357806858-0398,N1357806858,2001-01-10,2001-01-10T08:21:26.143,402.00,601.00,review_as_negative_example,artifact,nearby_non_hal_context,co-iss-n1357805730,2001-01-10T08:03:44.651,MT2,1.5,17.69,85.42142
68,1357806858-0398,N1357806858,2001-01-10,2001-01-10T08:21:26.143,402.00,601.00,review_as_negative_example,artifact,nearby_non_hal_context,co-iss-n1357805693,2001-01-10T08:03:08.256,CB2,1.2,18.30,85.41969
68,1357806858-0398,N1357806858,2001-01-10,2001-01-10T08:21:26.143,402.00,601.00,review_as_negative_example,artifact,nearby_non_hal_context,co-iss-n1357805656,2001-01-10T08:02:31.692,BL1,0.46,18.91,85.41793
69,1357811330-0392,N1357811330,2001-01-10,2001-01-10T09:35:58.112,402.00,601.00,review_as_negative_example,artifact,nearby_non_hal_context,co-iss-n1357810242,2001-01-10T09:18:54.928,MT3,3.2,17.05,171.27214
69,1357811330-0392,N1357811330,2001-01-10,2001-01-10T09:35:58.112,402.00,601.00,review_as_negative_example,artifact,nearby_non_hal_context,co-iss-n1357810202,2001-01-10T09:18:16.620,MT2,1.5,17.69,85.63421
69,1357811330-0392,N1357811330,2001-01-10,2001-01-10T09:35:58.112,402.00,601.00,review_as_negative_example,artifact,nearby_non_hal_context,co-iss-n1357810165,2001-01-10T09:17:40.225,CB2,1.2,18.30,85.63246
69,1357811330-0392,N1357811330,2001-01-10,2001-01-10T09:35:58.112,402.00,601.00,review_as_negative_example,artifact,nearby_non_hal_context,co-iss-n1357810128,2001-01-10T09:17:03.661,BL1,0.46,18.91,85.63071
70,1358063118-0224,N1358063118,2001-01-13,2001-01-13T07:32:24.388,988.00,902.00,review_as_negative_example,artifact,nearby_non_hal_context,co-iss-n1358063360,2001-01-13T07:37:16.398,RED,18,4.87,98.32388
70,1358063118-0224,N1358063118,2001-01-13,2001-01-13T07:32:24.388,988.00,902.00,review_as_negative_example,artifact,nearby_non_hal_context,co-iss-n1358063433,2001-01-13T07:38:29.402,GRN,18,6.08,98.3277
70,1358063118-0224,N1358063118,2001-01-13,2001-01-13T07:32:24.388,988.00,902.00,review_as_negative_example,artifact,nearby_non_hal_context,co-iss-n1358063570,2001-01-13T07:40:08.405,BL2,56,7.73,98.33387
70,1358063118-0224,N1358063118,2001-01-13,2001-01-13T07:32:24.388,988.00,902.00,review_as_negative_example,artifact,nearby_non_hal_context,co-iss-n1358063707,2001-01-13T07:42:25.411,UV3,56,10.02,98.34103
70,1358063118-0224,N1358063118,2001-01-13,2001-01-13T07:32:24.388,988.00,902.00,review_as_negative_example,artifact,nearby_non_hal_context,co-iss-n1358063885,2001-01-13T07:45:53.418,CB2,26,13.48,98.35113
70,1358063118-0224,N1358063118,2001-01-13,2001-01-13T07:32:24.388,988.00,902.00,review_as_negative_example,artifact,nearby_non_hal_context,co-iss-n1358063974,2001-01-13T07:47:22.421,UV3,26,14.97,98.35578
71,1357352003-0215,N1357352003,2001-01-05,2001-01-05T02:01:10.293,402.00,601.00,review_as_negative_example,artifact,nearby_non_hal_context,co-iss-n1357351323,2001-01-05T01:50:19.106,MT3,3.2,10.85,133.92461
71,1357352003-0215,N1357352003,2001-01-05,2001-01-05T02:01:10.293,402.00,601.00,review_as_negative_example,artifact,nearby_non_hal_context,co-iss-n1357351283,2001-01-05T01:49:40.798,MT2,1.5,11.49,66.96106
71,1357352003-0215,N1357352003,2001-01-05,2001-01-05T02:01:10.293,402.00,601.00,review_as_negative_example,artifact,nearby_non_hal_context,co-iss-n1357351246,2001-01-05T01:49:04.407,CB2,1.2,12.10,66.9599
71,1357352003-0215,N1357352003,2001-01-05,2001-01-05T02:01:10.293,402.00,601.00,review_as_negative_example,artifact,nearby_non_hal_context,co-iss-n1357351209,2001-01-05T01:48:27.839,BL1,0.46,12.71,66.95873
71,1357352003-0215,N1357352003,2001-01-05,2001-01-05T02:01:10.293,402.00,601.00,review_as_negative_example,artifact,nearby_non_hal_context,co-iss-n1357350993,2001-01-05T01:44:49.108,MT3,3.2,16.35,133.90369
71,1357352003-0215,N1357352003,2001-01-05,2001-01-05T02:01:10.293,402.00,601.00,review_as_negative_example,artifact,nearby_non_hal_context,co-iss-n1357350953,2001-01-05T01:44:10.800,MT2,1.5,16.99,66.9506
71,1357352003-0215,N1357352003,2001-01-05,2001-01-05T02:01:10.293,402.00,601.00,review_as_negative_example,artifact,nearby_non_hal_context,co-iss-n1357350916,2001-01-05T01:43:34.405,CB2,1.2,17.60,66.94945
71,1357352003-0215,N1357352003,2001-01-05,2001-01-05T02:01:10.293,402.00,601.00,review_as_negative_example,artifact,nearby_non_hal_context,co-iss-n1357350879,2001-01-05T01:42:57.921,BL1,0.38,18.21,66.94828
71,1357352003-0215,N1357352003,2001-01-05,2001-01-05T02:01:10.293,402.00,601.00,review_as_negative_example,artifact,nearby_non_hal_context,co-iss-n1357353152,2001-01-05T02:20:50.825,BL1,0.46,19.68,67.02042
72,1357691416-0701,N1357691416,2001-01-09,2001-01-09T00:17:24.962,522.00,747.00,review_as_negative_example,artifact,nearby_non_hal_context,co-iss-n1357691658,2001-01-09T00:22:16.972,RED,18,4.87,80.15868
72,1357691416-0701,N1357691416,2001-01-09,2001-01-09T00:17:24.962,522.00,747.00,review_as_negative_example,artifact,nearby_non_hal_context,co-iss-n1357691731,2001-01-09T00:23:29.976,GRN,18,6.08,80.16194
72,1357691416-0701,N1357691416,2001-01-09,2001-01-09T00:17:24.962,522.00,747.00,review_as_negative_example,artifact,nearby_non_hal_context,co-iss-n1357691868,2001-01-09T00:25:08.979,BL2,56,7.73,80.16721
72,1357691416-0701,N1357691416,2001-01-09,2001-01-09T00:17:24.962,522.00,747.00,review_as_negative_example,artifact,nearby_non_hal_context,co-iss-n1357692005,2001-01-09T00:27:25.986,UV3,56,10.02,80.17332
73,1358117118-0283,N1358117118,2001-01-13,2001-01-13T22:32:24.014,318.00,946.00,review_as_negative_example,artifact,nearby_non_hal_context,co-iss-n1358117360,2001-01-13T22:37:16.024,RED,18,4.87,101.1684
73,1358117118-0283,N1358117118,2001-01-13,2001-01-13T22:32:24.014,318.00,946.00,review_as_negative_example,artifact,nearby_non_hal_context,co-iss-n1358117433,2001-01-13T22:38:29.028,GRN,18,6.08,101.17227
73,1358117118-0283,N1358117118,2001-01-13,2001-01-13T22:32:24.014,318.00,946.00,review_as_negative_example,artifact,nearby_non_hal_context,co-iss-n1358117570,2001-01-13T22:40:08.031,BL2,56,7.73,101.17853
73,1358117118-0283,N1358117118,2001-01-13,2001-01-13T22:32:24.014,318.00,946.00,review_as_negative_example,artifact,nearby_non_hal_context,co-iss-n1358117707,2001-01-13T22:42:25.038,UV3,56,10.02,101.1858
73,1358117118-0283,N1358117118,2001-01-13,2001-01-13T22:32:24.014,318.00,946.00,review_as_negative_example,artifact,nearby_non_hal_context,co-iss-n1358117885,2001-01-13T22:45:53.044,CB2,26,13.48,101.19604
73,1358117118-0283,N1358117118,2001-01-13,2001-01-13T22:32:24.014,318.00,946.00,review_as_negative_example,artifact,nearby_non_hal_context,co-iss-n1358117974,2001-01-13T22:47:22.047,UV3,26,14.97,101.20076
74,1357806858-0226,N1357806858,2001-01-10,2001-01-10T08:21:26.143,623.00,335.00,review_as_negative_example,artifact,nearby_non_hal_context,co-iss-n1357807599,2001-01-10T08:34:54.578,BL1,0.56,13.47,85.51032
74,1357806858-0226,N1357806858,2001-01-10,2001-01-10T08:21:26.143,623.00,335.00,review_as_negative_example,artifact,nearby_non_hal_context,co-iss-n1357807635,2001-01-10T08:35:30.466,CB2,0.68,14.07,85.51203
74,1357806858-0226,N1357806858,2001-01-10,2001-01-10T08:21:26.143,623.00,335.00,review_as_negative_example,artifact,nearby_non_hal_context,co-iss-n1357805770,2001-01-10T08:04:22.959,MT3,3.2,17.05,170.84657
74,1357806858-0226,N1357806858,2001-01-10,2001-01-10T08:21:26.143,623.00,335.00,review_as_negative_example,artifact,nearby_non_hal_context,co-iss-n1357805730,2001-01-10T08:03:44.651,MT2,1.5,17.69,85.42142
74,1357806858-0226,N1357806858,2001-01-10,2001-01-10T08:21:26.143,623.00,335.00,review_as_negative_example,artifact,nearby_non_hal_context,co-iss-n1357805693,2001-01-10T08:03:08.256,CB2,1.2,18.30,85.41969
74,1357806858-0226,N1357806858,2001-01-10,2001-01-10T08:21:26.143,623.00,335.00,review_as_negative_example,artifact,nearby_non_hal_context,co-iss-n1357805656,2001-01-10T08:02:31.692,BL1,0.46,18.91,85.41793
75,1358108287-0180,N1358108287,2001-01-13,2001-01-13T20:04:41.083,402.00,601.00,review_as_negative_example,artifact,nearby_non_hal_context,co-iss-n1358108360,2001-01-13T20:07:16.087,RED,18,2.58,100.69151
75,1358108287-0180,N1358108287,2001-01-13,2001-01-13T20:04:41.083,402.00,601.00,review_as_negative_example,artifact,nearby_non_hal_context,co-iss-n1358108433,2001-01-13T20:08:29.090,GRN,18,3.80,100.69538
75,1358108287-0180,N1358108287,2001-01-13,2001-01-13T20:04:41.083,402.00,601.00,review_as_negative_example,artifact,nearby_non_hal_context,co-iss-n1358108570,2001-01-13T20:10:08.093,BL2,56,5.45,100.70162
75,1358108287-0180,N1358108287,2001-01-13,2001-01-13T20:04:41.083,402.00,601.00,review_as_negative_example,artifact,nearby_non_hal_context,co-iss-n1358108707,2001-01-13T20:12:25.100,UV3,56,7.73,100.70887
75,1358108287-0180,N1358108287,2001-01-13,2001-01-13T20:04:41.083,402.00,601.00,review_as_negative_example,artifact,nearby_non_hal_context,co-iss-n1358108885,2001-01-13T20:15:53.106,CB2,26,11.20,100.71909
75,1358108287-0180,N1358108287,2001-01-13,2001-01-13T20:04:41.083,402.00,601.00,review_as_negative_example,artifact,nearby_non_hal_context,co-iss-n1358108974,2001-01-13T20:17:22.110,UV3,26,12.68,100.7238
76,1357352003-0267,N1357352003,2001-01-05,2001-01-05T02:01:10.293,731.00,735.00,review_as_negative_example,artifact,nearby_non_hal_context,co-iss-n1357351323,2001-01-05T01:50:19.106,MT3,3.2,10.85,133.92461
76,1357352003-0267,N1357352003,2001-01-05,2001-01-05T02:01:10.293,731.00,735.00,review_as_negative_example,artifact,nearby_non_hal_context,co-iss-n1357351283,2001-01-05T01:49:40.798,MT2,1.5,11.49,66.96106
76,1357352003-0267,N1357352003,2001-01-05,2001-01-05T02:01:10.293,731.00,735.00,review_as_negative_example,artifact,nearby_non_hal_context,co-iss-n1357351246,2001-01-05T01:49:04.407,CB2,1.2,12.10,66.9599
76,1357352003-0267,N1357352003,2001-01-05,2001-01-05T02:01:10.293,731.00,735.00,review_as_negative_example,artifact,nearby_non_hal_context,co-iss-n1357351209,2001-01-05T01:48:27.839,BL1,0.46,12.71,66.95873
76,1357352003-0267,N1357352003,2001-01-05,2001-01-05T02:01:10.293,731.00,735.00,review_as_negative_example,artifact,nearby_non_hal_context,co-iss-n1357350993,2001-01-05T01:44:49.108,MT3,3.2,16.35,133.90369
76,1357352003-0267,N1357352003,2001-01-05,2001-01-05T02:01:10.293,731.00,735.00,review_as_negative_example,artifact,nearby_non_hal_context,co-iss-n1357350953,2001-01-05T01:44:10.800,MT2,1.5,16.99,66.9506
76,1357352003-0267,N1357352003,2001-01-05,2001-01-05T02:01:10.293,731.00,735.00,review_as_negative_example,artifact,nearby_non_hal_context,co-iss-n1357350916,2001-01-05T01:43:34.405,CB2,1.2,17.60,66.94945
76,1357352003-0267,N1357352003,2001-01-05,2001-01-05T02:01:10.293,731.00,735.00,review_as_negative_example,artifact,nearby_non_hal_context,co-iss-n1357350879,2001-01-05T01:42:57.921,BL1,0.38,18.21,66.94828
76,1357352003-0267,N1357352003,2001-01-05,2001-01-05T02:01:10.293,731.00,735.00,review_as_negative_example,artifact,nearby_non_hal_context,co-iss-n1357353152,2001-01-05T02:20:50.825,BL1,0.46,19.68,67.02042
77,1357811330-0216,N1357811330,2001-01-10,2001-01-10T09:35:58.112,623.00,335.00,review_as_negative_example,artifact,nearby_non_hal_context,co-iss-n1357810242,2001-01-10T09:18:54.928,MT3,3.2,17.05,171.27214
77,1357811330-0216,N1357811330,2001-01-10,2001-01-10T09:35:58.112,623.00,335.00,review_as_negative_example,artifact,nearby_non_hal_context,co-iss-n1357810202,2001-01-10T09:18:16.620,MT2,1.5,17.69,85.63421
77,1357811330-0216,N1357811330,2001-01-10,2001-01-10T09:35:58.112,623.00,335.00,review_as_negative_example,artifact,nearby_non_hal_context,co-iss-n1357810165,2001-01-10T09:17:40.225,CB2,1.2,18.30,85.63246
77,1357811330-0216,N1357811330,2001-01-10,2001-01-10T09:35:58.112,623.00,335.00,review_as_negative_example,artifact,nearby_non_hal_context,co-iss-n1357810128,2001-01-10T09:17:03.661,BL1,0.46,18.91,85.63071
78,1358117287-0194,N1358117287,2001-01-13,2001-01-13T22:34:41.021,402.00,601.00,review_as_negative_example,artifact,nearby_non_hal_context,co-iss-n1358117360,2001-01-13T22:37:16.024,RED,18,2.58,101.1684
78,1358117287-0194,N1358117287,2001-01-13,2001-01-13T22:34:41.021,402.00,601.00,review_as_negative_example,artifact,nearby_non_hal_context,co-iss-n1358117433,2001-01-13T22:38:29.028,GRN,18,3.80,101.17227
78,1358117287-0194,N1358117287,2001-01-13,2001-01-13T22:34:41.021,402.00,601.00,review_as_negative_example,artifact,nearby_non_hal_context,co-iss-n1358117570,2001-01-13T22:40:08.031,BL2,56,5.45,101.17853
78,1358117287-0194,N1358117287,2001-01-13,2001-01-13T22:34:41.021,402.00,601.00,review_as_negative_example,artifact,nearby_non_hal_context,co-iss-n1358117707,2001-01-13T22:42:25.038,UV3,56,7.73,101.1858
78,1358117287-0194,N1358117287,2001-01-13,2001-01-13T22:34:41.021,402.00,601.00,review_as_negative_example,artifact,nearby_non_hal_context,co-iss-n1358117885,2001-01-13T22:45:53.044,CB2,26,11.20,101.19604
78,1358117287-0194,N1358117287,2001-01-13,2001-01-13T22:34:41.021,402.00,601.00,review_as_negative_example,artifact,nearby_non_hal_context,co-iss-n1358117974,2001-01-13T22:47:22.047,UV3,26,12.68,101.20076
79,1358063287-0194,N1358063287,2001-01-13,2001-01-13T07:34:41.395,402.00,601.00,review_as_negative_example,artifact,nearby_non_hal_context,co-iss-n1358063360,2001-01-13T07:37:16.398,RED,18,2.58,98.32388
79,1358063287-0194,N1358063287,2001-01-13,2001-01-13T07:34:41.395,402.00,601.00,review_as_negative_example,artifact,nearby_non_hal_context,co-iss-n1358063433,2001-01-13T07:38:29.402,GRN,18,3.80,98.3277
79,1358063287-0194,N1358063287,2001-01-13,2001-01-13T07:34:41.395,402.00,601.00,review_as_negative_example,artifact,nearby_non_hal_context,co-iss-n1358063570,2001-01-13T07:40:08.405,BL2,56,5.45,98.33387
79,1358063287-0194,N1358063287,2001-01-13,2001-01-13T07:34:41.395,402.00,601.00,review_as_negative_example,artifact,nearby_non_hal_context,co-iss-n1358063707,2001-01-13T07:42:25.411,UV3,56,7.73,98.34103
79,1358063287-0194,N1358063287,2001-01-13,2001-01-13T07:34:41.395,402.00,601.00,review_as_negative_example,artifact,nearby_non_hal_context,co-iss-n1358063885,2001-01-13T07:45:53.418,CB2,26,11.20,98.35113
79,1358063287-0194,N1358063287,2001-01-13,2001-01-13T07:34:41.395,402.00,601.00,review_as_negative_example,artifact,nearby_non_hal_context,co-iss-n1358063974,2001-01-13T07:47:22.421,UV3,26,12.68,98.35578
80,1357685285-0182,N1357685285,2001-01-08,2001-01-08T22:34:42.013,402.00,601.00,review_as_negative_example,artifact,nearby_non_hal_context,co-iss-n1357685358,2001-01-08T22:37:17.016,RED,18,2.58,79.87805
80,1357685285-0182,N1357685285,2001-01-08,2001-01-08T22:34:42.013,402.00,601.00,review_as_negative_example,artifact,nearby_non_hal_context,co-iss-n1357685431,2001-01-08T22:38:30.019,GRN,18,3.80,79.8813
80,1357685285-0182,N1357685285,2001-01-08,2001-01-08T22:34:42.013,402.00,601.00,review_as_negative_example,artifact,nearby_non_hal_context,co-iss-n1357685568,2001-01-08T22:40:09.022,BL2,56,5.45,79.88655
80,1357685285-0182,N1357685285,2001-01-08,2001-01-08T22:34:42.013,402.00,601.00,review_as_negative_example,artifact,nearby_non_hal_context,co-iss-n1357685705,2001-01-08T22:42:26.029,UV3,56,7.73,79.89264
80,1357685285-0182,N1357685285,2001-01-08,2001-01-08T22:34:42.013,402.00,601.00,review_as_negative_example,artifact,nearby_non_hal_context,co-iss-n1357685883,2001-01-08T22:45:54.036,CB2,26,11.20,79.90122
80,1357685285-0182,N1357685285,2001-01-08,2001-01-08T22:34:42.013,402.00,601.00,review_as_negative_example,artifact,nearby_non_hal_context,co-iss-n1357685972,2001-01-08T22:47:23.039,UV3,26,12.68,79.90518
81,1357658284-0162,N1357658284,2001-01-08,2001-01-08T15:04:41.200,402.00,601.00,review_as_negative_example,artifact,nearby_non_hal_context,co-iss-n1357658357,2001-01-08T15:07:16.203,RED,18,2.58,78.68815
81,1357658284-0162,N1357658284,2001-01-08,2001-01-08T15:04:41.200,402.00,601.00,review_as_negative_example,artifact,nearby_non_hal_context,co-iss-n1357658430,2001-01-08T15:08:29.206,GRN,18,3.80,78.69134
81,1357658284-0162,N1357658284,2001-01-08,2001-01-08T15:04:41.200,402.00,601.00,review_as_negative_example,artifact,nearby_non_hal_context,co-iss-n1357658567,2001-01-08T15:10:08.209,BL2,56,5.45,78.6965
81,1357658284-0162,N1357658284,2001-01-08,2001-01-08T15:04:41.200,402.00,601.00,review_as_negative_example,artifact,nearby_non_hal_context,co-iss-n1357658704,2001-01-08T15:12:25.216,UV3,56,7.73,78.70248
81,1357658284-0162,N1357658284,2001-01-08,2001-01-08T15:04:41.200,402.00,601.00,review_as_negative_example,artifact,nearby_non_hal_context,co-iss-n1357658882,2001-01-08T15:15:53.223,CB2,26,11.20,78.71091
81,1357658284-0162,N1357658284,2001-01-08,2001-01-08T15:04:41.200,402.00,601.00,review_as_negative_example,artifact,nearby_non_hal_context,co-iss-n1357658971,2001-01-08T15:17:22.226,UV3,26,12.68,78.7148
82,1357676285-0173,N1357676285,2001-01-08,2001-01-08T20:04:42.075,402.00,601.00,review_as_negative_example,artifact,nearby_non_hal_context,co-iss-n1357676358,2001-01-08T20:07:17.078,RED,18,2.58,79.4791
82,1357676285-0173,N1357676285,2001-01-08,2001-01-08T20:04:42.075,402.00,601.00,review_as_negative_example,artifact,nearby_non_hal_context,co-iss-n1357676431,2001-01-08T20:08:30.082,GRN,18,3.80,79.48233
82,1357676285-0173,N1357676285,2001-01-08,2001-01-08T20:04:42.075,402.00,601.00,review_as_negative_example,artifact,nearby_non_hal_context,co-iss-n1357676568,2001-01-08T20:10:09.085,BL2,56,5.45,79.48755
82,1357676285-0173,N1357676285,2001-01-08,2001-01-08T20:04:42.075,402.00,601.00,review_as_negative_example,artifact,nearby_non_hal_context,co-iss-n1357676705,2001-01-08T20:12:26.091,UV3,56,7.73,79.4936
82,1357676285-0173,N1357676285,2001-01-08,2001-01-08T20:04:42.075,402.00,601.00,review_as_negative_example,artifact,nearby_non_hal_context,co-iss-n1357676883,2001-01-08T20:15:54.098,CB2,26,11.20,79.50214
82,1357676285-0173,N1357676285,2001-01-08,2001-01-08T20:04:42.075,402.00,601.00,review_as_negative_example,artifact,nearby_non_hal_context,co-iss-n1357676972,2001-01-08T20:17:23.101,UV3,26,12.68,79.50607
83,1357649284-0160,N1357649284,2001-01-08,2001-01-08T12:34:41.262,402.00,601.00,review_as_negative_example,artifact,nearby_non_hal_context,co-iss-n1357649357,2001-01-08T12:37:16.265,RED,18,2.58,78.29627
83,1357649284-0160,N1357649284,2001-01-08,2001-01-08T12:34:41.262,402.00,601.00,review_as_negative_example,artifact,nearby_non_hal_context,co-iss-n1357649430,2001-01-08T12:38:29.269,GRN,18,3.80,78.29944
83,1357649284-0160,N1357649284,2001-01-08,2001-01-08T12:34:41.262,402.00,601.00,review_as_negative_example,artifact,nearby_non_hal_context,co-iss-n1357649567,2001-01-08T12:40:08.272,BL2,56,5.45,78.30456
83,1357649284-0160,N1357649284,2001-01-08,2001-01-08T12:34:41.262,402.00,601.00,review_as_negative_example,artifact,nearby_non_hal_context,co-iss-n1357649704,2001-01-08T12:42:25.278,UV3,56,7.73,78.31051
83,1357649284-0160,N1357649284,2001-01-08,2001-01-08T12:34:41.262,402.00,601.00,review_as_negative_example,artifact,nearby_non_hal_context,co-iss-n1357649882,2001-01-08T12:45:53.285,CB2,26,11.20,78.31889
83,1357649284-0160,N1357649284,2001-01-08,2001-01-08T12:34:41.262,402.00,601.00,review_as_negative_example,artifact,nearby_non_hal_context,co-iss-n1357649971,2001-01-08T12:47:22.288,UV3,26,12.68,78.32276
84,1357667285-0154,N1357667285,2001-01-08,2001-01-08T17:34:42.137,402.00,601.00,review_as_negative_example,artifact,nearby_non_hal_context,co-iss-n1357667358,2001-01-08T17:37:17.141,RED,18,2.58,79.08247
84,1357667285-0154,N1357667285,2001-01-08,2001-01-08T17:34:42.137,402.00,601.00,review_as_negative_example,artifact,nearby_non_hal_context,co-iss-n1357667431,2001-01-08T17:38:30.144,GRN,18,3.80,79.08568
84,1357667285-0154,N1357667285,2001-01-08,2001-01-08T17:34:42.137,402.00,601.00,review_as_negative_example,artifact,nearby_non_hal_context,co-iss-n1357667568,2001-01-08T17:40:09.147,BL2,56,5.45,79.09087
84,1357667285-0154,N1357667285,2001-01-08,2001-01-08T17:34:42.137,402.00,601.00,review_as_negative_example,artifact,nearby_non_hal_context,co-iss-n1357667705,2001-01-08T17:42:26.154,UV3,56,7.73,79.09689
84,1357667285-0154,N1357667285,2001-01-08,2001-01-08T17:34:42.137,402.00,601.00,review_as_negative_example,artifact,nearby_non_hal_context,co-iss-n1357667883,2001-01-08T17:45:54.160,CB2,26,11.20,79.10537
84,1357667285-0154,N1357667285,2001-01-08,2001-01-08T17:34:42.137,402.00,601.00,review_as_negative_example,artifact,nearby_non_hal_context,co-iss-n1357667972,2001-01-08T17:47:23.164,UV3,26,12.68,79.10928
85,1358063287-0001,N1358063287,2001-01-13,2001-01-13T07:34:41.395,492.00,4.00,review_as_negative_example,artifact,nearby_non_hal_context,co-iss-n1358063360,2001-01-13T07:37:16.398,RED,18,2.58,98.32388
85,1358063287-0001,N1358063287,2001-01-13,2001-01-13T07:34:41.395,492.00,4.00,review_as_negative_example,artifact,nearby_non_hal_context,co-iss-n1358063433,2001-01-13T07:38:29.402,GRN,18,3.80,98.3277
85,1358063287-0001,N1358063287,2001-01-13,2001-01-13T07:34:41.395,492.00,4.00,review_as_negative_example,artifact,nearby_non_hal_context,co-iss-n1358063570,2001-01-13T07:40:08.405,BL2,56,5.45,98.33387
85,1358063287-0001,N1358063287,2001-01-13,2001-01-13T07:34:41.395,492.00,4.00,review_as_negative_example,artifact,nearby_non_hal_context,co-iss-n1358063707,2001-01-13T07:42:25.411,UV3,56,7.73,98.34103
85,1358063287-0001,N1358063287,2001-01-13,2001-01-13T07:34:41.395,492.00,4.00,review_as_negative_example,artifact,nearby_non_hal_context,co-iss-n1358063885,2001-01-13T07:45:53.418,CB2,26,11.20,98.35113
85,1358063287-0001,N1358063287,2001-01-13,2001-01-13T07:34:41.395,492.00,4.00,review_as_negative_example,artifact,nearby_non_hal_context,co-iss-n1358063974,2001-01-13T07:47:22.421,UV3,26,12.68,98.35578
86,1357631284-0168,N1357631284,2001-01-08,2001-01-08T07:34:41.386,402.00,601.00,review_as_negative_example,artifact,nearby_non_hal_context,co-iss-n1357631357,2001-01-08T07:37:16.390,RED,18,2.58,77.51986
86,1357631284-0168,N1357631284,2001-01-08,2001-01-08T07:34:41.386,402.00,601.00,review_as_negative_example,artifact,nearby_non_hal_context,co-iss-n1357631430,2001-01-08T07:38:29.393,GRN,18,3.80,77.52298
86,1357631284-0168,N1357631284,2001-01-08,2001-01-08T07:34:41.386,402.00,601.00,review_as_negative_example,artifact,nearby_non_hal_context,co-iss-n1357631567,2001-01-08T07:40:08.396,BL2,56,5.45,77.52804
86,1357631284-0168,N1357631284,2001-01-08,2001-01-08T07:34:41.386,402.00,601.00,review_as_negative_example,artifact,nearby_non_hal_context,co-iss-n1357631704,2001-01-08T07:42:25.403,UV3,56,7.73,77.53392
86,1357631284-0168,N1357631284,2001-01-08,2001-01-08T07:34:41.386,402.00,601.00,review_as_negative_example,artifact,nearby_non_hal_context,co-iss-n1357631882,2001-01-08T07:45:53.410,CB2,26,11.20,77.54219
86,1357631284-0168,N1357631284,2001-01-08,2001-01-08T07:34:41.386,402.00,601.00,review_as_negative_example,artifact,nearby_non_hal_context,co-iss-n1357631971,2001-01-08T07:47:22.413,UV3,26,12.68,77.54601
87,1358117287-0242,N1358117287,2001-01-13,2001-01-13T22:34:41.021,731.00,735.00,review_as_negative_example,artifact,nearby_non_hal_context,co-iss-n1358117360,2001-01-13T22:37:16.024,RED,18,2.58,101.1684
87,1358117287-0242,N1358117287,2001-01-13,2001-01-13T22:34:41.021,731.00,735.00,review_as_negative_example,artifact,nearby_non_hal_context,co-iss-n1358117433,2001-01-13T22:38:29.028,GRN,18,3.80,101.17227
87,1358117287-0242,N1358117287,2001-01-13,2001-01-13T22:34:41.021,731.00,735.00,review_as_negative_example,artifact,nearby_non_hal_context,co-iss-n1358117570,2001-01-13T22:40:08.031,BL2,56,5.45,101.17853
87,1358117287-0242,N1358117287,2001-01-13,2001-01-13T22:34:41.021,731.00,735.00,review_as_negative_example,artifact,nearby_non_hal_context,co-iss-n1358117707,2001-01-13T22:42:25.038,UV3,56,7.73,101.1858
87,1358117287-0242,N1358117287,2001-01-13,2001-01-13T22:34:41.021,731.00,735.00,review_as_negative_example,artifact,nearby_non_hal_context,co-iss-n1358117885,2001-01-13T22:45:53.044,CB2,26,11.20,101.19604
87,1358117287-0242,N1358117287,2001-01-13,2001-01-13T22:34:41.021,731.00,735.00,review_as_negative_example,artifact,nearby_non_hal_context,co-iss-n1358117974,2001-01-13T22:47:22.047,UV3,26,12.68,101.20076
88,1358108118-0149,N1358108118,2001-01-13,2001-01-13T20:02:24.077,402.00,601.00,review_as_negative_example,artifact,nearby_non_hal_context,co-iss-n1358108360,2001-01-13T20:07:16.087,RED,18,4.87,100.69151
88,1358108118-0149,N1358108118,2001-01-13,2001-01-13T20:02:24.077,402.00,601.00,review_as_negative_example,artifact,nearby_non_hal_context,co-iss-n1358108433,2001-01-13T20:08:29.090,GRN,18,6.08,100.69538
88,1358108118-0149,N1358108118,2001-01-13,2001-01-13T20:02:24.077,402.00,601.00,review_as_negative_example,artifact,nearby_non_hal_context,co-iss-n1358108570,2001-01-13T20:10:08.093,BL2,56,7.73,100.70162
88,1358108118-0149,N1358108118,2001-01-13,2001-01-13T20:02:24.077,402.00,601.00,review_as_negative_example,artifact,nearby_non_hal_context,co-iss-n1358108707,2001-01-13T20:12:25.100,UV3,56,10.02,100.70887
88,1358108118-0149,N1358108118,2001-01-13,2001-01-13T20:02:24.077,402.00,601.00,review_as_negative_example,artifact,nearby_non_hal_context,co-iss-n1358108885,2001-01-13T20:15:53.106,CB2,26,13.48,100.71909
88,1358108118-0149,N1358108118,2001-01-13,2001-01-13T20:02:24.077,402.00,601.00,review_as_negative_example,artifact,nearby_non_hal_context,co-iss-n1358108974,2001-01-13T20:17:22.110,UV3,26,14.97,100.7238
89,1358108287-0236,N1358108287,2001-01-13,2001-01-13T20:04:41.083,731.00,735.00,review_as_negative_example,artifact,nearby_non_hal_context,co-iss-n1358108360,2001-01-13T20:07:16.087,RED,18,2.58,100.69151
89,1358108287-0236,N1358108287,2001-01-13,2001-01-13T20:04:41.083,731.00,735.00,review_as_negative_example,artifact,nearby_non_hal_context,co-iss-n1358108433,2001-01-13T20:08:29.090,GRN,18,3.80,100.69538
89,1358108287-0236,N1358108287,2001-01-13,2001-01-13T20:04:41.083,731.00,735.00,review_as_negative_example,artifact,nearby_non_hal_context,co-iss-n1358108570,2001-01-13T20:10:08.093,BL2,56,5.45,100.70162
89,1358108287-0236,N1358108287,2001-01-13,2001-01-13T20:04:41.083,731.00,735.00,review_as_negative_example,artifact,nearby_non_hal_context,co-iss-n1358108707,2001-01-13T20:12:25.100,UV3,56,7.73,100.70887
89,1358108287-0236,N1358108287,2001-01-13,2001-01-13T20:04:41.083,731.00,735.00,review_as_negative_example,artifact,nearby_non_hal_context,co-iss-n1358108885,2001-01-13T20:15:53.106,CB2,26,11.20,100.71909
89,1358108287-0236,N1358108287,2001-01-13,2001-01-13T20:04:41.083,731.00,735.00,review_as_negative_example,artifact,nearby_non_hal_context,co-iss-n1358108974,2001-01-13T20:17:22.110,UV3,26,12.68,100.7238
90,1357685285-0216,N1357685285,2001-01-08,2001-01-08T22:34:42.013,731.00,735.00,review_as_negative_example,artifact,nearby_non_hal_context,co-iss-n1357685358,2001-01-08T22:37:17.016,RED,18,2.58,79.87805
90,1357685285-0216,N1357685285,2001-01-08,2001-01-08T22:34:42.013,731.00,735.00,review_as_negative_example,artifact,nearby_non_hal_context,co-iss-n1357685431,2001-01-08T22:38:30.019,GRN,18,3.80,79.8813
90,1357685285-0216,N1357685285,2001-01-08,2001-01-08T22:34:42.013,731.00,735.00,review_as_negative_example,artifact,nearby_non_hal_context,co-iss-n1357685568,2001-01-08T22:40:09.022,BL2,56,5.45,79.88655
90,1357685285-0216,N1357685285,2001-01-08,2001-01-08T22:34:42.013,731.00,735.00,review_as_negative_example,artifact,nearby_non_hal_context,co-iss-n1357685705,2001-01-08T22:42:26.029,UV3,56,7.73,79.89264
90,1357685285-0216,N1357685285,2001-01-08,2001-01-08T22:34:42.013,731.00,735.00,review_as_negative_example,artifact,nearby_non_hal_context,co-iss-n1357685883,2001-01-08T22:45:54.036,CB2,26,11.20,79.90122
90,1357685285-0216,N1357685285,2001-01-08,2001-01-08T22:34:42.013,731.00,735.00,review_as_negative_example,artifact,nearby_non_hal_context,co-iss-n1357685972,2001-01-08T22:47:23.039,UV3,26,12.68,79.90518
91,1358063118-0152,N1358063118,2001-01-13,2001-01-13T07:32:24.388,402.00,601.00,review_as_negative_example,artifact,nearby_non_hal_context,co-iss-n1358063360,2001-01-13T07:37:16.398,RED,18,4.87,98.32388
91,1358063118-0152,N1358063118,2001-01-13,2001-01-13T07:32:24.388,402.00,601.00,review_as_negative_example,artifact,nearby_non_hal_context,co-iss-n1358063433,2001-01-13T07:38:29.402,GRN,18,6.08,98.3277
91,1358063118-0152,N1358063118,2001-01-13,2001-01-13T07:32:24.388,402.00,601.00,review_as_negative_example,artifact,nearby_non_hal_context,co-iss-n1358063570,2001-01-13T07:40:08.405,BL2,56,7.73,98.33387
91,1358063118-0152,N1358063118,2001-01-13,2001-01-13T07:32:24.388,402.00,601.00,review_as_negative_example,artifact,nearby_non_hal_context,co-iss-n1358063707,2001-01-13T07:42:25.411,UV3,56,10.02,98.34103
91,1358063118-0152,N1358063118,2001-01-13,2001-01-13T07:32:24.388,402.00,601.00,review_as_negative_example,artifact,nearby_non_hal_context,co-iss-n1358063885,2001-01-13T07:45:53.418,CB2,26,13.48,98.35113
91,1358063118-0152,N1358063118,2001-01-13,2001-01-13T07:32:24.388,402.00,601.00,review_as_negative_example,artifact,nearby_non_hal_context,co-iss-n1358063974,2001-01-13T07:47:22.421,UV3,26,14.97,98.35578
92,1357685116-0155,N1357685116,2001-01-08,2001-01-08T22:32:25.006,402.00,601.00,review_as_negative_example,artifact,nearby_non_hal_context,co-iss-n1357685358,2001-01-08T22:37:17.016,RED,18,4.87,79.87805
92,1357685116-0155,N1357685116,2001-01-08,2001-01-08T22:32:25.006,402.00,601.00,review_as_negative_example,artifact,nearby_non_hal_context,co-iss-n1357685431,2001-01-08T22:38:30.019,GRN,18,6.08,79.8813
92,1357685116-0155,N1357685116,2001-01-08,2001-01-08T22:32:25.006,402.00,601.00,review_as_negative_example,artifact,nearby_non_hal_context,co-iss-n1357685568,2001-01-08T22:40:09.022,BL2,56,7.73,79.88655
92,1357685116-0155,N1357685116,2001-01-08,2001-01-08T22:32:25.006,402.00,601.00,review_as_negative_example,artifact,nearby_non_hal_context,co-iss-n1357685705,2001-01-08T22:42:26.029,UV3,56,10.02,79.89264
92,1357685116-0155,N1357685116,2001-01-08,2001-01-08T22:32:25.006,402.00,601.00,review_as_negative_example,artifact,nearby_non_hal_context,co-iss-n1357685883,2001-01-08T22:45:54.036,CB2,26,13.48,79.90122
92,1357685116-0155,N1357685116,2001-01-08,2001-01-08T22:32:25.006,402.00,601.00,review_as_negative_example,artifact,nearby_non_hal_context,co-iss-n1357685972,2001-01-08T22:47:23.039,UV3,26,14.97,79.90518
93,1358063287-0234,N1358063287,2001-01-13,2001-01-13T07:34:41.395,731.00,735.00,review_as_negative_example,artifact,nearby_non_hal_context,co-iss-n1358063360,2001-01-13T07:37:16.398,RED,18,2.58,98.32388
93,1358063287-0234,N1358063287,2001-01-13,2001-01-13T07:34:41.395,731.00,735.00,review_as_negative_example,artifact,nearby_non_hal_context,co-iss-n1358063433,2001-01-13T07:38:29.402,GRN,18,3.80,98.3277
93,1358063287-0234,N1358063287,2001-01-13,2001-01-13T07:34:41.395,731.00,735.00,review_as_negative_example,artifact,nearby_non_hal_context,co-iss-n1358063570,2001-01-13T07:40:08.405,BL2,56,5.45,98.33387
93,1358063287-0234,N1358063287,2001-01-13,2001-01-13T07:34:41.395,731.00,735.00,review_as_negative_example,artifact,nearby_non_hal_context,co-iss-n1358063707,2001-01-13T07:42:25.411,UV3,56,7.73,98.34103
93,1358063287-0234,N1358063287,2001-01-13,2001-01-13T07:34:41.395,731.00,735.00,review_as_negative_example,artifact,nearby_non_hal_context,co-iss-n1358063885,2001-01-13T07:45:53.418,CB2,26,11.20,98.35113
93,1358063287-0234,N1358063287,2001-01-13,2001-01-13T07:34:41.395,731.00,735.00,review_as_negative_example,artifact,nearby_non_hal_context,co-iss-n1358063974,2001-01-13T07:47:22.421,UV3,26,12.68,98.35578
94,1356981845-0194,N1356981845,2000-12-31,2000-12-31T19:11:54.857,402.00,601.00,review_as_negative_example,artifact,nearby_non_hal_context,co-iss-n1356981165,2000-12-31T19:01:03.669,MT3,3.2,10.85,118.41111
94,1356981845-0194,N1356981845,2000-12-31,2000-12-31T19:11:54.857,402.00,601.00,review_as_negative_example,artifact,nearby_non_hal_context,co-iss-n1356981125,2000-12-31T19:00:25.361,MT2,1.5,11.49,59.20521
94,1356981845-0194,N1356981845,2000-12-31,2000-12-31T19:11:54.857,402.00,601.00,review_as_negative_example,artifact,nearby_non_hal_context,co-iss-n1356981088,2000-12-31T18:59:48.966,CB2,1.2,12.10,59.20489
94,1356981845-0194,N1356981845,2000-12-31,2000-12-31T19:11:54.857,402.00,601.00,review_as_negative_example,artifact,nearby_non_hal_context,co-iss-n1356981051,2000-12-31T18:59:12.482,BL1,0.38,12.71,59.20457
94,1356981845-0194,N1356981845,2000-12-31,2000-12-31T19:11:54.857,402.00,601.00,review_as_negative_example,artifact,nearby_non_hal_context,co-iss-n1356980835,2000-12-31T18:55:34.271,MT3,2.6,16.34,118.40535
94,1356981845-0194,N1356981845,2000-12-31,2000-12-31T19:11:54.857,402.00,601.00,review_as_negative_example,artifact,nearby_non_hal_context,co-iss-n1356980795,2000-12-31T18:54:55.364,MT2,1.5,16.99,59.20233
94,1356981845-0194,N1356981845,2000-12-31,2000-12-31T19:11:54.857,402.00,601.00,review_as_negative_example,artifact,nearby_non_hal_context,co-iss-n1356980758,2000-12-31T18:54:18.977,CB2,1,17.60,59.20201
94,1356981845-0194,N1356981845,2000-12-31,2000-12-31T19:11:54.857,402.00,601.00,review_as_negative_example,artifact,nearby_non_hal_context,co-iss-n1356980721,2000-12-31T18:53:42.484,BL1,0.38,18.21,59.20169
94,1356981845-0194,N1356981845,2000-12-31,2000-12-31T19:11:54.857,402.00,601.00,review_as_negative_example,artifact,nearby_non_hal_context,co-iss-n1356982994,2000-12-31T19:31:35.389,BL1,0.46,19.68,59.22169
95,1357649284-0201,N1357649284,2001-01-08,2001-01-08T12:34:41.262,731.00,735.00,review_as_negative_example,artifact,nearby_non_hal_context,co-iss-n1357649357,2001-01-08T12:37:16.265,RED,18,2.58,78.29627
95,1357649284-0201,N1357649284,2001-01-08,2001-01-08T12:34:41.262,731.00,735.00,review_as_negative_example,artifact,nearby_non_hal_context,co-iss-n1357649430,2001-01-08T12:38:29.269,GRN,18,3.80,78.29944
95,1357649284-0201,N1357649284,2001-01-08,2001-01-08T12:34:41.262,731.00,735.00,review_as_negative_example,artifact,nearby_non_hal_context,co-iss-n1357649567,2001-01-08T12:40:08.272,BL2,56,5.45,78.30456
95,1357649284-0201,N1357649284,2001-01-08,2001-01-08T12:34:41.262,731.00,735.00,review_as_negative_example,artifact,nearby_non_hal_context,co-iss-n1357649704,2001-01-08T12:42:25.278,UV3,56,7.73,78.31051
95,1357649284-0201,N1357649284,2001-01-08,2001-01-08T12:34:41.262,731.00,735.00,review_as_negative_example,artifact,nearby_non_hal_context,co-iss-n1357649882,2001-01-08T12:45:53.285,CB2,26,11.20,78.31889
95,1357649284-0201,N1357649284,2001-01-08,2001-01-08T12:34:41.262,731.00,735.00,review_as_negative_example,artifact,nearby_non_hal_context,co-iss-n1357649971,2001-01-08T12:47:22.288,UV3,26,12.68,78.32276
96,1357658284-0216,N1357658284,2001-01-08,2001-01-08T15:04:41.200,731.00,735.00,review_as_negative_example,artifact,nearby_non_hal_context,co-iss-n1357658357,2001-01-08T15:07:16.203,RED,18,2.58,78.68815
96,1357658284-0216,N1357658284,2001-01-08,2001-01-08T15:04:41.200,731.00,735.00,review_as_negative_example,artifact,nearby_non_hal_context,co-iss-n1357658430,2001-01-08T15:08:29.206,GRN,18,3.80,78.69134
96,1357658284-0216,N1357658284,2001-01-08,2001-01-08T15:04:41.200,731.00,735.00,review_as_negative_example,artifact,nearby_non_hal_context,co-iss-n1357658567,2001-01-08T15:10:08.209,BL2,56,5.45,78.6965
96,1357658284-0216,N1357658284,2001-01-08,2001-01-08T15:04:41.200,731.00,735.00,review_as_negative_example,artifact,nearby_non_hal_context,co-iss-n1357658704,2001-01-08T15:12:25.216,UV3,56,7.73,78.70248
96,1357658284-0216,N1357658284,2001-01-08,2001-01-08T15:04:41.200,731.00,735.00,review_as_negative_example,artifact,nearby_non_hal_context,co-iss-n1357658882,2001-01-08T15:15:53.223,CB2,26,11.20,78.71091
96,1357658284-0216,N1357658284,2001-01-08,2001-01-08T15:04:41.200,731.00,735.00,review_as_negative_example,artifact,nearby_non_hal_context,co-iss-n1357658971,2001-01-08T15:17:22.226,UV3,26,12.68,78.7148
97,1358117118-0135,N1358117118,2001-01-13,2001-01-13T22:32:24.014,402.00,601.00,review_as_negative_example,artifact,nearby_non_hal_context,co-iss-n1358117360,2001-01-13T22:37:16.024,RED,18,4.87,101.1684
97,1358117118-0135,N1358117118,2001-01-13,2001-01-13T22:32:24.014,402.00,601.00,review_as_negative_example,artifact,nearby_non_hal_context,co-iss-n1358117433,2001-01-13T22:38:29.028,GRN,18,6.08,101.17227
97,1358117118-0135,N1358117118,2001-01-13,2001-01-13T22:32:24.014,402.00,601.00,review_as_negative_example,artifact,nearby_non_hal_context,co-iss-n1358117570,2001-01-13T22:40:08.031,BL2,56,7.73,101.17853
97,1358117118-0135,N1358117118,2001-01-13,2001-01-13T22:32:24.014,402.00,601.00,review_as_negative_example,artifact,nearby_non_hal_context,co-iss-n1358117707,2001-01-13T22:42:25.038,UV3,56,10.02,101.1858
97,1358117118-0135,N1358117118,2001-01-13,2001-01-13T22:32:24.014,402.00,601.00,review_as_negative_example,artifact,nearby_non_hal_context,co-iss-n1358117885,2001-01-13T22:45:53.044,CB2,26,13.48,101.19604
97,1358117118-0135,N1358117118,2001-01-13,2001-01-13T22:32:24.014,402.00,601.00,review_as_negative_example,artifact,nearby_non_hal_context,co-iss-n1358117974,2001-01-13T22:47:22.047,UV3,26,14.97,101.20076
98,1357658115-0139,N1357658115,2001-01-08,2001-01-08T15:02:24.193,402.00,601.00,review_as_negative_example,artifact,nearby_non_hal_context,co-iss-n1357658357,2001-01-08T15:07:16.203,RED,18,4.87,78.68815
98,1357658115-0139,N1357658115,2001-01-08,2001-01-08T15:02:24.193,402.00,601.00,review_as_negative_example,artifact,nearby_non_hal_context,co-iss-n1357658430,2001-01-08T15:08:29.206,GRN,18,6.08,78.69134
98,1357658115-0139,N1357658115,2001-01-08,2001-01-08T15:02:24.193,402.00,601.00,review_as_negative_example,artifact,nearby_non_hal_context,co-iss-n1357658567,2001-01-08T15:10:08.209,BL2,56,7.73,78.6965
98,1357658115-0139,N1357658115,2001-01-08,2001-01-08T15:02:24.193,402.00,601.00,review_as_negative_example,artifact,nearby_non_hal_context,co-iss-n1357658704,2001-01-08T15:12:25.216,UV3,56,10.02,78.70248
98,1357658115-0139,N1357658115,2001-01-08,2001-01-08T15:02:24.193,402.00,601.00,review_as_negative_example,artifact,nearby_non_hal_context,co-iss-n1357658882,2001-01-08T15:15:53.223,CB2,26,13.48,78.71091
98,1357658115-0139,N1357658115,2001-01-08,2001-01-08T15:02:24.193,402.00,601.00,review_as_negative_example,artifact,nearby_non_hal_context,co-iss-n1357658971,2001-01-08T15:17:22.226,UV3,26,14.97,78.7148
99,1357667116-0147,N1357667116,2001-01-08,2001-01-08T17:32:25.131,402.00,601.00,review_as_negative_example,artifact,nearby_non_hal_context,co-iss-n1357667358,2001-01-08T17:37:17.141,RED,18,4.87,79.08247
99,1357667116-0147,N1357667116,2001-01-08,2001-01-08T17:32:25.131,402.00,601.00,review_as_negative_example,artifact,nearby_non_hal_context,co-iss-n1357667431,2001-01-08T17:38:30.144,GRN,18,6.08,79.08568
99,1357667116-0147,N1357667116,2001-01-08,2001-01-08T17:32:25.131,402.00,601.00,review_as_negative_example,artifact,nearby_non_hal_context,co-iss-n1357667568,2001-01-08T17:40:09.147,BL2,56,7.73,79.09087
99,1357667116-0147,N1357667116,2001-01-08,2001-01-08T17:32:25.131,402.00,601.00,review_as_negative_example,artifact,nearby_non_hal_context,co-iss-n1357667705,2001-01-08T17:42:26.154,UV3,56,10.02,79.09689
99,1357667116-0147,N1357667116,2001-01-08,2001-01-08T17:32:25.131,402.00,601.00,review_as_negative_example,artifact,nearby_non_hal_context,co-iss-n1357667883,2001-01-08T17:45:54.160,CB2,26,13.48,79.10537
99,1357667116-0147,N1357667116,2001-01-08,2001-01-08T17:32:25.131,402.00,601.00,review_as_negative_example,artifact,nearby_non_hal_context,co-iss-n1357667972,2001-01-08T17:47:23.164,UV3,26,14.97,79.10928
100,1357649115-0135,N1357649115,2001-01-08,2001-01-08T12:32:24.255,402.00,601.00,review_as_negative_example,artifact,nearby_non_hal_context,co-iss-n1357649357,2001-01-08T12:37:16.265,RED,18,4.87,78.29627
100,1357649115-0135,N1357649115,2001-01-08,2001-01-08T12:32:24.255,402.00,601.00,review_as_negative_example,artifact,nearby_non_hal_context,co-iss-n1357649430,2001-01-08T12:38:29.269,GRN,18,6.08,78.29944
100,1357649115-0135,N1357649115,2001-01-08,2001-01-08T12:32:24.255,402.00,601.00,review_as_negative_example,artifact,nearby_non_hal_context,co-iss-n1357649567,2001-01-08T12:40:08.272,BL2,56,7.73,78.30456
100,1357649115-0135,N1357649115,2001-01-08,2001-01-08T12:32:24.255,402.00,601.00,review_as_negative_example,artifact,nearby_non_hal_context,co-iss-n1357649704,2001-01-08T12:42:25.278,UV3,56,10.02,78.31051
100,1357649115-0135,N1357649115,2001-01-08,2001-01-08T12:32:24.255,402.00,601.00,review_as_negative_example,artifact,nearby_non_hal_context,co-iss-n1357649882,2001-01-08T12:45:53.285,CB2,26,13.48,78.31889
100,1357649115-0135,N1357649115,2001-01-08,2001-01-08T12:32:24.255,402.00,601.00,review_as_negative_example,artifact,nearby_non_hal_context,co-iss-n1357649971,2001-01-08T12:47:22.288,UV3,26,14.97,78.32276
101,1357676116-0127,N1357676116,2001-01-08,2001-01-08T20:02:25.068,402.00,601.00,review_as_negative_example,artifact,nearby_non_hal_context,co-iss-n1357676358,2001-01-08T20:07:17.078,RED,18,4.87,79.4791
101,1357676116-0127,N1357676116,2001-01-08,2001-01-08T20:02:25.068,402.00,601.00,review_as_negative_example,artifact,nearby_non_hal_context,co-iss-n1357676431,2001-01-08T20:08:30.082,GRN,18,6.08,79.48233
101,1357676116-0127,N1357676116,2001-01-08,2001-01-08T20:02:25.068,402.00,601.00,review_as_negative_example,artifact,nearby_non_hal_context,co-iss-n1357676568,2001-01-08T20:10:09.085,BL2,56,7.73,79.48755
101,1357676116-0127,N1357676116,2001-01-08,2001-01-08T20:02:25.068,402.00,601.00,review_as_negative_example,artifact,nearby_non_hal_context,co-iss-n1357676705,2001-01-08T20:12:26.091,UV3,56,10.02,79.4936
101,1357676116-0127,N1357676116,2001-01-08,2001-01-08T20:02:25.068,402.00,601.00,review_as_negative_example,artifact,nearby_non_hal_context,co-iss-n1357676883,2001-01-08T20:15:54.098,CB2,26,13.48,79.50214
101,1357676116-0127,N1357676116,2001-01-08,2001-01-08T20:02:25.068,402.00,601.00,review_as_negative_example,artifact,nearby_non_hal_context,co-iss-n1357676972,2001-01-08T20:17:23.101,UV3,26,14.97,79.50607
102,1357676285-0213,N1357676285,2001-01-08,2001-01-08T20:04:42.075,731.00,735.00,review_as_negative_example,artifact,nearby_non_hal_context,co-iss-n1357676358,2001-01-08T20:07:17.078,RED,18,2.58,79.4791
102,1357676285-0213,N1357676285,2001-01-08,2001-01-08T20:04:42.075,731.00,735.00,review_as_negative_example,artifact,nearby_non_hal_context,co-iss-n1357676431,2001-01-08T20:08:30.082,GRN,18,3.80,79.48233
102,1357676285-0213,N1357676285,2001-01-08,2001-01-08T20:04:42.075,731.00,735.00,review_as_negative_example,artifact,nearby_non_hal_context,co-iss-n1357676568,2001-01-08T20:10:09.085,BL2,56,5.45,79.48755
102,1357676285-0213,N1357676285,2001-01-08,2001-01-08T20:04:42.075,731.00,735.00,review_as_negative_example,artifact,nearby_non_hal_context,co-iss-n1357676705,2001-01-08T20:12:26.091,UV3,56,7.73,79.4936
102,1357676285-0213,N1357676285,2001-01-08,2001-01-08T20:04:42.075,731.00,735.00,review_as_negative_example,artifact,nearby_non_hal_context,co-iss-n1357676883,2001-01-08T20:15:54.098,CB2,26,11.20,79.50214
102,1357676285-0213,N1357676285,2001-01-08,2001-01-08T20:04:42.075,731.00,735.00,review_as_negative_example,artifact,nearby_non_hal_context,co-iss-n1357676972,2001-01-08T20:17:23.101,UV3,26,12.68,79.50607
103,1357676116-0023,N1357676116,2001-01-08,2001-01-08T20:02:25.068,133.00,117.00,review_as_negative_example,artifact,nearby_non_hal_context,co-iss-n1357676358,2001-01-08T20:07:17.078,RED,18,4.87,79.4791
103,1357676116-0023,N1357676116,2001-01-08,2001-01-08T20:02:25.068,133.00,117.00,review_as_negative_example,artifact,nearby_non_hal_context,co-iss-n1357676431,2001-01-08T20:08:30.082,GRN,18,6.08,79.48233
103,1357676116-0023,N1357676116,2001-01-08,2001-01-08T20:02:25.068,133.00,117.00,review_as_negative_example,artifact,nearby_non_hal_context,co-iss-n1357676568,2001-01-08T20:10:09.085,BL2,56,7.73,79.48755
103,1357676116-0023,N1357676116,2001-01-08,2001-01-08T20:02:25.068,133.00,117.00,review_as_negative_example,artifact,nearby_non_hal_context,co-iss-n1357676705,2001-01-08T20:12:26.091,UV3,56,10.02,79.4936
103,1357676116-0023,N1357676116,2001-01-08,2001-01-08T20:02:25.068,133.00,117.00,review_as_negative_example,artifact,nearby_non_hal_context,co-iss-n1357676883,2001-01-08T20:15:54.098,CB2,26,13.48,79.50214
103,1357676116-0023,N1357676116,2001-01-08,2001-01-08T20:02:25.068,133.00,117.00,review_as_negative_example,artifact,nearby_non_hal_context,co-iss-n1357676972,2001-01-08T20:17:23.101,UV3,26,14.97,79.50607
104,1358063287-0081,N1358063287,2001-01-13,2001-01-13T07:34:41.395,399.00,299.00,review_as_negative_example,artifact,nearby_non_hal_context,co-iss-n1358063360,2001-01-13T07:37:16.398,RED,18,2.58,98.32388
104,1358063287-0081,N1358063287,2001-01-13,2001-01-13T07:34:41.395,399.00,299.00,review_as_negative_example,artifact,nearby_non_hal_context,co-iss-n1358063433,2001-01-13T07:38:29.402,GRN,18,3.80,98.3277
104,1358063287-0081,N1358063287,2001-01-13,2001-01-13T07:34:41.395,399.00,299.00,review_as_negative_example,artifact,nearby_non_hal_context,co-iss-n1358063570,2001-01-13T07:40:08.405,BL2,56,5.45,98.33387
104,1358063287-0081,N1358063287,2001-01-13,2001-01-13T07:34:41.395,399.00,299.00,review_as_negative_example,artifact,nearby_non_hal_context,co-iss-n1358063707,2001-01-13T07:42:25.411,UV3,56,7.73,98.34103
104,1358063287-0081,N1358063287,2001-01-13,2001-01-13T07:34:41.395,399.00,299.00,review_as_negative_example,artifact,nearby_non_hal_context,co-iss-n1358063885,2001-01-13T07:45:53.418,CB2,26,11.20,98.35113
104,1358063287-0081,N1358063287,2001-01-13,2001-01-13T07:34:41.395,399.00,299.00,review_as_negative_example,artifact,nearby_non_hal_context,co-iss-n1358063974,2001-01-13T07:47:22.421,UV3,26,12.68,98.35578
105,1357667285-0194,N1357667285,2001-01-08,2001-01-08T17:34:42.137,731.00,735.00,review_as_negative_example,artifact,nearby_non_hal_context,co-iss-n1357667358,2001-01-08T17:37:17.141,RED,18,2.58,79.08247
105,1357667285-0194,N1357667285,2001-01-08,2001-01-08T17:34:42.137,731.00,735.00,review_as_negative_example,artifact,nearby_non_hal_context,co-iss-n1357667431,2001-01-08T17:38:30.144,GRN,18,3.80,79.08568
105,1357667285-0194,N1357667285,2001-01-08,2001-01-08T17:34:42.137,731.00,735.00,review_as_negative_example,artifact,nearby_non_hal_context,co-iss-n1357667568,2001-01-08T17:40:09.147,BL2,56,5.45,79.09087
105,1357667285-0194,N1357667285,2001-01-08,2001-01-08T17:34:42.137,731.00,735.00,review_as_negative_example,artifact,nearby_non_hal_context,co-iss-n1357667705,2001-01-08T17:42:26.154,UV3,56,7.73,79.09689
105,1357667285-0194,N1357667285,2001-01-08,2001-01-08T17:34:42.137,731.00,735.00,review_as_negative_example,artifact,nearby_non_hal_context,co-iss-n1357667883,2001-01-08T17:45:54.160,CB2,26,11.20,79.10537
105,1357667285-0194,N1357667285,2001-01-08,2001-01-08T17:34:42.137,731.00,735.00,review_as_negative_example,artifact,nearby_non_hal_context,co-iss-n1357667972,2001-01-08T17:47:23.164,UV3,26,12.68,79.10928
106,1356977373-0211,N1356977373,2000-12-31,2000-12-31T17:57:22.887,402.00,601.00,review_as_negative_example,artifact,nearby_non_hal_context,co-iss-n1356976693,2000-12-31T17:46:31.700,MT3,3.2,10.85,118.33433
106,1356977373-0211,N1356977373,2000-12-31,2000-12-31T17:57:22.887,402.00,601.00,review_as_negative_example,artifact,nearby_non_hal_context,co-iss-n1356976653,2000-12-31T17:45:53.392,MT2,1.5,11.49,59.16683
106,1356977373-0211,N1356977373,2000-12-31,2000-12-31T17:57:22.887,402.00,601.00,review_as_negative_example,artifact,nearby_non_hal_context,co-iss-n1356976616,2000-12-31T17:45:17.001,CB2,1.2,12.10,59.16653
106,1356977373-0211,N1356977373,2000-12-31,2000-12-31T17:57:22.887,402.00,601.00,review_as_negative_example,artifact,nearby_non_hal_context,co-iss-n1356976579,2000-12-31T17:44:40.513,BL1,0.38,12.71,59.16622
106,1356977373-0211,N1356977373,2000-12-31,2000-12-31T17:57:22.887,402.00,601.00,review_as_negative_example,artifact,nearby_non_hal_context,co-iss-n1356976363,2000-12-31T17:41:02.302,MT3,2.6,16.34,118.32878
106,1356977373-0211,N1356977373,2000-12-31,2000-12-31T17:57:22.887,402.00,601.00,review_as_negative_example,artifact,nearby_non_hal_context,co-iss-n1356976323,2000-12-31T17:40:23.395,MT2,1.5,16.99,59.16406
106,1356977373-0211,N1356977373,2000-12-31,2000-12-31T17:57:22.887,402.00,601.00,review_as_negative_example,artifact,nearby_non_hal_context,co-iss-n1356976286,2000-12-31T17:39:47.008,CB2,1,17.60,59.16375
106,1356977373-0211,N1356977373,2000-12-31,2000-12-31T17:57:22.887,402.00,601.00,review_as_negative_example,artifact,nearby_non_hal_context,co-iss-n1356976249,2000-12-31T17:39:10.515,BL1,0.38,18.21,59.16344
106,1356977373-0211,N1356977373,2000-12-31,2000-12-31T17:57:22.887,402.00,601.00,review_as_negative_example,artifact,nearby_non_hal_context,co-iss-n1356978522,2000-12-31T18:17:03.420,BL1,0.46,19.68,59.1827
