image_id,track_id,candidate_id,confidence,track_length,frame_index,opus_id,image_number,time,x,y,brightness,blob_size,artifact_score,area_px,peak_snr,mean_snr,integrated_snr,sharpness,elongation,flags,reason
N1357373974,T0351,1357373974-0127,0.7436,3,16,co-iss-n1357373974,1357373974,2001-01-05T08:07:21.141,537.77,281.77,10.09,8,0.00,8,10.09,9.44,75.56,1.07,4.28,,"3 frame(s); median area 7.0 px; net motion dx=68.9, dy=53.6; flags: none"
N1357374364,T0351,1357374364-0144,0.7436,3,17,co-iss-n1357374364,1357374364,2001-01-05T08:13:51.138,600.76,272.50,9.53,7,0.15,7,9.53,9.24,64.65,1.03,6.64,,"3 frame(s); median area 7.0 px; net motion dx=68.9, dy=53.6; flags: none"
N1357374724,T0351,1357374724-0119,0.7436,3,18,co-iss-n1357374724,1357374724,2001-01-05T08:19:51.136,606.65,335.35,8.15,3,0.00,3,8.15,7.81,23.42,1.04,1.73,,"3 frame(s); median area 7.0 px; net motion dx=68.9, dy=53.6; flags: none"
N1357344889,T0004,1357344889-0037,0.7309,3,0,co-iss-n1357344889,1357344889,2001-01-05T00:02:36.342,800.62,81.35,12.82,3,0.00,3,12.82,11.34,34.02,1.13,1.73,,"3 frame(s); median area 6.0 px; net motion dx=-31.5, dy=-58.1; flags: none"
N1357345279,T0004,1357345279-0013,0.7309,3,1,co-iss-n1357345279,1357345279,2001-01-05T00:09:06.340,841.50,26.01,12.48,6,0.00,6,12.48,12.38,74.25,1.01,1.63,,"3 frame(s); median area 6.0 px; net motion dx=-31.5, dy=-58.1; flags: none"
N1357345639,T0004,1357345639-0008,0.7309,3,2,co-iss-n1357345639,1357345639,2001-01-05T00:15:06.337,769.10,23.21,12.09,10,0.00,10,12.09,9.73,97.31,1.24,4.85,,"3 frame(s); median area 6.0 px; net motion dx=-31.5, dy=-58.1; flags: none"
N1357369502,T0273,1357369502-0028,0.7174,3,13,co-iss-n1357369502,1357369502,2001-01-05T06:52:49.172,323.55,80.62,14.40,20,0.00,20,14.40,12.79,255.81,1.13,2.48,,"3 frame(s); median area 5.0 px; net motion dx=-15.8, dy=-54.6; flags: none"
N1357369892,T0273,1357369892-0029,0.7174,3,14,co-iss-n1357369892,1357369892,2001-01-05T06:59:19.169,301.54,58.78,15.81,5,0.00,5,15.81,11.98,59.90,1.32,2.62,,"3 frame(s); median area 5.0 px; net motion dx=-15.8, dy=-54.6; flags: none"
N1357370252,T0273,1357370252-0007,0.7174,3,15,co-iss-n1357370252,1357370252,2001-01-05T07:05:19.167,307.70,25.97,14.85,4,0.00,4,14.85,11.50,45.99,1.29,3.60,,"3 frame(s); median area 5.0 px; net motion dx=-15.8, dy=-54.6; flags: none"
N1357344889,T0020,1357344889-0154,0.7121,3,0,co-iss-n1357344889,1357344889,2001-01-05T00:02:36.342,717.86,331.70,8.45,13,0.00,13,8.45,8.20,106.55,1.03,5.75,,"3 frame(s); median area 13.0 px; net motion dx=-4.6, dy=-88.6; flags: none"
N1357345279,T0020,1357345279-0116,0.7121,3,1,co-iss-n1357345279,1357345279,2001-01-05T00:09:06.340,679.37,272.39,9.27,13,0.00,13,9.27,8.99,116.82,1.03,1.17,,"3 frame(s); median area 13.0 px; net motion dx=-4.6, dy=-88.6; flags: none"
N1357345639,T0020,1357345639-0088,0.7121,3,2,co-iss-n1357345639,1357345639,2001-01-05T00:15:06.337,713.27,243.09,9.43,3,0.00,3,9.43,8.67,26.00,1.09,4.39,,"3 frame(s); median area 13.0 px; net motion dx=-4.6, dy=-88.6; flags: none"
N1357373974,T0331,1357373974-0051,0.7083,3,16,co-iss-n1357373974,1357373974,2001-01-05T08:07:21.141,422.73,102.36,13.67,10,0.00,10,13.67,11.96,119.57,1.14,1.83,,"3 frame(s); median area 5.0 px; net motion dx=-3.2, dy=49.1; flags: none"
N1357374364,T0331,1357374364-0060,0.7083,3,17,co-iss-n1357374364,1357374364,2001-01-05T08:13:51.138,351.67,112.02,14.44,5,0.00,5,14.44,11.07,55.37,1.30,1.73,,"3 frame(s); median area 5.0 px; net motion dx=-3.2, dy=49.1; flags: none"
N1357374724,T0331,1357374724-0054,0.7083,3,18,co-iss-n1357374724,1357374724,2001-01-05T08:19:51.136,419.50,151.50,12.56,4,0.00,4,12.56,12.56,50.26,1.00,1.00,,"3 frame(s); median area 5.0 px; net motion dx=-3.2, dy=49.1; flags: none"
N1357378446,T0390,1357378446-0022,0.7013,3,19,co-iss-n1357378446,1357378446,2001-01-05T09:21:53.110,737.80,50.57,14.05,7,0.00,7,14.05,12.45,87.17,1.13,3.04,,"3 frame(s); median area 7.0 px; net motion dx=12.5, dy=91.4; flags: none"
N1357378836,T0390,1357378836-0036,0.7013,3,20,co-iss-n1357378836,1357378836,2001-01-05T09:28:23.107,716.01,84.71,12.49,4,0.00,4,12.49,10.61,42.44,1.18,3.60,,"3 frame(s); median area 7.0 px; net motion dx=12.5, dy=91.4; flags: none"
N1357379196,T0390,1357379196-0068,0.7013,3,21,co-iss-n1357379196,1357379196,2001-01-05T09:34:23.105,750.29,141.98,9.74,7,0.00,7,9.74,9.02,63.16,1.08,2.39,,"3 frame(s); median area 7.0 px; net motion dx=12.5, dy=91.4; flags: none"
N1357365030,T0224,1357365030-0033,0.6983,3,10,co-iss-n1357365030,1357365030,2001-01-05T05:38:17.203,99.00,105.19,14.86,4,0.00,4,14.86,13.78,55.11,1.08,1.63,,"3 frame(s); median area 4.0 px; net motion dx=-91.4, dy=104.7; flags: none"
N1357365420,T0224,1357365420-0056,0.6983,3,11,co-iss-n1357365420,1357365420,2001-01-05T05:44:47.200,34.50,142.50,15.76,4,0.00,4,15.76,15.76,63.04,1.00,1.00,,"3 frame(s); median area 4.0 px; net motion dx=-91.4, dy=104.7; flags: none"
N1357365780,T0224,1357365780-0093,0.6983,3,12,co-iss-n1357365780,1357365780,2001-01-05T05:50:47.198,7.64,209.86,13.75,6,0.00,6,13.75,11.74,70.43,1.17,5.29,,"3 frame(s); median area 4.0 px; net motion dx=-91.4, dy=104.7; flags: none"
N1357365030,T0227,1357365030-0060,0.6829,3,10,co-iss-n1357365030,1357365030,2001-01-05T05:38:17.203,186.80,168.60,13.14,5,0.00,5,13.14,13.12,65.59,1.00,4.39,,"3 frame(s); median area 4.0 px; net motion dx=29.5, dy=116.7; flags: none"
N1357365420,T0227,1357365420-0099,0.6829,3,11,co-iss-n1357365420,1357365420,2001-01-05T05:44:47.200,215.03,225.44,12.95,4,0.00,4,12.95,9.80,39.22,1.32,2.62,,"3 frame(s); median area 4.0 px; net motion dx=29.5, dy=116.7; flags: none"
N1357365780,T0227,1357365780-0121,0.6829,3,12,co-iss-n1357365780,1357365780,2001-01-05T05:50:47.198,216.30,285.29,11.55,3,0.00,3,11.55,9.32,27.95,1.24,1.73,,"3 frame(s); median area 4.0 px; net motion dx=29.5, dy=116.7; flags: none"
N1357356085,T0139,1357356085-0021,0.6787,3,6,co-iss-n1357356085,1357356085,2001-01-05T03:09:12.265,24.59,44.77,15.77,6,0.00,6,15.77,14.88,89.29,1.06,3.47,,"3 frame(s); median area 6.0 px; net motion dx=26.4, dy=82.5; flags: none"
N1357356475,T0139,1357356475-0050,0.6787,3,7,co-iss-n1357356475,1357356475,2001-01-05T03:15:42.262,85.78,101.14,16.35,4,0.00,4,16.35,13.10,52.41,1.25,2.45,,"3 frame(s); median area 6.0 px; net motion dx=26.4, dy=82.5; flags: none"
N1357356835,T0139,1357356835-0043,0.6787,3,8,co-iss-n1357356835,1357356835,2001-01-05T03:21:42.260,51.03,127.28,15.33,6,0.00,6,15.33,12.21,73.28,1.26,4.26,,"3 frame(s); median area 6.0 px; net motion dx=26.4, dy=82.5; flags: none"
N1357356085,T0149,1357356085-0061,0.6733,3,6,co-iss-n1357356085,1357356085,2001-01-05T03:09:12.265,418.06,113.51,13.67,4,0.00,4,13.67,11.87,47.49,1.15,2.62,,"3 frame(s); median area 4.0 px; net motion dx=-12.5, dy=5.9; flags: none"
N1357356475,T0149,1357356475-0089,0.6733,3,7,co-iss-n1357356475,1357356475,2001-01-05T03:15:42.262,396.35,168.29,13.37,3,0.00,3,13.37,12.63,37.89,1.06,1.73,,"3 frame(s); median area 4.0 px; net motion dx=-12.5, dy=5.9; flags: none"
N1357356835,T0149,1357356835-0041,0.6733,3,8,co-iss-n1357356835,1357356835,2001-01-05T03:21:42.260,405.51,119.46,13.67,8,0.00,8,13.67,12.67,101.36,1.08,2.24,,"3 frame(s); median area 4.0 px; net motion dx=-12.5, dy=5.9; flags: none"
N1357344889,T0016,1357344889-0132,0.6721,3,0,co-iss-n1357344889,1357344889,2001-01-05T00:02:36.342,500.73,285.04,9.97,4,0.00,4,9.97,9.18,36.74,1.09,3.60,,"3 frame(s); median area 4.0 px; net motion dx=34.9, dy=-20.4; flags: none"
N1357345279,T0016,1357345279-0139,0.6721,3,1,co-iss-n1357345279,1357345279,2001-01-05T00:09:06.340,549.91,329.49,8.93,20,0.00,20,8.93,8.86,177.17,1.01,5.55,,"3 frame(s); median area 4.0 px; net motion dx=34.9, dy=-20.4; flags: none"
N1357345639,T0016,1357345639-0094,0.6721,3,2,co-iss-n1357345639,1357345639,2001-01-05T00:15:06.337,535.67,264.67,10.47,3,0.00,3,10.47,10.47,31.41,1.00,1.73,,"3 frame(s); median area 4.0 px; net motion dx=34.9, dy=-20.4; flags: none"
N1357373974,T0335,1357373974-0071,0.6708,3,16,co-iss-n1357373974,1357373974,2001-01-05T08:07:21.141,653.66,154.33,8.17,3,0.00,3,8.17,8.11,24.32,1.01,1.73,,"3 frame(s); median area 4.0 px; net motion dx=-4.2, dy=-94.8; flags: none"
N1357374364,T0335,1357374364-0058,0.6708,3,17,co-iss-n1357374364,1357374364,2001-01-05T08:13:51.138,696.49,109.98,12.05,4,0.00,4,12.05,10.88,43.51,1.11,2.62,,"3 frame(s); median area 4.0 px; net motion dx=-4.2, dy=-94.8; flags: none"
N1357374724,T0335,1357374724-0024,0.6708,3,18,co-iss-n1357374724,1357374724,2001-01-05T08:19:51.136,649.50,59.50,12.31,4,0.00,4,12.31,12.28,49.12,1.00,1.00,,"3 frame(s); median area 4.0 px; net motion dx=-4.2, dy=-94.8; flags: none"
N1357356085,T0172,1357356085-0154,0.6694,3,6,co-iss-n1357356085,1357356085,2001-01-05T03:09:12.265,501.51,331.49,8.88,4,0.00,4,8.88,7.96,31.83,1.12,1.00,,"3 frame(s); median area 4.0 px; net motion dx=-15.0, dy=-103.0; flags: none"
N1357356475,T0172,1357356475-0141,0.6694,3,7,co-iss-n1357356475,1357356475,2001-01-05T03:15:42.262,520.91,274.36,10.53,3,0.00,3,10.53,9.60,28.79,1.10,4.39,,"3 frame(s); median area 4.0 px; net motion dx=-15.0, dy=-103.0; flags: none"
N1357356835,T0172,1357356835-0095,0.6694,3,8,co-iss-n1357356835,1357356835,2001-01-05T03:21:42.260,486.46,228.46,11.31,4,0.00,4,11.31,10.51,42.04,1.08,1.00,,"3 frame(s); median area 4.0 px; net motion dx=-15.0, dy=-103.0; flags: none"
N1357356085,T0141,1357356085-0023,0.6667,3,6,co-iss-n1357356085,1357356085,2001-01-05T03:09:12.265,149.37,46.12,13.12,3,0.00,3,13.12,11.68,35.05,1.12,4.39,,"3 frame(s); median area 3.0 px; net motion dx=34.8, dy=-10.4; flags: none"
N1357356475,T0141,1357356475-0051,0.6667,3,7,co-iss-n1357356475,1357356475,2001-01-05T03:15:42.262,171.34,105.00,15.74,7,0.00,7,15.74,15.00,104.97,1.05,2.72,,"3 frame(s); median area 3.0 px; net motion dx=34.8, dy=-10.4; flags: none"
N1357356835,T0141,1357356835-0012,0.6667,3,8,co-iss-n1357356835,1357356835,2001-01-05T03:21:42.260,184.14,35.69,15.59,3,0.00,3,15.59,11.60,34.80,1.34,4.39,,"3 frame(s); median area 3.0 px; net motion dx=34.8, dy=-10.4; flags: none"
N1357373974,T0360,1357373974-0212,0.6656,3,16,co-iss-n1357373974,1357373974,2001-01-05T08:07:21.141,72.50,494.50,8.51,4,0.00,4,8.51,8.47,33.86,1.01,1.00,,"3 frame(s); median area 4.0 px; net motion dx=70.2, dy=-46.1; flags: none"
N1357374364,T0360,1357374364-0230,0.6656,3,17,co-iss-n1357374364,1357374364,2001-01-05T08:13:51.138,132.50,508.50,9.06,4,0.00,4,9.06,9.06,36.24,1.00,1.00,,"3 frame(s); median area 4.0 px; net motion dx=70.2, dy=-46.1; flags: none"
N1357374724,T0360,1357374724-0155,0.6656,3,18,co-iss-n1357374724,1357374724,2001-01-05T08:19:51.136,142.71,448.35,9.48,3,0.00,3,9.48,8.91,26.72,1.06,1.73,,"3 frame(s); median area 4.0 px; net motion dx=70.2, dy=-46.1; flags: none"
N1357356085,T0160,1357356085-0118,0.6640,3,6,co-iss-n1357356085,1357356085,2001-01-05T03:09:12.265,303.50,252.50,11.26,4,0.00,4,11.26,11.21,44.85,1.00,5.83,,"3 frame(s); median area 4.0 px; net motion dx=-30.9, dy=-30.2; flags: none"
N1357356475,T0160,1357356475-0120,0.6640,3,7,co-iss-n1357356475,1357356475,2001-01-05T03:15:42.262,294.61,232.95,12.42,9,0.00,9,12.42,9.85,88.69,1.26,5.20,,"3 frame(s); median area 4.0 px; net motion dx=-30.9, dy=-30.2; flags: none"
N1357356835,T0160,1357356835-0091,0.6640,3,8,co-iss-n1357356835,1357356835,2001-01-05T03:21:42.260,272.63,222.31,8.59,3,0.00,3,8.59,7.75,23.26,1.11,1.73,,"3 frame(s); median area 4.0 px; net motion dx=-30.9, dy=-30.2; flags: none"
N1357373974,T0334,1357373974-0067,0.6598,3,16,co-iss-n1357373974,1357373974,2001-01-05T08:07:21.141,553.50,149.50,12.29,4,0.00,4,12.29,12.29,49.15,1.00,1.00,,"3 frame(s); median area 4.0 px; net motion dx=-0.8, dy=-16.9; flags: none"
N1357374364,T0334,1357374364-0059,0.6598,3,17,co-iss-n1357374364,1357374364,2001-01-05T08:13:51.138,512.99,110.49,13.51,6,0.00,6,13.51,12.23,73.38,1.10,1.63,,"3 frame(s); median area 4.0 px; net motion dx=-0.8, dy=-16.9; flags: none"
N1357374724,T0334,1357374724-0042,0.6598,3,18,co-iss-n1357374724,1357374724,2001-01-05T08:19:51.136,552.70,132.65,11.87,3,0.00,3,11.87,11.27,33.82,1.05,1.73,,"3 frame(s); median area 4.0 px; net motion dx=-0.8, dy=-16.9; flags: none"
N1357365030,T0240,1357365030-0173,0.6587,3,10,co-iss-n1357365030,1357365030,2001-01-05T05:38:17.203,121.25,492.56,8.04,7,0.00,7,8.04,7.90,55.30,1.02,2.18,,"3 frame(s); median area 7.0 px; net motion dx=-33.7, dy=-68.0; flags: none"
N1357365420,T0240,1357365420-0182,0.6587,3,11,co-iss-n1357365420,1357365420,2001-01-05T05:44:47.200,122.40,411.53,10.67,11,0.00,11,10.67,10.39,114.34,1.03,3.57,,"3 frame(s); median area 7.0 px; net motion dx=-33.7, dy=-68.0; flags: none"
N1357365780,T0240,1357365780-0178,0.6587,3,12,co-iss-n1357365780,1357365780,2001-01-05T05:50:47.198,87.52,424.52,10.64,4,0.00,4,10.64,10.30,41.20,1.03,1.00,,"3 frame(s); median area 7.0 px; net motion dx=-33.7, dy=-68.0; flags: none"
N1357344889,T0029,1357344889-0199,0.6542,3,0,co-iss-n1357344889,1357344889,2001-01-05T00:02:36.342,235.33,435.67,8.57,3,0.00,3,8.57,8.57,25.72,1.00,1.73,,"3 frame(s); median area 5.0 px; net motion dx=-22.3, dy=-97.2; flags: none"
N1357345279,T0029,1357345279-0166,0.6542,3,1,co-iss-n1357345279,1357345279,2001-01-05T00:09:06.340,212.80,399.80,10.40,5,0.00,5,10.40,10.36,51.82,1.00,2.14,,"3 frame(s); median area 5.0 px; net motion dx=-22.3, dy=-97.2; flags: none"
N1357345639,T0029,1357345639-0126,0.6542,3,2,co-iss-n1357345639,1357345639,2001-01-05T00:15:06.337,213.00,338.50,10.80,6,0.00,6,10.80,10.80,64.78,1.00,1.63,,"3 frame(s); median area 5.0 px; net motion dx=-22.3, dy=-97.2; flags: none"
N1357373974,T0358,1357373974-0186,0.6529,3,16,co-iss-n1357373974,1357373974,2001-01-05T08:07:21.141,166.50,409.00,9.02,6,0.00,6,9.02,8.97,53.84,1.00,4.47,,"3 frame(s); median area 4.0 px; net motion dx=20.0, dy=18.5; flags: none"
N1357374364,T0358,1357374364-0194,0.6529,3,17,co-iss-n1357374364,1357374364,2001-01-05T08:13:51.138,197.46,381.08,10.59,4,0.00,4,10.59,9.79,39.15,1.08,2.62,,"3 frame(s); median area 4.0 px; net motion dx=20.0, dy=18.5; flags: none"
N1357374724,T0358,1357374724-0149,0.6529,3,18,co-iss-n1357374724,1357374724,2001-01-05T08:19:51.136,186.50,427.50,9.54,4,0.00,4,9.54,9.54,38.16,1.00,5.83,,"3 frame(s); median area 4.0 px; net motion dx=20.0, dy=18.5; flags: none"
N1357369502,T0284,1357369502-0090,0.6448,3,13,co-iss-n1357369502,1357369502,2001-01-05T06:52:49.172,62.35,237.65,12.64,3,0.00,3,12.64,11.96,35.89,1.06,1.73,,"3 frame(s); median area 3.0 px; net motion dx=-11.6, dy=-133.1; flags: none"
N1357369892,T0284,1357369892-0070,0.6448,3,14,co-iss-n1357369892,1357369892,2001-01-05T06:59:19.169,68.10,178.88,14.88,5,0.00,5,14.88,12.16,60.78,1.22,3.84,,"3 frame(s); median area 3.0 px; net motion dx=-11.6, dy=-133.1; flags: none"
N1357370252,T0284,1357370252-0035,0.6448,3,15,co-iss-n1357370252,1357370252,2001-01-05T07:05:19.167,50.70,104.55,15.55,3,0.00,3,15.55,11.59,34.77,1.34,1.73,,"3 frame(s); median area 3.0 px; net motion dx=-11.6, dy=-133.1; flags: none"
N1357356085,T0146,1357356085-0035,0.6434,3,6,co-iss-n1357356085,1357356085,2001-01-05T03:09:12.265,364.04,65.48,14.75,6,0.00,6,14.75,12.28,73.71,1.20,1.63,,"3 frame(s); median area 6.0 px; net motion dx=28.4, dy=-24.8; flags: none"
N1357356475,T0146,1357356475-0038,0.6434,3,7,co-iss-n1357356475,1357356475,2001-01-05T03:15:42.262,374.70,77.98,15.40,6,0.00,6,15.40,12.15,72.89,1.27,4.39,,"3 frame(s); median area 6.0 px; net motion dx=28.4, dy=-24.8; flags: none"
N1357356835,T0146,1357356835-0015,0.6434,3,8,co-iss-n1357356835,1357356835,2001-01-05T03:21:42.260,392.43,40.72,11.42,3,0.00,3,11.42,8.80,26.39,1.30,1.73,,"3 frame(s); median area 6.0 px; net motion dx=28.4, dy=-24.8; flags: none"
N1357373974,T0326,1357373974-0021,0.6432,3,16,co-iss-n1357373974,1357373974,2001-01-05T08:07:21.141,619.29,39.07,14.05,8,0.00,8,14.05,13.63,109.07,1.03,3.42,,"3 frame(s); median area 7.0 px; net motion dx=41.3, dy=13.5; flags: none"
N1357374364,T0326,1357374364-0041,0.6432,3,17,co-iss-n1357374364,1357374364,2001-01-05T08:13:51.138,653.62,65.57,13.18,7,0.00,7,13.18,11.58,81.08,1.14,5.42,,"3 frame(s); median area 7.0 px; net motion dx=41.3, dy=13.5; flags: none"
N1357374724,T0326,1357374724-0022,0.6432,3,18,co-iss-n1357374724,1357374724,2001-01-05T08:19:51.136,660.58,52.61,12.38,5,0.00,5,12.38,11.83,59.15,1.05,3.40,,"3 frame(s); median area 7.0 px; net motion dx=41.3, dy=13.5; flags: none"
N1357365030,T0225,1357365030-0034,0.6425,3,10,co-iss-n1357365030,1357365030,2001-01-05T05:38:17.203,802.80,106.20,12.50,4,0.00,4,12.50,11.70,46.79,1.07,2.45,,"3 frame(s); median area 3.0 px; net motion dx=110.5, dy=-41.6; flags: none"
N1357365420,T0225,1357365420-0015,0.6425,3,11,co-iss-n1357365420,1357365420,2001-01-05T05:44:47.200,832.22,40.39,12.68,3,0.00,3,12.68,10.88,32.63,1.17,1.73,,"3 frame(s); median area 3.0 px; net motion dx=110.5, dy=-41.6; flags: none"
N1357365780,T0225,1357365780-0029,0.6425,3,12,co-iss-n1357365780,1357365780,2001-01-05T05:50:47.198,913.33,64.65,10.12,3,0.00,3,10.12,9.54,28.61,1.06,1.73,,"3 frame(s); median area 3.0 px; net motion dx=110.5, dy=-41.6; flags: none"
N1357356085,T0178,1357356085-0205,0.6380,3,6,co-iss-n1357356085,1357356085,2001-01-05T03:09:12.265,89.33,435.00,9.35,3,0.00,3,9.35,9.33,28.00,1.00,4.39,,"3 frame(s); median area 4.0 px; net motion dx=-32.1, dy=-39.8; flags: none"
N1357356475,T0178,1357356475-0246,0.6380,3,7,co-iss-n1357356475,1357356475,2001-01-05T03:15:42.262,72.90,409.82,11.20,4,0.00,4,11.20,9.21,36.84,1.22,3.60,,"3 frame(s); median area 4.0 px; net motion dx=-32.1, dy=-39.8; flags: none"
N1357356835,T0178,1357356835-0159,0.6380,3,8,co-iss-n1357356835,1357356835,2001-01-05T03:21:42.260,57.20,395.20,11.38,5,0.00,5,11.38,11.38,56.89,1.00,3.52,,"3 frame(s); median area 4.0 px; net motion dx=-32.1, dy=-39.8; flags: none"
N1357351613,T0082,1357351613-0194,0.6375,2,3,co-iss-n1357351613,1357351613,2001-01-05T01:54:40.296,295.60,416.99,8.34,12,0.00,12,8.34,8.27,99.24,1.01,2.48,,"2 frame(s); median area 8.0 px; net motion dx=21.8, dy=78.6; flags: none"
N1357352003,T0082,1357352003-0175,0.6375,2,4,co-iss-n1357352003,1357352003,2001-01-05T02:01:10.293,317.41,495.58,50.01,4,0.00,4,50.01,41.43,165.73,1.21,1.00,,"2 frame(s); median area 8.0 px; net motion dx=21.8, dy=78.6; flags: none"
N1357365030,T0231,1357365030-0078,0.6351,3,10,co-iss-n1357365030,1357365030,2001-01-05T05:38:17.203,875.69,204.38,10.46,9,0.00,9,10.46,10.02,90.15,1.04,3.55,,"3 frame(s); median area 4.0 px; net motion dx=-80.4, dy=-25.7; flags: none"
N1357365420,T0231,1357365420-0062,0.6351,3,11,co-iss-n1357365420,1357365420,2001-01-05T05:44:47.200,835.50,149.00,10.27,4,0.00,4,10.27,10.27,41.09,1.00,2.62,,"3 frame(s); median area 4.0 px; net motion dx=-80.4, dy=-25.7; flags: none"
N1357365780,T0231,1357365780-0081,0.6351,3,12,co-iss-n1357365780,1357365780,2001-01-05T05:50:47.198,795.33,178.67,9.41,3,0.00,3,9.41,9.41,28.23,1.00,1.73,,"3 frame(s); median area 4.0 px; net motion dx=-80.4, dy=-25.7; flags: none"
N1357373974,T0342,1357373974-0100,0.6343,3,16,co-iss-n1357373974,1357373974,2001-01-05T08:07:21.141,473.10,222.45,11.28,4,0.00,4,11.28,10.22,40.89,1.10,2.62,,"3 frame(s); median area 4.0 px; net motion dx=-64.5, dy=-21.5; flags: none"
N1357374364,T0342,1357374364-0128,0.6343,3,17,co-iss-n1357374364,1357374364,2001-01-05T08:13:51.138,442.48,238.90,11.45,12,0.00,12,11.45,10.75,129.00,1.07,3.97,,"3 frame(s); median area 4.0 px; net motion dx=-64.5, dy=-21.5; flags: none"
N1357374724,T0342,1357374724-0078,0.6343,3,18,co-iss-n1357374724,1357374724,2001-01-05T08:19:51.136,408.65,200.96,11.81,3,0.00,3,11.81,11.33,33.98,1.04,4.39,,"3 frame(s); median area 4.0 px; net motion dx=-64.5, dy=-21.5; flags: none"
N1357378446,T0396,1357378446-0039,0.6280,3,19,co-iss-n1357378446,1357378446,2001-01-05T09:21:53.110,470.78,74.23,14.25,3,0.00,3,14.25,10.39,31.18,1.37,4.39,,"3 frame(s); median area 3.0 px; net motion dx=-56.7, dy=-37.7; flags: none"
N1357378836,T0396,1357378836-0031,0.6280,3,20,co-iss-n1357378836,1357378836,2001-01-05T09:28:23.107,420.71,70.75,14.34,3,0.00,3,14.34,10.40,31.21,1.38,1.73,,"3 frame(s); median area 3.0 px; net motion dx=-56.7, dy=-37.7; flags: none"
N1357379196,T0396,1357379196-0014,0.6280,3,21,co-iss-n1357379196,1357379196,2001-01-05T09:34:23.105,414.12,36.50,14.25,25,0.00,25,14.25,13.62,340.58,1.05,1.75,,"3 frame(s); median area 3.0 px; net motion dx=-56.7, dy=-37.7; flags: none"
N1357351613,T0084,1357351613-0200,0.6262,3,3,co-iss-n1357351613,1357351613,2001-01-05T01:54:40.296,163.28,437.57,8.78,7,0.00,7,8.78,8.74,61.17,1.01,2.18,,"3 frame(s); median area 7.0 px; net motion dx=-36.7, dy=-27.9; flags: none"
N1357352003,T0084,1357352003-0151,0.6262,3,4,co-iss-n1357352003,1357352003,2001-01-05T02:01:10.293,153.86,449.01,66.06,7,0.00,7,66.06,30.20,211.39,2.19,2.78,,"3 frame(s); median area 7.0 px; net motion dx=-36.7, dy=-27.9; flags: none"
N1357352363,T0084,1357352363-0164,0.6262,3,5,co-iss-n1357352363,1357352363,2001-01-05T02:07:10.291,126.58,409.69,11.74,5,0.00,5,11.74,11.08,55.42,1.06,3.40,,"3 frame(s); median area 7.0 px; net motion dx=-36.7, dy=-27.9; flags: none"
N1357344889,T0030,1357344889-0208,0.6260,3,0,co-iss-n1357344889,1357344889,2001-01-05T00:02:36.342,36.66,498.67,9.02,3,0.00,3,9.02,8.93,26.79,1.01,1.73,,"3 frame(s); median area 3.0 px; net motion dx=8.3, dy=-18.0; flags: none"
N1357345279,T0030,1357345279-0179,0.6260,3,1,co-iss-n1357345279,1357345279,2001-01-05T00:09:06.340,20.34,470.23,10.74,8,0.00,8,10.74,10.37,83.00,1.04,3.98,,"3 frame(s); median area 3.0 px; net motion dx=8.3, dy=-18.0; flags: none"
N1357345639,T0030,1357345639-0159,0.6260,3,2,co-iss-n1357345639,1357345639,2001-01-05T00:15:06.337,44.94,480.65,10.67,3,0.00,3,10.67,10.07,30.20,1.06,4.39,,"3 frame(s); median area 3.0 px; net motion dx=8.3, dy=-18.0; flags: none"
N1357356085,T0153,1357356085-0089,0.6218,3,6,co-iss-n1357356085,1357356085,2001-01-05T03:09:12.265,125.33,195.67,13.10,3,0.00,3,13.10,13.10,39.30,1.00,1.73,,"3 frame(s); median area 3.0 px; net motion dx=17.8, dy=-17.7; flags: none"
N1357356475,T0153,1357356475-0063,0.6218,3,7,co-iss-n1357356475,1357356475,2001-01-05T03:15:42.262,150.67,127.99,8.43,3,0.00,3,8.43,8.32,24.95,1.01,4.39,,"3 frame(s); median area 3.0 px; net motion dx=17.8, dy=-17.7; flags: none"
N1357356835,T0153,1357356835-0068,0.6218,3,8,co-iss-n1357356835,1357356835,2001-01-05T03:21:42.260,143.14,177.92,13.93,5,0.00,5,13.93,12.19,60.93,1.14,2.62,,"3 frame(s); median area 3.0 px; net motion dx=17.8, dy=-17.7; flags: none"
N1357356085,T0151,1357356085-0075,0.6212,3,6,co-iss-n1357356085,1357356085,2001-01-05T03:09:12.265,554.64,153.70,9.14,3,0.00,3,9.14,8.53,25.60,1.07,1.73,,"3 frame(s); median area 3.0 px; net motion dx=-44.2, dy=-18.1; flags: none"
N1357356475,T0151,1357356475-0045,0.6212,3,7,co-iss-n1357356475,1357356475,2001-01-05T03:15:42.262,528.67,91.63,13.64,3,0.00,3,13.64,12.34,37.01,1.11,1.73,,"3 frame(s); median area 3.0 px; net motion dx=-44.2, dy=-18.1; flags: none"
N1357356835,T0151,1357356835-0050,0.6212,3,8,co-iss-n1357356835,1357356835,2001-01-05T03:21:42.260,510.44,135.56,12.78,4,0.00,4,12.78,11.48,45.92,1.11,1.00,,"3 frame(s); median area 3.0 px; net motion dx=-44.2, dy=-18.1; flags: none"
N1357356085,T0182,1357356085-0219,0.6175,3,6,co-iss-n1357356085,1357356085,2001-01-05T03:09:12.265,24.67,527.33,8.72,3,0.00,3,8.72,8.72,26.16,1.00,1.73,,"3 frame(s); median area 3.0 px; net motion dx=29.0, dy=-75.0; flags: none"
N1357356475,T0182,1357356475-0282,0.6175,3,7,co-iss-n1357356475,1357356475,2001-01-05T03:15:42.262,14.76,472.24,10.12,4,0.00,4,10.12,9.86,39.45,1.03,2.45,,"3 frame(s); median area 3.0 px; net motion dx=29.0, dy=-75.0; flags: none"
N1357356835,T0182,1357356835-0177,0.6175,3,8,co-iss-n1357356835,1357356835,2001-01-05T03:21:42.260,53.67,452.31,10.61,3,0.00,3,10.61,10.04,30.12,1.06,1.73,,"3 frame(s); median area 3.0 px; net motion dx=29.0, dy=-75.0; flags: none"
N1357378446,T0400,1357378446-0089,0.6147,3,19,co-iss-n1357378446,1357378446,2001-01-05T09:21:53.110,284.60,194.80,12.21,5,0.00,5,12.21,12.16,60.81,1.00,1.73,,"3 frame(s); median area 4.0 px; net motion dx=-1.1, dy=-21.3; flags: none"
N1357378836,T0400,1357378836-0071,0.6147,3,20,co-iss-n1357378836,1357378836,2001-01-05T09:28:23.107,266.27,167.00,13.54,4,0.00,4,13.54,12.42,49.69,1.09,1.63,,"3 frame(s); median area 4.0 px; net motion dx=-1.1, dy=-21.3; flags: none"
N1357379196,T0400,1357379196-0084,0.6147,3,21,co-iss-n1357379196,1357379196,2001-01-05T09:34:23.105,283.48,173.48,12.40,4,0.00,4,12.40,11.82,47.26,1.05,1.00,,"3 frame(s); median area 4.0 px; net motion dx=-1.1, dy=-21.3; flags: none"
N1357351613,T0065,1357351613-0078,0.6136,3,3,co-iss-n1357351613,1357351613,2001-01-05T01:54:40.296,846.57,182.86,10.82,5,0.15,5,10.82,10.08,50.42,1.07,6.31,,"3 frame(s); median area 5.0 px; net motion dx=-14.1, dy=41.1; flags: none"
N1357352003,T0065,1357352003-0065,0.6136,3,4,co-iss-n1357352003,1357352003,2001-01-05T02:01:10.293,868.04,191.15,75.08,5,0.00,5,75.08,25.60,127.99,2.93,1.73,,"3 frame(s); median area 5.0 px; net motion dx=-14.1, dy=41.1; flags: none"
N1357352363,T0065,1357352363-0091,0.6136,3,5,co-iss-n1357352363,1357352363,2001-01-05T02:07:10.291,832.49,223.98,8.53,4,0.00,4,8.53,8.33,33.31,1.02,2.62,,"3 frame(s); median area 5.0 px; net motion dx=-14.1, dy=41.1; flags: none"
N1357344889,T0008,1357344889-0073,0.6081,3,0,co-iss-n1357344889,1357344889,2001-01-05T00:02:36.342,865.74,159.72,10.98,7,0.00,7,10.98,10.58,74.09,1.04,2.54,,"3 frame(s); median area 6.0 px; net motion dx=43.3, dy=-93.2; flags: none"
N1357345279,T0008,1357345279-0042,0.6081,3,1,co-iss-n1357345279,1357345279,2001-01-05T00:09:06.340,913.95,94.49,11.21,6,0.00,6,11.21,10.87,65.24,1.03,4.47,,"3 frame(s); median area 6.0 px; net motion dx=43.3, dy=-93.2; flags: none"
N1357345639,T0008,1357345639-0028,0.6081,3,2,co-iss-n1357345639,1357345639,2001-01-05T00:15:06.337,909.00,66.50,10.02,6,0.00,6,10.02,9.98,59.91,1.00,1.63,,"3 frame(s); median area 6.0 px; net motion dx=43.3, dy=-93.2; flags: none"
N1357356085,T0167,1357356085-0135,0.6077,3,6,co-iss-n1357356085,1357356085,2001-01-05T03:09:12.265,833.50,295.67,8.85,6,0.15,6,8.85,8.80,52.83,1.00,6.81,,"3 frame(s); median area 6.0 px; net motion dx=-85.0, dy=-61.7; flags: none"
N1357356475,T0167,1357356475-0131,0.6077,3,7,co-iss-n1357356475,1357356475,2001-01-05T03:15:42.262,765.48,258.57,9.58,6,0.00,6,9.58,9.19,55.16,1.04,4.60,,"3 frame(s); median area 6.0 px; net motion dx=-85.0, dy=-61.7; flags: none"
N1357356835,T0167,1357356835-0098,0.6077,3,8,co-iss-n1357356835,1357356835,2001-01-05T03:21:42.260,748.50,234.00,9.34,4,0.00,4,9.34,9.34,37.35,1.00,2.62,,"3 frame(s); median area 6.0 px; net motion dx=-85.0, dy=-61.7; flags: none"
N1357351613,T0085,1357351613-0204,0.6057,3,3,co-iss-n1357351613,1357351613,2001-01-05T01:54:40.296,182.50,473.00,8.09,4,0.00,4,8.09,8.09,32.34,1.00,2.62,,"3 frame(s); median area 4.0 px; net motion dx=-26.2, dy=-54.4; flags: none"
N1357352003,T0085,1357352003-0156,0.6057,3,4,co-iss-n1357352003,1357352003,2001-01-05T02:01:10.293,226.84,455.31,41.94,4,0.00,4,41.94,23.19,92.77,1.81,4.47,,"3 frame(s); median area 4.0 px; net motion dx=-26.2, dy=-54.4; flags: none"
N1357352363,T0085,1357352363-0167,0.6057,3,5,co-iss-n1357352363,1357352363,2001-01-05T02:07:10.291,156.32,418.61,9.26,3,0.00,3,9.26,7.95,23.86,1.16,1.73,,"3 frame(s); median area 4.0 px; net motion dx=-26.2, dy=-54.4; flags: none"
N1357351613,T0062,1357351613-0024,0.6055,3,3,co-iss-n1357351613,1357351613,2001-01-05T01:54:40.296,215.33,52.33,15.32,3,0.00,3,15.32,15.30,45.90,1.00,1.73,,"3 frame(s); median area 3.0 px; net motion dx=45.5, dy=-30.9; flags: none"
N1357352003,T0062,1357352003-0010,0.6055,3,4,co-iss-n1357352003,1357352003,2001-01-05T02:01:10.293,220.34,30.35,9.37,3,0.00,3,9.37,8.99,26.96,1.04,1.73,,"3 frame(s); median area 3.0 px; net motion dx=45.5, dy=-30.9; flags: none"
N1357352363,T0062,1357352363-0008,0.6055,3,5,co-iss-n1357352363,1357352363,2001-01-05T02:07:10.291,260.84,21.40,16.27,4,0.00,4,16.27,13.26,53.04,1.23,2.62,,"3 frame(s); median area 3.0 px; net motion dx=45.5, dy=-30.9; flags: none"
N1357351613,T0077,1357351613-0130,0.6044,3,3,co-iss-n1357351613,1357351613,2001-01-05T01:54:40.296,218.77,295.00,10.69,4,0.00,4,10.69,10.42,41.66,1.03,1.63,,"3 frame(s); median area 4.0 px; net motion dx=-46.8, dy=2.5; flags: none"
N1357352003,T0077,1357352003-0111,0.6044,3,4,co-iss-n1357352003,1357352003,2001-01-05T02:01:10.293,150.43,327.43,29.84,4,0.00,4,29.84,23.35,93.40,1.28,1.00,,"3 frame(s); median area 4.0 px; net motion dx=-46.8, dy=2.5; flags: none"
N1357352363,T0077,1357352363-0123,0.6044,3,5,co-iss-n1357352363,1357352363,2001-01-05T02:07:10.291,172.00,297.50,12.99,4,0.00,4,12.99,12.95,51.82,1.00,2.62,,"3 frame(s); median area 4.0 px; net motion dx=-46.8, dy=2.5; flags: none"
N1357356085,T0138,1357356085-0013,0.6043,3,6,co-iss-n1357356085,1357356085,2001-01-05T03:09:12.265,638.23,35.01,14.12,28,0.00,28,14.12,13.06,365.57,1.08,5.35,,"3 frame(s); median area 3.0 px; net motion dx=-6.8, dy=42.3; flags: none"
N1357356475,T0138,1357356475-0046,0.6043,3,7,co-iss-n1357356475,1357356475,2001-01-05T03:15:42.262,667.33,92.33,13.03,3,0.00,3,13.03,13.01,39.02,1.00,1.73,,"3 frame(s); median area 3.0 px; net motion dx=-6.8, dy=42.3; flags: none"
N1357356835,T0138,1357356835-0032,0.6043,3,8,co-iss-n1357356835,1357356835,2001-01-05T03:21:42.260,631.42,77.31,12.10,3,0.00,3,12.10,9.60,28.79,1.26,1.73,,"3 frame(s); median area 3.0 px; net motion dx=-6.8, dy=42.3; flags: none"
N1357365030,T0228,1357365030-0061,0.6025,3,10,co-iss-n1357365030,1357365030,2001-01-05T05:38:17.203,235.34,169.42,12.88,5,0.00,5,12.88,12.34,61.72,1.04,3.40,,"3 frame(s); median area 5.0 px; net motion dx=-12.5, dy=-50.2; flags: none"
N1357365420,T0228,1357365420-0041,0.6025,3,11,co-iss-n1357365420,1357365420,2001-01-05T05:44:47.200,241.33,111.34,15.02,12,0.00,12,15.02,14.94,179.27,1.01,1.73,,"3 frame(s); median area 5.0 px; net motion dx=-12.5, dy=-50.2; flags: none"
N1357365780,T0228,1357365780-0054,0.6025,3,12,co-iss-n1357365780,1357365780,2001-01-05T05:50:47.198,222.79,119.19,14.46,3,0.00,3,14.46,12.20,36.59,1.19,4.39,,"3 frame(s); median area 5.0 px; net motion dx=-12.5, dy=-50.2; flags: none"
N1357378446,T0402,1357378446-0095,0.5954,3,19,co-iss-n1357378446,1357378446,2001-01-05T09:21:53.110,644.87,204.00,11.13,14,0.00,14,11.13,10.88,152.31,1.02,5.78,,"3 frame(s); median area 4.0 px; net motion dx=-11.7, dy=-54.8; flags: none"
N1357378836,T0402,1357378836-0064,0.5954,3,20,co-iss-n1357378836,1357378836,2001-01-05T09:28:23.107,662.00,148.67,11.24,3,0.00,3,11.24,11.24,33.73,1.00,4.39,,"3 frame(s); median area 4.0 px; net motion dx=-11.7, dy=-54.8; flags: none"
N1357379196,T0402,1357379196-0072,0.5954,3,21,co-iss-n1357379196,1357379196,2001-01-05T09:34:23.105,633.20,149.20,10.54,4,0.00,4,10.54,9.89,39.57,1.07,2.45,,"3 frame(s); median area 4.0 px; net motion dx=-11.7, dy=-54.8; flags: none"
N1357344889,T0010,1357344889-0091,0.5857,3,0,co-iss-n1357344889,1357344889,2001-01-05T00:02:36.342,371.33,193.67,12.06,3,0.00,3,12.06,12.04,36.12,1.00,1.73,,"3 frame(s); median area 3.0 px; net motion dx=122.2, dy=-19.2; flags: none"
N1357345279,T0010,1357345279-0085,0.5857,3,1,co-iss-n1357345279,1357345279,2001-01-05T00:09:06.340,415.35,197.39,11.14,3,0.00,3,11.14,9.50,28.49,1.17,1.73,,"3 frame(s); median area 3.0 px; net motion dx=122.2, dy=-19.2; flags: none"
N1357345639,T0010,1357345639-0065,0.5857,3,2,co-iss-n1357345639,1357345639,2001-01-05T00:15:06.337,493.50,174.50,12.09,4,0.00,4,12.09,12.09,48.37,1.00,1.00,,"3 frame(s); median area 3.0 px; net motion dx=122.2, dy=-19.2; flags: none"
N1357378446,T0397,1357378446-0051,0.5788,3,19,co-iss-n1357378446,1357378446,2001-01-05T09:21:53.110,459.24,115.38,13.36,3,0.00,3,13.36,11.78,35.33,1.13,1.73,,"3 frame(s); median area 3.0 px; net motion dx=-48.7, dy=-45.4; flags: none"
N1357378836,T0397,1357378836-0042,0.5788,3,20,co-iss-n1357378836,1357378836,2001-01-05T09:28:23.107,395.66,96.66,14.45,3,0.00,3,14.45,14.13,42.39,1.02,1.73,,"3 frame(s); median area 3.0 px; net motion dx=-48.7, dy=-45.4; flags: none"
N1357379196,T0397,1357379196-0033,0.5788,3,21,co-iss-n1357379196,1357379196,2001-01-05T09:34:23.105,410.51,69.98,13.94,4,0.00,4,13.94,13.72,54.89,1.02,2.62,,"3 frame(s); median area 3.0 px; net motion dx=-48.7, dy=-45.4; flags: none"
N1357356085,T0173,1357356085-0158,0.5748,3,6,co-iss-n1357356085,1357356085,2001-01-05T03:09:12.265,550.53,332.47,8.97,4,0.00,4,8.97,8.49,33.96,1.06,1.00,,"3 frame(s); median area 4.0 px; net motion dx=-47.7, dy=-63.2; flags: none"
N1357356475,T0173,1357356475-0150,0.5748,3,7,co-iss-n1357356475,1357356475,2001-01-05T03:15:42.262,517.33,288.33,10.19,3,0.00,3,10.19,10.19,30.56,1.00,1.73,,"3 frame(s); median area 4.0 px; net motion dx=-47.7, dy=-63.2; flags: none"
N1357356835,T0173,1357356835-0112,0.5748,3,8,co-iss-n1357356835,1357356835,2001-01-05T03:21:42.260,502.81,269.30,10.36,6,0.00,6,10.36,9.91,59.44,1.05,2.64,,"3 frame(s); median area 4.0 px; net motion dx=-47.7, dy=-63.2; flags: none"
N1357378446,T0409,1357378446-0158,0.5742,3,19,co-iss-n1357378446,1357378446,2001-01-05T09:21:53.110,203.65,328.71,10.05,3,0.00,3,10.05,9.45,28.35,1.06,1.73,,"3 frame(s); median area 3.0 px; net motion dx=64.3, dy=-38.2; flags: none"
N1357378836,T0409,1357378836-0131,0.5742,3,20,co-iss-n1357378836,1357378836,2001-01-05T09:28:23.107,204.64,295.00,11.57,3,0.00,3,11.57,10.67,32.02,1.08,4.39,,"3 frame(s); median area 3.0 px; net motion dx=64.3, dy=-38.2; flags: none"
N1357379196,T0409,1357379196-0121,0.5742,3,21,co-iss-n1357379196,1357379196,2001-01-05T09:34:23.105,267.97,290.51,10.54,8,0.00,8,10.54,10.23,81.80,1.03,2.77,,"3 frame(s); median area 3.0 px; net motion dx=64.3, dy=-38.2; flags: none"
N1357356085,T0175,1357356085-0170,0.5667,3,6,co-iss-n1357356085,1357356085,2001-01-05T03:09:12.265,262.31,368.66,9.55,3,0.00,3,9.55,9.29,27.86,1.03,1.73,,"3 frame(s); median area 4.0 px; net motion dx=-16.3, dy=-19.2; flags: none"
N1357356475,T0175,1357356475-0180,0.5667,3,7,co-iss-n1357356475,1357356475,2001-01-05T03:15:42.262,249.20,336.20,10.93,5,0.00,5,10.93,10.90,54.52,1.00,2.89,,"3 frame(s); median area 4.0 px; net motion dx=-16.3, dy=-19.2; flags: none"
N1357356835,T0175,1357356835-0143,0.5667,3,8,co-iss-n1357356835,1357356835,2001-01-05T03:21:42.260,246.00,349.50,10.61,4,0.00,4,10.61,10.61,42.45,1.00,2.62,,"3 frame(s); median area 4.0 px; net motion dx=-16.3, dy=-19.2; flags: none"
N1357351613,T0066,1357351613-0083,0.5651,3,3,co-iss-n1357351613,1357351613,2001-01-05T01:54:40.296,922.76,190.62,10.82,8,0.00,8,10.82,9.37,74.92,1.15,5.59,,"3 frame(s); median area 6.0 px; net motion dx=-15.9, dy=-80.5; flags: none"
N1357352003,T0066,1357352003-0064,0.5651,3,4,co-iss-n1357352003,1357352003,2001-01-05T02:01:10.293,939.66,185.85,36.65,3,0.00,3,36.65,24.10,72.30,1.52,1.73,,"3 frame(s); median area 6.0 px; net motion dx=-15.9, dy=-80.5; flags: none"
N1357352363,T0066,1357352363-0048,0.5651,3,5,co-iss-n1357352363,1357352363,2001-01-05T02:07:10.291,906.83,110.16,8.67,6,0.00,6,8.67,8.55,51.29,1.01,1.35,,"3 frame(s); median area 6.0 px; net motion dx=-15.9, dy=-80.5; flags: none"
N1357356085,T0155,1357356085-0108,0.5639,3,6,co-iss-n1357356085,1357356085,2001-01-05T03:09:12.265,817.50,236.50,10.05,4,0.00,4,10.05,10.05,40.21,1.00,1.00,,"3 frame(s); median area 4.0 px; net motion dx=-87.2, dy=-3.8; flags: none"
N1357356475,T0155,1357356475-0122,0.5639,3,7,co-iss-n1357356475,1357356475,2001-01-05T03:15:42.262,754.76,235.97,10.05,5,0.00,5,10.05,9.73,48.64,1.03,3.84,,"3 frame(s); median area 4.0 px; net motion dx=-87.2, dy=-3.8; flags: none"
N1357356835,T0155,1357356835-0097,0.5639,3,8,co-iss-n1357356835,1357356835,2001-01-05T03:21:42.260,730.33,232.67,9.53,3,0.00,3,9.53,9.53,28.58,1.00,1.73,,"3 frame(s); median area 4.0 px; net motion dx=-87.2, dy=-3.8; flags: none"
N1357365030,T0236,1357365030-0099,0.5633,2,10,co-iss-n1357365030,1357365030,2001-01-05T05:38:17.203,54.50,270.01,12.31,19,0.00,19,12.31,10.82,205.52,1.14,5.32,,"2 frame(s); median area 12.5 px; net motion dx=16.3, dy=27.3; flags: none"
N1357365420,T0236,1357365420-0126,0.5633,2,11,co-iss-n1357365420,1357365420,2001-01-05T05:44:47.200,70.77,297.26,12.95,6,0.00,6,12.95,11.58,69.48,1.12,1.35,,"2 frame(s); median area 12.5 px; net motion dx=16.3, dy=27.3; flags: none"
N1357373974,T0330,1357373974-0045,0.5556,2,16,co-iss-n1357373974,1357373974,2001-01-05T08:07:21.141,152.47,87.22,14.68,11,0.00,11,14.68,14.04,154.45,1.05,3.26,,"2 frame(s); median area 7.0 px; net motion dx=-17.8, dy=-50.9; flags: none"
N1357374364,T0330,1357374364-0020,0.5556,2,17,co-iss-n1357374364,1357374364,2001-01-05T08:13:51.138,134.65,36.30,16.36,3,0.00,3,16.36,15.62,46.87,1.05,1.73,,"2 frame(s); median area 7.0 px; net motion dx=-17.8, dy=-50.9; flags: none"
N1357356085,T0168,1357356085-0146,0.5526,2,6,co-iss-n1357356085,1357356085,2001-01-05T03:09:12.265,196.50,320.06,10.37,4,0.00,4,10.37,9.20,36.80,1.13,2.62,,"2 frame(s); median area 10.0 px; net motion dx=7.8, dy=0.4; flags: none"
N1357356475,T0168,1357356475-0172,0.5526,2,7,co-iss-n1357356475,1357356475,2001-01-05T03:15:42.262,204.25,320.46,11.34,16,0.00,16,11.34,10.75,171.96,1.05,1.56,,"2 frame(s); median area 10.0 px; net motion dx=7.8, dy=0.4; flags: none"
N1357344889,T0005,1357344889-0039,0.5483,2,0,co-iss-n1357344889,1357344889,2001-01-05T00:02:36.342,884.17,84.50,12.50,12,0.00,12,12.50,11.85,142.18,1.05,3.20,,"2 frame(s); median area 7.5 px; net motion dx=-5.5, dy=-29.8; flags: none"
N1357345279,T0005,1357345279-0027,0.5483,2,1,co-iss-n1357345279,1357345279,2001-01-05T00:09:06.340,878.65,54.72,11.94,3,0.00,3,11.94,10.87,32.60,1.10,1.73,,"2 frame(s); median area 7.5 px; net motion dx=-5.5, dy=-29.8; flags: none"
N1357365420,T0255,1357365420-0203,0.5453,2,11,co-iss-n1357365420,1357365420,2001-01-05T05:44:47.200,158.38,465.12,9.40,15,0.00,15,9.40,9.19,137.87,1.02,4.57,,"2 frame(s); median area 9.0 px; net motion dx=-53.0, dy=2.2; flags: none"
N1357365780,T0255,1357365780-0188,0.5453,2,12,co-iss-n1357365780,1357365780,2001-01-05T05:50:47.198,105.35,467.36,9.86,3,0.00,3,9.86,9.12,27.36,1.08,1.73,,"2 frame(s); median area 9.0 px; net motion dx=-53.0, dy=2.2; flags: none"
N1357356475,T0196,1357356475-0200,0.5447,2,7,co-iss-n1357356475,1357356475,2001-01-05T03:15:42.262,469.51,352.49,9.17,4,0.00,4,9.17,8.93,35.71,1.03,1.00,,"2 frame(s); median area 9.0 px; net motion dx=46.3, dy=-64.4; flags: none"
N1357356835,T0196,1357356835-0119,0.5447,2,8,co-iss-n1357356835,1357356835,2001-01-05T03:21:42.260,515.80,288.11,9.91,14,0.00,14,9.91,9.71,136.00,1.02,1.86,,"2 frame(s); median area 9.0 px; net motion dx=46.3, dy=-64.4; flags: none"
N1357365420,T0251,1357365420-0148,0.5444,2,11,co-iss-n1357365420,1357365420,2001-01-05T05:44:47.200,442.66,329.66,9.67,3,0.00,3,9.67,9.42,28.26,1.03,1.73,,"2 frame(s); median area 8.5 px; net motion dx=-51.4, dy=30.5; flags: none"
N1357365780,T0251,1357365780-0155,0.5444,2,12,co-iss-n1357365780,1357365780,2001-01-05T05:50:47.198,391.27,360.16,9.28,14,0.00,14,9.28,9.02,126.27,1.03,1.62,,"2 frame(s); median area 8.5 px; net motion dx=-51.4, dy=30.5; flags: none"
N1357365030,T0238,1357365030-0133,0.5434,3,10,co-iss-n1357365030,1357365030,2001-01-05T05:38:17.203,177.67,366.67,9.83,3,0.00,3,9.83,9.78,29.35,1.00,1.73,,"3 frame(s); median area 3.0 px; net motion dx=41.8, dy=-33.2; flags: none"
N1357365420,T0238,1357365420-0162,0.5434,3,11,co-iss-n1357365420,1357365420,2001-01-05T05:44:47.200,154.68,353.34,11.34,3,0.00,3,11.34,11.14,33.41,1.02,1.73,,"3 frame(s); median area 3.0 px; net motion dx=41.8, dy=-33.2; flags: none"
N1357365780,T0238,1357365780-0142,0.5434,3,12,co-iss-n1357365780,1357365780,2001-01-05T05:50:47.198,219.44,333.47,10.83,4,0.00,4,10.83,9.68,38.73,1.12,1.00,,"3 frame(s); median area 3.0 px; net motion dx=41.8, dy=-33.2; flags: none"
N1357356085,T0165,1357356085-0129,0.5385,2,6,co-iss-n1357356085,1357356085,2001-01-05T03:09:12.265,288.09,287.11,10.62,11,0.00,11,10.62,10.49,115.43,1.01,3.72,,"2 frame(s); median area 7.5 px; net motion dx=14.8, dy=51.4; flags: none"
N1357356475,T0165,1357356475-0184,0.5385,2,7,co-iss-n1357356475,1357356475,2001-01-05T03:15:42.262,302.91,338.53,10.53,4,0.00,4,10.53,9.46,37.85,1.11,2.62,,"2 frame(s); median area 7.5 px; net motion dx=14.8, dy=51.4; flags: none"
N1357374364,T0381,1357374364-0252,0.5383,2,17,co-iss-n1357374364,1357374364,2001-01-05T08:13:51.138,95.33,744.67,8.60,3,0.00,3,8.60,8.57,25.72,1.00,1.73,,"2 frame(s); median area 8.5 px; net motion dx=-68.2, dy=-8.1; flags: none"
N1357374724,T0381,1357374724-0176,0.5383,2,18,co-iss-n1357374724,1357374724,2001-01-05T08:19:51.136,27.16,736.58,8.34,14,0.00,14,8.34,8.20,114.82,1.02,3.92,,"2 frame(s); median area 8.5 px; net motion dx=-68.2, dy=-8.1; flags: none"
N1357352003,T0097,1357352003-0172,0.5375,2,4,co-iss-n1357352003,1357352003,2001-01-05T02:01:10.293,525.57,482.88,74.78,3,0.00,3,74.78,36.09,108.26,2.07,4.39,,"2 frame(s); median area 4.0 px; net motion dx=-18.0, dy=-71.3; flags: none"
N1357352363,T0097,1357352363-0165,0.5375,2,5,co-iss-n1357352363,1357352363,2001-01-05T02:07:10.291,507.60,411.60,8.39,5,0.00,5,8.39,8.37,41.83,1.00,3.40,,"2 frame(s); median area 4.0 px; net motion dx=-18.0, dy=-71.3; flags: none"
N1357365030,T0239,1357365030-0171,0.5301,3,10,co-iss-n1357365030,1357365030,2001-01-05T05:38:17.203,49.38,482.75,9.06,8,0.00,8,9.06,9.02,72.19,1.00,1.72,,"3 frame(s); median area 8.0 px; net motion dx=-35.1, dy=73.3; flags: none"
N1357365420,T0239,1357365420-0212,0.5301,3,11,co-iss-n1357365420,1357365420,2001-01-05T05:44:47.200,13.73,557.99,9.33,4,0.00,4,9.33,8.70,34.82,1.07,1.63,,"3 frame(s); median area 8.0 px; net motion dx=-35.1, dy=73.3; flags: none"
N1357365780,T0239,1357365780-0201,0.5301,3,12,co-iss-n1357365780,1357365780,2001-01-05T05:50:47.198,14.28,556.09,9.35,11,0.00,11,9.35,9.29,102.15,1.01,2.03,,"3 frame(s); median area 8.0 px; net motion dx=-35.1, dy=73.3; flags: none"
N1357365420,T0250,1357365420-0139,0.5263,2,11,co-iss-n1357365420,1357365420,2001-01-05T05:44:47.200,674.67,315.66,8.40,3,0.00,3,8.40,8.35,25.06,1.01,1.73,,"2 frame(s); median area 7.5 px; net motion dx=-12.7, dy=-27.6; flags: none"
N1357365780,T0250,1357365780-0124,0.5263,2,12,co-iss-n1357365780,1357365780,2001-01-05T05:50:47.198,661.99,288.06,8.70,12,0.00,12,8.70,8.41,100.95,1.03,3.64,,"2 frame(s); median area 7.5 px; net motion dx=-12.7, dy=-27.6; flags: none"
N1357356085,T0140,1357356085-0022,0.5251,2,6,co-iss-n1357356085,1357356085,2001-01-05T03:09:12.265,550.35,45.57,14.56,6,0.00,6,14.56,13.89,83.36,1.05,2.03,,"2 frame(s); median area 6.0 px; net motion dx=25.7, dy=0.6; flags: none"
N1357356475,T0140,1357356475-0020,0.5251,2,7,co-iss-n1357356475,1357356475,2001-01-05T03:15:42.262,576.02,46.19,14.65,6,0.00,6,14.65,14.32,85.91,1.02,2.03,,"2 frame(s); median area 6.0 px; net motion dx=25.7, dy=0.6; flags: none"
N1357351613,T0074,1357351613-0119,0.5250,2,3,co-iss-n1357351613,1357351613,2001-01-05T01:54:40.296,793.93,267.64,9.48,3,0.00,3,9.48,8.84,26.53,1.07,4.39,,"2 frame(s); median area 3.5 px; net motion dx=73.9, dy=13.2; flags: none"
N1357352003,T0074,1357352003-0089,0.5250,2,4,co-iss-n1357352003,1357352003,2001-01-05T02:01:10.293,867.79,280.88,99.98,4,0.00,4,99.98,44.60,178.41,2.24,1.63,,"2 frame(s); median area 3.5 px; net motion dx=73.9, dy=13.2; flags: none"
N1357352003,T0106,1357352003-0221,0.5250,2,4,co-iss-n1357352003,1357352003,2001-01-05T02:01:10.293,209.07,612.07,110.24,4,0.15,4,110.24,36.46,145.84,3.02,1.63,,"2 frame(s); median area 3.5 px; net motion dx=17.6, dy=19.6; flags: none"
N1357352363,T0106,1357352363-0225,0.5250,2,5,co-iss-n1357352363,1357352363,2001-01-05T02:07:10.291,226.67,631.66,8.11,3,0.00,3,8.11,8.07,24.20,1.01,1.73,,"2 frame(s); median area 3.5 px; net motion dx=17.6, dy=19.6; flags: none"
N1357373974,T0338,1357373974-0087,0.5238,3,16,co-iss-n1357373974,1357373974,2001-01-05T08:07:21.141,931.72,203.57,10.78,5,0.00,5,10.78,10.11,50.55,1.07,1.73,,"3 frame(s); median area 5.0 px; net motion dx=26.8, dy=-68.1; flags: none"
N1357374364,T0338,1357374364-0110,0.5238,3,17,co-iss-n1357374364,1357374364,2001-01-05T08:13:51.138,926.71,192.45,9.59,7,0.00,7,9.59,9.37,65.61,1.02,1.81,,"3 frame(s); median area 5.0 px; net motion dx=26.8, dy=-68.1; flags: none"
N1357374724,T0338,1357374724-0045,0.5238,3,18,co-iss-n1357374724,1357374724,2001-01-05T08:19:51.136,958.50,135.49,8.60,4,0.00,4,8.60,8.53,34.13,1.01,5.83,,"3 frame(s); median area 5.0 px; net motion dx=26.8, dy=-68.1; flags: none"
N1357365420,T0247,1357365420-0084,0.5225,2,11,co-iss-n1357365420,1357365420,2001-01-05T05:44:47.200,353.74,192.99,12.88,4,0.00,4,12.88,12.27,49.07,1.05,1.63,,"2 frame(s); median area 6.5 px; net motion dx=-31.6, dy=71.7; flags: none"
N1357365780,T0247,1357365780-0111,0.5225,2,12,co-iss-n1357365780,1357365780,2001-01-05T05:50:47.198,322.12,264.72,11.29,9,0.15,9,11.29,10.43,93.83,1.08,7.36,,"2 frame(s); median area 6.5 px; net motion dx=-31.6, dy=71.7; flags: none"
N1357356085,T0148,1357356085-0051,0.5221,2,6,co-iss-n1357356085,1357356085,2001-01-05T03:09:12.265,599.14,93.43,13.42,7,0.00,7,13.42,13.40,93.81,1.00,2.78,,"2 frame(s); median area 6.0 px; net motion dx=-72.3, dy=-31.7; flags: none"
N1357356475,T0148,1357356475-0032,0.5221,2,7,co-iss-n1357356475,1357356475,2001-01-05T03:15:42.262,526.84,61.68,14.79,5,0.00,5,14.79,12.96,64.80,1.14,3.52,,"2 frame(s); median area 6.0 px; net motion dx=-72.3, dy=-31.7; flags: none"
N1357351613,T0068,1357351613-0086,0.5184,2,3,co-iss-n1357351613,1357351613,2001-01-05T01:54:40.296,924.71,196.14,10.69,5,0.00,5,10.69,9.96,49.78,1.07,2.89,,"2 frame(s); median area 5.5 px; net motion dx=-9.4, dy=57.9; flags: none"
N1357352003,T0068,1357352003-0083,0.5184,2,4,co-iss-n1357352003,1357352003,2001-01-05T02:01:10.293,915.34,254.03,20.44,6,0.15,6,20.44,12.52,75.14,1.63,7.37,,"2 frame(s); median area 5.5 px; net motion dx=-9.4, dy=57.9; flags: none"
N1357356475,T0183,1357356475-0008,0.5169,2,7,co-iss-n1357356475,1357356475,2001-01-05T03:15:42.262,279.50,18.51,15.67,6,0.00,6,15.67,15.51,93.07,1.01,2.45,,"2 frame(s); median area 5.5 px; net motion dx=35.7, dy=7.1; flags: none"
N1357356835,T0183,1357356835-0007,0.5169,2,8,co-iss-n1357356835,1357356835,2001-01-05T03:21:42.260,315.21,25.60,14.95,5,0.00,5,14.95,11.59,57.93,1.29,4.39,,"2 frame(s); median area 5.5 px; net motion dx=35.7, dy=7.1; flags: none"
N1357352003,T0096,1357352003-0166,0.5142,2,4,co-iss-n1357352003,1357352003,2001-01-05T02:01:10.293,415.23,475.09,37.74,4,0.00,4,37.74,20.21,80.86,1.87,1.63,,"2 frame(s); median area 3.5 px; net motion dx=-20.9, dy=-19.4; flags: none"
N1357352363,T0096,1357352363-0176,0.5142,2,5,co-iss-n1357352363,1357352363,2001-01-05T02:07:10.291,394.33,455.67,8.67,3,0.00,3,8.67,8.67,26.02,1.00,1.73,,"2 frame(s); median area 3.5 px; net motion dx=-20.9, dy=-19.4; flags: none"
N1357345279,T0049,1357345279-0220,0.5123,2,1,co-iss-n1357345279,1357345279,2001-01-05T00:09:06.340,381.67,775.67,8.26,3,0.00,3,8.26,8.26,24.79,1.00,1.73,,"2 frame(s); median area 7.0 px; net motion dx=-62.8, dy=-0.5; flags: none"
N1357345639,T0049,1357345639-0190,0.5123,2,2,co-iss-n1357345639,1357345639,2001-01-05T00:15:06.337,318.91,775.19,8.33,11,0.00,11,8.33,8.19,90.11,1.02,1.88,,"2 frame(s); median area 7.0 px; net motion dx=-62.8, dy=-0.5; flags: none"
N1357378446,T0394,1357378446-0034,0.5093,2,19,co-iss-n1357378446,1357378446,2001-01-05T09:21:53.110,959.51,70.49,14.31,4,0.00,4,14.31,13.77,55.09,1.04,5.83,,"2 frame(s); median area 5.5 px; net motion dx=-0.2, dy=-52.5; flags: none"
N1357378836,T0394,1357378836-0007,0.5093,2,20,co-iss-n1357378836,1357378836,2001-01-05T09:28:23.107,959.30,17.96,13.80,7,0.15,7,13.80,12.65,88.55,1.09,7.99,,"2 frame(s); median area 5.5 px; net motion dx=-0.2, dy=-52.5; flags: none"
N1357356085,T0163,1357356085-0126,0.5088,2,6,co-iss-n1357356085,1357356085,2001-01-05T03:09:12.265,676.77,284.46,9.55,8,0.00,8,9.55,9.37,74.98,1.02,4.80,,"2 frame(s); median area 6.5 px; net motion dx=-47.9, dy=-25.3; flags: none"
N1357356475,T0163,1357356475-0134,0.5088,2,7,co-iss-n1357356475,1357356475,2001-01-05T03:15:42.262,628.84,259.17,10.05,5,0.00,5,10.05,9.06,45.29,1.11,3.52,,"2 frame(s); median area 6.5 px; net motion dx=-47.9, dy=-25.3; flags: none"
N1357373974,T0340,1357373974-0095,0.5070,3,16,co-iss-n1357373974,1357373974,2001-01-05T08:07:21.141,237.50,214.50,11.85,4,0.00,4,11.85,11.85,47.39,1.00,1.00,,"3 frame(s); median area 4.0 px; net motion dx=63.0, dy=-53.0; flags: none"
N1357374364,T0340,1357374364-0097,0.5070,3,17,co-iss-n1357374364,1357374364,2001-01-05T08:13:51.138,290.15,165.59,13.51,10,0.00,10,13.51,13.26,132.59,1.02,3.72,,"3 frame(s); median area 4.0 px; net motion dx=63.0, dy=-53.0; flags: none"
N1357374724,T0340,1357374724-0057,0.5070,3,18,co-iss-n1357374724,1357374724,2001-01-05T08:19:51.136,300.52,161.48,12.88,4,0.00,4,12.88,12.36,49.45,1.04,1.00,,"3 frame(s); median area 4.0 px; net motion dx=63.0, dy=-53.0; flags: none"
N1357378446,T0399,1357378446-0085,0.5061,2,19,co-iss-n1357378446,1357378446,2001-01-05T09:21:53.110,121.10,187.27,13.17,3,0.00,3,13.17,11.95,35.86,1.10,4.39,,"2 frame(s); median area 5.5 px; net motion dx=22.8, dy=5.6; flags: none"
N1357378836,T0399,1357378836-0081,0.5061,2,20,co-iss-n1357378836,1357378836,2001-01-05T09:28:23.107,143.91,192.83,13.86,8,0.00,8,13.86,11.80,94.36,1.18,1.26,,"2 frame(s); median area 5.5 px; net motion dx=22.8, dy=5.6; flags: none"
N1357352003,T0095,1357352003-0161,0.5051,2,4,co-iss-n1357352003,1357352003,2001-01-05T02:01:10.293,412.33,463.70,30.19,4,0.00,4,30.19,15.54,62.17,1.94,2.62,,"2 frame(s); median area 4.0 px; net motion dx=13.2, dy=-44.2; flags: none"
N1357352363,T0095,1357352363-0168,0.5051,2,5,co-iss-n1357352363,1357352363,2001-01-05T02:07:10.291,425.48,419.48,9.02,4,0.00,4,9.02,8.74,34.97,1.03,1.00,,"2 frame(s); median area 4.0 px; net motion dx=13.2, dy=-44.2; flags: none"
N1357369502,T0279,1357369502-0047,0.5049,2,13,co-iss-n1357369502,1357369502,2001-01-05T06:52:49.172,339.96,127.95,13.33,7,0.00,7,13.33,11.61,81.29,1.15,4.39,,"2 frame(s); median area 5.5 px; net motion dx=-27.5, dy=45.6; flags: none"
N1357369892,T0279,1357369892-0069,0.5049,2,14,co-iss-n1357369892,1357369892,2001-01-05T06:59:19.169,312.50,173.57,13.29,4,0.00,4,13.29,11.61,46.45,1.14,1.00,,"2 frame(s); median area 5.5 px; net motion dx=-27.5, dy=45.6; flags: none"
N1357365420,T0254,1357365420-0178,0.5020,2,11,co-iss-n1357365420,1357365420,2001-01-05T05:44:47.200,437.87,403.62,8.20,8,0.00,8,8.20,8.12,64.97,1.01,4.37,,"2 frame(s); median area 6.5 px; net motion dx=-47.9, dy=-35.6; flags: none"
N1357365780,T0254,1357365780-0158,0.5020,2,12,co-iss-n1357365780,1357365780,2001-01-05T05:50:47.198,389.99,368.00,9.15,5,0.00,5,9.15,9.04,45.21,1.01,2.62,,"2 frame(s); median area 6.5 px; net motion dx=-47.9, dy=-35.6; flags: none"
N1357373974,T0332,1357373974-0052,0.5017,2,16,co-iss-n1357373974,1357373974,2001-01-05T08:07:21.141,192.89,105.94,14.24,6,0.00,6,14.24,12.89,77.33,1.10,2.03,,"2 frame(s); median area 5.0 px; net motion dx=16.7, dy=-12.2; flags: none"
N1357374364,T0332,1357374364-0053,0.5017,2,17,co-iss-n1357374364,1357374364,2001-01-05T08:13:51.138,209.57,93.71,15.50,4,0.00,4,15.50,13.52,54.06,1.15,2.45,,"2 frame(s); median area 5.0 px; net motion dx=16.7, dy=-12.2; flags: none"
N1357356475,T0217,1357356475-0353,0.4993,2,7,co-iss-n1357356475,1357356475,2001-01-05T03:15:42.262,209.00,758.50,8.29,4,0.00,4,8.29,8.24,32.97,1.01,2.62,,"2 frame(s); median area 6.5 px; net motion dx=21.3, dy=-2.0; flags: none"
N1357356835,T0217,1357356835-0208,0.4993,2,8,co-iss-n1357356835,1357356835,2001-01-05T03:21:42.260,230.25,756.45,8.13,9,0.00,9,8.13,7.98,71.81,1.02,2.71,,"2 frame(s); median area 6.5 px; net motion dx=21.3, dy=-2.0; flags: none"
N1357352003,T0092,1357352003-0055,0.4986,2,4,co-iss-n1357352003,1357352003,2001-01-05T02:01:10.293,699.68,166.64,29.06,4,0.00,4,29.06,14.68,58.71,1.98,2.62,,"2 frame(s); median area 3.5 px; net motion dx=-34.4, dy=-36.1; flags: none"
N1357352363,T0092,1357352363-0058,0.4986,2,5,co-iss-n1357352363,1357352363,2001-01-05T02:07:10.291,665.28,130.55,12.16,3,0.00,3,12.16,9.06,27.17,1.34,1.73,,"2 frame(s); median area 3.5 px; net motion dx=-34.4, dy=-36.1; flags: none"
N1357356085,T0174,1357356085-0168,0.4975,2,6,co-iss-n1357356085,1357356085,2001-01-05T03:09:12.265,26.48,357.96,11.26,4,0.00,4,11.26,10.79,43.16,1.04,2.62,,"2 frame(s); median area 5.5 px; net motion dx=-13.4, dy=-56.6; flags: none"
N1357356475,T0174,1357356475-0163,0.4975,2,7,co-iss-n1357356475,1357356475,2001-01-05T03:15:42.262,13.03,301.33,12.89,7,0.00,7,12.89,12.47,87.30,1.03,2.72,,"2 frame(s); median area 5.5 px; net motion dx=-13.4, dy=-56.6; flags: none"
N1357356085,T0162,1357356085-0125,0.4973,2,6,co-iss-n1357356085,1357356085,2001-01-05T03:09:12.265,663.20,281.60,9.55,5,0.00,5,9.55,9.55,47.73,1.00,1.73,,"2 frame(s); median area 6.0 px; net motion dx=4.2, dy=-48.5; flags: none"
N1357356475,T0162,1357356475-0121,0.4973,2,7,co-iss-n1357356475,1357356475,2001-01-05T03:15:42.262,667.42,233.14,10.39,7,0.00,7,10.39,10.12,70.82,1.03,3.33,,"2 frame(s); median area 6.0 px; net motion dx=4.2, dy=-48.5; flags: none"
N1357356085,T0137,1357356085-0001,0.4971,2,6,co-iss-n1357356085,1357356085,2001-01-05T03:09:12.265,513.00,7.50,13.42,4,0.00,4,13.42,13.39,53.55,1.00,2.62,,"2 frame(s); median area 5.0 px; net motion dx=30.6, dy=45.8; flags: none"
N1357356475,T0137,1357356475-0029,0.4971,2,7,co-iss-n1357356475,1357356475,2001-01-05T03:15:42.262,543.58,53.29,14.79,6,0.00,6,14.79,13.90,83.40,1.06,1.73,,"2 frame(s); median area 5.0 px; net motion dx=30.6, dy=45.8; flags: none"
N1357352003,T0089,1357352003-0004,0.4964,2,4,co-iss-n1357352003,1357352003,2001-01-05T02:01:10.293,49.96,19.47,14.95,6,0.00,6,14.95,10.86,65.14,1.38,4.47,,"2 frame(s); median area 4.5 px; net motion dx=36.7, dy=10.2; flags: none"
N1357352363,T0089,1357352363-0012,0.4964,2,5,co-iss-n1357352363,1357352363,2001-01-05T02:07:10.291,86.62,29.72,17.18,3,0.00,3,17.18,15.05,45.16,1.14,1.73,,"2 frame(s); median area 4.5 px; net motion dx=36.7, dy=10.2; flags: none"
N1357356085,T0144,1357356085-0033,0.4942,2,6,co-iss-n1357356085,1357356085,2001-01-05T03:09:12.265,764.91,62.69,13.61,5,0.00,5,13.61,11.85,59.26,1.15,1.26,,"2 frame(s); median area 5.0 px; net motion dx=-37.7, dy=-43.1; flags: none"
N1357356475,T0144,1357356475-0011,0.4942,2,7,co-iss-n1357356475,1357356475,2001-01-05T03:15:42.262,727.23,19.59,13.64,5,0.00,5,13.64,11.45,57.23,1.19,5.83,,"2 frame(s); median area 5.0 px; net motion dx=-37.7, dy=-43.1; flags: none"
N1357369502,T0295,1357369502-0155,0.4941,3,13,co-iss-n1357369502,1357369502,2001-01-05T06:52:49.172,332.65,395.70,8.43,3,0.00,3,8.43,8.02,24.07,1.05,1.73,,"3 frame(s); median area 3.0 px; net motion dx=-3.0, dy=-75.4; flags: none"
N1357369892,T0295,1357369892-0137,0.4941,3,14,co-iss-n1357369892,1357369892,2001-01-05T06:59:19.169,351.33,391.67,9.11,3,0.00,3,9.11,9.07,27.20,1.00,1.73,,"3 frame(s); median area 3.0 px; net motion dx=-3.0, dy=-75.4; flags: none"
N1357370252,T0295,1357370252-0123,0.4941,3,15,co-iss-n1357370252,1357370252,2001-01-05T07:05:19.167,329.63,320.26,10.04,3,0.00,3,10.04,9.07,27.22,1.11,1.73,,"3 frame(s); median area 3.0 px; net motion dx=-3.0, dy=-75.4; flags: none"
N1357374364,T0378,1357374364-0232,0.4937,2,17,co-iss-n1357374364,1357374364,2001-01-05T08:13:51.138,68.77,543.56,9.46,9,0.00,9,9.46,9.41,84.73,1.00,2.71,,"2 frame(s); median area 6.0 px; net motion dx=-4.4, dy=-21.9; flags: none"
N1357374724,T0378,1357374724-0163,0.4937,2,18,co-iss-n1357374724,1357374724,2001-01-05T08:19:51.136,64.35,521.69,9.29,3,0.00,3,9.29,8.94,26.82,1.04,1.73,,"2 frame(s); median area 6.0 px; net motion dx=-4.4, dy=-21.9; flags: none"
N1357356085,T0145,1357356085-0034,0.4933,2,6,co-iss-n1357356085,1357356085,2001-01-05T03:09:12.265,800.40,63.27,13.48,4,0.00,4,13.48,11.42,45.70,1.18,4.47,,"2 frame(s); median area 5.0 px; net motion dx=-36.7, dy=-17.1; flags: none"
N1357356475,T0145,1357356475-0022,0.4933,2,7,co-iss-n1357356475,1357356475,2001-01-05T03:15:42.262,763.69,46.21,13.44,6,0.00,6,13.44,12.91,77.46,1.04,2.64,,"2 frame(s); median area 5.0 px; net motion dx=-36.7, dy=-17.1; flags: none"
N1357356085,T0169,1357356085-0149,0.4920,2,6,co-iss-n1357356085,1357356085,2001-01-05T03:09:12.265,696.50,324.50,8.72,4,0.00,4,8.72,8.72,34.88,1.00,1.00,,"2 frame(s); median area 6.0 px; net motion dx=-5.2, dy=-45.2; flags: none"
N1357356475,T0169,1357356475-0144,0.4920,2,7,co-iss-n1357356475,1357356475,2001-01-05T03:15:42.262,691.30,279.33,9.44,8,0.15,8,9.44,9.08,72.60,1.04,6.89,,"2 frame(s); median area 6.0 px; net motion dx=-5.2, dy=-45.2; flags: none"
N1357365420,T0246,1357365420-0075,0.4918,2,11,co-iss-n1357365420,1357365420,2001-01-05T05:44:47.200,871.50,168.50,9.67,4,0.00,4,9.67,9.67,38.68,1.00,1.00,,"2 frame(s); median area 6.0 px; net motion dx=-45.6, dy=46.3; flags: none"
N1357365780,T0246,1357365780-0096,0.4918,2,12,co-iss-n1357365780,1357365780,2001-01-05T05:50:47.198,825.88,214.76,8.44,8,0.00,8,8.44,8.35,66.84,1.01,2.14,,"2 frame(s); median area 6.0 px; net motion dx=-45.6, dy=46.3; flags: none"
N1357356085,T0154,1357356085-0101,0.4909,2,6,co-iss-n1357356085,1357356085,2001-01-05T03:09:12.265,731.51,214.95,10.82,4,0.00,4,10.82,9.55,38.19,1.13,2.62,,"2 frame(s); median area 5.5 px; net motion dx=28.3, dy=-51.4; flags: none"
N1357356475,T0154,1357356475-0081,0.4909,2,7,co-iss-n1357356475,1357356475,2001-01-05T03:15:42.262,759.85,163.54,11.13,7,0.00,7,11.13,10.25,71.73,1.09,2.78,,"2 frame(s); median area 5.5 px; net motion dx=28.3, dy=-51.4; flags: none"
N1357365030,T0226,1357365030-0058,0.4907,2,10,co-iss-n1357365030,1357365030,2001-01-05T05:38:17.203,444.32,164.67,8.63,3,0.00,3,8.63,8.29,24.86,1.04,1.73,,"2 frame(s); median area 5.5 px; net motion dx=2.7, dy=-19.1; flags: none"
N1357365420,T0226,1357365420-0060,0.4907,2,11,co-iss-n1357365420,1357365420,2001-01-05T05:44:47.200,447.06,145.55,13.28,8,0.00,8,13.28,12.85,102.81,1.03,4.71,,"2 frame(s); median area 5.5 px; net motion dx=2.7, dy=-19.1; flags: none"
N1357365030,T0229,1357365030-0062,0.4897,3,10,co-iss-n1357365030,1357365030,2001-01-05T05:38:17.203,466.31,170.66,9.70,3,0.00,3,9.70,9.34,28.01,1.04,1.73,,"3 frame(s); median area 3.0 px; net motion dx=18.0, dy=-31.0; flags: none"
N1357365420,T0229,1357365420-0057,0.4897,3,11,co-iss-n1357365420,1357365420,2001-01-05T05:44:47.200,479.98,143.06,13.15,5,0.00,5,13.15,10.75,53.76,1.22,2.62,,"3 frame(s); median area 3.0 px; net motion dx=18.0, dy=-31.0; flags: none"
N1357365780,T0229,1357365780-0064,0.4897,3,12,co-iss-n1357365780,1357365780,2001-01-05T05:50:47.198,484.27,139.64,12.77,3,0.00,3,12.77,11.69,35.07,1.09,1.73,,"3 frame(s); median area 3.0 px; net motion dx=18.0, dy=-31.0; flags: none"
N1357369502,T0275,1357369502-0032,0.4888,2,13,co-iss-n1357369502,1357369502,2001-01-05T06:52:49.172,345.51,82.49,14.27,4,0.00,4,14.27,14.03,56.12,1.02,1.00,,"2 frame(s); median area 4.5 px; net motion dx=-70.7, dy=3.9; flags: none"
N1357369892,T0275,1357369892-0041,0.4888,2,14,co-iss-n1357369892,1357369892,2001-01-05T06:59:19.169,274.79,86.37,15.34,5,0.00,5,15.34,14.56,72.80,1.05,1.73,,"2 frame(s); median area 4.5 px; net motion dx=-70.7, dy=3.9; flags: none"
N1357373974,T0336,1357373974-0081,0.4881,2,16,co-iss-n1357373974,1357373974,2001-01-05T08:07:21.141,786.03,184.24,11.03,8,0.00,8,11.03,10.65,85.23,1.04,1.65,,"2 frame(s); median area 5.5 px; net motion dx=-25.6, dy=30.1; flags: none"
N1357374364,T0336,1357374364-0122,0.4881,2,17,co-iss-n1357374364,1357374364,2001-01-05T08:13:51.138,760.38,214.33,9.99,3,0.00,3,9.99,8.83,26.50,1.13,1.73,,"2 frame(s); median area 5.5 px; net motion dx=-25.6, dy=30.1; flags: none"
N1357356475,T0188,1357356475-0129,0.4879,2,7,co-iss-n1357356475,1357356475,2001-01-05T03:15:42.262,568.89,248.71,10.86,8,0.00,8,10.86,10.29,82.29,1.06,3.42,,"2 frame(s); median area 5.5 px; net motion dx=22.4, dy=13.0; flags: none"
N1357356835,T0188,1357356835-0108,0.4879,2,8,co-iss-n1357356835,1357356835,2001-01-05T03:21:42.260,591.30,261.71,10.10,3,0.00,3,10.10,8.24,24.73,1.23,1.73,,"2 frame(s); median area 5.5 px; net motion dx=22.4, dy=13.0; flags: none"
N1357356475,T0186,1357356475-0102,0.4879,2,7,co-iss-n1357356475,1357356475,2001-01-05T03:15:42.262,94.61,194.16,14.72,5,0.00,5,14.72,12.96,64.78,1.14,4.39,,"2 frame(s); median area 4.5 px; net motion dx=-62.1, dy=-21.7; flags: none"
N1357356835,T0186,1357356835-0065,0.4879,2,8,co-iss-n1357356835,1357356835,2001-01-05T03:21:42.260,32.50,172.50,14.57,4,0.00,4,14.57,14.57,58.26,1.00,1.00,,"2 frame(s); median area 4.5 px; net motion dx=-62.1, dy=-21.7; flags: none"
N1357356085,T0164,1357356085-0127,0.4876,2,6,co-iss-n1357356085,1357356085,2001-01-05T03:09:12.265,293.43,285.14,10.62,7,0.00,7,10.62,10.61,74.25,1.00,1.46,,"2 frame(s); median area 5.5 px; net motion dx=19.6, dy=63.4; flags: none"
N1357356475,T0164,1357356475-0195,0.4876,2,7,co-iss-n1357356475,1357356475,2001-01-05T03:15:42.262,313.00,348.50,10.26,4,0.00,4,10.26,10.26,41.02,1.00,2.62,,"2 frame(s); median area 5.5 px; net motion dx=19.6, dy=63.4; flags: none"
N1357344889,T0015,1357344889-0127,0.4858,2,0,co-iss-n1357344889,1357344889,2001-01-05T00:02:36.342,640.73,271.28,9.71,4,0.00,4,9.71,8.34,33.36,1.16,2.45,,"2 frame(s); median area 5.5 px; net motion dx=38.5, dy=-60.2; flags: none"
N1357345279,T0015,1357345279-0093,0.4858,2,1,co-iss-n1357345279,1357345279,2001-01-05T00:09:06.340,679.26,211.11,10.54,7,0.00,7,10.54,10.12,70.82,1.04,1.45,,"2 frame(s); median area 5.5 px; net motion dx=38.5, dy=-60.2; flags: none"
N1357374364,T0375,1357374364-0165,0.4844,2,17,co-iss-n1357374364,1357374364,2001-01-05T08:13:51.138,406.50,310.00,10.32,4,0.00,4,10.32,10.31,41.22,1.00,2.62,,"2 frame(s); median area 5.5 px; net motion dx=51.9, dy=2.6; flags: none"
N1357374724,T0375,1357374724-0110,0.4844,2,18,co-iss-n1357374724,1357374724,2001-01-05T08:19:51.136,458.43,312.57,9.48,7,0.00,7,9.48,9.43,66.03,1.00,2.39,,"2 frame(s); median area 5.5 px; net motion dx=51.9, dy=2.6; flags: none"
N1357378836,T0435,1357378836-0196,0.4825,2,20,co-iss-n1357378836,1357378836,2001-01-05T09:28:23.107,144.54,455.49,9.54,4,0.00,4,9.54,8.59,34.37,1.11,5.83,,"2 frame(s); median area 5.5 px; net motion dx=-39.0, dy=-17.8; flags: none"
N1357379196,T0435,1357379196-0171,0.4825,2,21,co-iss-n1357379196,1357379196,2001-01-05T09:34:23.105,105.50,437.69,9.62,7,0.00,7,9.62,8.34,58.37,1.15,3.63,,"2 frame(s); median area 5.5 px; net motion dx=-39.0, dy=-17.8; flags: none"
N1357365420,T0253,1357365420-0174,0.4822,2,11,co-iss-n1357365420,1357365420,2001-01-05T05:44:47.200,74.00,392.33,11.61,3,0.00,3,11.61,11.59,34.76,1.00,4.39,,"2 frame(s); median area 5.0 px; net motion dx=-41.3, dy=10.7; flags: none"
N1357365780,T0253,1357365780-0173,0.4822,2,12,co-iss-n1357365780,1357365780,2001-01-05T05:50:47.198,32.71,403.00,11.61,7,0.00,7,11.61,11.61,81.27,1.00,1.08,,"2 frame(s); median area 5.0 px; net motion dx=-41.3, dy=10.7; flags: none"
N1357356085,T0180,1357356085-0212,0.4810,2,6,co-iss-n1357356085,1357356085,2001-01-05T03:09:12.265,136.71,465.57,8.47,7,0.00,7,8.47,8.47,59.26,1.00,2.18,,"2 frame(s); median area 5.5 px; net motion dx=33.8, dy=-58.1; flags: none"
N1357356475,T0180,1357356475-0245,0.4810,2,7,co-iss-n1357356475,1357356475,2001-01-05T03:15:42.262,170.52,407.48,10.19,4,0.00,4,10.19,9.70,38.82,1.05,1.00,,"2 frame(s); median area 5.5 px; net motion dx=33.8, dy=-58.1; flags: none"
N1357356085,T0181,1357356085-0216,0.4804,2,6,co-iss-n1357356085,1357356085,2001-01-05T03:09:12.265,106.25,500.38,8.15,8,0.00,8,8.15,8.15,65.19,1.00,1.72,,"2 frame(s); median area 5.5 px; net motion dx=11.8, dy=-77.0; flags: none"
N1357356475,T0181,1357356475-0257,0.4804,2,7,co-iss-n1357356475,1357356475,2001-01-05T03:15:42.262,118.08,423.37,10.32,3,0.00,3,10.32,9.26,27.77,1.12,4.39,,"2 frame(s); median area 5.5 px; net motion dx=11.8, dy=-77.0; flags: none"
N1357345279,T0031,1357345279-0012,0.4798,2,1,co-iss-n1357345279,1357345279,2001-01-05T00:09:06.340,340.51,25.51,15.56,4,0.00,4,15.56,15.17,60.68,1.03,1.00,,"2 frame(s); median area 4.0 px; net motion dx=-53.9, dy=46.5; flags: none"
N1357345639,T0031,1357345639-0029,0.4798,2,2,co-iss-n1357345639,1357345639,2001-01-05T00:15:06.337,286.66,72.06,15.21,4,0.15,4,15.21,12.74,50.95,1.19,6.85,,"2 frame(s); median area 4.0 px; net motion dx=-53.9, dy=46.5; flags: none"
N1357374364,T0376,1357374364-0190,0.4780,2,17,co-iss-n1357374364,1357374364,2001-01-05T08:13:51.138,427.86,367.63,8.99,8,0.00,8,8.99,8.89,71.14,1.01,1.94,,"2 frame(s); median area 5.5 px; net motion dx=-5.5, dy=8.3; flags: none"
N1357374724,T0376,1357374724-0133,0.4780,2,18,co-iss-n1357374724,1357374724,2001-01-05T08:19:51.136,422.36,375.94,8.66,3,0.00,3,8.66,8.01,24.02,1.08,4.39,,"2 frame(s); median area 5.5 px; net motion dx=-5.5, dy=8.3; flags: none"
N1357365420,T0258,1357365420-0224,0.4753,2,11,co-iss-n1357365420,1357365420,2001-01-05T05:44:47.200,88.34,647.69,8.20,3,0.00,3,8.20,7.95,23.85,1.03,1.73,,"2 frame(s); median area 5.5 px; net motion dx=-67.7, dy=-22.1; flags: none"
N1357365780,T0258,1357365780-0215,0.4753,2,12,co-iss-n1357365780,1357365780,2001-01-05T05:50:47.198,20.62,625.64,8.57,8,0.00,8,8.57,8.45,67.59,1.01,5.84,,"2 frame(s); median area 5.5 px; net motion dx=-67.7, dy=-22.1; flags: none"
N1357373974,T0346,1357373974-0112,0.4751,2,16,co-iss-n1357373974,1357373974,2001-01-05T08:07:21.141,961.71,257.66,10.21,6,0.00,6,10.21,9.93,59.58,1.03,5.12,,"2 frame(s); median area 5.0 px; net motion dx=22.8, dy=-41.2; flags: none"
N1357374364,T0346,1357374364-0124,0.4751,2,17,co-iss-n1357374364,1357374364,2001-01-05T08:13:51.138,984.50,216.50,10.65,4,0.00,4,10.65,10.60,42.42,1.00,1.00,,"2 frame(s); median area 5.0 px; net motion dx=22.8, dy=-41.2; flags: none"
N1357378446,T0403,1357378446-0096,0.4747,2,19,co-iss-n1357378446,1357378446,2001-01-05T09:21:53.110,235.77,206.23,12.09,6,0.00,6,12.09,11.10,66.61,1.09,1.35,,"2 frame(s); median area 4.5 px; net motion dx=-18.4, dy=9.0; flags: none"
N1357378836,T0403,1357378836-0093,0.4747,2,20,co-iss-n1357378836,1357378836,2001-01-05T09:28:23.107,217.38,215.24,12.82,3,0.00,3,12.82,11.17,33.51,1.15,1.73,,"2 frame(s); median area 4.5 px; net motion dx=-18.4, dy=9.0; flags: none"
N1357378836,T0431,1357378836-0179,0.4742,2,20,co-iss-n1357378836,1357378836,2001-01-05T09:28:23.107,79.10,395.78,11.24,7,0.00,7,11.24,10.11,70.78,1.11,1.87,,"2 frame(s); median area 5.0 px; net motion dx=23.2, dy=64.9; flags: none"
N1357379196,T0431,1357379196-0175,0.4742,2,21,co-iss-n1357379196,1357379196,2001-01-05T09:34:23.105,102.29,460.65,9.31,3,0.00,3,9.31,8.80,26.39,1.06,1.73,,"2 frame(s); median area 5.0 px; net motion dx=23.2, dy=64.9; flags: none"
N1357352003,T0105,1357352003-0213,0.4738,2,4,co-iss-n1357352003,1357352003,2001-01-05T02:01:10.293,185.83,598.40,28.44,3,0.00,3,28.44,16.71,50.12,1.70,4.39,,"2 frame(s); median area 3.0 px; net motion dx=-50.5, dy=51.3; flags: none"
N1357352363,T0105,1357352363-0231,0.4738,2,5,co-iss-n1357352363,1357352363,2001-01-05T02:07:10.291,135.33,649.67,8.67,3,0.00,3,8.67,8.67,26.02,1.00,1.73,,"2 frame(s); median area 3.0 px; net motion dx=-50.5, dy=51.3; flags: none"
N1357356085,T0161,1357356085-0122,0.4699,2,6,co-iss-n1357356085,1357356085,2001-01-05T03:09:12.265,252.50,269.50,11.01,4,0.00,4,11.01,10.95,43.81,1.00,1.00,,"2 frame(s); median area 4.5 px; net motion dx=-4.3, dy=-11.3; flags: none"
N1357356475,T0161,1357356475-0132,0.4699,2,7,co-iss-n1357356475,1357356475,2001-01-05T03:15:42.262,248.19,258.17,12.29,5,0.00,5,12.29,11.27,56.33,1.09,2.89,,"2 frame(s); median area 4.5 px; net motion dx=-4.3, dy=-11.3; flags: none"
N1357373974,T0347,1357373974-0114,0.4670,2,16,co-iss-n1357373974,1357373974,2001-01-05T08:07:21.141,762.50,260.25,9.77,4,0.00,4,9.77,9.77,39.08,1.00,4.47,,"2 frame(s); median area 5.0 px; net motion dx=53.5, dy=10.3; flags: none"
N1357374364,T0347,1357374364-0145,0.4670,2,17,co-iss-n1357374364,1357374364,2001-01-05T08:13:51.138,816.00,270.50,8.40,6,0.00,6,8.40,8.30,49.82,1.01,4.47,,"2 frame(s); median area 5.0 px; net motion dx=53.5, dy=10.3; flags: none"
N1357378836,T0421,1357378836-0058,0.4668,2,20,co-iss-n1357378836,1357378836,2001-01-05T09:28:23.107,393.20,134.20,13.67,5,0.00,5,13.67,13.67,68.34,1.00,4.24,,"2 frame(s); median area 4.0 px; net motion dx=-6.8, dy=2.7; flags: none"
N1357379196,T0421,1357379196-0065,0.4668,2,21,co-iss-n1357379196,1357379196,2001-01-05T09:34:23.105,386.38,136.86,12.77,3,0.00,3,12.77,10.95,32.84,1.17,4.39,,"2 frame(s); median area 4.0 px; net motion dx=-6.8, dy=2.7; flags: none"
N1357365030,T0234,1357365030-0094,0.4666,2,10,co-iss-n1357365030,1357365030,2001-01-05T05:38:17.203,469.17,246.79,10.91,6,0.00,6,10.91,10.50,63.01,1.04,1.35,,"2 frame(s); median area 4.5 px; net motion dx=15.2, dy=-16.1; flags: none"
N1357365420,T0234,1357365420-0104,0.4666,2,11,co-iss-n1357365420,1357365420,2001-01-05T05:44:47.200,484.33,230.67,11.28,3,0.00,3,11.28,11.28,33.83,1.00,1.73,,"2 frame(s); median area 4.5 px; net motion dx=15.2, dy=-16.1; flags: none"
N1357344889,T0001,1357344889-0006,0.4664,2,0,co-iss-n1357344889,1357344889,2001-01-05T00:02:36.342,936.67,15.00,8.25,3,0.00,3,8.25,8.09,24.26,1.02,4.39,,"2 frame(s); median area 4.5 px; net motion dx=46.8, dy=54.3; flags: none"
N1357345279,T0001,1357345279-0032,0.4664,2,1,co-iss-n1357345279,1357345279,2001-01-05T00:09:06.340,983.45,69.27,13.88,6,0.00,6,13.88,12.21,73.23,1.14,2.03,,"2 frame(s); median area 4.5 px; net motion dx=46.8, dy=54.3; flags: none"
N1357369502,T0287,1357369502-0106,0.4648,2,13,co-iss-n1357369502,1357369502,2001-01-05T06:52:49.172,863.00,272.52,9.06,6,0.00,6,9.06,8.83,52.99,1.03,3.60,,"2 frame(s); median area 5.0 px; net motion dx=55.8, dy=-20.0; flags: none"
N1357369892,T0287,1357369892-0094,0.4648,2,14,co-iss-n1357369892,1357369892,2001-01-05T06:59:19.169,918.75,252.50,8.38,4,0.00,4,8.38,8.33,33.33,1.01,4.47,,"2 frame(s); median area 5.0 px; net motion dx=55.8, dy=-20.0; flags: none"
N1357345279,T0044,1357345279-0205,0.4637,2,1,co-iss-n1357345279,1357345279,2001-01-05T00:09:06.340,48.00,692.48,8.66,4,0.00,4,8.66,8.33,33.32,1.04,2.62,,"2 frame(s); median area 5.0 px; net motion dx=-13.5, dy=-11.0; flags: none"
N1357345639,T0044,1357345639-0178,0.4637,2,2,co-iss-n1357345639,1357345639,2001-01-05T00:15:06.337,34.50,681.50,8.40,6,0.00,6,8.40,8.40,50.37,1.00,2.45,,"2 frame(s); median area 5.0 px; net motion dx=-13.5, dy=-11.0; flags: none"
N1357356085,T0150,1357356085-0065,0.4621,2,6,co-iss-n1357356085,1357356085,2001-01-05T03:09:12.265,589.25,129.37,12.72,3,0.00,3,12.72,11.12,33.36,1.14,1.73,,"2 frame(s); median area 4.0 px; net motion dx=59.1, dy=4.1; flags: none"
N1357356475,T0150,1357356475-0067,0.4621,2,7,co-iss-n1357356475,1357356475,2001-01-05T03:15:42.262,648.35,133.48,12.15,5,0.00,5,12.15,11.12,55.60,1.09,5.00,,"2 frame(s); median area 4.0 px; net motion dx=59.1, dy=4.1; flags: none"
N1357356475,T0216,1357356475-0335,0.4615,2,7,co-iss-n1357356475,1357356475,2001-01-05T03:15:42.262,60.00,665.50,8.02,4,0.00,4,8.02,8.02,32.09,1.00,2.62,,"2 frame(s); median area 5.0 px; net motion dx=-7.0, dy=-4.0; flags: none"
N1357356835,T0216,1357356835-0196,0.4615,2,8,co-iss-n1357356835,1357356835,2001-01-05T03:21:42.260,53.00,661.50,8.32,6,0.00,6,8.32,8.27,49.64,1.01,1.63,,"2 frame(s); median area 5.0 px; net motion dx=-7.0, dy=-4.0; flags: none"
N1357373974,T0348,1357373974-0116,0.4615,2,16,co-iss-n1357373974,1357373974,2001-01-05T08:07:21.141,688.47,264.36,9.83,5,0.00,5,9.83,9.06,45.29,1.09,5.00,,"2 frame(s); median area 4.5 px; net motion dx=3.1, dy=-71.8; flags: none"
N1357374364,T0348,1357374364-0111,0.4615,2,17,co-iss-n1357374364,1357374364,2001-01-05T08:13:51.138,691.52,192.55,10.65,4,0.00,4,10.65,8.54,34.15,1.25,1.00,,"2 frame(s); median area 4.5 px; net motion dx=3.1, dy=-71.8; flags: none"
N1357356085,T0143,1357356085-0032,0.4607,2,6,co-iss-n1357356085,1357356085,2001-01-05T03:09:12.265,606.50,62.50,13.99,4,0.00,4,13.99,13.99,55.96,1.00,1.00,,"2 frame(s); median area 3.5 px; net motion dx=-25.7, dy=-14.9; flags: none"
N1357356475,T0143,1357356475-0024,0.4607,2,7,co-iss-n1357356475,1357356475,2001-01-05T03:15:42.262,580.77,47.61,14.59,3,0.00,3,14.59,12.60,37.79,1.16,1.73,,"2 frame(s); median area 3.5 px; net motion dx=-25.7, dy=-14.9; flags: none"
N1357373974,T0333,1357373974-0054,0.4604,2,16,co-iss-n1357373974,1357373974,2001-01-05T08:07:21.141,1012.67,114.67,13.48,3,0.00,3,13.48,13.44,40.32,1.00,1.73,,"2 frame(s); median area 3.5 px; net motion dx=-27.1, dy=-80.1; flags: none"
N1357374364,T0333,1357374364-0017,0.4604,2,17,co-iss-n1357374364,1357374364,2001-01-05T08:13:51.138,985.55,34.55,14.97,4,0.00,4,14.97,13.64,54.58,1.10,1.00,,"2 frame(s); median area 3.5 px; net motion dx=-27.1, dy=-80.1; flags: none"
N1357378446,T0388,1357378446-0018,0.4591,2,19,co-iss-n1357378446,1357378446,2001-01-05T09:21:53.110,560.22,38.39,14.56,3,0.00,3,14.56,12.42,37.26,1.17,1.73,,"2 frame(s); median area 3.5 px; net motion dx=67.4, dy=16.5; flags: none"
N1357378836,T0388,1357378836-0023,0.4591,2,20,co-iss-n1357378836,1357378836,2001-01-05T09:28:23.107,627.63,54.92,13.47,4,0.15,4,13.47,11.49,45.96,1.17,6.85,,"2 frame(s); median area 3.5 px; net motion dx=67.4, dy=16.5; flags: none"
N1357369502,T0296,1357369502-0176,0.4580,2,13,co-iss-n1357369502,1357369502,2001-01-05T06:52:49.172,36.50,468.52,9.37,4,0.00,4,9.37,9.22,36.90,1.02,5.83,,"2 frame(s); median area 4.5 px; net motion dx=35.7, dy=26.7; flags: none"
N1357369892,T0296,1357369892-0152,0.4580,2,14,co-iss-n1357369892,1357369892,2001-01-05T06:59:19.169,72.20,495.20,9.97,5,0.00,5,9.97,9.97,49.86,1.00,3.52,,"2 frame(s); median area 4.5 px; net motion dx=35.7, dy=26.7; flags: none"
N1357356085,T0177,1357356085-0197,0.4550,2,6,co-iss-n1357356085,1357356085,2001-01-05T03:09:12.265,81.41,417.79,9.74,5,0.00,5,9.74,9.49,47.47,1.03,4.39,,"2 frame(s); median area 4.0 px; net motion dx=-41.4, dy=-74.1; flags: none"
N1357356475,T0177,1357356475-0189,0.4550,2,7,co-iss-n1357356475,1357356475,2001-01-05T03:15:42.262,40.00,343.67,12.76,3,0.00,3,12.76,12.76,38.28,1.00,4.39,,"2 frame(s); median area 4.0 px; net motion dx=-41.4, dy=-74.1; flags: none"
N1357345279,T0032,1357345279-0029,0.4546,2,1,co-iss-n1357345279,1357345279,2001-01-05T00:09:06.340,700.68,56.60,13.48,3,0.00,3,13.48,11.12,33.35,1.21,1.73,,"2 frame(s); median area 3.5 px; net motion dx=-16.4, dy=-15.3; flags: none"
N1357345639,T0032,1357345639-0018,0.4546,2,2,co-iss-n1357345639,1357345639,2001-01-05T00:15:06.337,684.25,41.30,13.07,4,0.00,4,13.07,10.82,43.28,1.21,2.45,,"2 frame(s); median area 3.5 px; net motion dx=-16.4, dy=-15.3; flags: none"
N1357373974,T0341,1357373974-0097,0.4545,2,16,co-iss-n1357373974,1357373974,2001-01-05T08:07:21.141,606.00,218.06,11.03,5,0.00,5,11.03,10.36,51.81,1.06,2.62,,"2 frame(s); median area 4.0 px; net motion dx=45.4, dy=-66.7; flags: none"
N1357374364,T0341,1357374364-0085,0.4545,2,17,co-iss-n1357374364,1357374364,2001-01-05T08:13:51.138,651.36,151.33,11.32,3,0.00,3,11.32,10.40,31.21,1.09,1.73,,"2 frame(s); median area 4.0 px; net motion dx=45.4, dy=-66.7; flags: none"
N1357356475,T0199,1357356475-0221,0.4541,2,7,co-iss-n1357356475,1357356475,2001-01-05T03:15:42.262,409.00,385.33,8.90,3,0.00,3,8.90,8.86,26.57,1.01,4.39,,"2 frame(s); median area 4.5 px; net motion dx=-24.3, dy=-8.2; flags: none"
N1357356835,T0199,1357356835-0150,0.4541,2,8,co-iss-n1357356835,1357356835,2001-01-05T03:21:42.260,384.67,377.16,9.15,6,0.00,6,9.15,8.81,52.83,1.04,3.47,,"2 frame(s); median area 4.5 px; net motion dx=-24.3, dy=-8.2; flags: none"
N1357365030,T0235,1357365030-0096,0.4535,2,10,co-iss-n1357365030,1357365030,2001-01-05T05:38:17.203,501.78,250.50,10.78,5,0.00,5,10.78,10.02,50.08,1.08,2.62,,"2 frame(s); median area 4.0 px; net motion dx=-57.4, dy=2.4; flags: none"
N1357365420,T0235,1357365420-0111,0.4535,2,11,co-iss-n1357365420,1357365420,2001-01-05T05:44:47.200,444.35,252.95,11.21,3,0.00,3,11.21,10.63,31.89,1.05,4.39,,"2 frame(s); median area 4.0 px; net motion dx=-57.4, dy=2.4; flags: none"
N1357365030,T0233,1357365030-0090,0.4521,2,10,co-iss-n1357365030,1357365030,2001-01-05T05:38:17.203,700.50,235.50,10.53,4,0.00,4,10.53,10.53,42.11,1.00,5.83,,"2 frame(s); median area 4.0 px; net motion dx=-69.7, dy=-38.7; flags: none"
N1357365420,T0233,1357365420-0086,0.4521,2,11,co-iss-n1357365420,1357365420,2001-01-05T05:44:47.200,630.77,196.77,11.01,4,0.00,4,11.01,10.71,42.83,1.03,2.45,,"2 frame(s); median area 4.0 px; net motion dx=-69.7, dy=-38.7; flags: none"
N1357356475,T0189,1357356475-0164,0.4516,2,7,co-iss-n1357356475,1357356475,2001-01-05T03:15:42.262,92.22,304.39,12.83,3,0.00,3,12.83,10.87,32.60,1.18,1.73,,"2 frame(s); median area 3.5 px; net motion dx=23.3, dy=-41.9; flags: none"
N1357356835,T0189,1357356835-0109,0.4516,2,8,co-iss-n1357356835,1357356835,2001-01-05T03:21:42.260,115.52,262.51,12.72,4,0.00,4,12.72,12.25,49.00,1.04,1.00,,"2 frame(s); median area 3.5 px; net motion dx=23.3, dy=-41.9; flags: none"
N1357356475,T0218,1357356475-0362,0.4507,2,7,co-iss-n1357356475,1357356475,2001-01-05T03:15:42.262,193.82,768.24,8.63,5,0.00,5,8.63,8.37,41.87,1.03,2.89,,"2 frame(s); median area 4.5 px; net motion dx=38.4, dy=-8.0; flags: none"
N1357356835,T0218,1357356835-0210,0.4507,2,8,co-iss-n1357356835,1357356835,2001-01-05T03:21:42.260,232.25,760.25,8.25,4,0.00,4,8.25,8.24,32.95,1.00,2.45,,"2 frame(s); median area 4.5 px; net motion dx=38.4, dy=-8.0; flags: none"
N1357356475,T0202,1357356475-0244,0.4500,2,7,co-iss-n1357356475,1357356475,2001-01-05T03:15:42.262,4.45,407.96,9.85,4,0.00,4,9.85,9.01,36.06,1.09,2.62,,"2 frame(s); median area 4.0 px; net motion dx=6.3, dy=-3.7; flags: none"
N1357356835,T0202,1357356835-0162,0.4500,2,8,co-iss-n1357356835,1357356835,2001-01-05T03:21:42.260,10.75,404.25,10.99,4,0.00,4,10.99,10.96,43.85,1.00,2.45,,"2 frame(s); median area 4.0 px; net motion dx=6.3, dy=-3.7; flags: none"
N1357356085,T0157,1357356085-0110,0.4499,2,6,co-iss-n1357356085,1357356085,2001-01-05T03:09:12.265,271.23,240.00,11.45,4,0.00,4,11.45,11.04,44.17,1.04,3.60,,"2 frame(s); median area 3.5 px; net motion dx=37.7, dy=-61.6; flags: none"
N1357356475,T0157,1357356475-0096,0.4499,2,7,co-iss-n1357356475,1357356475,2001-01-05T03:15:42.262,308.92,178.36,13.50,3,0.00,3,13.50,12.50,37.50,1.08,4.39,,"2 frame(s); median area 3.5 px; net motion dx=37.7, dy=-61.6; flags: none"
N1357344889,T0007,1357344889-0068,0.4491,2,0,co-iss-n1357344889,1357344889,2001-01-05T00:02:36.342,128.69,155.23,13.64,3,0.00,3,13.64,10.04,30.13,1.36,1.73,,"2 frame(s); median area 3.0 px; net motion dx=-47.2, dy=9.5; flags: none"
N1357345279,T0007,1357345279-0071,0.4491,2,1,co-iss-n1357345279,1357345279,2001-01-05T00:09:06.340,81.46,164.74,15.22,3,0.00,3,15.22,11.06,33.17,1.38,1.73,,"2 frame(s); median area 3.0 px; net motion dx=-47.2, dy=9.5; flags: none"
N1357369502,T0278,1357369502-0040,0.4483,2,13,co-iss-n1357369502,1357369502,2001-01-05T06:52:49.172,387.68,106.24,13.71,3,0.00,3,13.71,10.34,31.01,1.33,1.73,,"2 frame(s); median area 3.0 px; net motion dx=-3.3, dy=-20.6; flags: none"
N1357369892,T0278,1357369892-0039,0.4483,2,14,co-iss-n1357369892,1357369892,2001-01-05T06:59:19.169,384.37,85.60,14.88,3,0.00,3,14.88,12.41,37.24,1.20,1.73,,"2 frame(s); median area 3.0 px; net motion dx=-3.3, dy=-20.6; flags: none"
N1357365420,T0243,1357365420-0034,0.4482,2,11,co-iss-n1357365420,1357365420,2001-01-05T05:44:47.200,1000.92,83.35,13.69,4,0.00,4,13.69,12.46,49.86,1.10,3.60,,"2 frame(s); median area 3.5 px; net motion dx=19.0, dy=-12.6; flags: none"
N1357365780,T0243,1357365780-0034,0.4482,2,12,co-iss-n1357365780,1357365780,2001-01-05T05:50:47.198,1019.91,70.74,10.70,3,0.00,3,10.70,9.31,27.92,1.15,4.39,,"2 frame(s); median area 3.5 px; net motion dx=19.0, dy=-12.6; flags: none"
N1357351613,T0078,1357351613-0157,0.4471,2,3,co-iss-n1357351613,1357351613,2001-01-05T01:54:40.296,670.35,346.95,8.21,3,0.00,3,8.21,7.83,23.49,1.05,4.39,,"2 frame(s); median area 3.5 px; net motion dx=6.3, dy=-37.9; flags: none"
N1357352003,T0078,1357352003-0101,0.4471,2,4,co-iss-n1357352003,1357352003,2001-01-05T02:01:10.293,676.61,309.04,15.81,4,0.15,4,15.81,11.94,47.78,1.32,6.85,,"2 frame(s); median area 3.5 px; net motion dx=6.3, dy=-37.9; flags: none"
N1357378446,T0392,1357378446-0031,0.4456,2,19,co-iss-n1357378446,1357378446,2001-01-05T09:21:53.110,960.69,66.31,14.44,3,0.00,3,14.44,12.53,37.60,1.15,1.73,,"2 frame(s); median area 3.0 px; net motion dx=-7.4, dy=-54.6; flags: none"
N1357378836,T0392,1357378836-0004,0.4456,2,20,co-iss-n1357378836,1357378836,2001-01-05T09:28:23.107,953.26,11.74,13.27,3,0.00,3,13.27,9.16,27.48,1.45,1.73,,"2 frame(s); median area 3.0 px; net motion dx=-7.4, dy=-54.6; flags: none"
N1357369892,T0298,1357369892-0025,0.4455,2,14,co-iss-n1357369892,1357369892,2001-01-05T06:59:19.169,797.00,50.50,12.56,4,0.00,4,12.56,12.56,50.23,1.00,2.62,,"2 frame(s); median area 3.5 px; net motion dx=-11.6, dy=0.2; flags: none"
N1357370252,T0298,1357370252-0020,0.4455,2,15,co-iss-n1357370252,1357370252,2001-01-05T07:05:19.167,785.42,50.73,10.94,3,0.00,3,10.94,8.77,26.31,1.25,1.73,,"2 frame(s); median area 3.5 px; net motion dx=-11.6, dy=0.2; flags: none"
N1357356085,T0179,1357356085-0210,0.4452,2,6,co-iss-n1357356085,1357356085,2001-01-05T03:09:12.265,118.25,460.25,8.72,4,0.00,4,8.72,8.67,34.69,1.01,2.45,,"2 frame(s); median area 4.0 px; net motion dx=-8.2, dy=-39.8; flags: none"
N1357356475,T0179,1357356475-0254,0.4452,2,7,co-iss-n1357356475,1357356475,2001-01-05T03:15:42.262,110.00,420.47,10.53,4,0.00,4,10.53,9.86,39.44,1.07,2.62,,"2 frame(s); median area 4.0 px; net motion dx=-8.2, dy=-39.8; flags: none"
N1357356475,T0191,1357356475-0186,0.4450,2,7,co-iss-n1357356475,1357356475,2001-01-05T03:15:42.262,446.75,340.25,9.51,4,0.00,4,9.51,9.51,38.04,1.00,2.45,,"2 frame(s); median area 4.0 px; net motion dx=42.7, dy=-24.8; flags: none"
N1357356835,T0191,1357356835-0129,0.4450,2,8,co-iss-n1357356835,1357356835,2001-01-05T03:21:42.260,489.50,315.50,9.66,4,0.00,4,9.66,9.64,38.56,1.00,1.00,,"2 frame(s); median area 4.0 px; net motion dx=42.7, dy=-24.8; flags: none"
N1357356475,T0193,1357356475-0194,0.4435,2,7,co-iss-n1357356475,1357356475,2001-01-05T03:15:42.262,561.49,348.00,8.70,4,0.00,4,8.70,8.49,33.97,1.02,2.62,,"2 frame(s); median area 4.0 px; net motion dx=-42.7, dy=-62.7; flags: none"
N1357356835,T0193,1357356835-0117,0.4435,2,8,co-iss-n1357356835,1357356835,2001-01-05T03:21:42.260,518.75,285.25,9.97,4,0.00,4,9.97,9.97,39.90,1.00,2.45,,"2 frame(s); median area 4.0 px; net motion dx=-42.7, dy=-62.7; flags: none"
N1357378446,T0406,1357378446-0138,0.4434,2,19,co-iss-n1357378446,1357378446,2001-01-05T09:21:53.110,608.00,283.50,9.80,4,0.00,4,9.80,9.77,39.07,1.00,2.62,,"2 frame(s); median area 4.0 px; net motion dx=24.5, dy=1.0; flags: none"
N1357378836,T0406,1357378836-0125,0.4434,2,20,co-iss-n1357378836,1357378836,2001-01-05T09:28:23.107,632.50,284.50,8.82,4,0.00,4,8.82,8.82,35.27,1.00,1.00,,"2 frame(s); median area 4.0 px; net motion dx=24.5, dy=1.0; flags: none"
N1357369502,T0272,1357369502-0013,0.4430,2,13,co-iss-n1357369502,1357369502,2001-01-05T06:52:49.172,661.29,42.38,14.02,3,0.00,3,14.02,12.20,36.61,1.15,1.73,,"2 frame(s); median area 3.0 px; net motion dx=46.0, dy=33.0; flags: none"
N1357369892,T0272,1357369892-0037,0.4430,2,14,co-iss-n1357369892,1357369892,2001-01-05T06:59:19.169,707.33,75.33,12.82,3,0.00,3,12.82,12.82,38.47,1.00,1.73,,"2 frame(s); median area 3.0 px; net motion dx=46.0, dy=33.0; flags: none"
N1357373974,T0350,1357373974-0121,0.4424,2,16,co-iss-n1357373974,1357373974,2001-01-05T08:07:21.141,683.33,270.33,9.71,3,0.00,3,9.71,9.69,29.06,1.00,1.73,,"2 frame(s); median area 4.0 px; net motion dx=68.1, dy=23.5; flags: none"
N1357374364,T0350,1357374364-0160,0.4424,2,17,co-iss-n1357374364,1357374364,2001-01-05T08:13:51.138,751.39,293.81,8.60,5,0.00,5,8.60,8.41,42.03,1.02,1.73,,"2 frame(s); median area 4.0 px; net motion dx=68.1, dy=23.5; flags: none"
N1357378446,T0404,1357378446-0109,0.4415,2,19,co-iss-n1357378446,1357378446,2001-01-05T09:21:53.110,1017.78,225.99,11.26,4,0.00,4,11.26,10.88,43.50,1.04,3.60,,"2 frame(s); median area 3.5 px; net motion dx=-8.4, dy=-68.3; flags: none"
N1357378836,T0404,1357378836-0067,0.4415,2,20,co-iss-n1357378836,1357378836,2001-01-05T09:28:23.107,1009.33,157.67,10.92,3,0.00,3,10.92,10.89,32.68,1.00,1.73,,"2 frame(s); median area 3.5 px; net motion dx=-8.4, dy=-68.3; flags: none"
N1357374364,T0377,1357374364-0227,0.4410,2,17,co-iss-n1357374364,1357374364,2001-01-05T08:13:51.138,210.50,483.50,8.73,4,0.00,4,8.73,8.73,34.92,1.00,1.00,,"2 frame(s); median area 4.0 px; net motion dx=-24.0, dy=-29.0; flags: none"
N1357374724,T0377,1357374724-0157,0.4410,2,18,co-iss-n1357374724,1357374724,2001-01-05T08:19:51.136,186.50,454.50,9.10,4,0.00,4,9.10,9.07,36.27,1.00,1.00,,"2 frame(s); median area 4.0 px; net motion dx=-24.0, dy=-29.0; flags: none"
N1357373974,T0357,1357373974-0183,0.4397,2,16,co-iss-n1357373974,1357373974,2001-01-05T08:07:21.141,89.67,404.33,9.65,3,0.00,3,9.65,9.65,28.94,1.00,1.73,,"2 frame(s); median area 3.5 px; net motion dx=-52.3, dy=-5.7; flags: none"
N1357374364,T0357,1357374364-0204,0.4397,2,17,co-iss-n1357374364,1357374364,2001-01-05T08:13:51.138,37.37,398.68,11.92,4,0.00,4,11.92,9.41,37.63,1.27,4.47,,"2 frame(s); median area 3.5 px; net motion dx=-52.3, dy=-5.7; flags: none"
N1357378836,T0434,1357378836-0189,0.4383,2,20,co-iss-n1357378836,1357378836,2001-01-05T09:28:23.107,295.33,436.33,8.62,3,0.00,3,8.62,8.60,25.80,1.00,1.73,,"2 frame(s); median area 4.0 px; net motion dx=3.1, dy=-7.5; flags: none"
N1357379196,T0434,1357379196-0170,0.4383,2,21,co-iss-n1357379196,1357379196,2001-01-05T09:34:23.105,298.40,428.80,8.32,5,0.00,5,8.32,8.31,41.53,1.00,1.73,,"2 frame(s); median area 4.0 px; net motion dx=3.1, dy=-7.5; flags: none"
N1357352003,T0102,1357352003-0194,0.4375,1,4,co-iss-n1357352003,1357352003,2001-01-05T02:01:10.293,380.15,543.48,164.61,8,0.00,8,164.61,58.97,471.78,2.79,4.27,,1 frame(s); median area 8.0 px; flags: none
N1357352003,T0103,1357352003-0201,0.4375,1,4,co-iss-n1357352003,1357352003,2001-01-05T02:01:10.293,271.41,569.08,42.83,45,0.00,45,42.83,23.07,1038.21,1.86,2.92,,1 frame(s); median area 45.0 px; flags: none
N1357352003,T0114,1357352003-0272,0.4375,1,4,co-iss-n1357352003,1357352003,2001-01-05T02:01:10.293,626.87,751.47,564.80,11,0.15,11,564.80,149.02,1639.21,3.79,1.42,,1 frame(s); median area 11.0 px; flags: none
N1357356475,T0206,1357356475-0264,0.4375,2,7,co-iss-n1357356475,1357356475,2001-01-05T03:15:42.262,366.50,432.50,8.02,4,0.00,4,8.02,8.02,32.09,1.00,1.00,,"2 frame(s); median area 4.0 px; net motion dx=20.5, dy=-29.0; flags: none"
N1357356835,T0206,1357356835-0163,0.4375,2,8,co-iss-n1357356835,1357356835,2001-01-05T03:21:42.260,387.00,403.50,8.64,4,0.00,4,8.64,8.64,34.54,1.00,2.62,,"2 frame(s); median area 4.0 px; net motion dx=20.5, dy=-29.0; flags: none"
N1357378446,T0391,1357378446-0025,0.4375,2,19,co-iss-n1357378446,1357378446,2001-01-05T09:21:53.110,840.73,53.36,13.61,3,0.00,3,13.61,12.51,37.53,1.09,1.73,,"2 frame(s); median area 3.0 px; net motion dx=24.6, dy=26.4; flags: none"
N1357378836,T0391,1357378836-0033,0.4375,2,20,co-iss-n1357378836,1357378836,2001-01-05T09:28:23.107,865.37,79.75,11.37,3,0.00,3,11.37,10.17,30.51,1.12,1.73,,"2 frame(s); median area 3.0 px; net motion dx=24.6, dy=26.4; flags: none"
N1357373974,T0355,1357373974-0157,0.4359,2,16,co-iss-n1357373974,1357373974,2001-01-05T08:07:21.141,221.34,341.62,9.77,3,0.00,3,9.77,8.51,25.52,1.15,1.73,,"2 frame(s); median area 3.5 px; net motion dx=-9.3, dy=43.9; flags: none"
N1357374364,T0355,1357374364-0195,0.4359,2,17,co-iss-n1357374364,1357374364,2001-01-05T08:13:51.138,212.00,385.50,10.52,4,0.00,4,10.52,8.97,35.88,1.17,2.62,,"2 frame(s); median area 3.5 px; net motion dx=-9.3, dy=43.9; flags: none"
N1357378836,T0437,1357378836-0236,0.4356,2,20,co-iss-n1357378836,1357378836,2001-01-05T09:28:23.107,138.50,747.50,8.03,4,0.00,4,8.03,8.00,32.00,1.00,1.00,,"2 frame(s); median area 4.0 px; net motion dx=-64.0, dy=1.5; flags: none"
N1357379196,T0437,1357379196-0201,0.4356,2,21,co-iss-n1357379196,1357379196,2001-01-05T09:34:23.105,74.50,749.00,8.01,4,0.00,4,8.01,7.96,31.84,1.01,2.62,,"2 frame(s); median area 4.0 px; net motion dx=-64.0, dy=1.5; flags: none"
N1357374364,T0374,1357374364-0164,0.4354,2,17,co-iss-n1357374364,1357374364,2001-01-05T08:13:51.138,404.34,305.99,10.39,3,0.00,3,10.39,9.89,29.67,1.05,4.39,,"2 frame(s); median area 3.5 px; net motion dx=-37.8, dy=21.5; flags: none"
N1357374724,T0374,1357374724-0114,0.4354,2,18,co-iss-n1357374724,1357374724,2001-01-05T08:19:51.136,366.50,327.50,9.73,4,0.00,4,9.73,9.70,38.79,1.00,1.00,,"2 frame(s); median area 3.5 px; net motion dx=-37.8, dy=21.5; flags: none"
N1357378836,T0429,1357378836-0162,0.4332,2,20,co-iss-n1357378836,1357378836,2001-01-05T09:28:23.107,438.44,340.52,9.34,4,0.00,4,9.34,8.90,35.58,1.05,5.83,,"2 frame(s); median area 3.5 px; net motion dx=-47.1, dy=-53.8; flags: none"
N1357379196,T0429,1357379196-0119,0.4332,2,21,co-iss-n1357379196,1357379196,2001-01-05T09:34:23.105,391.35,286.71,10.05,3,0.00,3,10.05,9.47,28.42,1.06,1.73,,"2 frame(s); median area 3.5 px; net motion dx=-47.1, dy=-53.8; flags: none"
N1357356085,T0166,1357356085-0133,0.4328,2,6,co-iss-n1357356085,1357356085,2001-01-05T03:09:12.265,678.67,291.33,9.29,3,0.00,3,9.29,9.29,27.87,1.00,1.73,,"2 frame(s); median area 3.5 px; net motion dx=-42.2, dy=-29.1; flags: none"
N1357356475,T0166,1357356475-0137,0.4328,2,7,co-iss-n1357356475,1357356475,2001-01-05T03:15:42.262,636.50,262.25,9.98,4,0.00,4,9.98,9.93,39.73,1.01,4.47,,"2 frame(s); median area 3.5 px; net motion dx=-42.2, dy=-29.1; flags: none"
N1357344889,T0013,1357344889-0119,0.4324,2,0,co-iss-n1357344889,1357344889,2001-01-05T00:02:36.342,834.49,251.01,9.46,4,0.00,4,9.46,9.32,37.26,1.02,2.62,,"2 frame(s); median area 3.5 px; net motion dx=-50.2, dy=-22.7; flags: none"
N1357345279,T0013,1357345279-0100,0.4324,2,1,co-iss-n1357345279,1357345279,2001-01-05T00:09:06.340,784.33,228.33,9.67,3,0.00,3,9.67,9.67,29.00,1.00,1.73,,"2 frame(s); median area 3.5 px; net motion dx=-50.2, dy=-22.7; flags: none"
N1357378446,T0408,1357378446-0156,0.4311,2,19,co-iss-n1357378446,1357378446,2001-01-05T09:21:53.110,509.64,327.07,9.16,3,0.00,3,9.16,8.49,25.46,1.08,4.39,,"2 frame(s); median area 3.5 px; net motion dx=-4.1, dy=-34.6; flags: none"
N1357378836,T0408,1357378836-0130,0.4311,2,20,co-iss-n1357378836,1357378836,2001-01-05T09:28:23.107,505.50,292.50,9.54,4,0.00,4,9.54,9.54,38.16,1.00,1.00,,"2 frame(s); median area 3.5 px; net motion dx=-4.1, dy=-34.6; flags: none"
N1357365420,T0257,1357365420-0207,0.4300,2,11,co-iss-n1357365420,1357365420,2001-01-05T05:44:47.200,173.50,484.50,8.93,4,0.00,4,8.93,8.93,35.73,1.00,1.00,,"2 frame(s); median area 3.5 px; net motion dx=-55.2, dy=1.2; flags: none"
N1357365780,T0257,1357365780-0193,0.4300,2,12,co-iss-n1357365780,1357365780,2001-01-05T05:50:47.198,118.34,485.66,9.41,3,0.00,3,9.41,9.21,27.64,1.02,1.73,,"2 frame(s); median area 3.5 px; net motion dx=-55.2, dy=1.2; flags: none"
N1357373974,T0359,1357373974-0195,0.4295,2,16,co-iss-n1357373974,1357373974,2001-01-05T08:07:21.141,271.50,418.00,8.45,4,0.00,4,8.45,8.45,33.80,1.00,2.62,,"2 frame(s); median area 3.5 px; net motion dx=5.1, dy=-18.7; flags: none"
N1357374364,T0359,1357374364-0205,0.4295,2,17,co-iss-n1357374364,1357374364,2001-01-05T08:13:51.138,276.63,399.27,9.72,3,0.00,3,9.72,8.85,26.54,1.10,1.73,,"2 frame(s); median area 3.5 px; net motion dx=5.1, dy=-18.7; flags: none"
N1357352003,T0099,1357352003-0174,0.4285,1,4,co-iss-n1357352003,1357352003,2001-01-05T02:01:10.293,373.28,494.13,23.51,11,0.15,11,23.51,12.72,139.88,1.85,7.94,,1 frame(s); median area 11.0 px; flags: none
N1357374364,T0372,1357374364-0148,0.4284,2,17,co-iss-n1357374364,1357374364,2001-01-05T08:13:51.138,391.29,274.35,11.12,3,0.00,3,11.12,10.48,31.45,1.06,1.73,,"2 frame(s); median area 3.0 px; net motion dx=66.0, dy=-37.0; flags: none"
N1357374724,T0372,1357374724-0090,0.4284,2,18,co-iss-n1357374724,1357374724,2001-01-05T08:19:51.136,457.29,237.35,10.86,3,0.00,3,10.86,10.27,30.82,1.06,1.73,,"2 frame(s); median area 3.0 px; net motion dx=66.0, dy=-37.0; flags: none"
N1357378836,T0418,1357378836-0041,0.4284,2,20,co-iss-n1357378836,1357378836,2001-01-05T09:28:23.107,685.34,95.31,12.29,3,0.00,3,12.29,11.95,35.85,1.03,1.73,,"2 frame(s); median area 3.0 px; net motion dx=24.3, dy=79.0; flags: none"
N1357379196,T0418,1357379196-0086,0.4284,2,21,co-iss-n1357379196,1357379196,2001-01-05T09:34:23.105,709.66,174.33,9.68,3,0.00,3,9.68,9.53,28.60,1.02,1.73,,"2 frame(s); median area 3.0 px; net motion dx=24.3, dy=79.0; flags: none"
N1357365030,T0237,1357365030-0102,0.4274,2,10,co-iss-n1357365030,1357365030,2001-01-05T05:38:17.203,800.77,286.00,9.13,4,0.00,4,9.13,8.91,35.65,1.02,1.63,,"2 frame(s); median area 3.5 px; net motion dx=-74.1, dy=35.3; flags: none"
N1357365420,T0237,1357365420-0143,0.4274,2,11,co-iss-n1357365420,1357365420,2001-01-05T05:44:47.200,726.67,321.33,8.33,3,0.00,3,8.33,8.33,24.99,1.00,1.73,,"2 frame(s); median area 3.5 px; net motion dx=-74.1, dy=35.3; flags: none"
N1357344889,T0017,1357344889-0141,0.4271,2,0,co-iss-n1357344889,1357344889,2001-01-05T00:02:36.342,774.75,308.00,8.64,4,0.00,4,8.64,8.60,34.42,1.00,1.63,,"2 frame(s); median area 3.5 px; net motion dx=-69.7, dy=-2.3; flags: none"
N1357345279,T0017,1357345279-0128,0.4271,2,1,co-iss-n1357345279,1357345279,2001-01-05T00:09:06.340,705.00,305.66,8.73,3,0.00,3,8.73,8.69,26.06,1.01,4.39,,"2 frame(s); median area 3.5 px; net motion dx=-69.7, dy=-2.3; flags: none"
N1357373974,T0354,1357373974-0154,0.4267,2,16,co-iss-n1357373974,1357373974,2001-01-05T08:07:21.141,622.33,334.00,8.64,3,0.00,3,8.64,8.60,25.79,1.00,4.39,,"2 frame(s); median area 3.5 px; net motion dx=47.2, dy=-35.5; flags: none"
N1357374364,T0354,1357374364-0163,0.4267,2,17,co-iss-n1357374364,1357374364,2001-01-05T08:13:51.138,669.50,298.49,8.60,4,0.00,4,8.60,8.40,33.60,1.02,1.00,,"2 frame(s); median area 3.5 px; net motion dx=47.2, dy=-35.5; flags: none"
N1357356085,T0176,1357356085-0194,0.4248,2,6,co-iss-n1357356085,1357356085,2001-01-05T03:09:12.265,124.67,408.33,9.42,3,0.00,3,9.42,9.42,28.25,1.00,1.73,,"2 frame(s); median area 3.0 px; net motion dx=-29.3, dy=-20.6; flags: none"
N1357356475,T0176,1357356475-0226,0.4248,2,7,co-iss-n1357356475,1357356475,2001-01-05T03:15:42.262,95.35,387.70,11.34,3,0.00,3,11.34,10.82,32.47,1.05,1.73,,"2 frame(s); median area 3.0 px; net motion dx=-29.3, dy=-20.6; flags: none"
N1357378446,T0412,1357378446-0164,0.4245,2,19,co-iss-n1357378446,1357378446,2001-01-05T09:21:53.110,826.25,334.99,8.15,4,0.00,4,8.15,8.05,32.21,1.01,1.63,,"2 frame(s); median area 3.5 px; net motion dx=-60.5, dy=-44.3; flags: none"
N1357378836,T0412,1357378836-0128,0.4245,2,20,co-iss-n1357378836,1357378836,2001-01-05T09:28:23.107,765.70,290.65,8.36,3,0.00,3,8.36,7.89,23.66,1.06,1.73,,"2 frame(s); median area 3.5 px; net motion dx=-60.5, dy=-44.3; flags: none"
N1357356085,T0171,1357356085-0152,0.4237,2,6,co-iss-n1357356085,1357356085,2001-01-05T03:09:12.265,418.67,330.33,9.48,3,0.00,3,9.48,9.48,28.45,1.00,1.73,,"2 frame(s); median area 3.0 px; net motion dx=-44.0, dy=-33.7; flags: none"
N1357356475,T0171,1357356475-0159,0.4237,2,7,co-iss-n1357356475,1357356475,2001-01-05T03:15:42.262,374.67,296.67,10.93,3,0.00,3,10.93,10.93,32.80,1.00,1.73,,"2 frame(s); median area 3.0 px; net motion dx=-44.0, dy=-33.7; flags: none"
N1357378446,T0416,1357378446-0214,0.4181,2,19,co-iss-n1357378446,1357378446,2001-01-05T09:21:53.110,37.33,527.33,8.59,3,0.00,3,8.59,8.59,25.78,1.00,1.73,,"2 frame(s); median area 3.0 px; net motion dx=-14.0, dy=-12.0; flags: none"
N1357378836,T0416,1357378836-0207,0.4181,2,20,co-iss-n1357378836,1357378836,2001-01-05T09:28:23.107,23.33,515.33,9.93,3,0.00,3,9.93,9.91,29.73,1.00,1.73,,"2 frame(s); median area 3.0 px; net motion dx=-14.0, dy=-12.0; flags: none"
N1357374364,T0367,1357374364-0056,0.4170,2,17,co-iss-n1357374364,1357374364,2001-01-05T08:13:51.138,844.05,108.68,8.58,3,0.00,3,8.58,7.87,23.61,1.09,4.39,,"2 frame(s); median area 3.0 px; net motion dx=-13.4, dy=-4.3; flags: none"
N1357374724,T0367,1357374724-0033,0.4170,2,18,co-iss-n1357374724,1357374724,2001-01-05T08:19:51.136,830.67,104.33,9.60,3,0.00,3,9.60,9.60,28.81,1.00,1.73,,"2 frame(s); median area 3.0 px; net motion dx=-13.4, dy=-4.3; flags: none"
N1357356475,T0205,1357356475-0255,0.4147,2,7,co-iss-n1357356475,1357356475,2001-01-05T03:15:42.262,314.00,420.67,8.77,3,0.00,3,8.77,8.77,26.30,1.00,4.39,,"2 frame(s); median area 3.0 px; net motion dx=2.7, dy=20.7; flags: none"
N1357356835,T0205,1357356835-0173,0.4147,2,8,co-iss-n1357356835,1357356835,2001-01-05T03:21:42.260,316.67,441.33,8.64,3,0.00,3,8.64,8.64,25.91,1.00,1.73,,"2 frame(s); median area 3.0 px; net motion dx=2.7, dy=20.7; flags: none"
N1357365420,T0260,1357365420-0239,0.4144,2,11,co-iss-n1357365420,1357365420,2001-01-05T05:44:47.200,161.95,773.70,9.00,3,0.00,3,9.00,8.37,25.11,1.08,4.39,,"2 frame(s); median area 3.0 px; net motion dx=25.4, dy=-14.4; flags: none"
N1357365780,T0260,1357365780-0239,0.4144,2,12,co-iss-n1357365780,1357365780,2001-01-05T05:50:47.198,187.33,759.34,8.31,3,0.00,3,8.31,8.27,24.80,1.01,1.73,,"2 frame(s); median area 3.0 px; net motion dx=25.4, dy=-14.4; flags: none"
N1357352003,T0112,1357352003-0261,0.3875,1,4,co-iss-n1357352003,1357352003,2001-01-05T02:01:10.293,247.11,722.36,27.51,6,0.15,6,27.51,13.29,79.77,2.07,6.37,,1 frame(s); median area 6.0 px; flags: none
N1357365420,T0242,1357365420-0021,0.3849,1,11,co-iss-n1357365420,1357365420,2001-01-05T05:44:47.200,221.60,51.44,16.23,8,0.00,8,16.23,12.08,96.68,1.34,2.83,,1 frame(s); median area 8.0 px; flags: none
N1357379196,T0439,1357379196-0051,0.3778,1,21,co-iss-n1357379196,1357379196,2001-01-05T09:34:23.105,50.94,107.25,15.06,8,0.00,8,15.06,12.98,103.86,1.16,4.69,,1 frame(s); median area 8.0 px; flags: none
N1357373974,T0327,1357373974-0023,0.3744,1,16,co-iss-n1357373974,1357373974,2001-01-05T08:07:21.141,491.40,44.57,14.49,9,0.00,9,14.49,12.25,110.28,1.18,4.99,,1 frame(s); median area 9.0 px; flags: none
N1357378446,T0395,1357378446-0036,0.3730,1,19,co-iss-n1357378446,1357378446,2001-01-05T09:21:53.110,488.26,73.39,14.25,10,0.00,10,14.25,12.75,127.49,1.12,4.90,,1 frame(s); median area 10.0 px; flags: none
N1357351613,T0064,1357351613-0073,0.3703,1,3,co-iss-n1357351613,1357351613,2001-01-05T01:54:40.296,76.81,172.37,13.80,10,0.00,10,13.80,13.20,131.96,1.05,2.54,,1 frame(s); median area 10.0 px; flags: none
N1357345279,T0039,1357345279-0120,0.3684,1,1,co-iss-n1357345279,1357345279,2001-01-05T00:09:06.340,61.80,283.87,13.48,8,0.00,8,13.48,12.09,96.74,1.11,2.02,,1 frame(s); median area 8.0 px; flags: none
N1357365420,T0249,1357365420-0133,0.3640,1,11,co-iss-n1357365420,1357365420,2001-01-05T05:44:47.200,77.97,308.20,12.75,11,0.15,11,12.75,10.72,117.88,1.19,7.50,,1 frame(s); median area 11.0 px; flags: none
N1357356835,T0222,1357356835-0113,0.3626,1,8,co-iss-n1357356835,1357356835,2001-01-05T03:21:42.260,111.62,273.07,12.52,9,0.15,9,12.52,11.49,103.41,1.09,6.93,,1 frame(s); median area 9.0 px; flags: none
N1357352003,T0101,1357352003-0192,0.3625,1,4,co-iss-n1357352003,1357352003,2001-01-05T02:01:10.293,823.83,535.84,564.80,5,0.15,5,564.80,157.94,789.72,3.58,1.73,,1 frame(s); median area 5.0 px; flags: none
N1357345279,T0033,1357345279-0051,0.3603,1,1,co-iss-n1357345279,1357345279,2001-01-05T00:09:06.340,39.05,110.39,16.29,7,0.00,7,16.29,13.90,97.28,1.17,1.45,,1 frame(s); median area 7.0 px; flags: none
N1357373974,T0344,1357373974-0103,0.3597,1,16,co-iss-n1357373974,1357373974,2001-01-05T08:07:21.141,144.26,227.26,12.04,8,0.15,8,12.04,11.56,92.51,1.04,6.19,,1 frame(s); median area 8.0 px; flags: none
N1357352363,T0128,1357352363-0108,0.3550,1,5,co-iss-n1357352363,1357352363,2001-01-05T02:07:10.291,563.25,263.01,11.25,9,0.15,9,11.25,9.91,89.20,1.14,6.82,,1 frame(s); median area 9.0 px; flags: none
N1357345639,T0056,1357345639-0113,0.3546,1,2,co-iss-n1357345639,1357345639,2001-01-05T00:15:06.337,248.59,306.70,11.19,10,0.00,10,11.19,11.01,110.08,1.02,2.15,,1 frame(s); median area 10.0 px; flags: none
N1357352363,T0134,1357352363-0179,0.3542,1,5,co-iss-n1357352363,1357352363,2001-01-05T02:07:10.291,112.50,461.25,11.11,8,0.00,8,11.11,11.06,88.48,1.00,2.19,,1 frame(s); median area 8.0 px; flags: none
N1357374724,T0384,1357374724-0087,0.3531,1,18,co-iss-n1357374724,1357374724,2001-01-05T08:19:51.136,484.62,229.21,10.93,8,0.15,8,10.93,10.56,84.49,1.03,6.32,,1 frame(s); median area 8.0 px; flags: none
N1357370252,T0318,1357370252-0131,0.3515,1,15,co-iss-n1357370252,1357370252,2001-01-05T07:05:19.167,187.13,338.91,10.67,10,0.00,10,10.67,9.58,95.82,1.11,4.13,,1 frame(s); median area 10.0 px; flags: none
N1357356475,T0212,1357356475-0307,0.3446,1,7,co-iss-n1357356475,1357356475,2001-01-05T03:15:42.262,53.79,536.91,9.51,10,0.15,10,9.51,9.10,90.99,1.05,7.13,,1 frame(s); median area 10.0 px; flags: none
N1357373974,T0352,1357373974-0133,0.3431,1,16,co-iss-n1357373974,1357373974,2001-01-05T08:07:21.141,944.66,291.75,9.27,9,0.00,9,9.27,9.06,81.57,1.02,2.18,,1 frame(s); median area 9.0 px; flags: none
N1357378446,T0407,1357378446-0146,0.3425,1,19,co-iss-n1357378446,1357378446,2001-01-05T09:21:53.110,645.66,305.91,9.16,9,0.15,9,9.16,8.85,79.63,1.04,7.21,,1 frame(s); median area 9.0 px; flags: none
N1357370252,T0321,1357370252-0150,0.3401,1,15,co-iss-n1357370252,1357370252,2001-01-05T07:05:19.167,292.91,413.43,8.77,8,0.00,8,8.77,8.38,67.04,1.05,5.36,,1 frame(s); median area 8.0 px; flags: none
N1357374364,T0364,1357374364-0018,0.3392,1,17,co-iss-n1357374364,1357374364,2001-01-05T08:13:51.138,802.82,35.54,12.78,7,0.00,7,12.78,11.96,83.75,1.07,2.18,,1 frame(s); median area 7.0 px; flags: none
N1357378836,T0424,1357378836-0080,0.3390,1,20,co-iss-n1357378836,1357378836,2001-01-05T09:28:23.107,343.41,190.24,12.75,7,0.00,7,12.75,11.47,80.30,1.11,2.18,,1 frame(s); median area 7.0 px; flags: none
N1357345639,T0059,1357345639-0157,0.3383,1,2,co-iss-n1357345639,1357345639,2001-01-05T00:15:06.337,285.87,464.75,8.46,8,0.00,8,8.46,8.44,67.48,1.00,2.14,,1 frame(s); median area 8.0 px; flags: none
N1357345279,T0040,1357345279-0140,0.3379,1,1,co-iss-n1357345279,1357345279,2001-01-05T00:09:06.340,624.86,331.90,8.40,17,0.15,17,8.40,8.25,140.29,1.02,7.14,,1 frame(s); median area 17.0 px; flags: none
N1357352003,T0090,1357352003-0018,0.3375,1,4,co-iss-n1357352003,1357352003,2001-01-05T02:01:10.293,340.79,52.03,72.79,4,0.00,4,72.79,29.47,117.90,2.47,1.63,,1 frame(s); median area 4.0 px; flags: none
N1357352003,T0091,1357352003-0025,0.3375,1,4,co-iss-n1357352003,1357352003,2001-01-05T02:01:10.293,196.71,64.85,85.31,4,0.00,4,85.31,34.94,139.75,2.44,1.00,,1 frame(s); median area 4.0 px; flags: none
N1357352003,T0104,1357352003-0207,0.3375,1,4,co-iss-n1357352003,1357352003,2001-01-05T02:01:10.293,316.41,574.38,38.97,4,0.00,4,38.97,30.95,123.79,1.26,1.00,,1 frame(s); median area 4.0 px; flags: none
N1357365420,T0252,1357365420-0160,0.3375,1,11,co-iss-n1357365420,1357365420,2001-01-05T05:44:47.200,566.18,351.65,8.33,12,0.00,12,8.33,8.25,98.97,1.01,5.72,,1 frame(s); median area 12.0 px; flags: none
N1357378836,T0426,1357378836-0122,0.3373,1,20,co-iss-n1357378836,1357378836,2001-01-05T09:28:23.107,1020.43,284.35,8.29,14,0.00,14,8.29,8.22,115.07,1.01,3.14,,1 frame(s); median area 14.0 px; flags: none
N1357365780,T0269,1357365780-0223,0.3366,1,12,co-iss-n1357365780,1357365780,2001-01-05T05:50:47.198,60.39,657.68,8.18,24,0.15,24,8.18,7.97,191.30,1.03,7.52,,1 frame(s); median area 24.0 px; flags: none
N1357378836,T0419,1357378836-0050,0.3362,1,20,co-iss-n1357378836,1357378836,2001-01-05T09:28:23.107,967.61,113.79,12.29,7,0.00,7,12.29,9.91,69.36,1.24,2.18,,1 frame(s); median area 7.0 px; flags: none
N1357365030,T0230,1357365030-0067,0.3360,1,10,co-iss-n1357365030,1357365030,2001-01-05T05:38:17.203,438.72,176.11,12.25,7,0.00,7,12.25,11.75,82.24,1.04,5.39,,1 frame(s); median area 7.0 px; flags: none
N1357378446,T0413,1357378446-0169,0.3356,1,19,co-iss-n1357378446,1357378446,2001-01-05T09:21:53.110,821.80,342.30,8.02,10,0.00,10,8.02,8.02,80.21,1.00,5.72,,1 frame(s); median area 10.0 px; flags: none
N1357373974,T0343,1357373974-0102,0.3351,1,16,co-iss-n1357373974,1357373974,2001-01-05T08:07:21.141,137.57,226.57,12.10,7,0.00,7,12.10,12.09,84.61,1.00,1.31,,1 frame(s); median area 7.0 px; flags: none
N1357378836,T0428,1357378836-0152,0.3339,1,20,co-iss-n1357378836,1357378836,2001-01-05T09:28:23.107,126.75,317.57,11.90,7,0.00,7,11.90,10.33,72.33,1.15,4.73,,1 frame(s); median area 7.0 px; flags: none
N1357356475,T0184,1357356475-0065,0.3330,1,7,co-iss-n1357356475,1357356475,2001-01-05T03:15:42.262,749.96,131.97,11.74,7,0.00,7,11.74,10.92,76.47,1.08,4.39,,1 frame(s); median area 7.0 px; flags: none
N1357374364,T0366,1357374364-0046,0.3316,1,17,co-iss-n1357374364,1357374364,2001-01-05T08:13:51.138,908.86,80.43,11.52,7,0.00,7,11.52,11.47,80.29,1.00,2.78,,1 frame(s); median area 7.0 px; flags: none
N1357352363,T0125,1357352363-0072,0.3301,1,5,co-iss-n1357352363,1357352363,2001-01-05T02:07:10.291,136.19,172.52,15.43,6,0.15,6,15.43,13.89,83.32,1.11,6.19,,1 frame(s); median area 6.0 px; flags: none
N1357379196,T0443,1357379196-0123,0.3243,1,21,co-iss-n1357379196,1357379196,2001-01-05T09:34:23.105,300.99,294.99,10.30,7,0.00,7,10.30,9.51,66.59,1.08,4.39,,1 frame(s); median area 7.0 px; flags: none
N1357352003,T0094,1357352003-0127,0.3229,1,4,co-iss-n1357352003,1357352003,2001-01-05T02:01:10.293,970.20,375.52,22.57,4,0.00,4,22.57,16.19,64.75,1.39,2.62,,1 frame(s); median area 4.0 px; flags: none
N1357373974,T0324,1357373974-0013,0.3214,1,16,co-iss-n1357373974,1357373974,2001-01-05T08:07:21.141,599.93,28.18,13.99,6,0.00,6,13.99,11.64,69.84,1.20,2.03,,1 frame(s); median area 6.0 px; flags: none
N1357344889,T0022,1357344889-0161,0.3208,1,0,co-iss-n1357344889,1357344889,2001-01-05T00:02:36.342,276.32,337.87,9.71,7,0.00,7,9.71,9.40,65.79,1.03,5.39,,1 frame(s); median area 7.0 px; flags: none
N1357370252,T0320,1357370252-0139,0.3204,1,15,co-iss-n1357370252,1357370252,2001-01-05T07:05:19.167,291.58,369.71,9.66,7,0.15,7,9.66,8.95,62.64,1.08,7.15,,1 frame(s); median area 7.0 px; flags: none
N1357356475,T0209,1357356475-0289,0.3204,1,7,co-iss-n1357356475,1357356475,2001-01-05T03:15:42.262,89.71,492.14,9.65,7,0.00,7,9.65,9.61,67.25,1.00,2.09,,1 frame(s); median area 7.0 px; flags: none
N1357356835,T0221,1357356835-0042,0.3195,1,8,co-iss-n1357356835,1357356835,2001-01-05T03:21:42.260,380.74,121.65,13.67,6,0.00,6,13.67,12.70,76.17,1.08,2.64,,1 frame(s); median area 6.0 px; flags: none
N1357365030,T0232,1357365030-0084,0.3175,1,10,co-iss-n1357365030,1357365030,2001-01-05T05:38:17.203,26.43,217.48,13.33,6,0.00,6,13.33,12.70,76.22,1.05,2.45,,1 frame(s); median area 6.0 px; flags: none
N1357356475,T0211,1357356475-0296,0.3163,1,7,co-iss-n1357356475,1357356475,2001-01-05T03:15:42.262,135.43,505.43,8.97,7,0.00,7,8.97,8.96,62.72,1.00,2.39,,1 frame(s); median area 7.0 px; flags: none
N1357345279,T0037,1357345279-0103,0.3141,1,1,co-iss-n1357345279,1357345279,2001-01-05T00:09:06.340,865.88,232.56,8.60,7,0.00,7,8.60,8.35,58.48,1.03,2.29,,1 frame(s); median area 7.0 px; flags: none
N1357344889,T0027,1357344889-0191,0.3132,1,0,co-iss-n1357344889,1357344889,2001-01-05T00:02:36.342,274.14,418.57,8.45,7,0.00,7,8.45,8.38,58.66,1.01,3.33,,1 frame(s); median area 7.0 px; flags: none
N1357352003,T0109,1357352003-0230,0.3125,1,4,co-iss-n1357352003,1357352003,2001-01-05T02:01:10.293,897.77,630.63,38.63,3,0.00,3,38.63,20.34,61.01,1.90,1.73,,1 frame(s); median area 3.0 px; flags: none
N1357352003,T0110,1357352003-0236,0.3125,1,4,co-iss-n1357352003,1357352003,2001-01-05T02:01:10.293,671.16,651.07,62.04,3,0.00,3,62.04,27.34,82.03,2.27,4.39,,1 frame(s); median area 3.0 px; flags: none
N1357352003,T0111,1357352003-0260,0.3125,1,4,co-iss-n1357352003,1357352003,2001-01-05T02:01:10.293,180.60,720.17,106.48,3,0.00,3,106.48,59.62,178.85,1.79,1.73,,1 frame(s); median area 3.0 px; flags: none
N1357352003,T0113,1357352003-0269,0.3125,1,4,co-iss-n1357352003,1357352003,2001-01-05T02:01:10.293,1001.26,741.21,45.86,3,0.00,3,45.86,28.81,86.44,1.59,1.73,,1 frame(s); median area 3.0 px; flags: none
N1357379196,T0448,1357379196-0193,0.3109,1,21,co-iss-n1357379196,1357379196,2001-01-05T09:34:23.105,62.83,594.86,8.07,7,0.00,7,8.07,7.96,55.75,1.01,5.96,,1 frame(s); median area 7.0 px; flags: none
N1357369502,T0281,1357369502-0058,0.3107,1,13,co-iss-n1357369502,1357369502,2001-01-05T06:52:49.172,540.19,157.00,12.20,6,0.00,6,12.20,10.71,64.24,1.14,2.03,,1 frame(s); median area 6.0 px; flags: none
N1357356475,T0185,1357356475-0069,0.3096,1,7,co-iss-n1357356475,1357356475,2001-01-05T03:15:42.262,678.29,134.82,12.01,6,0.00,6,12.01,11.20,67.18,1.07,2.99,,1 frame(s); median area 6.0 px; flags: none
N1357378836,T0423,1357378836-0062,0.3093,1,20,co-iss-n1357378836,1357378836,2001-01-05T09:28:23.107,577.73,139.77,11.96,6,0.00,6,11.96,10.86,65.14,1.10,2.47,,1 frame(s); median area 6.0 px; flags: none
N1357365420,T0245,1357365420-0047,0.3043,1,11,co-iss-n1357365420,1357365420,2001-01-05T05:44:47.200,13.19,133.15,15.29,5,0.00,5,15.29,14.47,72.33,1.06,3.52,,1 frame(s); median area 5.0 px; flags: none
N1357356835,T0219,1357356835-0016,0.3041,1,8,co-iss-n1357356835,1357356835,2001-01-05T03:21:42.260,321.11,41.68,15.27,5,0.00,5,15.27,11.98,59.92,1.27,2.89,,1 frame(s); median area 5.0 px; flags: none
N1357351613,T0073,1357351613-0113,0.3039,1,3,co-iss-n1357351613,1357351613,2001-01-05T01:54:40.296,283.80,256.34,11.07,6,0.00,6,11.07,10.78,64.65,1.03,2.64,,1 frame(s); median area 6.0 px; flags: none
N1357352363,T0130,1357352363-0111,0.3038,1,5,co-iss-n1357352363,1357352363,2001-01-05T02:07:10.291,495.14,277.67,11.04,6,0.00,6,11.04,9.82,58.89,1.12,2.99,,1 frame(s); median area 6.0 px; flags: none
N1357373974,T0339,1357373974-0089,0.3018,1,16,co-iss-n1357373974,1357373974,2001-01-05T08:07:21.141,931.94,207.53,10.71,6,0.00,6,10.71,10.11,60.65,1.06,1.63,,1 frame(s); median area 6.0 px; flags: none
N1357352363,T0126,1357352363-0074,0.3009,1,5,co-iss-n1357352363,1357352363,2001-01-05T02:07:10.291,199.71,177.43,14.74,5,0.00,5,14.74,13.68,68.41,1.08,1.73,,1 frame(s); median area 5.0 px; flags: none
N1357365780,T0267,1357365780-0139,0.3006,1,12,co-iss-n1357365780,1357365780,2001-01-05T05:50:47.198,283.09,330.13,10.51,6,0.00,6,10.51,10.07,60.41,1.04,4.84,,1 frame(s); median area 6.0 px; flags: none
N1357356475,T0190,1357356475-0168,0.2994,1,7,co-iss-n1357356475,1357356475,2001-01-05T03:15:42.262,406.83,315.20,10.32,6,0.00,6,10.32,9.18,55.11,1.12,3.56,,1 frame(s); median area 6.0 px; flags: none
N1357352003,T0100,1357352003-0185,0.2982,1,4,co-iss-n1357352003,1357352003,2001-01-05T02:01:10.293,574.94,527.62,18.46,4,0.00,4,18.46,14.30,57.21,1.29,2.62,,1 frame(s); median area 4.0 px; flags: none
N1357379196,T0440,1357379196-0053,0.2977,1,21,co-iss-n1357379196,1357379196,2001-01-05T09:34:23.105,196.57,112.87,14.19,5,0.00,5,14.19,12.12,60.61,1.17,4.39,,1 frame(s); median area 5.0 px; flags: none
N1357351613,T0060,1357351613-0008,0.2976,1,3,co-iss-n1357351613,1357351613,2001-01-05T01:54:40.296,480.30,18.53,14.18,5,0.00,5,14.18,12.41,62.05,1.14,2.46,,1 frame(s); median area 5.0 px; flags: none
N1357369502,T0289,1357369502-0128,0.2975,1,13,co-iss-n1357369502,1357369502,2001-01-05T06:52:49.172,187.50,334.00,10.00,6,0.00,6,10.00,9.98,59.89,1.00,4.47,,1 frame(s); median area 6.0 px; flags: none
N1357378836,T0433,1357378836-0187,0.2959,1,20,co-iss-n1357378836,1357378836,2001-01-05T09:28:23.107,217.00,427.17,9.74,6,0.00,6,9.74,9.73,58.37,1.00,2.03,,1 frame(s); median area 6.0 px; flags: none
N1357352363,T0121,1357352363-0053,0.2955,1,5,co-iss-n1357352363,1357352363,2001-01-05T02:07:10.291,501.56,118.13,13.83,5,0.00,5,13.83,12.61,63.07,1.10,1.73,,1 frame(s); median area 5.0 px; flags: none
N1357356475,T0201,1357356475-0228,0.2946,1,7,co-iss-n1357356475,1357356475,2001-01-05T03:15:42.262,304.46,390.03,9.51,6,0.00,6,9.51,9.20,55.21,1.03,3.60,,1 frame(s); median area 6.0 px; flags: none
N1357379196,T0441,1357379196-0073,0.2941,1,21,co-iss-n1357379196,1357379196,2001-01-05T09:34:23.105,765.19,152.64,9.43,6,0.00,6,9.43,9.20,55.20,1.03,3.47,,1 frame(s); median area 6.0 px; flags: none
N1357352363,T0118,1357352363-0019,0.2931,1,5,co-iss-n1357352363,1357352363,2001-01-05T02:07:10.291,61.71,38.72,17.59,4,0.00,4,17.59,15.33,61.31,1.15,2.45,,1 frame(s); median area 4.0 px; flags: none
N1357369502,T0280,1357369502-0049,0.2921,1,13,co-iss-n1357369502,1357369502,2001-01-05T06:52:49.172,358.80,130.00,13.27,5,0.00,5,13.27,13.20,66.02,1.00,5.21,,1 frame(s); median area 5.0 px; flags: none
N1357352363,T0117,1357352363-0015,0.2918,1,5,co-iss-n1357352363,1357352363,2001-01-05T02:07:10.291,93.56,33.56,17.39,4,0.00,4,17.39,14.42,57.70,1.21,1.00,,1 frame(s); median area 4.0 px; flags: none
N1357356085,T0147,1357356085-0044,0.2911,1,6,co-iss-n1357356085,1357356085,2001-01-05T03:09:12.265,916.29,84.15,13.10,5,0.00,5,13.10,11.77,58.84,1.11,2.89,,1 frame(s); median area 5.0 px; flags: none
N1357378446,T0410,1357378446-0159,0.2906,1,19,co-iss-n1357378446,1357378446,2001-01-05T09:21:53.110,591.50,332.33,8.85,6,0.00,6,8.85,8.80,52.83,1.00,3.42,,1 frame(s); median area 6.0 px; flags: none
N1357351613,T0081,1357351613-0167,0.2898,1,3,co-iss-n1357351613,1357351613,2001-01-05T01:54:40.296,449.66,362.49,8.72,6,0.00,6,8.72,8.48,50.88,1.03,6.00,,1 frame(s); median area 6.0 px; flags: none
N1357356835,T0223,1357356835-0203,0.2893,1,8,co-iss-n1357356835,1357356835,2001-01-05T03:21:42.260,52.66,738.47,8.64,6,0.00,6,8.64,8.40,50.41,1.03,2.03,,1 frame(s); median area 6.0 px; flags: none
N1357356475,T0214,1357356475-0322,0.2893,1,7,co-iss-n1357356475,1357356475,2001-01-05T03:15:42.262,76.17,606.17,8.63,6,0.00,6,8.63,8.63,51.78,1.00,1.35,,1 frame(s); median area 6.0 px; flags: none
N1357352363,T0122,1357352363-0054,0.2885,1,5,co-iss-n1357352363,1357352363,2001-01-05T02:07:10.291,24.50,119.50,16.83,4,0.00,4,16.83,16.78,67.10,1.00,1.00,,1 frame(s); median area 4.0 px; flags: none
N1357345279,T0046,1357345279-0214,0.2883,1,1,co-iss-n1357345279,1357345279,2001-01-05T00:09:06.340,196.81,758.85,8.46,6,0.00,6,8.46,8.26,49.58,1.02,2.81,,1 frame(s); median area 6.0 px; flags: none
N1357370252,T0322,1357370252-0166,0.2882,1,15,co-iss-n1357370252,1357370252,2001-01-05T07:05:19.167,245.33,475.50,8.45,6,0.00,6,8.45,8.40,50.39,1.01,2.03,,1 frame(s); median area 6.0 px; flags: none
N1357345639,T0058,1357345639-0155,0.2879,1,2,co-iss-n1357345639,1357345639,2001-01-05T00:15:06.337,310.00,455.50,8.40,6,0.00,6,8.40,8.34,50.05,1.01,3.60,,1 frame(s); median area 6.0 px; flags: none
N1357378836,T0436,1357378836-0199,0.2873,1,20,co-iss-n1357378836,1357378836,2001-01-05T09:28:23.107,278.88,462.21,8.29,6,0.15,6,8.29,7.94,47.64,1.04,6.37,,1 frame(s); median area 6.0 px; flags: none
N1357344889,T0024,1357344889-0170,0.2867,1,0,co-iss-n1357344889,1357344889,2001-01-05T00:02:36.342,470.83,380.18,8.19,6,0.00,6,8.19,8.04,48.22,1.02,1.53,,1 frame(s); median area 6.0 px; flags: none
N1357378836,T0417,1357378836-0040,0.2862,1,20,co-iss-n1357378836,1357378836,2001-01-05T09:28:23.107,656.53,96.25,12.29,5,0.00,5,12.29,10.43,52.17,1.18,1.73,,1 frame(s); median area 5.0 px; flags: none
N1357373974,T0337,1357373974-0083,0.2843,1,16,co-iss-n1357373974,1357373974,2001-01-05T08:07:21.141,438.38,193.18,11.97,5,0.00,5,11.97,11.64,58.20,1.03,1.73,,1 frame(s); median area 5.0 px; flags: none
N1357369892,T0297,1357369892-0013,0.2839,1,14,co-iss-n1357369892,1357369892,2001-01-05T06:59:19.169,153.87,28.59,16.07,4,0.00,4,16.07,13.67,54.69,1.18,2.62,,1 frame(s); median area 4.0 px; flags: none
N1357352003,T0115,1357352003-0278,0.2837,1,4,co-iss-n1357352003,1357352003,2001-01-05T02:01:10.293,900.26,768.19,20.20,3,0.00,3,20.20,12.29,36.88,1.64,1.73,,1 frame(s); median area 3.0 px; flags: none
N1357378836,T0427,1357378836-0139,0.2827,1,20,co-iss-n1357378836,1357378836,2001-01-05T09:28:23.107,172.87,301.30,11.70,5,0.00,5,11.70,10.79,53.96,1.08,2.89,,1 frame(s); median area 5.0 px; flags: none
N1357378446,T0393,1357378446-0032,0.2817,1,19,co-iss-n1357378446,1357378446,2001-01-05T09:21:53.110,37.47,68.20,15.71,4,0.15,4,15.71,14.23,56.93,1.10,6.17,,1 frame(s); median area 4.0 px; flags: none
N1357345639,T0054,1357345639-0085,0.2812,1,2,co-iss-n1357345639,1357345639,2001-01-05T00:15:06.337,414.95,233.30,11.44,5,0.00,5,11.44,10.55,52.75,1.08,2.44,,1 frame(s); median area 5.0 px; flags: none
N1357356085,T0156,1357356085-0109,0.2804,1,6,co-iss-n1357356085,1357356085,2001-01-05T03:09:12.265,368.41,239.35,11.32,5,0.00,5,11.32,10.98,54.90,1.03,3.40,,1 frame(s); median area 5.0 px; flags: none
N1357352363,T0116,1357352363-0011,0.2796,1,5,co-iss-n1357352363,1357352363,2001-01-05T02:07:10.291,770.61,27.42,11.18,5,0.00,5,11.18,9.66,48.31,1.16,3.40,,1 frame(s); median area 5.0 px; flags: none
N1357352363,T0132,1357352363-0125,0.2796,1,5,co-iss-n1357352363,1357352363,2001-01-05T02:07:10.291,392.30,303.56,11.18,5,0.00,5,11.18,10.27,51.36,1.09,5.83,,1 frame(s); median area 5.0 px; flags: none
N1357373974,T0328,1357373974-0027,0.2782,1,16,co-iss-n1357373974,1357373974,2001-01-05T08:07:21.141,238.15,49.30,15.12,4,0.15,4,15.12,13.31,53.25,1.14,6.17,,1 frame(s); median area 4.0 px; flags: none
N1357369502,T0288,1357369502-0125,0.2778,1,13,co-iss-n1357369502,1357369502,2001-01-05T06:52:49.172,84.80,331.80,10.88,5,0.00,5,10.88,10.83,54.15,1.00,2.14,,1 frame(s); median area 5.0 px; flags: none
N1357369502,T0285,1357369502-0097,0.2774,1,13,co-iss-n1357369502,1357369502,2001-01-05T06:52:49.172,376.97,253.17,10.82,5,0.00,5,10.82,10.49,52.43,1.03,1.62,,1 frame(s); median area 5.0 px; flags: none
N1357374364,T0361,1357374364-0001,0.2773,1,17,co-iss-n1357374364,1357374364,2001-01-05T08:13:51.138,5.28,5.49,14.97,4,0.00,4,14.97,13.26,53.03,1.13,4.47,,1 frame(s); median area 4.0 px; flags: none
N1357378446,T0389,1357378446-0019,0.2760,1,19,co-iss-n1357378446,1357378446,2001-01-05T09:21:53.110,472.72,44.55,14.75,4,0.00,4,14.75,11.23,44.91,1.31,2.45,,1 frame(s); median area 4.0 px; flags: none
N1357379196,T0438,1357379196-0009,0.2760,1,21,co-iss-n1357379196,1357379196,2001-01-05T09:34:23.105,268.45,30.64,14.75,4,0.00,4,14.75,13.47,53.87,1.10,5.83,,1 frame(s); median area 4.0 px; flags: none
N1357370252,T0304,1357370252-0054,0.2755,1,15,co-iss-n1357370252,1357370252,2001-01-05T07:05:19.167,67.11,152.06,14.66,4,0.00,4,14.66,12.40,49.62,1.18,3.60,,1 frame(s); median area 4.0 px; flags: none
N1357344889,T0003,1357344889-0024,0.2746,1,0,co-iss-n1357344889,1357344889,2001-01-05T00:02:36.342,472.75,55.00,14.52,4,0.00,4,14.52,14.45,57.81,1.00,3.60,,1 frame(s); median area 4.0 px; flags: none
N1357351613,T0070,1357351613-0104,0.2743,1,3,co-iss-n1357351613,1357351613,2001-01-05T01:54:40.296,757.80,236.40,10.31,5,0.00,5,10.31,10.31,51.54,1.00,1.73,,1 frame(s); median area 5.0 px; flags: none
N1357345639,T0053,1357345639-0043,0.2733,1,2,co-iss-n1357345639,1357345639,2001-01-05T00:15:06.337,234.51,131.02,14.30,4,0.00,4,14.30,11.64,46.58,1.23,2.62,,1 frame(s); median area 4.0 px; flags: none
N1357356475,T0207,1357356475-0267,0.2732,1,7,co-iss-n1357356475,1357356475,2001-01-05T03:15:42.262,105.21,449.19,10.12,5,0.00,5,10.12,8.77,43.85,1.15,2.89,,1 frame(s); median area 5.0 px; flags: none
N1357365780,T0264,1357365780-0049,0.2723,1,12,co-iss-n1357365780,1357365780,2001-01-05T05:50:47.198,346.95,106.49,14.13,4,0.00,4,14.13,10.58,42.30,1.34,2.62,,1 frame(s); median area 4.0 px; flags: none
N1357356475,T0192,1357356475-0188,0.2720,1,7,co-iss-n1357356475,1357356475,2001-01-05T03:15:42.262,375.22,343.60,9.92,5,0.00,5,9.92,8.46,42.32,1.17,5.83,,1 frame(s); median area 5.0 px; flags: none
N1357356475,T0195,1357356475-0198,0.2720,1,7,co-iss-n1357356475,1357356475,2001-01-05T03:15:42.262,346.20,352.21,9.92,5,0.00,5,9.92,9.37,46.86,1.06,2.89,,1 frame(s); median area 5.0 px; flags: none
N1357345639,T0051,1357345639-0030,0.2713,1,2,co-iss-n1357345639,1357345639,2001-01-05T00:15:06.337,495.50,73.50,13.97,4,0.00,4,13.97,13.87,55.46,1.01,1.00,,1 frame(s); median area 4.0 px; flags: none
N1357344889,T0006,1357344889-0040,0.2712,1,0,co-iss-n1357344889,1357344889,2001-01-05T00:02:36.342,414.11,89.37,13.96,4,0.00,4,13.96,11.09,44.35,1.26,2.62,,1 frame(s); median area 4.0 px; flags: none
N1357365780,T0262,1357365780-0007,0.2704,1,12,co-iss-n1357365780,1357365780,2001-01-05T05:50:47.198,463.24,15.30,13.81,4,0.00,4,13.81,12.75,51.02,1.08,2.45,,1 frame(s); median area 4.0 px; flags: none
N1357378446,T0387,1357378446-0011,0.2703,1,19,co-iss-n1357378446,1357378446,2001-01-05T09:21:53.110,877.53,28.53,13.80,4,0.00,4,13.80,12.98,51.93,1.06,1.00,,1 frame(s); median area 4.0 px; flags: none
N1357356085,T0142,1357356085-0025,0.2699,1,6,co-iss-n1357356085,1357356085,2001-01-05T03:09:12.265,850.38,46.53,13.74,4,0.00,4,13.74,11.10,44.40,1.24,1.00,,1 frame(s); median area 4.0 px; flags: none
N1357345279,T0042,1357345279-0176,0.2697,1,1,co-iss-n1357345279,1357345279,2001-01-05T00:09:06.340,192.00,451.05,9.53,5,0.00,5,9.53,9.01,45.05,1.06,2.62,,1 frame(s); median area 5.0 px; flags: none
N1357379196,T0445,1357379196-0149,0.2695,1,21,co-iss-n1357379196,1357379196,2001-01-05T09:34:23.105,315.59,346.77,9.49,5,0.00,5,9.49,9.26,46.31,1.03,1.73,,1 frame(s); median area 5.0 px; flags: none
N1357374724,T0383,1357374724-0009,0.2693,1,18,co-iss-n1357374724,1357374724,2001-01-05T08:19:51.136,500.57,24.53,13.63,4,0.00,4,13.63,11.94,47.76,1.14,1.00,,1 frame(s); median area 4.0 px; flags: none
N1357352363,T0123,1357352363-0066,0.2692,1,5,co-iss-n1357352363,1357352363,2001-01-05T02:07:10.291,445.46,153.72,13.62,4,0.00,4,13.62,11.01,44.05,1.24,4.47,,1 frame(s); median area 4.0 px; flags: none
N1357351613,T0076,1357351613-0129,0.2683,1,3,co-iss-n1357351613,1357351613,2001-01-05T01:54:40.296,723.64,292.82,9.29,5,0.00,5,9.29,8.73,43.66,1.06,1.73,,1 frame(s); median area 5.0 px; flags: none
N1357356475,T0198,1357356475-0208,0.2679,1,7,co-iss-n1357356475,1357356475,2001-01-05T03:15:42.262,409.79,369.15,9.24,5,0.00,5,9.24,8.97,44.85,1.03,3.52,,1 frame(s); median area 5.0 px; flags: none
N1357379196,T0442,1357379196-0075,0.2676,1,21,co-iss-n1357379196,1357379196,2001-01-05T09:34:23.105,784.41,156.76,9.18,5,0.00,5,9.18,8.85,44.27,1.04,1.73,,1 frame(s); median area 5.0 px; flags: none
N1357373974,T0323,1357373974-0003,0.2665,1,16,co-iss-n1357373974,1357373974,2001-01-05T08:07:21.141,588.50,9.50,13.17,4,0.00,4,13.17,13.17,52.67,1.00,1.00,,1 frame(s); median area 4.0 px; flags: none
N1357345279,T0045,1357345279-0209,0.2665,1,1,co-iss-n1357345279,1357345279,2001-01-05T00:09:06.340,47.82,735.21,9.00,5,0.00,5,9.00,8.73,43.64,1.03,2.89,,1 frame(s); median area 5.0 px; flags: none
N1357365420,T0244,1357365420-0043,0.2664,1,11,co-iss-n1357365420,1357365420,2001-01-05T05:44:47.200,550.00,116.50,13.15,4,0.00,4,13.15,13.12,52.47,1.00,2.62,,1 frame(s); median area 4.0 px; flags: none
N1357370252,T0305,1357370252-0072,0.2663,1,15,co-iss-n1357370252,1357370252,2001-01-05T07:05:19.167,148.08,202.49,13.14,4,0.00,4,13.14,11.09,44.36,1.18,2.62,,1 frame(s); median area 4.0 px; flags: none
N1357379196,T0446,1357379196-0150,0.2661,1,21,co-iss-n1357379196,1357379196,2001-01-05T09:34:23.105,375.41,355.41,8.94,5,0.00,5,8.94,8.74,43.70,1.02,3.40,,1 frame(s); median area 5.0 px; flags: none
N1357345639,T0052,1357345639-0039,0.2659,1,2,co-iss-n1357345639,1357345639,2001-01-05T00:15:06.337,489.21,120.82,13.07,4,0.00,4,13.07,12.02,48.08,1.09,2.45,,1 frame(s); median area 4.0 px; flags: none
N1357351613,T0067,1357351613-0084,0.2657,1,3,co-iss-n1357351613,1357351613,2001-01-05T01:54:40.296,128.00,194.48,13.04,4,0.00,4,13.04,12.45,49.82,1.05,2.62,,1 frame(s); median area 4.0 px; flags: none
N1357369502,T0277,1357369502-0036,0.2656,1,13,co-iss-n1357369502,1357369502,2001-01-05T06:52:49.172,922.50,86.50,13.02,4,0.00,4,13.02,13.00,52.00,1.00,1.00,,1 frame(s); median area 4.0 px; flags: none
N1357352003,T0093,1357352003-0122,0.2647,1,4,co-iss-n1357352003,1357352003,2001-01-05T02:01:10.293,991.22,357.09,17.03,3,0.00,3,17.03,12.04,36.12,1.41,4.39,,1 frame(s); median area 3.0 px; flags: none
N1357352363,T0120,1357352363-0052,0.2643,1,5,co-iss-n1357352363,1357352363,2001-01-05T02:07:10.291,453.47,113.87,12.80,4,0.00,4,12.80,10.11,40.43,1.27,2.62,,1 frame(s); median area 4.0 px; flags: none
N1357356475,T0204,1357356475-0252,0.2643,1,7,co-iss-n1357356475,1357356475,2001-01-05T03:15:42.262,333.21,420.18,8.63,5,0.00,5,8.63,8.42,42.08,1.03,2.89,,1 frame(s); median area 5.0 px; flags: none
N1357378446,T0411,1357378446-0162,0.2641,1,19,co-iss-n1357378446,1357378446,2001-01-05T09:21:53.110,682.17,333.62,8.59,5,0.00,5,8.59,8.28,41.42,1.04,1.73,,1 frame(s); median area 5.0 px; flags: none
N1357370252,T0311,1357370252-0097,0.2640,1,15,co-iss-n1357370252,1357370252,2001-01-05T07:05:19.167,695.81,271.20,8.58,5,0.00,5,8.58,8.42,42.11,1.02,2.89,,1 frame(s); median area 5.0 px; flags: none
N1357379196,T0449,1357379196-0205,0.2639,1,21,co-iss-n1357379196,1357379196,2001-01-05T09:34:23.105,55.17,767.75,8.57,5,0.00,5,8.57,8.19,40.96,1.05,3.52,,1 frame(s); median area 5.0 px; flags: none
N1357369892,T0300,1357369892-0032,0.2613,1,14,co-iss-n1357369892,1357369892,2001-01-05T06:59:19.169,790.50,65.00,12.29,4,0.00,4,12.29,12.28,49.11,1.00,2.62,,1 frame(s); median area 4.0 px; flags: none
N1357365780,T0261,1357365780-0002,0.2610,1,12,co-iss-n1357365780,1357365780,2001-01-05T05:50:47.198,640.00,6.52,12.26,4,0.00,4,12.26,11.87,47.49,1.03,2.62,,1 frame(s); median area 4.0 px; flags: none
N1357345279,T0034,1357345279-0063,0.2604,1,1,co-iss-n1357345279,1357345279,2001-01-05T00:09:06.340,600.00,146.50,12.14,4,0.00,4,12.14,12.11,48.44,1.00,2.62,,1 frame(s); median area 4.0 px; flags: none
N1357374364,T0370,1357374364-0133,0.2602,1,17,co-iss-n1357374364,1357374364,2001-01-05T08:13:51.138,268.53,245.97,12.11,4,0.00,4,12.11,10.94,43.74,1.11,2.62,,1 frame(s); median area 4.0 px; flags: none
N1357344889,T0012,1357344889-0098,0.2587,1,0,co-iss-n1357344889,1357344889,2001-01-05T00:02:36.342,343.00,203.50,11.87,4,0.00,4,11.87,11.87,47.46,1.00,2.62,,1 frame(s); median area 4.0 px; flags: none
N1357356475,T0187,1357356475-0112,0.2572,1,7,co-iss-n1357356475,1357356475,2001-01-05T03:15:42.262,549.71,210.97,11.61,4,0.00,4,11.61,8.96,35.83,1.30,3.60,,1 frame(s); median area 4.0 px; flags: none
N1357345279,T0041,1357345279-0164,0.2559,1,1,co-iss-n1357345279,1357345279,2001-01-05T00:09:06.340,87.05,394.50,11.41,4,0.00,4,11.41,10.13,40.54,1.13,2.62,,1 frame(s); median area 4.0 px; flags: none
N1357352003,T0098,1357352003-0173,0.2547,1,4,co-iss-n1357352003,1357352003,2001-01-05T02:01:10.293,848.23,489.40,15.37,3,0.00,3,15.37,12.70,38.09,1.21,1.73,,1 frame(s); median area 3.0 px; flags: none
N1357374364,T0369,1357374364-0089,0.2546,1,17,co-iss-n1357374364,1357374364,2001-01-05T08:13:51.138,662.82,158.82,11.19,4,0.00,4,11.19,10.28,41.12,1.09,2.45,,1 frame(s); median area 4.0 px; flags: none
N1357378836,T0425,1357378836-0100,0.2546,1,20,co-iss-n1357378836,1357378836,2001-01-05T09:28:23.107,484.50,228.00,11.18,4,0.00,4,11.18,11.14,44.58,1.00,2.62,,1 frame(s); median area 4.0 px; flags: none
N1357365780,T0266,1357365780-0120,0.2544,1,12,co-iss-n1357365780,1357365780,2001-01-05T05:50:47.198,289.50,282.50,11.16,4,0.00,4,11.16,11.16,44.63,1.00,1.00,,1 frame(s); median area 4.0 px; flags: none
N1357352003,T0108,1357352003-0228,0.2540,1,4,co-iss-n1357352003,1357352003,2001-01-05T02:01:10.293,534.55,629.24,15.25,3,0.00,3,15.25,11.22,33.66,1.36,1.73,,1 frame(s); median area 3.0 px; flags: none
N1357369892,T0299,1357369892-0028,0.2538,1,14,co-iss-n1357369892,1357369892,2001-01-05T06:59:19.169,182.29,57.55,15.22,3,0.00,3,15.22,11.25,33.75,1.35,1.73,,1 frame(s); median area 3.0 px; flags: none
N1357356085,T0158,1357356085-0113,0.2532,1,6,co-iss-n1357356085,1357356085,2001-01-05T03:09:12.265,999.00,245.25,10.94,4,0.00,4,10.94,10.93,43.71,1.00,1.63,,1 frame(s); median area 4.0 px; flags: none
N1357365420,T0241,1357365420-0016,0.2529,1,11,co-iss-n1357365420,1357365420,2001-01-05T05:44:47.200,214.11,43.36,15.06,3,0.00,3,15.06,12.95,38.85,1.16,4.39,,1 frame(s); median area 3.0 px; flags: none
N1357374364,T0362,1357374364-0004,0.2523,1,17,co-iss-n1357374364,1357374364,2001-01-05T08:13:51.138,98.08,10.36,14.97,3,0.00,3,14.97,13.87,41.61,1.08,4.39,,1 frame(s); median area 3.0 px; flags: none
N1357345279,T0036,1357345279-0080,0.2522,1,1,co-iss-n1357345279,1357345279,2001-01-05T00:09:06.340,58.68,186.34,14.95,3,0.00,3,14.95,14.46,43.38,1.03,1.73,,1 frame(s); median area 3.0 px; flags: none
N1357373974,T0325,1357373974-0018,0.2521,1,16,co-iss-n1357373974,1357373974,2001-01-05T08:07:21.141,347.29,35.76,14.93,3,0.00,3,14.93,10.56,31.68,1.41,1.73,,1 frame(s); median area 3.0 px; flags: none
N1357370252,T0310,1357370252-0095,0.2508,1,15,co-iss-n1357370252,1357370252,2001-01-05T07:05:19.167,432.26,260.21,10.54,4,0.00,4,10.54,9.95,39.79,1.06,2.45,,1 frame(s); median area 4.0 px; flags: none
