image_id,track_id,candidate_id,confidence,track_length,frame_index,opus_id,image_number,time,x,y,brightness,blob_size,artifact_score,area_px,peak_snr,mean_snr,integrated_snr,sharpness,elongation,flags,reason
N1357331473,T0184,1357331473-0092,0.7747,3,8,co-iss-n1357331473,1357331473,2001-01-04T20:19:00.435,72.99,227.50,12.99,6,0.00,6,12.99,12.85,77.11,1.01,1.63,,"3 frame(s); median area 8.0 px; net motion dx=125.7, dy=6.9; flags: none"
N1357331863,T0184,1357331863-0127,0.7747,3,9,co-iss-n1357331863,1357331863,2001-01-04T20:25:30.433,132.08,200.18,14.99,8,0.00,8,14.99,14.27,114.15,1.05,2.60,,"3 frame(s); median area 8.0 px; net motion dx=125.7, dy=6.9; flags: none"
N1357332223,T0184,1357332223-0082,0.7747,3,10,co-iss-n1357332223,1357332223,2001-01-04T20:31:30.430,198.71,234.45,13.29,8,0.00,8,13.29,12.09,96.70,1.10,1.66,,"3 frame(s); median area 8.0 px; net motion dx=125.7, dy=6.9; flags: none"
N1357313585,T0013,1357313585-0047,0.7458,3,0,co-iss-n1357313585,1357313585,2001-01-04T15:20:52.559,630.50,130.50,12.84,6,0.00,6,12.84,12.77,76.64,1.01,4.60,,"3 frame(s); median area 7.0 px; net motion dx=86.9, dy=-113.2; flags: none"
N1357313975,T0013,1357313975-0034,0.7458,3,1,co-iss-n1357313975,1357313975,2001-01-04T15:27:22.557,684.05,89.98,13.55,7,0.00,7,13.55,13.20,92.37,1.03,4.39,,"3 frame(s); median area 7.0 px; net motion dx=86.9, dy=-113.2; flags: none"
N1357314335,T0013,1357314335-0009,0.7458,3,2,co-iss-n1357314335,1357314335,2001-01-04T15:33:22.554,717.44,17.25,13.36,10,0.00,10,13.36,12.62,126.22,1.06,2.15,,"3 frame(s); median area 7.0 px; net motion dx=86.9, dy=-113.2; flags: none"
N1357335945,T0275,1357335945-0073,0.7266,3,11,co-iss-n1357335945,1357335945,2001-01-04T21:33:32.404,543.04,179.00,11.96,7,0.00,7,11.96,11.08,77.59,1.08,4.39,,"3 frame(s); median area 7.0 px; net motion dx=-6.7, dy=27.3; flags: none"
N1357336335,T0275,1357336335-0085,0.7266,3,12,co-iss-n1357336335,1357336335,2001-01-04T21:40:02.402,578.56,185.66,11.96,7,0.00,7,11.96,10.90,76.30,1.10,2.18,,"3 frame(s); median area 7.0 px; net motion dx=-6.7, dy=27.3; flags: none"
N1357336695,T0275,1357336695-0065,0.7266,3,13,co-iss-n1357336695,1357336695,2001-01-04T21:46:02.399,536.38,206.33,11.31,3,0.00,3,11.31,9.89,29.67,1.14,1.73,,"3 frame(s); median area 7.0 px; net motion dx=-6.7, dy=27.3; flags: none"
N1357335945,T0269,1357335945-0057,0.6781,3,11,co-iss-n1357335945,1357335945,2001-01-04T21:33:32.404,487.57,141.03,12.03,4,0.00,4,12.03,9.61,38.45,1.25,2.62,,"3 frame(s); median area 4.0 px; net motion dx=-73.8, dy=-87.3; flags: none"
N1357336335,T0269,1357336335-0041,0.6781,3,12,co-iss-n1357336335,1357336335,2001-01-04T21:40:02.402,495.40,72.29,14.90,7,0.00,7,14.90,14.16,99.13,1.05,2.18,,"3 frame(s); median area 4.0 px; net motion dx=-73.8, dy=-87.3; flags: none"
N1357336695,T0269,1357336695-0021,0.6781,3,13,co-iss-n1357336695,1357336695,2001-01-04T21:46:02.399,413.72,53.76,15.55,3,0.00,3,15.55,10.69,32.06,1.46,1.73,,"3 frame(s); median area 4.0 px; net motion dx=-73.8, dy=-87.3; flags: none"
N1357313585,T0009,1357313585-0039,0.6764,3,0,co-iss-n1357313585,1357313585,2001-01-04T15:20:52.559,546.70,102.32,13.74,5,0.00,5,13.74,11.45,57.26,1.20,4.39,,"3 frame(s); median area 4.0 px; net motion dx=18.8, dy=-0.8; flags: none"
N1357313975,T0009,1357313975-0028,0.6764,3,1,co-iss-n1357313975,1357313975,2001-01-04T15:27:22.557,549.74,79.75,14.84,3,0.00,3,14.84,10.19,30.58,1.46,1.73,,"3 frame(s); median area 4.0 px; net motion dx=18.8, dy=-0.8; flags: none"
N1357314335,T0009,1357314335-0039,0.6764,3,2,co-iss-n1357314335,1357314335,2001-01-04T15:33:22.554,565.50,101.50,14.07,4,0.00,4,14.07,14.05,56.21,1.00,1.00,,"3 frame(s); median area 4.0 px; net motion dx=18.8, dy=-0.8; flags: none"
N1357331473,T0181,1357331473-0034,0.6730,3,8,co-iss-n1357331473,1357331473,2001-01-04T20:19:00.435,761.69,74.65,13.37,3,0.00,3,13.37,12.87,38.60,1.04,1.73,,"3 frame(s); median area 4.0 px; net motion dx=87.8, dy=-65.2; flags: none"
N1357331863,T0181,1357331863-0044,0.6730,3,9,co-iss-n1357331863,1357331863,2001-01-04T20:25:30.433,825.62,61.32,12.88,5,0.00,5,12.88,11.01,55.03,1.17,1.73,,"3 frame(s); median area 4.0 px; net motion dx=87.8, dy=-65.2; flags: none"
N1357332223,T0181,1357332223-0004,0.6730,3,10,co-iss-n1357332223,1357332223,2001-01-04T20:31:30.430,849.50,9.50,11.19,4,0.00,4,11.19,11.19,44.74,1.00,1.00,,"3 frame(s); median area 4.0 px; net motion dx=87.8, dy=-65.2; flags: none"
N1357331473,T0185,1357331473-0094,0.6643,3,8,co-iss-n1357331473,1357331473,2001-01-04T20:19:00.435,53.84,231.28,13.12,3,0.00,3,13.12,9.92,29.76,1.32,4.39,,"3 frame(s); median area 3.0 px; net motion dx=-42.8, dy=-16.8; flags: none"
N1357331863,T0185,1357331863-0103,0.6643,3,9,co-iss-n1357331863,1357331863,2001-01-04T20:25:30.433,48.32,154.57,16.60,3,0.00,3,16.60,12.75,38.26,1.30,1.73,,"3 frame(s); median area 3.0 px; net motion dx=-42.8, dy=-16.8; flags: none"
N1357332223,T0185,1357332223-0073,0.6643,3,10,co-iss-n1357332223,1357332223,2001-01-04T20:31:30.430,11.00,214.50,14.59,6,0.00,6,14.59,14.55,87.31,1.00,1.63,,"3 frame(s); median area 3.0 px; net motion dx=-42.8, dy=-16.8; flags: none"
N1357327001,T0152,1357327001-0168,0.6554,3,5,co-iss-n1357327001,1357327001,2001-01-04T19:04:28.466,552.37,364.50,8.34,8,0.00,8,8.34,8.31,66.47,1.00,3.14,,"3 frame(s); median area 5.0 px; net motion dx=-115.6, dy=14.9; flags: none"
N1357327391,T0152,1357327391-0146,0.6554,3,6,co-iss-n1357327391,1357327391,2001-01-04T19:10:58.464,505.77,392.00,8.23,4,0.00,4,8.23,8.00,32.01,1.03,1.63,,"3 frame(s); median area 5.0 px; net motion dx=-115.6, dy=14.9; flags: none"
N1357327751,T0152,1357327751-0129,0.6554,3,7,co-iss-n1357327751,1357327751,2001-01-04T19:16:58.461,436.80,379.40,9.45,5,0.00,5,9.45,9.45,47.23,1.00,1.73,,"3 frame(s); median area 5.0 px; net motion dx=-115.6, dy=14.9; flags: none"
N1357327001,T0137,1357327001-0111,0.6549,3,5,co-iss-n1357327001,1357327001,2001-01-04T19:04:28.466,490.50,262.50,10.63,4,0.00,4,10.63,10.59,42.38,1.00,1.00,,"3 frame(s); median area 4.0 px; net motion dx=4.4, dy=-99.2; flags: none"
N1357327391,T0137,1357327391-0077,0.6549,3,6,co-iss-n1357327391,1357327391,2001-01-04T19:10:58.464,528.66,205.31,12.10,3,0.00,3,12.10,11.72,35.15,1.03,1.73,,"3 frame(s); median area 4.0 px; net motion dx=4.4, dy=-99.2; flags: none"
N1357327751,T0137,1357327751-0058,0.6549,3,7,co-iss-n1357327751,1357327751,2001-01-04T19:16:58.461,494.85,163.30,13.02,8,0.00,8,13.02,12.08,96.60,1.08,5.05,,"3 frame(s); median area 4.0 px; net motion dx=4.4, dy=-99.2; flags: none"
N1357327001,T0128,1357327001-0057,0.6502,3,5,co-iss-n1357327001,1357327001,2001-01-04T19:04:28.466,659.80,144.19,12.09,8,0.00,8,12.09,10.57,84.52,1.14,3.67,,"3 frame(s); median area 4.0 px; net motion dx=12.9, dy=7.9; flags: none"
N1357327391,T0128,1357327391-0054,0.6502,3,6,co-iss-n1357327391,1357327391,2001-01-04T19:10:58.464,704.38,140.38,12.10,3,0.00,3,12.10,10.69,32.06,1.13,1.73,,"3 frame(s); median area 4.0 px; net motion dx=12.9, dy=7.9; flags: none"
N1357327751,T0128,1357327751-0053,0.6502,3,7,co-iss-n1357327751,1357327751,2001-01-04T19:16:58.461,672.67,152.09,11.71,4,0.15,4,11.71,10.14,40.58,1.15,6.85,,"3 frame(s); median area 4.0 px; net motion dx=12.9, dy=7.9; flags: none"
N1357331473,T0189,1357331473-0104,0.6501,3,8,co-iss-n1357331473,1357331473,2001-01-04T20:19:00.435,342.50,260.50,11.01,4,0.00,4,11.01,11.01,44.04,1.00,1.00,,"3 frame(s); median area 5.0 px; net motion dx=20.7, dy=-43.3; flags: none"
N1357331863,T0189,1357331863-0143,0.6501,3,9,co-iss-n1357331863,1357331863,2001-01-04T20:25:30.433,407.35,223.39,12.81,7,0.00,7,12.81,10.64,74.51,1.20,5.88,,"3 frame(s); median area 5.0 px; net motion dx=20.7, dy=-43.3; flags: none"
N1357332223,T0189,1357332223-0077,0.6501,3,10,co-iss-n1357332223,1357332223,2001-01-04T20:31:30.430,363.16,217.20,12.61,5,0.00,5,12.61,12.34,61.72,1.02,3.52,,"3 frame(s); median area 5.0 px; net motion dx=20.7, dy=-43.3; flags: none"
N1357313585,T0019,1357313585-0072,0.6493,3,0,co-iss-n1357313585,1357313585,2001-01-04T15:20:52.559,764.62,184.24,11.35,3,0.00,3,11.35,9.95,29.86,1.14,1.73,,"3 frame(s); median area 4.0 px; net motion dx=-33.2, dy=-1.8; flags: none"
N1357313975,T0019,1357313975-0110,0.6493,3,1,co-iss-n1357313975,1357313975,2001-01-04T15:27:22.557,778.00,242.00,10.02,4,0.00,4,10.02,10.02,40.08,1.00,1.73,,"3 frame(s); median area 4.0 px; net motion dx=-33.2, dy=-1.8; flags: none"
N1357314335,T0019,1357314335-0071,0.6493,3,2,co-iss-n1357314335,1357314335,2001-01-04T15:33:22.554,731.46,182.46,11.16,4,0.00,4,11.16,10.30,41.19,1.08,1.00,,"3 frame(s); median area 4.0 px; net motion dx=-33.2, dy=-1.8; flags: none"
N1357335945,T0268,1357335945-0049,0.6470,3,11,co-iss-n1357335945,1357335945,2001-01-04T21:33:32.404,943.78,123.78,12.47,4,0.00,4,12.47,9.07,36.29,1.37,2.45,,"3 frame(s); median area 4.0 px; net motion dx=-23.3, dy=3.7; flags: none"
N1357336335,T0268,1357336335-0045,0.6470,3,12,co-iss-n1357336335,1357336335,2001-01-04T21:40:02.402,896.00,89.50,11.20,6,0.00,6,11.20,11.20,67.21,1.00,1.63,,"3 frame(s); median area 4.0 px; net motion dx=-23.3, dy=3.7; flags: none"
N1357336695,T0268,1357336695-0042,0.6470,3,13,co-iss-n1357336695,1357336695,2001-01-04T21:46:02.399,920.50,127.50,8.46,4,0.00,4,8.46,8.43,33.71,1.00,1.00,,"3 frame(s); median area 4.0 px; net motion dx=-23.3, dy=3.7; flags: none"
N1357331473,T0193,1357331473-0121,0.6469,3,8,co-iss-n1357331473,1357331473,2001-01-04T20:19:00.435,146.77,298.77,11.07,4,0.00,4,11.07,9.13,36.53,1.21,2.45,,"3 frame(s); median area 4.0 px; net motion dx=-11.1, dy=-5.4; flags: none"
N1357331863,T0193,1357331863-0164,0.6469,3,9,co-iss-n1357331863,1357331863,2001-01-04T20:25:30.433,120.43,269.16,12.49,5,0.15,5,12.49,9.43,47.13,1.32,6.31,,"3 frame(s); median area 4.0 px; net motion dx=-11.1, dy=-5.4; flags: none"
N1357332223,T0193,1357332223-0106,0.6469,3,10,co-iss-n1357332223,1357332223,2001-01-04T20:31:30.430,135.67,293.33,12.89,3,0.00,3,12.89,12.86,38.59,1.00,1.73,,"3 frame(s); median area 4.0 px; net motion dx=-11.1, dy=-5.4; flags: none"
N1357340417,T0335,1357340417-0145,0.6452,3,14,co-iss-n1357340417,1357340417,2001-01-04T22:48:04.373,299.54,329.46,9.95,4,0.00,4,9.95,9.23,36.94,1.08,1.00,,"3 frame(s); median area 5.0 px; net motion dx=-13.9, dy=-128.4; flags: none"
N1357340807,T0335,1357340807-0106,0.6452,3,15,co-iss-n1357340807,1357340807,2001-01-04T22:54:34.371,277.85,284.35,11.76,5,0.15,5,11.76,10.82,54.09,1.09,6.31,,"3 frame(s); median area 5.0 px; net motion dx=-13.9, dy=-128.4; flags: none"
N1357341167,T0335,1357341167-0074,0.6452,3,16,co-iss-n1357341167,1357341167,2001-01-04T23:00:34.368,285.66,201.05,12.94,8,0.15,8,12.94,10.28,82.23,1.26,6.59,,"3 frame(s); median area 5.0 px; net motion dx=-13.9, dy=-128.4; flags: none"
N1357313585,T0014,1357313585-0050,0.6452,3,0,co-iss-n1357313585,1357313585,2001-01-04T15:20:52.559,623.95,135.95,12.71,5,0.00,5,12.71,12.06,60.28,1.05,2.62,,"3 frame(s); median area 5.0 px; net motion dx=46.4, dy=-51.6; flags: none"
N1357313975,T0014,1357313975-0043,0.6452,3,1,co-iss-n1357313975,1357313975,2001-01-04T15:27:22.557,616.00,104.97,13.62,5,0.00,5,13.62,10.28,51.41,1.32,3.84,,"3 frame(s); median area 5.0 px; net motion dx=46.4, dy=-51.6; flags: none"
N1357314335,T0014,1357314335-0034,0.6452,3,2,co-iss-n1357314335,1357314335,2001-01-04T15:33:22.554,670.30,84.30,13.36,3,0.00,3,13.36,11.15,33.45,1.20,1.73,,"3 frame(s); median area 5.0 px; net motion dx=46.4, dy=-51.6; flags: none"
N1357327001,T0146,1357327001-0144,0.6428,3,5,co-iss-n1357327001,1357327001,2001-01-04T19:04:28.466,482.00,331.99,9.29,5,0.00,5,9.29,9.22,46.09,1.01,5.83,,"3 frame(s); median area 4.0 px; net motion dx=-60.5, dy=-100.5; flags: none"
N1357327391,T0146,1357327391-0104,0.6428,3,6,co-iss-n1357327391,1357327391,2001-01-04T19:10:58.464,457.63,287.74,10.85,3,0.00,3,10.85,9.79,29.37,1.11,1.73,,"3 frame(s); median area 4.0 px; net motion dx=-60.5, dy=-100.5; flags: none"
N1357327751,T0146,1357327751-0086,0.6428,3,7,co-iss-n1357327751,1357327751,2001-01-04T19:16:58.461,421.50,231.49,12.26,4,0.00,4,12.26,12.08,48.33,1.01,1.00,,"3 frame(s); median area 4.0 px; net motion dx=-60.5, dy=-100.5; flags: none"
N1357327001,T0149,1357327001-0162,0.6387,3,5,co-iss-n1357327001,1357327001,2001-01-04T19:04:28.466,282.92,349.50,9.74,4,0.00,4,9.74,8.45,33.81,1.15,2.62,,"3 frame(s); median area 4.0 px; net motion dx=-17.6, dy=73.8; flags: none"
N1357327391,T0149,1357327391-0142,0.6387,3,6,co-iss-n1357327391,1357327391,2001-01-04T19:10:58.464,281.50,382.50,10.58,4,0.00,4,10.58,10.54,42.17,1.00,1.00,,"3 frame(s); median area 4.0 px; net motion dx=-17.6, dy=73.8; flags: none"
N1357327751,T0149,1357327751-0154,0.6387,3,7,co-iss-n1357327751,1357327751,2001-01-04T19:16:58.461,265.33,423.33,10.27,3,0.00,3,10.27,10.27,30.81,1.00,1.73,,"3 frame(s); median area 4.0 px; net motion dx=-17.6, dy=73.8; flags: none"
N1357327001,T0132,1357327001-0076,0.6387,3,5,co-iss-n1357327001,1357327001,2001-01-04T19:04:28.466,22.73,191.70,13.74,3,0.00,3,13.74,10.51,31.54,1.31,1.73,,"3 frame(s); median area 3.0 px; net motion dx=50.4, dy=21.9; flags: none"
N1357327391,T0132,1357327391-0086,0.6387,3,6,co-iss-n1357327391,1357327391,2001-01-04T19:10:58.464,30.68,222.34,15.27,3,0.00,3,15.27,15.02,45.05,1.02,1.73,,"3 frame(s); median area 3.0 px; net motion dx=50.4, dy=21.9; flags: none"
N1357327751,T0132,1357327751-0079,0.6387,3,7,co-iss-n1357327751,1357327751,2001-01-04T19:16:58.461,73.11,213.62,15.01,4,0.00,4,15.01,12.11,48.45,1.24,2.62,,"3 frame(s); median area 3.0 px; net motion dx=50.4, dy=21.9; flags: none"
N1357313585,T0015,1357313585-0054,0.6339,3,0,co-iss-n1357313585,1357313585,2001-01-04T15:20:52.559,179.39,142.22,14.20,3,0.00,3,14.20,12.11,36.33,1.17,1.73,,"3 frame(s); median area 3.0 px; net motion dx=60.8, dy=-10.4; flags: none"
N1357313975,T0015,1357313975-0064,0.6339,3,1,co-iss-n1357313975,1357313975,2001-01-04T15:27:22.557,222.43,158.25,15.27,3,0.00,3,15.27,11.72,35.16,1.30,1.73,,"3 frame(s); median area 3.0 px; net motion dx=60.8, dy=-10.4; flags: none"
N1357314335,T0015,1357314335-0048,0.6339,3,2,co-iss-n1357314335,1357314335,2001-01-04T15:33:22.554,240.19,131.81,15.70,4,0.00,4,15.70,9.73,38.90,1.61,2.45,,"3 frame(s); median area 3.0 px; net motion dx=60.8, dy=-10.4; flags: none"
N1357327001,T0131,1357327001-0063,0.6327,3,5,co-iss-n1357327001,1357327001,2001-01-04T19:04:28.466,102.56,155.56,14.12,4,0.00,4,14.12,12.51,50.04,1.13,1.00,,"3 frame(s); median area 3.0 px; net motion dx=-31.3, dy=53.7; flags: none"
N1357327391,T0131,1357327391-0071,0.6327,3,6,co-iss-n1357327391,1357327391,2001-01-04T19:10:58.464,102.61,201.77,14.99,3,0.00,3,14.99,12.93,38.80,1.16,1.73,,"3 frame(s); median area 3.0 px; net motion dx=-31.3, dy=53.7; flags: none"
N1357327751,T0131,1357327751-0075,0.6327,3,7,co-iss-n1357327751,1357327751,2001-01-04T19:16:58.461,71.30,209.22,15.15,3,0.00,3,15.15,10.58,31.74,1.43,1.73,,"3 frame(s); median area 3.0 px; net motion dx=-31.3, dy=53.7; flags: none"
N1357335945,T0281,1357335945-0123,0.6320,3,11,co-iss-n1357335945,1357335945,2001-01-04T21:33:32.404,188.15,303.21,10.75,5,0.00,5,10.75,10.10,50.50,1.06,2.89,,"3 frame(s); median area 4.0 px; net motion dx=-123.5, dy=-3.6; flags: none"
N1357336335,T0281,1357336335-0119,0.6320,3,12,co-iss-n1357336335,1357336335,2001-01-04T21:40:02.402,141.78,288.04,12.85,4,0.00,4,12.85,12.31,49.24,1.04,3.60,,"3 frame(s); median area 4.0 px; net motion dx=-123.5, dy=-3.6; flags: none"
N1357336695,T0281,1357336695-0107,0.6320,3,13,co-iss-n1357336695,1357336695,2001-01-04T21:46:02.399,64.67,299.60,13.81,3,0.00,3,13.81,11.45,34.36,1.21,1.73,,"3 frame(s); median area 4.0 px; net motion dx=-123.5, dy=-3.6; flags: none"
N1357331473,T0190,1357331473-0108,0.6320,3,8,co-iss-n1357331473,1357331473,2001-01-04T20:19:00.435,254.08,276.97,11.01,12,0.00,12,11.01,10.80,129.64,1.02,3.86,,"3 frame(s); median area 4.0 px; net motion dx=25.3, dy=24.6; flags: none"
N1357331863,T0190,1357331863-0178,0.6320,3,9,co-iss-n1357331863,1357331863,2001-01-04T20:25:30.433,322.24,285.62,12.18,3,0.00,3,12.18,10.62,31.87,1.15,1.73,,"3 frame(s); median area 4.0 px; net motion dx=25.3, dy=24.6; flags: none"
N1357332223,T0190,1357332223-0114,0.6320,3,10,co-iss-n1357332223,1357332223,2001-01-04T20:31:30.430,279.33,301.57,11.59,4,0.00,4,11.59,10.23,40.94,1.13,5.83,,"3 frame(s); median area 4.0 px; net motion dx=25.3, dy=24.6; flags: none"
N1357340417,T0331,1357340417-0119,0.6313,3,14,co-iss-n1357340417,1357340417,2001-01-04T22:48:04.373,168.49,266.97,11.34,6,0.00,6,11.34,11.16,66.96,1.02,4.47,,"3 frame(s); median area 4.0 px; net motion dx=2.3, dy=30.7; flags: none"
N1357340807,T0331,1357340807-0115,0.6313,3,15,co-iss-n1357340807,1357340807,2001-01-04T22:54:34.371,144.31,300.27,12.43,3,0.00,3,12.43,9.84,29.51,1.26,1.73,,"3 frame(s); median area 4.0 px; net motion dx=2.3, dy=30.7; flags: none"
N1357341167,T0331,1357341167-0111,0.6313,3,16,co-iss-n1357341167,1357341167,2001-01-04T23:00:34.368,170.80,297.65,12.08,4,0.00,4,12.08,10.68,42.73,1.13,4.47,,"3 frame(s); median area 4.0 px; net motion dx=2.3, dy=30.7; flags: none"
N1357331473,T0206,1357331473-0211,0.6178,3,8,co-iss-n1357331473,1357331473,2001-01-04T20:19:00.435,37.70,743.35,8.07,3,0.00,3,8.07,7.71,23.12,1.05,1.73,,"3 frame(s); median area 5.0 px; net motion dx=6.6, dy=-56.9; flags: none"
N1357331863,T0206,1357331863-0355,0.6178,3,9,co-iss-n1357331863,1357331863,2001-01-04T20:25:30.433,81.80,689.40,9.16,5,0.00,5,9.16,9.10,45.52,1.01,4.39,,"3 frame(s); median area 5.0 px; net motion dx=6.6, dy=-56.9; flags: none"
N1357332223,T0206,1357332223-0195,0.6178,3,10,co-iss-n1357332223,1357332223,2001-01-04T20:31:30.430,44.28,686.43,9.21,7,0.00,7,9.21,9.15,64.08,1.01,3.41,,"3 frame(s); median area 5.0 px; net motion dx=6.6, dy=-56.9; flags: none"
N1357327001,T0145,1357327001-0142,0.6113,3,5,co-iss-n1357327001,1357327001,2001-01-04T19:04:28.466,235.52,329.48,10.25,4,0.00,4,10.25,9.88,39.52,1.04,1.00,,"3 frame(s); median area 4.0 px; net motion dx=-27.8, dy=-17.2; flags: none"
N1357327391,T0145,1357327391-0116,0.6113,3,6,co-iss-n1357327391,1357327391,2001-01-04T19:10:58.464,265.67,317.67,11.68,3,0.00,3,11.68,11.64,34.91,1.00,1.73,,"3 frame(s); median area 4.0 px; net motion dx=-27.8, dy=-17.2; flags: none"
N1357327751,T0145,1357327751-0106,0.6113,3,7,co-iss-n1357327751,1357327751,2001-01-04T19:16:58.461,207.69,312.25,12.13,7,0.00,7,12.13,10.13,70.94,1.20,3.63,,"3 frame(s); median area 4.0 px; net motion dx=-27.8, dy=-17.2; flags: none"
N1357340417,T0338,1357340417-0184,0.6104,3,14,co-iss-n1357340417,1357340417,2001-01-04T22:48:04.373,175.49,420.46,9.00,4,0.00,4,9.00,8.74,34.97,1.03,5.83,,"3 frame(s); median area 4.0 px; net motion dx=-6.8, dy=-54.2; flags: none"
N1357340807,T0338,1357340807-0165,0.6104,3,15,co-iss-n1357340807,1357340807,2001-01-04T22:54:34.371,225.60,428.99,10.06,5,0.15,5,10.06,9.29,46.46,1.08,6.31,,"3 frame(s); median area 4.0 px; net motion dx=-6.8, dy=-54.2; flags: none"
N1357341167,T0338,1357341167-0134,0.6104,3,16,co-iss-n1357341167,1357341167,2001-01-04T23:00:34.368,168.64,366.29,11.21,3,0.00,3,11.21,10.48,31.43,1.07,1.73,,"3 frame(s); median area 4.0 px; net motion dx=-6.8, dy=-54.2; flags: none"
N1357331473,T0204,1357331473-0189,0.6094,3,8,co-iss-n1357331473,1357331473,2001-01-04T20:19:00.435,198.47,456.52,8.46,6,0.00,6,8.46,8.10,48.62,1.04,2.45,,"3 frame(s); median area 4.0 px; net motion dx=125.0, dy=20.5; flags: none"
N1357331863,T0204,1357331863-0313,0.6094,3,9,co-iss-n1357331863,1357331863,2001-01-04T20:25:30.433,272.75,490.00,8.88,4,0.00,4,8.88,8.88,35.51,1.00,1.63,,"3 frame(s); median area 4.0 px; net motion dx=125.0, dy=20.5; flags: none"
N1357332223,T0204,1357332223-0162,0.6094,3,10,co-iss-n1357332223,1357332223,2001-01-04T20:31:30.430,323.52,477.00,8.53,4,0.00,4,8.53,8.22,32.87,1.04,2.62,,"3 frame(s); median area 4.0 px; net motion dx=125.0, dy=20.5; flags: none"
N1357340417,T0316,1357340417-0005,0.5921,3,14,co-iss-n1357340417,1357340417,2001-01-04T22:48:04.373,596.21,12.62,13.49,5,0.00,5,13.49,13.02,65.10,1.04,1.73,,"3 frame(s); median area 5.0 px; net motion dx=-36.5, dy=2.0; flags: none"
N1357340807,T0316,1357340807-0008,0.5921,3,15,co-iss-n1357340807,1357340807,2001-01-04T22:54:34.371,602.43,25.71,14.20,7,0.00,7,14.20,14.10,98.68,1.01,2.18,,"3 frame(s); median area 5.0 px; net motion dx=-36.5, dy=2.0; flags: none"
N1357341167,T0316,1357341167-0006,0.5921,3,16,co-iss-n1357341167,1357341167,2001-01-04T23:00:34.368,559.71,14.66,10.09,3,0.00,3,10.09,8.90,26.71,1.13,1.73,,"3 frame(s); median area 5.0 px; net motion dx=-36.5, dy=2.0; flags: none"
N1357331473,T0202,1357331473-0175,0.5912,3,8,co-iss-n1357331473,1357331473,2001-01-04T20:19:00.435,292.71,416.00,8.52,7,0.00,7,8.52,8.46,59.25,1.01,1.08,,"3 frame(s); median area 4.0 px; net motion dx=94.0, dy=-53.6; flags: none"
N1357331863,T0202,1357331863-0272,0.5912,3,9,co-iss-n1357331863,1357331863,2001-01-04T20:25:30.433,371.96,401.48,9.65,4,0.00,4,9.65,9.26,37.04,1.04,2.62,,"3 frame(s); median area 4.0 px; net motion dx=94.0, dy=-53.6; flags: none"
N1357332223,T0202,1357332223-0133,0.5912,3,10,co-iss-n1357332223,1357332223,2001-01-04T20:31:30.430,386.71,362.35,9.96,3,0.00,3,9.96,9.39,28.18,1.06,1.73,,"3 frame(s); median area 4.0 px; net motion dx=94.0, dy=-53.6; flags: none"
N1357313585,T0020,1357313585-0078,0.5908,3,0,co-iss-n1357313585,1357313585,2001-01-04T15:20:52.559,455.33,193.67,12.32,3,0.00,3,12.32,12.30,36.90,1.00,1.73,,"3 frame(s); median area 4.0 px; net motion dx=59.7, dy=-62.4; flags: none"
N1357313975,T0020,1357313975-0071,0.5908,3,1,co-iss-n1357313975,1357313975,2001-01-04T15:27:22.557,452.50,164.75,13.83,4,0.00,4,13.83,13.78,55.12,1.00,4.47,,"3 frame(s); median area 4.0 px; net motion dx=59.7, dy=-62.4; flags: none"
N1357314335,T0020,1357314335-0047,0.5908,3,2,co-iss-n1357314335,1357314335,2001-01-04T15:33:22.554,515.00,131.27,14.00,7,0.00,7,14.00,13.13,91.91,1.07,3.41,,"3 frame(s); median area 4.0 px; net motion dx=59.7, dy=-62.4; flags: none"
N1357340417,T0333,1357340417-0132,0.5902,3,14,co-iss-n1357340417,1357340417,2001-01-04T22:48:04.373,117.20,309.20,11.09,5,0.00,5,11.09,11.07,55.37,1.00,2.14,,"3 frame(s); median area 4.0 px; net motion dx=-1.5, dy=-69.9; flags: none"
N1357340807,T0333,1357340807-0112,0.5902,3,15,co-iss-n1357340807,1357340807,2001-01-04T22:54:34.371,94.51,296.49,13.04,4,0.00,4,13.04,12.90,51.60,1.01,1.00,,"3 frame(s); median area 4.0 px; net motion dx=-1.5, dy=-69.9; flags: none"
N1357341167,T0333,1357341167-0092,0.5902,3,16,co-iss-n1357341167,1357341167,2001-01-04T23:00:34.368,115.67,239.29,13.67,3,0.00,3,13.67,11.98,35.95,1.14,1.73,,"3 frame(s); median area 4.0 px; net motion dx=-1.5, dy=-69.9; flags: none"
N1357327001,T0154,1357327001-0177,0.5880,3,5,co-iss-n1357327001,1357327001,2001-01-04T19:04:28.466,402.38,380.79,8.72,6,0.00,6,8.72,8.44,50.66,1.03,3.47,,"3 frame(s); median area 6.0 px; net motion dx=38.9, dy=-3.8; flags: none"
N1357327391,T0154,1357327391-0148,0.5880,3,6,co-iss-n1357327391,1357327391,2001-01-04T19:10:58.464,400.67,394.67,9.27,3,0.00,3,9.27,9.22,27.66,1.00,1.73,,"3 frame(s); median area 6.0 px; net motion dx=38.9, dy=-3.8; flags: none"
N1357327751,T0154,1357327751-0125,0.5880,3,7,co-iss-n1357327751,1357327751,2001-01-04T19:16:58.461,441.30,377.00,9.45,6,0.00,6,9.45,9.28,55.71,1.02,2.45,,"3 frame(s); median area 6.0 px; net motion dx=38.9, dy=-3.8; flags: none"
N1357313585,T0025,1357313585-0092,0.5860,3,0,co-iss-n1357313585,1357313585,2001-01-04T15:20:52.559,689.33,214.33,11.16,3,0.00,3,11.16,11.13,33.40,1.00,1.73,,"3 frame(s); median area 5.0 px; net motion dx=-52.3, dy=-32.4; flags: none"
N1357313975,T0025,1357313975-0107,0.5860,3,1,co-iss-n1357313975,1357313975,2001-01-04T15:27:22.557,679.74,237.42,10.74,5,0.00,5,10.74,10.24,51.20,1.05,1.73,,"3 frame(s); median area 5.0 px; net motion dx=-52.3, dy=-32.4; flags: none"
N1357314335,T0025,1357314335-0070,0.5860,3,2,co-iss-n1357314335,1357314335,2001-01-04T15:33:22.554,637.07,181.95,12.08,5,0.00,5,12.08,10.80,54.02,1.12,1.00,,"3 frame(s); median area 5.0 px; net motion dx=-52.3, dy=-32.4; flags: none"
N1357335945,T0285,1357335945-0163,0.5858,3,11,co-iss-n1357335945,1357335945,2001-01-04T21:33:32.404,332.82,395.24,8.66,5,0.00,5,8.66,8.27,41.34,1.05,2.89,,"3 frame(s); median area 5.0 px; net motion dx=31.5, dy=-47.9; flags: none"
N1357336335,T0285,1357336335-0153,0.5858,3,12,co-iss-n1357336335,1357336335,2001-01-04T21:40:02.402,343.76,383.44,9.76,5,0.00,5,9.76,9.47,47.36,1.03,2.46,,"3 frame(s); median area 5.0 px; net motion dx=31.5, dy=-47.9; flags: none"
N1357336695,T0285,1357336695-0133,0.5858,3,13,co-iss-n1357336695,1357336695,2001-01-04T21:46:02.399,364.29,347.37,10.45,3,0.00,3,10.45,9.34,28.03,1.12,1.73,,"3 frame(s); median area 5.0 px; net motion dx=31.5, dy=-47.9; flags: none"
N1357335945,T0280,1357335945-0116,0.5809,3,11,co-iss-n1357335945,1357335945,2001-01-04T21:33:32.404,83.28,286.36,11.83,3,0.00,3,11.83,11.01,33.02,1.08,1.73,,"3 frame(s); median area 3.0 px; net motion dx=12.4, dy=-31.4; flags: none"
N1357336335,T0280,1357336335-0101,0.5809,3,12,co-iss-n1357336335,1357336335,2001-01-04T21:40:02.402,99.74,221.53,12.69,3,0.00,3,12.69,9.09,27.27,1.40,1.73,,"3 frame(s); median area 3.0 px; net motion dx=12.4, dy=-31.4; flags: none"
N1357336695,T0280,1357336695-0086,0.5809,3,13,co-iss-n1357336695,1357336695,2001-01-04T21:46:02.399,95.73,254.91,14.01,3,0.00,3,14.01,12.84,38.52,1.09,4.39,,"3 frame(s); median area 3.0 px; net motion dx=12.4, dy=-31.4; flags: none"
N1357335945,T0277,1357335945-0096,0.5790,3,11,co-iss-n1357335945,1357335945,2001-01-04T21:33:32.404,52.73,225.50,12.23,7,0.00,7,12.23,9.57,67.01,1.28,3.63,,"3 frame(s); median area 7.0 px; net motion dx=67.0, dy=-43.4; flags: none"
N1357336335,T0277,1357336335-0089,0.5790,3,12,co-iss-n1357336335,1357336335,2001-01-04T21:40:02.402,124.97,190.00,14.83,5,0.00,5,14.83,13.96,69.78,1.06,2.62,,"3 frame(s); median area 7.0 px; net motion dx=67.0, dy=-43.4; flags: none"
N1357336695,T0277,1357336695-0059,0.5790,3,13,co-iss-n1357336695,1357336695,2001-01-04T21:46:02.399,119.71,182.14,15.11,7,0.00,7,15.11,15.07,105.47,1.00,2.09,,"3 frame(s); median area 7.0 px; net motion dx=67.0, dy=-43.4; flags: none"
N1357331473,T0199,1357331473-0151,0.5790,3,8,co-iss-n1357331473,1357331473,2001-01-04T20:19:00.435,208.76,347.30,10.05,7,0.00,7,10.05,9.63,67.40,1.04,5.88,,"3 frame(s); median area 5.0 px; net motion dx=64.8, dy=-42.6; flags: none"
N1357331863,T0199,1357331863-0225,0.5790,3,9,co-iss-n1357331863,1357331863,2001-01-04T20:25:30.433,211.27,326.27,12.11,4,0.00,4,12.11,11.40,45.59,1.06,2.45,,"3 frame(s); median area 5.0 px; net motion dx=64.8, dy=-42.6; flags: none"
N1357332223,T0199,1357332223-0115,0.5790,3,10,co-iss-n1357332223,1357332223,2001-01-04T20:31:30.430,273.56,304.65,11.66,5,0.00,5,11.66,10.71,53.53,1.09,3.40,,"3 frame(s); median area 5.0 px; net motion dx=64.8, dy=-42.6; flags: none"
N1357313585,T0018,1357313585-0069,0.5751,3,0,co-iss-n1357313585,1357313585,2001-01-04T15:20:52.559,341.67,178.67,12.84,3,0.00,3,12.84,12.84,38.52,1.00,1.73,,"3 frame(s); median area 4.0 px; net motion dx=-65.0, dy=11.0; flags: none"
N1357313975,T0018,1357313975-0063,0.5751,3,1,co-iss-n1357313975,1357313975,2001-01-04T15:27:22.557,333.00,157.53,14.63,5,0.00,5,14.63,12.54,62.69,1.17,3.05,,"3 frame(s); median area 4.0 px; net motion dx=-65.0, dy=11.0; flags: none"
N1357314335,T0018,1357314335-0072,0.5751,3,2,co-iss-n1357314335,1357314335,2001-01-04T15:33:22.554,276.63,189.71,13.74,4,0.00,4,13.74,11.85,47.39,1.16,4.47,,"3 frame(s); median area 4.0 px; net motion dx=-65.0, dy=11.0; flags: none"
N1357318057,T0073,1357318057-0030,0.5742,2,3,co-iss-n1357318057,1357318057,2001-01-04T16:35:24.528,1019.66,73.47,14.54,8,0.00,8,14.54,13.69,109.50,1.06,4.44,,"2 frame(s); median area 10.0 px; net motion dx=-42.6, dy=-20.7; flags: none"
N1357318447,T0073,1357318447-0032,0.5742,2,4,co-iss-n1357318447,1357318447,2001-01-04T16:41:54.526,977.08,52.79,14.36,12,0.00,12,14.36,12.90,154.79,1.11,1.24,,"2 frame(s); median area 10.0 px; net motion dx=-42.6, dy=-20.7; flags: none"
N1357340417,T0321,1357340417-0045,0.5709,3,14,co-iss-n1357340417,1357340417,2001-01-04T22:48:04.373,462.40,88.61,13.99,5,0.00,5,13.99,13.74,68.72,1.02,3.40,,"3 frame(s); median area 4.0 px; net motion dx=-42.1, dy=-72.3; flags: none"
N1357340807,T0321,1357340807-0026,0.5709,3,15,co-iss-n1357340807,1357340807,2001-01-04T22:54:34.371,446.50,75.50,15.01,4,0.00,4,15.01,15.01,60.04,1.00,1.00,,"3 frame(s); median area 4.0 px; net motion dx=-42.1, dy=-72.3; flags: none"
N1357341167,T0321,1357341167-0007,0.5709,3,16,co-iss-n1357341167,1357341167,2001-01-04T23:00:34.368,420.30,16.35,14.61,3,0.00,3,14.61,13.88,41.64,1.05,1.73,,"3 frame(s); median area 4.0 px; net motion dx=-42.1, dy=-72.3; flags: none"
N1357327391,T0158,1357327391-0016,0.5672,2,6,co-iss-n1357327391,1357327391,2001-01-04T19:10:58.464,716.61,38.54,13.74,4,0.00,4,13.74,10.94,43.74,1.26,1.00,,"2 frame(s); median area 13.0 px; net motion dx=46.2, dy=3.1; flags: none"
N1357327751,T0158,1357327751-0016,0.5672,2,7,co-iss-n1357327751,1357327751,2001-01-04T19:16:58.461,762.86,41.61,12.81,22,0.00,22,12.81,11.02,242.51,1.16,4.69,,"2 frame(s); median area 13.0 px; net motion dx=46.2, dy=3.1; flags: none"
N1357335945,T0272,1357335945-0064,0.5654,3,11,co-iss-n1357335945,1357335945,2001-01-04T21:33:32.404,851.65,157.30,11.13,3,0.00,3,11.13,10.56,31.67,1.05,1.73,,"3 frame(s); median area 3.0 px; net motion dx=69.9, dy=-35.4; flags: none"
N1357336335,T0272,1357336335-0056,0.5654,3,12,co-iss-n1357336335,1357336335,2001-01-04T21:40:02.402,893.37,116.37,10.52,3,0.00,3,10.52,9.59,28.76,1.10,1.73,,"3 frame(s); median area 3.0 px; net motion dx=69.9, dy=-35.4; flags: none"
N1357336695,T0272,1357336695-0040,0.5654,3,13,co-iss-n1357336695,1357336695,2001-01-04T21:46:02.399,921.57,121.86,8.60,7,0.00,7,8.60,8.55,59.85,1.01,2.78,,"3 frame(s); median area 3.0 px; net motion dx=69.9, dy=-35.4; flags: none"
N1357313585,T0002,1357313585-0002,0.5569,3,0,co-iss-n1357313585,1357313585,2001-01-04T15:20:52.559,379.67,7.67,14.07,3,0.00,3,14.07,14.05,42.14,1.00,1.73,,"3 frame(s); median area 3.0 px; net motion dx=58.6, dy=39.1; flags: none"
N1357313975,T0002,1357313975-0008,0.5569,3,1,co-iss-n1357313975,1357313975,2001-01-04T15:27:22.557,442.23,26.05,16.21,3,0.00,3,16.21,11.13,33.40,1.46,4.39,,"3 frame(s); median area 3.0 px; net motion dx=58.6, dy=39.1; flags: none"
N1357314335,T0002,1357314335-0022,0.5569,3,2,co-iss-n1357314335,1357314335,2001-01-04T15:33:22.554,438.24,46.76,16.27,4,0.00,4,16.27,16.07,64.29,1.01,2.45,,"3 frame(s); median area 3.0 px; net motion dx=58.6, dy=39.1; flags: none"
N1357331863,T0230,1357331863-0168,0.5545,2,9,co-iss-n1357331863,1357331863,2001-01-04T20:25:30.433,489.02,273.28,11.34,14,0.00,14,11.34,11.02,154.32,1.03,5.50,,"2 frame(s); median area 8.5 px; net motion dx=-19.7, dy=1.7; flags: none"
N1357332223,T0230,1357332223-0100,0.5545,2,10,co-iss-n1357332223,1357332223,2001-01-04T20:31:30.430,469.29,275.00,10.98,3,0.00,3,10.98,8.62,25.87,1.27,4.39,,"2 frame(s); median area 8.5 px; net motion dx=-19.7, dy=1.7; flags: none"
N1357335945,T0282,1357335945-0125,0.5524,2,11,co-iss-n1357335945,1357335945,2001-01-04T21:33:32.404,427.06,307.39,9.80,10,0.00,10,9.80,9.33,93.32,1.05,5.31,,"2 frame(s); median area 11.5 px; net motion dx=-12.0, dy=-62.4; flags: none"
N1357336335,T0282,1357336335-0108,0.5524,2,12,co-iss-n1357336335,1357336335,2001-01-04T21:40:02.402,415.03,245.04,11.82,13,0.00,13,11.82,11.58,150.51,1.02,4.52,,"2 frame(s); median area 11.5 px; net motion dx=-12.0, dy=-62.4; flags: none"
N1357313585,T0026,1357313585-0094,0.5509,3,0,co-iss-n1357313585,1357313585,2001-01-04T15:20:52.559,162.72,220.33,12.77,3,0.00,3,12.77,11.09,33.28,1.15,1.73,,"3 frame(s); median area 3.0 px; net motion dx=63.2, dy=-38.9; flags: none"
N1357313975,T0026,1357313975-0096,0.5509,3,1,co-iss-n1357313975,1357313975,2001-01-04T15:27:22.557,180.25,213.64,14.63,3,0.00,3,14.63,12.31,36.94,1.19,1.73,,"3 frame(s); median area 3.0 px; net motion dx=63.2, dy=-38.9; flags: none"
N1357314335,T0026,1357314335-0069,0.5509,3,2,co-iss-n1357314335,1357314335,2001-01-04T15:33:22.554,225.92,181.46,14.85,4,0.00,4,14.85,13.62,54.48,1.09,2.62,,"3 frame(s); median area 3.0 px; net motion dx=63.2, dy=-38.9; flags: none"
N1357318057,T0093,1357318057-0157,0.5492,2,3,co-iss-n1357318057,1357318057,2001-01-04T16:35:24.528,284.17,409.59,8.85,5,0.00,5,8.85,8.51,42.55,1.04,1.73,,"2 frame(s); median area 8.0 px; net motion dx=-28.8, dy=-65.6; flags: none"
N1357318447,T0093,1357318447-0140,0.5492,2,4,co-iss-n1357318447,1357318447,2001-01-04T16:41:54.526,255.34,343.97,11.73,11,0.15,11,11.73,10.28,113.13,1.14,6.79,,"2 frame(s); median area 8.0 px; net motion dx=-28.8, dy=-65.6; flags: none"
N1357331473,T0179,1357331473-0009,0.5476,3,8,co-iss-n1357331473,1357331473,2001-01-04T20:19:00.435,855.00,20.67,13.44,3,0.00,3,13.44,13.42,40.25,1.00,4.39,,"3 frame(s); median area 3.0 px; net motion dx=87.2, dy=15.6; flags: none"
N1357331863,T0179,1357331863-0005,0.5476,3,9,co-iss-n1357331863,1357331863,2001-01-04T20:25:30.433,926.62,16.38,13.30,3,0.00,3,13.30,11.66,34.98,1.14,1.73,,"3 frame(s); median area 3.0 px; net motion dx=87.2, dy=15.6; flags: none"
N1357332223,T0179,1357332223-0011,0.5476,3,10,co-iss-n1357332223,1357332223,2001-01-04T20:31:30.430,942.25,36.25,11.25,4,0.00,4,11.25,11.24,44.94,1.00,2.45,,"3 frame(s); median area 3.0 px; net motion dx=87.2, dy=15.6; flags: none"
N1357336335,T0300,1357336335-0146,0.5424,2,12,co-iss-n1357336335,1357336335,2001-01-04T21:40:02.402,496.05,375.47,8.67,4,0.00,4,8.67,8.23,32.94,1.05,2.62,,"2 frame(s); median area 8.5 px; net motion dx=-6.3, dy=-30.3; flags: none"
N1357336695,T0300,1357336695-0129,0.5424,2,13,co-iss-n1357336695,1357336695,2001-01-04T21:46:02.399,489.80,345.22,9.63,13,0.00,13,9.63,9.23,120.03,1.04,2.58,,"2 frame(s); median area 8.5 px; net motion dx=-6.3, dy=-30.3; flags: none"
N1357318057,T0078,1357318057-0053,0.5419,2,3,co-iss-n1357318057,1357318057,2001-01-04T16:35:24.528,300.73,132.73,13.71,8,0.15,8,13.71,13.19,105.51,1.04,6.99,,"2 frame(s); median area 6.5 px; net motion dx=15.7, dy=-82.4; flags: none"
N1357318447,T0078,1357318447-0031,0.5419,2,4,co-iss-n1357318447,1357318447,2001-01-04T16:41:54.526,316.44,50.33,16.91,5,0.00,5,16.91,15.21,76.05,1.11,1.73,,"2 frame(s); median area 6.5 px; net motion dx=15.7, dy=-82.4; flags: none"
N1357331473,T0194,1357331473-0125,0.5405,2,8,co-iss-n1357331473,1357331473,2001-01-04T20:19:00.435,835.11,300.89,8.52,9,0.00,9,8.52,8.51,76.61,1.00,5.88,,"2 frame(s); median area 8.5 px; net motion dx=-54.5, dy=-8.0; flags: none"
N1357331863,T0194,1357331863-0189,0.5405,2,9,co-iss-n1357331863,1357331863,2001-01-04T20:25:30.433,780.62,292.87,9.16,8,0.15,8,9.16,9.12,72.92,1.00,7.29,,"2 frame(s); median area 8.5 px; net motion dx=-54.5, dy=-8.0; flags: none"
N1357327001,T0120,1357327001-0013,0.5348,2,5,co-iss-n1357327001,1357327001,2001-01-04T19:04:28.466,653.50,37.48,14.12,6,0.00,6,14.12,13.78,82.67,1.02,2.45,,"2 frame(s); median area 6.5 px; net motion dx=32.6, dy=-6.1; flags: none"
N1357327391,T0120,1357327391-0009,0.5348,2,6,co-iss-n1357327391,1357327391,2001-01-04T19:10:58.464,686.07,31.38,14.16,7,0.00,7,14.16,13.03,91.24,1.09,1.45,,"2 frame(s); median area 6.5 px; net motion dx=32.6, dy=-6.1; flags: none"
N1357340807,T0348,1357340807-0134,0.5336,2,15,co-iss-n1357340807,1357340807,2001-01-04T22:54:34.371,359.26,339.70,10.26,7,0.00,7,10.26,9.83,68.82,1.04,2.54,,"2 frame(s); median area 7.5 px; net motion dx=-31.1, dy=70.9; flags: none"
N1357341167,T0348,1357341167-0154,0.5336,2,16,co-iss-n1357341167,1357341167,2001-01-04T23:00:34.368,328.17,410.61,9.28,8,0.00,8,9.28,8.89,71.12,1.04,1.91,,"2 frame(s); median area 7.5 px; net motion dx=-31.1, dy=70.9; flags: none"
N1357335945,T0270,1357335945-0059,0.5284,2,11,co-iss-n1357335945,1357335945,2001-01-04T21:33:32.404,66.01,148.30,14.31,7,0.15,7,14.31,11.81,82.70,1.21,7.99,,"2 frame(s); median area 6.0 px; net motion dx=54.3, dy=-23.6; flags: none"
N1357336335,T0270,1357336335-0057,0.5284,2,12,co-iss-n1357336335,1357336335,2001-01-04T21:40:02.402,120.34,124.72,16.00,5,0.15,5,16.00,13.30,66.50,1.20,7.25,,"2 frame(s); median area 6.0 px; net motion dx=54.3, dy=-23.6; flags: none"
N1357318057,T0083,1357318057-0090,0.5281,2,3,co-iss-n1357318057,1357318057,2001-01-04T16:35:24.528,669.01,225.25,10.83,8,0.00,8,10.83,10.68,85.43,1.01,1.65,,"2 frame(s); median area 7.0 px; net motion dx=-23.5, dy=1.8; flags: none"
N1357318447,T0083,1357318447-0097,0.5281,2,4,co-iss-n1357318447,1357318447,2001-01-04T16:41:54.526,645.54,227.03,11.02,6,0.00,6,11.02,9.44,56.65,1.17,3.60,,"2 frame(s); median area 7.0 px; net motion dx=-23.5, dy=1.8; flags: none"
N1357340807,T0344,1357340807-0063,0.5280,2,15,co-iss-n1357340807,1357340807,2001-01-04T22:54:34.371,755.00,160.17,11.08,6,0.00,6,11.08,11.08,66.46,1.00,2.03,,"2 frame(s); median area 7.0 px; net motion dx=-22.6, dy=0.1; flags: none"
N1357341167,T0344,1357341167-0056,0.5280,2,16,co-iss-n1357341167,1357341167,2001-01-04T23:00:34.368,732.38,160.25,10.75,8,0.15,8,10.75,10.36,82.89,1.04,7.36,,"2 frame(s); median area 7.0 px; net motion dx=-22.6, dy=0.1; flags: none"
N1357340417,T0319,1357340417-0033,0.5269,2,14,co-iss-n1357340417,1357340417,2001-01-04T22:48:04.373,839.56,57.95,13.30,10,0.15,10,13.30,12.56,125.60,1.06,6.45,,"2 frame(s); median area 6.5 px; net motion dx=-35.3, dy=-17.7; flags: none"
N1357340807,T0319,1357340807-0014,0.5269,2,15,co-iss-n1357340807,1357340807,2001-01-04T22:54:34.371,804.29,40.28,12.34,3,0.00,3,12.34,9.61,28.82,1.28,1.73,,"2 frame(s); median area 6.5 px; net motion dx=-35.3, dy=-17.7; flags: none"
N1357340417,T0325,1357340417-0074,0.5255,3,14,co-iss-n1357340417,1357340417,2001-01-04T22:48:04.373,357.00,165.50,12.67,4,0.00,4,12.67,12.64,50.54,1.00,2.62,,"3 frame(s); median area 4.0 px; net motion dx=-54.9, dy=27.2; flags: none"
N1357340807,T0325,1357340807-0074,0.5255,3,15,co-iss-n1357340807,1357340807,2001-01-04T22:54:34.371,310.67,186.67,13.31,3,0.00,3,13.31,13.31,39.94,1.00,1.73,,"3 frame(s); median area 4.0 px; net motion dx=-54.9, dy=27.2; flags: none"
N1357341167,T0325,1357341167-0069,0.5255,3,16,co-iss-n1357341167,1357341167,2001-01-04T23:00:34.368,302.08,192.69,12.94,15,0.00,15,12.94,11.39,170.79,1.14,4.77,,"3 frame(s); median area 4.0 px; net motion dx=-54.9, dy=27.2; flags: none"
N1357313975,T0046,1357313975-0215,0.5249,2,1,co-iss-n1357313975,1357313975,2001-01-04T15:27:22.557,254.67,611.33,8.08,3,0.00,3,8.08,8.08,24.24,1.00,1.73,,"2 frame(s); median area 7.5 px; net motion dx=36.9, dy=-51.0; flags: none"
N1357314335,T0046,1357314335-0177,0.5249,2,2,co-iss-n1357314335,1357314335,2001-01-04T15:33:22.554,291.53,560.32,8.54,12,0.00,12,8.54,8.37,100.45,1.02,3.48,,"2 frame(s); median area 7.5 px; net motion dx=36.9, dy=-51.0; flags: none"
N1357327391,T0160,1357327391-0078,0.5217,2,6,co-iss-n1357327391,1357327391,2001-01-04T19:10:58.464,806.00,206.12,10.03,8,0.00,8,10.03,9.97,79.80,1.01,3.25,,"2 frame(s); median area 7.0 px; net motion dx=-31.5, dy=19.2; flags: none"
N1357327751,T0160,1357327751-0083,0.5217,2,7,co-iss-n1357327751,1357327751,2001-01-04T19:16:58.461,774.48,225.31,9.72,6,0.00,6,9.72,9.35,56.11,1.04,2.03,,"2 frame(s); median area 7.0 px; net motion dx=-31.5, dy=19.2; flags: none"
N1357336335,T0293,1357336335-0065,0.5194,2,12,co-iss-n1357336335,1357336335,2001-01-04T21:40:02.402,32.42,142.82,16.21,9,0.00,9,16.21,14.26,128.36,1.14,2.71,,"2 frame(s); median area 6.0 px; net motion dx=-1.8, dy=-51.1; flags: none"
N1357336695,T0293,1357336695-0033,0.5194,2,13,co-iss-n1357336695,1357336695,2001-01-04T21:46:02.399,30.59,91.67,11.11,3,0.00,3,11.11,9.12,27.35,1.22,1.73,,"2 frame(s); median area 6.0 px; net motion dx=-1.8, dy=-51.1; flags: none"
N1357318057,T0074,1357318057-0032,0.5191,2,3,co-iss-n1357318057,1357318057,2001-01-04T16:35:24.528,363.55,75.55,14.73,4,0.00,4,14.73,13.45,53.78,1.10,1.00,,"2 frame(s); median area 5.5 px; net motion dx=17.0, dy=-40.8; flags: none"
N1357318447,T0074,1357318447-0018,0.5191,2,4,co-iss-n1357318447,1357318447,2001-01-04T16:41:54.526,380.59,34.74,16.63,7,0.00,7,16.63,16.08,112.59,1.03,2.18,,"2 frame(s); median area 5.5 px; net motion dx=17.0, dy=-40.8; flags: none"
N1357335945,T0260,1357335945-0004,0.5184,2,11,co-iss-n1357335945,1357335945,2001-01-04T21:33:32.404,672.85,10.19,13.35,7,0.00,7,13.35,11.16,78.11,1.20,5.39,,"2 frame(s); median area 6.0 px; net motion dx=-55.4, dy=2.2; flags: none"
N1357336335,T0260,1357336335-0004,0.5184,2,12,co-iss-n1357336335,1357336335,2001-01-04T21:40:02.402,617.44,12.42,13.60,5,0.00,5,13.60,10.87,54.35,1.25,5.83,,"2 frame(s); median area 6.0 px; net motion dx=-55.4, dy=2.2; flags: none"
N1357331863,T0236,1357331863-0199,0.5158,2,9,co-iss-n1357331863,1357331863,2001-01-04T20:25:30.433,741.39,306.71,9.23,10,0.00,10,9.23,9.04,90.42,1.02,5.85,,"2 frame(s); median area 7.0 px; net motion dx=6.9, dy=-0.5; flags: none"
N1357332223,T0236,1357332223-0116,0.5158,2,10,co-iss-n1357332223,1357332223,2001-01-04T20:31:30.430,748.25,306.25,8.53,4,0.00,4,8.53,8.53,34.13,1.00,2.45,,"2 frame(s); median area 7.0 px; net motion dx=6.9, dy=-0.5; flags: none"
N1357331863,T0237,1357331863-0208,0.5129,2,9,co-iss-n1357331863,1357331863,2001-01-04T20:25:30.433,409.83,308.74,11.20,6,0.00,6,11.20,10.68,64.10,1.05,5.10,,"2 frame(s); median area 6.5 px; net motion dx=27.3, dy=45.7; flags: none"
N1357332223,T0237,1357332223-0130,0.5129,2,10,co-iss-n1357332223,1357332223,2001-01-04T20:31:30.430,437.14,354.42,9.76,7,0.00,7,9.76,9.68,67.73,1.01,1.86,,"2 frame(s); median area 6.5 px; net motion dx=27.3, dy=45.7; flags: none"
N1357327001,T0130,1357327001-0059,0.5115,2,5,co-iss-n1357327001,1357327001,2001-01-04T19:04:28.466,237.70,148.75,13.42,8,0.00,8,13.42,12.23,97.85,1.10,1.91,,"2 frame(s); median area 5.5 px; net motion dx=27.0, dy=-33.5; flags: none"
N1357327391,T0130,1357327391-0045,0.5115,2,6,co-iss-n1357327391,1357327391,2001-01-04T19:10:58.464,264.74,115.28,15.41,3,0.00,3,15.41,11.05,33.15,1.39,1.73,,"2 frame(s); median area 5.5 px; net motion dx=27.0, dy=-33.5; flags: none"
N1357318057,T0072,1357318057-0010,0.5087,2,3,co-iss-n1357318057,1357318057,2001-01-04T16:35:24.528,58.69,31.68,15.82,7,0.00,7,15.82,12.11,84.75,1.31,5.85,,"2 frame(s); median area 5.5 px; net motion dx=50.0, dy=59.6; flags: none"
N1357318447,T0072,1357318447-0050,0.5087,2,4,co-iss-n1357318447,1357318447,2001-01-04T16:41:54.526,108.73,91.31,12.07,4,0.00,4,12.07,9.68,38.74,1.25,2.45,,"2 frame(s); median area 5.5 px; net motion dx=50.0, dy=59.6; flags: none"
N1357331473,T0183,1357331473-0078,0.5074,2,8,co-iss-n1357331473,1357331473,2001-01-04T20:19:00.435,1016.37,198.79,11.46,5,0.00,5,11.46,10.93,54.64,1.05,1.73,,"2 frame(s); median area 6.0 px; net motion dx=-3.6, dy=-72.6; flags: none"
N1357331863,T0183,1357331863-0082,0.5074,2,9,co-iss-n1357331863,1357331863,2001-01-04T20:25:30.433,1012.77,126.18,11.83,7,0.15,7,11.83,10.28,71.93,1.15,7.11,,"2 frame(s); median area 6.0 px; net motion dx=-3.6, dy=-72.6; flags: none"
N1357318057,T0096,1357318057-0185,0.5046,2,3,co-iss-n1357318057,1357318057,2001-01-04T16:35:24.528,33.88,751.75,8.46,8,0.00,8,8.46,8.44,67.51,1.00,2.14,,"2 frame(s); median area 6.5 px; net motion dx=21.5, dy=-21.6; flags: none"
N1357318447,T0096,1357318447-0213,0.5046,2,4,co-iss-n1357318447,1357318447,2001-01-04T16:41:54.526,55.39,730.14,9.74,5,0.00,5,9.74,9.05,45.26,1.08,1.73,,"2 frame(s); median area 6.5 px; net motion dx=21.5, dy=-21.6; flags: none"
N1357327001,T0126,1357327001-0050,0.5045,2,5,co-iss-n1357327001,1357327001,2001-01-04T19:04:28.466,118.21,133.96,14.37,7,0.00,7,14.37,10.62,74.31,1.35,3.79,,"2 frame(s); median area 5.0 px; net motion dx=39.5, dy=-30.7; flags: none"
N1357327391,T0126,1357327391-0038,0.5045,2,6,co-iss-n1357327391,1357327391,2001-01-04T19:10:58.464,157.69,103.28,16.30,3,0.00,3,16.30,13.55,40.64,1.20,1.73,,"2 frame(s); median area 5.0 px; net motion dx=39.5, dy=-30.7; flags: none"
N1357336335,T0291,1357336335-0028,0.5040,2,12,co-iss-n1357336335,1357336335,2001-01-04T21:40:02.402,468.00,49.80,15.52,4,0.00,4,15.52,14.55,58.19,1.07,1.63,,"2 frame(s); median area 5.0 px; net motion dx=13.7, dy=-25.5; flags: none"
N1357336695,T0291,1357336695-0007,0.5040,2,13,co-iss-n1357336695,1357336695,2001-01-04T21:46:02.399,481.68,24.28,14.97,6,0.00,6,14.97,12.70,76.18,1.18,2.29,,"2 frame(s); median area 5.0 px; net motion dx=13.7, dy=-25.5; flags: none"
N1357335945,T0266,1357335945-0041,0.5032,2,11,co-iss-n1357335945,1357335945,2001-01-04T21:33:32.404,218.54,106.09,14.31,6,0.00,6,14.31,13.15,78.89,1.09,1.63,,"2 frame(s); median area 5.0 px; net motion dx=15.0, dy=-10.6; flags: none"
N1357336335,T0266,1357336335-0049,0.5032,2,12,co-iss-n1357336335,1357336335,2001-01-04T21:40:02.402,233.56,95.53,15.93,4,0.00,4,15.93,14.09,56.34,1.13,1.00,,"2 frame(s); median area 5.0 px; net motion dx=15.0, dy=-10.6; flags: none"
N1357340807,T0345,1357340807-0077,0.5026,2,15,co-iss-n1357340807,1357340807,2001-01-04T22:54:34.371,326.29,200.06,13.04,6,0.00,6,13.04,12.28,73.67,1.06,4.26,,"2 frame(s); median area 5.5 px; net motion dx=4.6, dy=-4.4; flags: none"
N1357341167,T0345,1357341167-0070,0.5026,2,16,co-iss-n1357341167,1357341167,2001-01-04T23:00:34.368,330.92,195.65,12.81,5,0.15,5,12.81,11.91,59.56,1.08,6.31,,"2 frame(s); median area 5.5 px; net motion dx=4.6, dy=-4.4; flags: none"
N1357336335,T0294,1357336335-0068,0.5009,2,12,co-iss-n1357336335,1357336335,2001-01-04T21:40:02.402,263.98,146.42,14.56,4,0.00,4,14.56,11.21,44.86,1.30,2.62,,"2 frame(s); median area 5.0 px; net motion dx=50.7, dy=-24.2; flags: none"
N1357336695,T0294,1357336695-0039,0.5009,2,13,co-iss-n1357336695,1357336695,2001-01-04T21:46:02.399,314.67,122.17,14.90,6,0.00,6,14.90,14.73,88.35,1.01,2.64,,"2 frame(s); median area 5.0 px; net motion dx=50.7, dy=-24.2; flags: none"
N1357331863,T0231,1357331863-0169,0.4972,2,9,co-iss-n1357331863,1357331863,2001-01-04T20:25:30.433,648.50,274.00,10.21,8,0.00,8,10.21,10.18,81.42,1.00,2.77,,"2 frame(s); median area 6.0 px; net motion dx=32.0, dy=-8.5; flags: none"
N1357332223,T0231,1357332223-0097,0.4972,2,10,co-iss-n1357332223,1357332223,2001-01-04T20:31:30.430,680.50,265.50,9.69,4,0.00,4,9.69,9.65,38.62,1.00,1.00,,"2 frame(s); median area 6.0 px; net motion dx=32.0, dy=-8.5; flags: none"
N1357335945,T0283,1357335945-0142,0.4946,2,11,co-iss-n1357335945,1357335945,2001-01-04T21:33:32.404,172.96,330.36,10.43,3,0.00,3,10.43,9.63,28.90,1.08,4.39,,"2 frame(s); median area 5.5 px; net motion dx=-29.0, dy=-38.1; flags: none"
N1357336335,T0283,1357336335-0121,0.4946,2,12,co-iss-n1357336335,1357336335,2001-01-04T21:40:02.402,144.00,292.25,12.78,8,0.00,8,12.78,12.78,102.23,1.00,3.54,,"2 frame(s); median area 5.5 px; net motion dx=-29.0, dy=-38.1; flags: none"
N1357318057,T0071,1357318057-0008,0.4942,2,3,co-iss-n1357318057,1357318057,2001-01-04T16:35:24.528,347.50,25.50,14.92,4,0.00,4,14.92,14.89,59.56,1.00,1.00,,"2 frame(s); median area 4.5 px; net motion dx=30.1, dy=2.7; flags: none"
N1357318447,T0071,1357318447-0015,0.4942,2,4,co-iss-n1357318447,1357318447,2001-01-04T16:41:54.526,377.60,28.20,16.49,5,0.00,5,16.49,16.38,81.89,1.01,1.73,,"2 frame(s); median area 4.5 px; net motion dx=30.1, dy=2.7; flags: none"
N1357313585,T0016,1357313585-0059,0.4913,2,0,co-iss-n1357313585,1357313585,2001-01-04T15:20:52.559,87.03,158.95,14.52,5,0.00,5,14.52,13.36,66.82,1.09,1.00,,"2 frame(s); median area 4.5 px; net motion dx=19.3, dy=28.9; flags: none"
N1357313975,T0016,1357313975-0082,0.4913,2,1,co-iss-n1357313975,1357313975,2001-01-04T15:27:22.557,106.33,187.81,15.92,4,0.00,4,15.92,11.03,44.13,1.44,2.62,,"2 frame(s); median area 4.5 px; net motion dx=19.3, dy=28.9; flags: none"
N1357327391,T0157,1357327391-0003,0.4910,2,6,co-iss-n1357327391,1357327391,2001-01-04T19:10:58.464,744.35,13.30,13.20,3,0.00,3,13.20,12.51,37.54,1.05,1.73,,"2 frame(s); median area 5.0 px; net motion dx=5.6, dy=14.5; flags: none"
N1357327751,T0157,1357327751-0006,0.4910,2,7,co-iss-n1357327751,1357327751,2001-01-04T19:16:58.461,749.91,27.77,12.95,7,0.00,7,12.95,11.56,80.93,1.12,5.04,,"2 frame(s); median area 5.0 px; net motion dx=5.6, dy=14.5; flags: none"
N1357318057,T0095,1357318057-0164,0.4905,2,3,co-iss-n1357318057,1357318057,2001-01-04T16:35:24.528,15.88,440.12,10.19,8,0.15,8,10.19,10.09,80.75,1.01,6.97,,"2 frame(s); median area 5.5 px; net motion dx=18.4, dy=64.5; flags: none"
N1357318447,T0095,1357318447-0182,0.4905,2,4,co-iss-n1357318447,1357318447,2001-01-04T16:41:54.526,34.29,504.64,11.66,3,0.00,3,11.66,10.89,32.67,1.07,1.73,,"2 frame(s); median area 5.5 px; net motion dx=18.4, dy=64.5; flags: none"
N1357318057,T0092,1357318057-0144,0.4890,2,3,co-iss-n1357318057,1357318057,2001-01-04T16:35:24.528,97.42,389.11,10.32,7,0.00,7,10.32,10.12,70.87,1.02,3.33,,"2 frame(s); median area 5.5 px; net motion dx=28.1, dy=67.4; flags: none"
N1357318447,T0092,1357318447-0174,0.4890,2,4,co-iss-n1357318447,1357318447,2001-01-04T16:41:54.526,125.50,456.50,11.02,4,0.00,4,11.02,11.02,44.09,1.00,1.00,,"2 frame(s); median area 5.5 px; net motion dx=28.1, dy=67.4; flags: none"
N1357331473,T0196,1357331473-0130,0.4864,2,8,co-iss-n1357331473,1357331473,2001-01-04T20:19:00.435,516.00,310.50,9.48,6,0.00,6,9.48,9.27,55.62,1.02,3.60,,"2 frame(s); median area 5.5 px; net motion dx=59.5, dy=-43.4; flags: none"
N1357331863,T0196,1357331863-0163,0.4864,2,9,co-iss-n1357331863,1357331863,2001-01-04T20:25:30.433,575.53,267.14,10.98,5,0.00,5,10.98,9.31,46.56,1.18,4.39,,"2 frame(s); median area 5.5 px; net motion dx=59.5, dy=-43.4; flags: none"
N1357318057,T0081,1357318057-0087,0.4855,2,3,co-iss-n1357318057,1357318057,2001-01-04T16:35:24.528,530.67,217.50,11.53,6,0.00,6,11.53,11.53,69.20,1.00,2.03,,"2 frame(s); median area 5.0 px; net motion dx=-61.2, dy=-14.0; flags: none"
N1357318447,T0081,1357318447-0083,0.4855,2,4,co-iss-n1357318447,1357318447,2001-01-04T16:41:54.526,469.46,203.54,12.80,4,0.00,4,12.80,11.93,47.70,1.07,1.00,,"2 frame(s); median area 5.0 px; net motion dx=-61.2, dy=-14.0; flags: none"
N1357331863,T0229,1357331863-0161,0.4844,2,9,co-iss-n1357331863,1357331863,2001-01-04T20:25:30.433,432.98,259.26,11.90,4,0.00,4,11.90,11.64,46.57,1.02,1.63,,"2 frame(s); median area 5.0 px; net motion dx=-29.8, dy=-24.0; flags: none"
N1357332223,T0229,1357332223-0083,0.4844,2,10,co-iss-n1357332223,1357332223,2001-01-04T20:31:30.430,403.16,235.28,12.07,6,0.00,6,12.07,11.02,66.12,1.10,3.47,,"2 frame(s); median area 5.0 px; net motion dx=-29.8, dy=-24.0; flags: none"
N1357331863,T0226,1357331863-0148,0.4838,2,9,co-iss-n1357331863,1357331863,2001-01-04T20:25:30.433,536.36,227.73,11.90,3,0.00,3,11.90,10.87,32.62,1.09,1.73,,"2 frame(s); median area 5.0 px; net motion dx=-34.9, dy=-9.2; flags: none"
N1357332223,T0226,1357332223-0078,0.4838,2,10,co-iss-n1357332223,1357332223,2001-01-04T20:31:30.430,501.43,218.57,11.87,7,0.00,7,11.87,11.86,82.99,1.00,3.33,,"2 frame(s); median area 5.0 px; net motion dx=-34.9, dy=-9.2; flags: none"
N1357331473,T0205,1357331473-0194,0.4834,2,8,co-iss-n1357331473,1357331473,2001-01-04T20:19:00.435,145.02,496.51,8.07,6,0.00,6,8.07,7.89,47.34,1.02,3.60,,"2 frame(s); median area 5.5 px; net motion dx=-66.2, dy=-30.4; flags: none"
N1357331863,T0205,1357331863-0306,0.4834,2,9,co-iss-n1357331863,1357331863,2001-01-04T20:25:30.433,78.78,466.08,11.41,5,0.00,5,11.41,9.55,47.76,1.19,3.52,,"2 frame(s); median area 5.5 px; net motion dx=-66.2, dy=-30.4; flags: none"
N1357335945,T0287,1357335945-0181,0.4813,2,11,co-iss-n1357335945,1357335945,2001-01-04T21:33:32.404,84.83,490.76,8.66,5,0.00,5,8.66,8.31,41.53,1.04,2.89,,"2 frame(s); median area 5.5 px; net motion dx=-24.0, dy=57.1; flags: none"
N1357336335,T0287,1357336335-0193,0.4813,2,12,co-iss-n1357336335,1357336335,2001-01-04T21:40:02.402,60.86,547.84,10.11,6,0.00,6,10.11,9.52,57.14,1.06,1.35,,"2 frame(s); median area 5.5 px; net motion dx=-24.0, dy=57.1; flags: none"
N1357340417,T0318,1357340417-0031,0.4799,2,14,co-iss-n1357340417,1357340417,2001-01-04T22:48:04.373,128.13,53.21,15.45,4,0.00,4,15.45,12.47,49.86,1.24,1.63,,"2 frame(s); median area 4.0 px; net motion dx=55.4, dy=-39.7; flags: none"
N1357340807,T0318,1357340807-0003,0.4799,2,15,co-iss-n1357340807,1357340807,2001-01-04T22:54:34.371,183.50,13.50,15.35,4,0.00,4,15.35,15.31,61.26,1.00,1.00,,"2 frame(s); median area 4.0 px; net motion dx=55.4, dy=-39.7; flags: none"
N1357335945,T0263,1357335945-0032,0.4797,2,11,co-iss-n1357335945,1357335945,2001-01-04T21:33:32.404,185.74,73.79,15.00,4,0.00,4,15.00,14.22,56.89,1.05,2.45,,"2 frame(s); median area 4.0 px; net motion dx=19.7, dy=-57.6; flags: none"
N1357336335,T0263,1357336335-0006,0.4797,2,12,co-iss-n1357336335,1357336335,2001-01-04T21:40:02.402,205.43,16.22,15.73,4,0.15,4,15.73,14.94,59.75,1.05,6.17,,"2 frame(s); median area 4.0 px; net motion dx=19.7, dy=-57.6; flags: none"
N1357327391,T0164,1357327391-0192,0.4797,2,6,co-iss-n1357327391,1357327391,2001-01-04T19:10:58.464,133.20,635.20,8.44,5,0.00,5,8.44,8.44,42.20,1.00,3.52,,"2 frame(s); median area 5.5 px; net motion dx=-83.4, dy=-14.4; flags: none"
N1357327751,T0164,1357327751-0191,0.4797,2,7,co-iss-n1357327751,1357327751,2001-01-04T19:16:58.461,49.83,620.83,9.79,6,0.00,6,9.79,9.76,58.54,1.00,1.35,,"2 frame(s); median area 5.5 px; net motion dx=-83.4, dy=-14.4; flags: none"
N1357331863,T0227,1357331863-0158,0.4794,2,9,co-iss-n1357331863,1357331863,2001-01-04T20:25:30.433,629.28,246.72,10.91,7,0.00,7,10.91,10.83,75.84,1.01,2.54,,"2 frame(s); median area 5.0 px; net motion dx=-38.0, dy=-33.1; flags: none"
N1357332223,T0227,1357332223-0072,0.4794,2,10,co-iss-n1357332223,1357332223,2001-01-04T20:31:30.430,591.24,213.62,11.39,3,0.00,3,11.39,9.97,29.92,1.14,1.73,,"2 frame(s); median area 5.0 px; net motion dx=-38.0, dy=-33.1; flags: none"
N1357340807,T0351,1357340807-0182,0.4783,2,15,co-iss-n1357340807,1357340807,2001-01-04T22:54:34.371,261.25,498.87,8.16,8,0.00,8,8.16,8.13,65.03,1.00,2.14,,"2 frame(s); median area 5.5 px; net motion dx=5.4, dy=-66.6; flags: none"
N1357341167,T0351,1357341167-0161,0.4783,2,16,co-iss-n1357341167,1357341167,2001-01-04T23:00:34.368,266.65,432.29,9.61,3,0.00,3,9.61,8.96,26.87,1.07,1.73,,"2 frame(s); median area 5.5 px; net motion dx=5.4, dy=-66.6; flags: none"
N1357331473,T0187,1357331473-0096,0.4782,2,8,co-iss-n1357331473,1357331473,2001-01-04T20:19:00.435,660.34,238.44,10.50,7,0.00,7,10.50,10.10,70.68,1.04,5.42,,"2 frame(s); median area 5.0 px; net motion dx=41.6, dy=-37.8; flags: none"
N1357331863,T0187,1357331863-0129,0.4782,2,9,co-iss-n1357331863,1357331863,2001-01-04T20:25:30.433,701.95,200.68,11.41,3,0.00,3,11.41,9.49,28.47,1.20,4.39,,"2 frame(s); median area 5.0 px; net motion dx=41.6, dy=-37.8; flags: none"
N1357327001,T0155,1357327001-0190,0.4780,2,5,co-iss-n1357327001,1357327001,2001-01-04T19:04:28.466,118.50,409.50,9.67,4,0.00,4,9.67,9.64,38.57,1.00,1.00,,"2 frame(s); median area 5.0 px; net motion dx=-71.5, dy=14.0; flags: none"
N1357327391,T0155,1357327391-0157,0.4780,2,6,co-iss-n1357327391,1357327391,2001-01-04T19:10:58.464,47.00,423.51,12.16,6,0.00,6,12.16,11.93,71.61,1.02,4.47,,"2 frame(s); median area 5.0 px; net motion dx=-71.5, dy=14.0; flags: none"
N1357331473,T0200,1357331473-0152,0.4773,2,8,co-iss-n1357331473,1357331473,2001-01-04T20:19:00.435,175.99,348.80,10.18,5,0.00,5,10.18,10.03,50.13,1.02,5.21,,"2 frame(s); median area 5.0 px; net motion dx=40.8, dy=33.4; flags: none"
N1357331863,T0200,1357331863-0255,0.4773,2,9,co-iss-n1357331863,1357331863,2001-01-04T20:25:30.433,216.80,382.19,11.41,5,0.00,5,11.41,10.80,53.98,1.06,4.24,,"2 frame(s); median area 5.0 px; net motion dx=40.8, dy=33.4; flags: none"
N1357331473,T0195,1357331473-0129,0.4748,2,8,co-iss-n1357331473,1357331473,2001-01-04T20:19:00.435,905.30,308.28,8.20,7,0.00,7,8.20,8.16,57.12,1.00,5.19,,"2 frame(s); median area 5.5 px; net motion dx=-28.8, dy=-39.8; flags: none"
N1357331863,T0195,1357331863-0167,0.4748,2,9,co-iss-n1357331863,1357331863,2001-01-04T20:25:30.433,876.50,268.50,8.39,4,0.00,4,8.39,8.31,33.25,1.01,1.00,,"2 frame(s); median area 5.5 px; net motion dx=-28.8, dy=-39.8; flags: none"
N1357335945,T0284,1357335945-0152,0.4733,2,11,co-iss-n1357335945,1357335945,2001-01-04T21:33:32.404,231.47,385.51,9.55,6,0.00,6,9.55,9.14,54.86,1.04,2.45,,"2 frame(s); median area 5.0 px; net motion dx=-45.5, dy=17.2; flags: none"
N1357336335,T0284,1357336335-0164,0.4733,2,12,co-iss-n1357336335,1357336335,2001-01-04T21:40:02.402,185.97,402.71,10.72,4,0.00,4,10.72,10.32,41.28,1.04,3.60,,"2 frame(s); median area 5.0 px; net motion dx=-45.5, dy=17.2; flags: none"
N1357340807,T0343,1357340807-0058,0.4697,2,15,co-iss-n1357340807,1357340807,2001-01-04T22:54:34.371,459.03,146.31,13.38,3,0.00,3,13.38,12.96,38.87,1.03,4.39,,"2 frame(s); median area 4.0 px; net motion dx=-52.7, dy=-28.9; flags: none"
N1357341167,T0343,1357341167-0043,0.4697,2,16,co-iss-n1357341167,1357341167,2001-01-04T23:00:34.368,406.32,117.44,14.03,5,0.00,5,14.03,10.88,54.41,1.29,3.40,,"2 frame(s); median area 4.0 px; net motion dx=-52.7, dy=-28.9; flags: none"
N1357335945,T0264,1357335945-0036,0.4684,2,11,co-iss-n1357335945,1357335945,2001-01-04T21:33:32.404,684.45,85.00,13.29,4,0.00,4,13.29,12.05,48.19,1.10,2.62,,"2 frame(s); median area 4.0 px; net motion dx=23.1, dy=-66.0; flags: none"
N1357336335,T0264,1357336335-0010,0.4684,2,12,co-iss-n1357336335,1357336335,2001-01-04T21:40:02.402,707.50,19.00,13.67,4,0.00,4,13.67,13.62,54.47,1.00,2.62,,"2 frame(s); median area 4.0 px; net motion dx=23.1, dy=-66.0; flags: none"
N1357331473,T0192,1357331473-0119,0.4674,2,8,co-iss-n1357331473,1357331473,2001-01-04T20:19:00.435,803.76,295.58,8.77,5,0.00,5,8.77,8.33,41.64,1.05,1.73,,"2 frame(s); median area 5.0 px; net motion dx=-55.2, dy=-7.4; flags: none"
N1357331863,T0192,1357331863-0182,0.4674,2,9,co-iss-n1357331863,1357331863,2001-01-04T20:25:30.433,748.59,288.18,9.51,5,0.00,5,9.51,9.30,46.48,1.02,1.73,,"2 frame(s); median area 5.0 px; net motion dx=-55.2, dy=-7.4; flags: none"
N1357318057,T0085,1357318057-0102,0.4672,2,3,co-iss-n1357318057,1357318057,2001-01-04T16:35:24.528,232.75,246.75,11.72,4,0.00,4,11.72,11.68,46.71,1.00,2.45,,"2 frame(s); median area 4.0 px; net motion dx=17.2, dy=-80.2; flags: none"
N1357318447,T0085,1357318447-0072,0.4672,2,4,co-iss-n1357318447,1357318447,2001-01-04T16:41:54.526,249.95,166.52,14.85,4,0.00,4,14.85,14.21,56.83,1.05,2.62,,"2 frame(s); median area 4.0 px; net motion dx=17.2, dy=-80.2; flags: none"
N1357313975,T0042,1357313975-0166,0.4667,2,1,co-iss-n1357313975,1357313975,2001-01-04T15:27:22.557,42.27,371.64,13.69,3,0.00,3,13.69,12.50,37.51,1.09,1.73,,"2 frame(s); median area 4.0 px; net motion dx=40.9, dy=36.8; flags: none"
N1357314335,T0042,1357314335-0142,0.4667,2,2,co-iss-n1357314335,1357314335,2001-01-04T15:33:22.554,83.20,408.40,12.72,5,0.00,5,12.72,12.67,63.33,1.00,1.73,,"2 frame(s); median area 4.0 px; net motion dx=40.9, dy=36.8; flags: none"
N1357331863,T0218,1357331863-0086,0.4648,2,9,co-iss-n1357331863,1357331863,2001-01-04T20:25:30.433,263.58,131.29,10.89,3,0.00,3,10.89,8.70,26.11,1.25,1.73,,"2 frame(s); median area 4.0 px; net motion dx=31.9, dy=-8.9; flags: none"
N1357332223,T0218,1357332223-0036,0.4648,2,10,co-iss-n1357332223,1357332223,2001-01-04T20:31:30.430,295.50,122.34,14.86,5,0.00,5,14.86,11.15,55.77,1.33,3.40,,"2 frame(s); median area 4.0 px; net motion dx=31.9, dy=-8.9; flags: none"
N1357318057,T0090,1357318057-0123,0.4643,2,3,co-iss-n1357318057,1357318057,2001-01-04T16:35:24.528,742.00,298.71,9.23,7,0.15,7,9.23,9.15,64.04,1.01,6.16,,"2 frame(s); median area 5.0 px; net motion dx=39.3, dy=44.0; flags: none"
N1357318447,T0090,1357318447-0141,0.4643,2,4,co-iss-n1357318447,1357318447,2001-01-04T16:41:54.526,781.33,342.67,8.04,3,0.00,3,8.04,8.04,24.12,1.00,1.73,,"2 frame(s); median area 5.0 px; net motion dx=39.3, dy=44.0; flags: none"
N1357313585,T0037,1357313585-0183,0.4638,3,0,co-iss-n1357313585,1357313585,2001-01-04T15:20:52.559,308.97,414.52,8.76,4,0.00,4,8.76,8.49,33.95,1.03,2.62,,"3 frame(s); median area 4.0 px; net motion dx=29.4, dy=66.1; flags: none"
N1357313975,T0037,1357313975-0198,0.4638,3,1,co-iss-n1357313975,1357313975,2001-01-04T15:27:22.557,335.75,488.75,8.44,4,0.00,4,8.44,8.42,33.68,1.00,2.45,,"3 frame(s); median area 4.0 px; net motion dx=29.4, dy=66.1; flags: none"
N1357314335,T0037,1357314335-0165,0.4638,3,2,co-iss-n1357314335,1357314335,2001-01-04T15:33:22.554,338.36,480.64,9.11,3,0.00,3,9.11,8.49,25.46,1.07,1.73,,"3 frame(s); median area 4.0 px; net motion dx=29.4, dy=66.1; flags: none"
N1357313975,T0039,1357313975-0134,0.4637,2,1,co-iss-n1357313975,1357313975,2001-01-04T15:27:22.557,687.05,319.23,9.01,5,0.15,5,9.01,8.81,44.06,1.02,7.25,,"2 frame(s); median area 5.0 px; net motion dx=35.2, dy=68.2; flags: none"
N1357314335,T0039,1357314335-0129,0.4637,2,2,co-iss-n1357314335,1357314335,2001-01-04T15:33:22.554,722.20,387.40,8.04,5,0.00,5,8.04,8.03,40.14,1.00,2.62,,"2 frame(s); median area 5.0 px; net motion dx=35.2, dy=68.2; flags: none"
N1357335945,T0273,1357335945-0069,0.4612,2,11,co-iss-n1357335945,1357335945,2001-01-04T21:33:32.404,179.78,165.61,13.29,3,0.00,3,13.29,11.30,33.91,1.18,1.73,,"2 frame(s); median area 3.5 px; net motion dx=-32.5, dy=-21.0; flags: none"
N1357336335,T0273,1357336335-0067,0.4612,2,12,co-iss-n1357336335,1357336335,2001-01-04T21:40:02.402,147.28,144.60,15.45,4,0.00,4,15.45,13.78,55.11,1.12,2.45,,"2 frame(s); median area 3.5 px; net motion dx=-32.5, dy=-21.0; flags: none"
N1357340417,T0327,1357340417-0080,0.4608,2,14,co-iss-n1357340417,1357340417,2001-01-04T22:48:04.373,575.28,182.37,11.78,5,0.00,5,11.78,10.81,54.04,1.09,1.67,,"2 frame(s); median area 4.0 px; net motion dx=-76.0, dy=-14.0; flags: none"
N1357340807,T0327,1357340807-0067,0.4608,2,15,co-iss-n1357340807,1357340807,2001-01-04T22:54:34.371,499.27,168.36,12.64,3,0.00,3,12.64,11.56,34.67,1.09,1.73,,"2 frame(s); median area 4.0 px; net motion dx=-76.0, dy=-14.0; flags: none"
N1357327391,T0159,1357327391-0044,0.4605,2,6,co-iss-n1357327391,1357327391,2001-01-04T19:10:58.464,887.06,114.65,10.44,3,0.00,3,10.44,9.88,29.63,1.06,4.39,,"2 frame(s); median area 4.5 px; net motion dx=2.9, dy=-33.1; flags: none"
N1357327751,T0159,1357327751-0032,0.4605,2,7,co-iss-n1357327751,1357327751,2001-01-04T19:16:58.461,890.00,81.50,9.72,6,0.00,6,9.72,9.72,58.33,1.00,1.63,,"2 frame(s); median area 4.5 px; net motion dx=2.9, dy=-33.1; flags: none"
N1357313975,T0045,1357313975-0210,0.4601,2,1,co-iss-n1357313975,1357313975,2001-01-04T15:27:22.557,156.32,571.66,9.30,3,0.00,3,9.30,9.16,27.49,1.02,1.73,,"2 frame(s); median area 4.5 px; net motion dx=-40.6, dy=-55.8; flags: none"
N1357314335,T0045,1357314335-0171,0.4601,2,2,co-iss-n1357314335,1357314335,2001-01-04T15:33:22.554,115.71,515.90,10.74,6,0.00,6,10.74,8.80,52.78,1.22,3.47,,"2 frame(s); median area 4.5 px; net motion dx=-40.6, dy=-55.8; flags: none"
N1357331473,T0197,1357331473-0136,0.4590,2,8,co-iss-n1357331473,1357331473,2001-01-04T20:19:00.435,151.50,318.00,10.75,4,0.00,4,10.75,10.74,42.95,1.00,2.62,,"2 frame(s); median area 4.0 px; net motion dx=-42.3, dy=10.4; flags: none"
N1357331863,T0197,1357331863-0226,0.4590,2,9,co-iss-n1357331863,1357331863,2001-01-04T20:25:30.433,109.23,328.43,13.09,4,0.00,4,13.09,12.25,49.00,1.07,4.47,,"2 frame(s); median area 4.0 px; net motion dx=-42.3, dy=10.4; flags: none"
N1357336335,T0298,1357336335-0115,0.4563,2,12,co-iss-n1357336335,1357336335,2001-01-04T21:40:02.402,809.50,271.50,8.80,4,0.00,4,8.80,8.79,35.14,1.00,1.00,,"2 frame(s); median area 4.5 px; net motion dx=-39.3, dy=-58.3; flags: none"
N1357336695,T0298,1357336695-0073,0.4563,2,13,co-iss-n1357336695,1357336695,2001-01-04T21:46:02.399,770.20,213.20,9.97,5,0.00,5,9.97,9.94,49.71,1.00,3.52,,"2 frame(s); median area 4.5 px; net motion dx=-39.3, dy=-58.3; flags: none"
N1357327001,T0151,1357327001-0166,0.4561,3,5,co-iss-n1357327001,1357327001,2001-01-04T19:04:28.466,612.75,358.25,8.15,4,0.00,4,8.15,8.10,32.41,1.01,2.45,,"3 frame(s); median area 4.0 px; net motion dx=-55.4, dy=0.1; flags: none"
N1357327391,T0151,1357327391-0131,0.4561,3,6,co-iss-n1357327391,1357327391,2001-01-04T19:10:58.464,618.75,358.75,8.16,4,0.00,4,8.16,8.16,32.66,1.00,2.45,,"3 frame(s); median area 4.0 px; net motion dx=-55.4, dy=0.1; flags: none"
N1357327751,T0151,1357327751-0123,0.4561,3,7,co-iss-n1357327751,1357327751,2001-01-04T19:16:58.461,557.34,358.33,9.10,3,0.00,3,9.10,9.00,27.01,1.01,1.73,,"3 frame(s); median area 4.0 px; net motion dx=-55.4, dy=0.1; flags: none"
N1357331863,T0241,1357331863-0238,0.4540,2,9,co-iss-n1357331863,1357331863,2001-01-04T20:25:30.433,361.42,342.92,10.91,4,0.00,4,10.91,9.36,37.43,1.17,2.62,,"2 frame(s); median area 4.0 px; net motion dx=-58.9, dy=-25.4; flags: none"
N1357332223,T0241,1357332223-0118,0.4540,2,10,co-iss-n1357332223,1357332223,2001-01-04T20:31:30.430,302.50,317.50,11.25,4,0.00,4,11.25,11.25,45.01,1.00,1.00,,"2 frame(s); median area 4.0 px; net motion dx=-58.9, dy=-25.4; flags: none"
N1357336335,T0301,1357336335-0149,0.4519,2,12,co-iss-n1357336335,1357336335,2001-01-04T21:40:02.402,38.82,381.18,12.78,4,0.00,4,12.78,11.67,46.70,1.09,2.45,,"2 frame(s); median area 3.5 px; net motion dx=-4.5, dy=5.5; flags: none"
N1357336695,T0301,1357336695-0142,0.4519,2,13,co-iss-n1357336695,1357336695,2001-01-04T21:46:02.399,34.35,386.66,12.85,3,0.00,3,12.85,12.19,36.58,1.05,1.73,,"2 frame(s); median area 3.5 px; net motion dx=-4.5, dy=5.5; flags: none"
N1357336335,T0297,1357336335-0114,0.4502,2,12,co-iss-n1357336335,1357336335,2001-01-04T21:40:02.402,682.33,263.33,9.83,3,0.00,3,9.83,9.83,29.49,1.00,1.73,,"2 frame(s); median area 4.0 px; net motion dx=-65.3, dy=-38.0; flags: none"
N1357336695,T0297,1357336695-0079,0.4502,2,13,co-iss-n1357336695,1357336695,2001-01-04T21:46:02.399,617.08,225.38,11.06,5,0.15,5,11.06,10.00,49.99,1.11,6.31,,"2 frame(s); median area 4.0 px; net motion dx=-65.3, dy=-38.0; flags: none"
N1357335945,T0276,1357335945-0080,0.4500,2,11,co-iss-n1357335945,1357335945,2001-01-04T21:33:32.404,488.46,183.46,12.02,4,0.00,4,12.02,11.07,44.28,1.09,1.00,,"2 frame(s); median area 3.5 px; net motion dx=-6.8, dy=-18.8; flags: none"
N1357336335,T0276,1357336335-0075,0.4500,2,12,co-iss-n1357336335,1357336335,2001-01-04T21:40:02.402,481.67,164.67,12.98,3,0.00,3,12.98,12.98,38.95,1.00,1.73,,"2 frame(s); median area 3.5 px; net motion dx=-6.8, dy=-18.8; flags: none"
N1357331863,T0247,1357331863-0318,0.4497,2,9,co-iss-n1357331863,1357331863,2001-01-04T20:25:30.433,95.53,517.07,10.42,4,0.00,4,10.42,9.76,39.02,1.07,2.62,,"2 frame(s); median area 4.0 px; net motion dx=7.0, dy=-19.6; flags: none"
N1357332223,T0247,1357332223-0166,0.4497,2,10,co-iss-n1357332223,1357332223,2001-01-04T20:31:30.430,102.50,497.50,10.30,4,0.00,4,10.30,10.30,41.20,1.00,1.00,,"2 frame(s); median area 4.0 px; net motion dx=7.0, dy=-19.6; flags: none"
N1357313975,T0049,1357313975-0236,0.4497,2,1,co-iss-n1357313975,1357313975,2001-01-04T15:27:22.557,214.80,740.00,8.51,5,0.00,5,8.51,8.50,42.48,1.00,1.62,,"2 frame(s); median area 4.5 px; net motion dx=34.7, dy=-29.5; flags: none"
N1357314335,T0049,1357314335-0212,0.4497,2,2,co-iss-n1357314335,1357314335,2001-01-04T15:33:22.554,249.50,710.50,8.04,4,0.00,4,8.04,8.04,32.17,1.00,1.00,,"2 frame(s); median area 4.5 px; net motion dx=34.7, dy=-29.5; flags: none"
N1357313585,T0011,1357313585-0043,0.4458,2,0,co-iss-n1357313585,1357313585,2001-01-04T15:20:52.559,876.73,114.32,11.35,3,0.00,3,11.35,9.27,27.80,1.22,1.73,,"2 frame(s); median area 3.5 px; net motion dx=-75.4, dy=-17.1; flags: none"
N1357313975,T0011,1357313975-0037,0.4458,2,1,co-iss-n1357313975,1357313975,2001-01-04T15:27:22.557,801.32,97.26,12.25,4,0.00,4,12.25,11.05,44.21,1.11,2.45,,"2 frame(s); median area 3.5 px; net motion dx=-75.4, dy=-17.1; flags: none"
N1357331473,T0186,1357331473-0095,0.4440,2,8,co-iss-n1357331473,1357331473,2001-01-04T20:19:00.435,158.64,231.72,11.41,3,0.00,3,11.41,10.40,31.20,1.10,1.73,,"2 frame(s); median area 3.0 px; net motion dx=-7.0, dy=-78.0; flags: none"
N1357331863,T0186,1357331863-0102,0.4440,2,9,co-iss-n1357331863,1357331863,2001-01-04T20:25:30.433,151.63,153.74,15.76,3,0.00,3,15.76,14.15,42.46,1.11,1.73,,"2 frame(s); median area 3.0 px; net motion dx=-7.0, dy=-78.0; flags: none"
N1357340807,T0350,1357340807-0181,0.4437,2,15,co-iss-n1357340807,1357340807,2001-01-04T22:54:34.371,151.20,496.00,9.25,5,0.00,5,9.25,9.21,46.03,1.00,1.62,,"2 frame(s); median area 4.0 px; net motion dx=-1.9, dy=-0.3; flags: none"
N1357341167,T0350,1357341167-0174,0.4437,2,16,co-iss-n1357341167,1357341167,2001-01-04T23:00:34.368,149.31,495.66,9.48,3,0.00,3,9.48,9.18,27.54,1.03,1.73,,"2 frame(s); median area 4.0 px; net motion dx=-1.9, dy=-0.3; flags: none"
N1357331473,T0201,1357331473-0155,0.4436,2,8,co-iss-n1357331473,1357331473,2001-01-04T20:19:00.435,79.67,367.33,10.69,3,0.00,3,10.69,10.69,32.07,1.00,1.73,,"2 frame(s); median area 3.5 px; net motion dx=9.2, dy=36.3; flags: none"
N1357331863,T0201,1357331863-0275,0.4436,2,9,co-iss-n1357331863,1357331863,2001-01-04T20:25:30.433,88.91,403.59,12.18,4,0.00,4,12.18,10.38,41.53,1.17,2.62,,"2 frame(s); median area 3.5 px; net motion dx=9.2, dy=36.3; flags: none"
N1357327001,T0134,1357327001-0083,0.4432,2,5,co-iss-n1357327001,1357327001,2001-01-04T19:04:28.466,1018.69,201.30,11.32,3,0.00,3,11.32,9.62,28.85,1.18,1.73,,"2 frame(s); median area 3.5 px; net motion dx=-21.1, dy=-60.8; flags: none"
N1357327391,T0134,1357327391-0055,0.4432,2,6,co-iss-n1357327391,1357327391,2001-01-04T19:10:58.464,997.54,140.54,11.41,4,0.00,4,11.41,10.50,42.00,1.09,1.00,,"2 frame(s); median area 3.5 px; net motion dx=-21.1, dy=-60.8; flags: none"
N1357340807,T0349,1357340807-0175,0.4421,2,15,co-iss-n1357340807,1357340807,2001-01-04T22:54:34.371,40.00,474.54,11.15,4,0.00,4,11.15,10.35,41.40,1.08,2.62,,"2 frame(s); median area 3.5 px; net motion dx=52.3, dy=-54.2; flags: none"
N1357341167,T0349,1357341167-0157,0.4421,2,16,co-iss-n1357341167,1357341167,2001-01-04T23:00:34.368,92.33,420.33,11.21,3,0.00,3,11.21,11.19,33.57,1.00,1.73,,"2 frame(s); median area 3.5 px; net motion dx=52.3, dy=-54.2; flags: none"
N1357331473,T0191,1357331473-0117,0.4421,2,8,co-iss-n1357331473,1357331473,2001-01-04T20:19:00.435,121.66,293.34,11.39,3,0.00,3,11.39,11.16,33.48,1.02,1.73,,"2 frame(s); median area 3.0 px; net motion dx=-19.4, dy=-82.2; flags: none"
N1357331863,T0191,1357331863-0135,0.4421,2,9,co-iss-n1357331863,1357331863,2001-01-04T20:25:30.433,102.30,211.14,15.13,3,0.00,3,15.13,11.48,34.45,1.32,4.39,,"2 frame(s); median area 3.0 px; net motion dx=-19.4, dy=-82.2; flags: none"
N1357340807,T0341,1357340807-0041,0.4415,2,15,co-iss-n1357340807,1357340807,2001-01-04T22:54:34.371,959.53,105.98,11.96,4,0.00,4,11.96,10.73,42.93,1.11,2.62,,"2 frame(s); median area 3.5 px; net motion dx=3.4, dy=-21.7; flags: none"
N1357341167,T0341,1357341167-0035,0.4415,2,16,co-iss-n1357341167,1357341167,2001-01-04T23:00:34.368,962.92,84.28,10.21,3,0.00,3,10.21,9.48,28.44,1.08,4.39,,"2 frame(s); median area 3.5 px; net motion dx=3.4, dy=-21.7; flags: none"
N1357331863,T0223,1357331863-0118,0.4414,2,9,co-iss-n1357331863,1357331863,2001-01-04T20:25:30.433,476.00,185.64,10.19,3,0.00,3,10.19,9.41,28.24,1.08,4.39,,"2 frame(s); median area 3.5 px; net motion dx=18.5, dy=29.8; flags: none"
N1357332223,T0223,1357332223-0074,0.4414,2,10,co-iss-n1357332223,1357332223,2001-01-04T20:31:30.430,494.53,215.47,11.93,4,0.00,4,11.93,11.19,44.76,1.07,1.00,,"2 frame(s); median area 3.5 px; net motion dx=18.5, dy=29.8; flags: none"
N1357313585,T0036,1357313585-0171,0.4411,2,0,co-iss-n1357313585,1357313585,2001-01-04T15:20:52.559,555.48,392.24,8.05,4,0.00,4,8.05,7.95,31.79,1.01,4.47,,"2 frame(s); median area 4.0 px; net motion dx=6.2, dy=-66.5; flags: none"
N1357313975,T0036,1357313975-0137,0.4411,2,1,co-iss-n1357313975,1357313975,2001-01-04T15:27:22.557,561.63,325.71,9.81,4,0.00,4,9.81,8.52,34.10,1.15,2.45,,"2 frame(s); median area 4.0 px; net motion dx=6.2, dy=-66.5; flags: none"
N1357313975,T0051,1357313975-0243,0.4406,2,1,co-iss-n1357313975,1357313975,2001-01-04T15:27:22.557,376.67,778.67,9.30,3,0.00,3,9.30,9.28,27.83,1.00,1.73,,"2 frame(s); median area 4.0 px; net motion dx=49.7, dy=-28.5; flags: none"
N1357314335,T0051,1357314335-0225,0.4406,2,2,co-iss-n1357314335,1357314335,2001-01-04T15:33:22.554,426.40,750.20,8.40,5,0.00,5,8.40,8.34,41.70,1.01,1.73,,"2 frame(s); median area 4.0 px; net motion dx=49.7, dy=-28.5; flags: none"
N1357327391,T0163,1357327391-0174,0.4403,2,6,co-iss-n1357327391,1357327391,2001-01-04T19:10:58.464,267.40,509.80,8.23,5,0.00,5,8.23,8.23,41.16,1.00,1.73,,"2 frame(s); median area 4.0 px; net motion dx=-16.1, dy=-26.1; flags: none"
N1357327751,T0163,1357327751-0171,0.4403,2,7,co-iss-n1357327751,1357327751,2001-01-04T19:16:58.461,251.33,483.67,9.38,3,0.00,3,9.38,9.38,28.13,1.00,1.73,,"2 frame(s); median area 4.0 px; net motion dx=-16.1, dy=-26.1; flags: none"
N1357327001,T0156,1357327001-0208,0.4398,2,5,co-iss-n1357327001,1357327001,2001-01-04T19:04:28.466,22.64,494.36,9.29,3,0.00,3,9.29,8.58,25.75,1.08,1.73,,"2 frame(s); median area 3.5 px; net motion dx=17.1, dy=-73.2; flags: none"
N1357327391,T0156,1357327391-0156,0.4398,2,6,co-iss-n1357327391,1357327391,2001-01-04T19:10:58.464,39.74,421.12,12.30,4,0.00,4,12.30,9.46,37.84,1.30,2.45,,"2 frame(s); median area 3.5 px; net motion dx=17.1, dy=-73.2; flags: none"
N1357313975,T0050,1357313975-0240,0.4395,2,1,co-iss-n1357313975,1357313975,2001-01-04T15:27:22.557,373.75,773.51,9.16,4,0.00,4,9.16,9.09,36.34,1.01,4.47,,"2 frame(s); median area 4.0 px; net motion dx=-49.3, dy=-39.0; flags: none"
N1357314335,T0050,1357314335-0221,0.4395,2,2,co-iss-n1357314335,1357314335,2001-01-04T15:33:22.554,324.50,734.50,8.18,4,0.00,4,8.18,8.14,32.57,1.01,5.83,,"2 frame(s); median area 4.0 px; net motion dx=-49.3, dy=-39.0; flags: none"
N1357313975,T0047,1357313975-0223,0.4386,2,1,co-iss-n1357313975,1357313975,2001-01-04T15:27:22.557,212.50,639.50,8.22,4,0.00,4,8.22,8.22,32.89,1.00,1.00,,"2 frame(s); median area 4.0 px; net motion dx=-14.0, dy=-32.0; flags: none"
N1357314335,T0047,1357314335-0188,0.4386,2,2,co-iss-n1357314335,1357314335,2001-01-04T15:33:22.554,198.50,607.50,8.82,4,0.00,4,8.82,8.82,35.29,1.00,1.00,,"2 frame(s); median area 4.0 px; net motion dx=-14.0, dy=-32.0; flags: none"
N1357327001,T0140,1357327001-0122,0.4384,2,5,co-iss-n1357327001,1357327001,2001-01-04T19:04:28.466,93.68,287.66,11.83,3,0.00,3,11.83,11.52,34.55,1.03,1.73,,"2 frame(s); median area 3.0 px; net motion dx=26.0, dy=-13.0; flags: none"
N1357327391,T0140,1357327391-0098,0.4384,2,6,co-iss-n1357327391,1357327391,2001-01-04T19:10:58.464,119.67,274.67,13.47,3,0.00,3,13.47,13.47,40.42,1.00,1.73,,"2 frame(s); median area 3.0 px; net motion dx=26.0, dy=-13.0; flags: none"
N1357313585,T0029,1357313585-0106,0.4373,2,0,co-iss-n1357313585,1357313585,2001-01-04T15:20:52.559,557.37,257.26,10.96,3,0.00,3,10.96,9.94,29.83,1.10,1.73,,"2 frame(s); median area 3.5 px; net motion dx=-16.9, dy=75.0; flags: none"
N1357313975,T0029,1357313975-0144,0.4373,2,1,co-iss-n1357313975,1357313975,2001-01-04T15:27:22.557,540.50,332.25,9.81,4,0.00,4,9.81,9.79,39.16,1.00,4.47,,"2 frame(s); median area 3.5 px; net motion dx=-16.9, dy=75.0; flags: none"
N1357331863,T0224,1357331863-0119,0.4366,2,9,co-iss-n1357331863,1357331863,2001-01-04T20:25:30.433,817.00,187.50,10.56,4,0.00,4,10.56,10.56,42.25,1.00,2.62,,"2 frame(s); median area 3.5 px; net motion dx=-1.6, dy=-42.2; flags: none"
N1357332223,T0224,1357332223-0044,0.4366,2,10,co-iss-n1357332223,1357332223,2001-01-04T20:31:30.430,815.36,145.29,9.96,3,0.00,3,9.96,9.27,27.81,1.07,1.73,,"2 frame(s); median area 3.5 px; net motion dx=-1.6, dy=-42.2; flags: none"
N1357327001,T0135,1357327001-0095,0.4363,2,5,co-iss-n1357327001,1357327001,2001-01-04T19:04:28.466,922.58,229.50,9.93,4,0.00,4,9.93,8.61,34.43,1.15,1.00,,"2 frame(s); median area 3.5 px; net motion dx=58.8, dy=-43.2; flags: none"
N1357327391,T0135,1357327391-0068,0.4363,2,6,co-iss-n1357327391,1357327391,2001-01-04T19:10:58.464,981.33,186.33,10.51,3,0.00,3,10.51,10.46,31.39,1.00,1.73,,"2 frame(s); median area 3.5 px; net motion dx=58.8, dy=-43.2; flags: none"
N1357327001,T0121,1357327001-0028,0.4345,2,5,co-iss-n1357327001,1357327001,2001-01-04T19:04:28.466,126.76,61.38,15.45,3,0.00,3,15.45,13.57,40.70,1.14,1.73,,"2 frame(s); median area 3.0 px; net motion dx=-4.1, dy=-6.7; flags: none"
N1357327391,T0121,1357327391-0022,0.4345,2,6,co-iss-n1357327391,1357327391,2001-01-04T19:10:58.464,122.67,54.67,8.53,3,0.00,3,8.53,8.43,25.28,1.01,1.73,,"2 frame(s); median area 3.0 px; net motion dx=-4.1, dy=-6.7; flags: none"
N1357331863,T0234,1357331863-0188,0.4335,2,9,co-iss-n1357331863,1357331863,2001-01-04T20:25:30.433,598.50,292.50,10.21,4,0.00,4,10.21,10.14,40.58,1.01,1.00,,"2 frame(s); median area 3.5 px; net motion dx=51.5, dy=2.8; flags: none"
N1357332223,T0234,1357332223-0108,0.4335,2,10,co-iss-n1357332223,1357332223,2001-01-04T20:31:30.430,650.00,295.33,9.28,3,0.00,3,9.28,9.28,27.84,1.00,4.39,,"2 frame(s); median area 3.5 px; net motion dx=51.5, dy=2.8; flags: none"
N1357331863,T0221,1357331863-0099,0.4312,2,9,co-iss-n1357331863,1357331863,2001-01-04T20:25:30.433,879.50,147.00,10.35,4,0.00,4,10.35,10.34,41.34,1.00,2.62,,"2 frame(s); median area 3.5 px; net motion dx=-22.8, dy=39.0; flags: none"
N1357332223,T0221,1357332223-0062,0.4312,2,10,co-iss-n1357332223,1357332223,2001-01-04T20:31:30.430,856.67,186.00,8.40,3,0.00,3,8.40,8.37,25.12,1.00,4.39,,"2 frame(s); median area 3.5 px; net motion dx=-22.8, dy=39.0; flags: none"
N1357331863,T0243,1357331863-0249,0.4297,2,9,co-iss-n1357331863,1357331863,2001-01-04T20:25:30.433,542.26,363.26,9.02,4,0.00,4,9.02,8.81,35.23,1.02,2.45,,"2 frame(s); median area 3.5 px; net motion dx=-71.3, dy=6.4; flags: none"
N1357332223,T0243,1357332223-0134,0.4297,2,10,co-iss-n1357332223,1357332223,2001-01-04T20:31:30.430,471.00,369.67,9.21,3,0.00,3,9.21,9.21,27.64,1.00,4.39,,"2 frame(s); median area 3.5 px; net motion dx=-71.3, dy=6.4; flags: none"
N1357327001,T0147,1357327001-0146,0.4288,2,5,co-iss-n1357327001,1357327001,2001-01-04T19:04:28.466,614.50,333.50,8.66,4,0.00,4,8.66,8.66,34.63,1.00,1.00,,"2 frame(s); median area 3.5 px; net motion dx=-7.1, dy=-19.1; flags: none"
N1357327391,T0147,1357327391-0113,0.4288,2,6,co-iss-n1357327391,1357327391,2001-01-04T19:10:58.464,607.35,314.35,9.27,3,0.00,3,9.27,8.72,26.15,1.06,1.73,,"2 frame(s); median area 3.5 px; net motion dx=-7.1, dy=-19.1; flags: none"
N1357327391,T0162,1357327391-0170,0.4287,2,6,co-iss-n1357327391,1357327391,2001-01-04T19:10:58.464,261.70,496.96,8.51,3,0.00,3,8.51,8.15,24.44,1.04,4.39,,"2 frame(s); median area 3.5 px; net motion dx=18.6, dy=-30.2; flags: none"
N1357327751,T0162,1357327751-0167,0.4287,2,7,co-iss-n1357327751,1357327751,2001-01-04T19:16:58.461,280.25,466.75,9.38,4,0.00,4,9.38,9.34,37.37,1.00,2.45,,"2 frame(s); median area 3.5 px; net motion dx=18.6, dy=-30.2; flags: none"
N1357336335,T0299,1357336335-0131,0.4278,2,12,co-iss-n1357336335,1357336335,2001-01-04T21:40:02.402,673.97,324.54,8.46,4,0.15,4,8.46,8.21,32.86,1.03,6.85,,"2 frame(s); median area 3.5 px; net motion dx=44.3, dy=-26.2; flags: none"
N1357336695,T0299,1357336695-0106,0.4278,2,13,co-iss-n1357336695,1357336695,2001-01-04T21:46:02.399,718.28,298.36,9.15,3,0.00,3,9.15,8.44,25.32,1.08,1.73,,"2 frame(s); median area 3.5 px; net motion dx=44.3, dy=-26.2; flags: none"
N1357331863,T0251,1357331863-0327,0.4256,2,9,co-iss-n1357331863,1357331863,2001-01-04T20:25:30.433,227.99,547.75,8.53,4,0.00,4,8.53,8.47,33.90,1.01,3.60,,"2 frame(s); median area 3.5 px; net motion dx=40.7, dy=-21.4; flags: none"
N1357332223,T0251,1357332223-0172,0.4256,2,10,co-iss-n1357332223,1357332223,2001-01-04T20:31:30.430,268.66,526.32,8.33,3,0.00,3,8.33,8.13,24.39,1.02,1.73,,"2 frame(s); median area 3.5 px; net motion dx=40.7, dy=-21.4; flags: none"
N1357340807,T0357,1357340807-0226,0.4253,2,15,co-iss-n1357340807,1357340807,2001-01-04T22:54:34.371,349.75,766.75,8.09,4,0.00,4,8.09,8.08,32.31,1.00,2.45,,"2 frame(s); median area 3.5 px; net motion dx=-75.1, dy=1.6; flags: none"
N1357341167,T0357,1357341167-0204,0.4253,2,16,co-iss-n1357341167,1357341167,2001-01-04T23:00:34.368,274.67,768.33,8.68,3,0.00,3,8.68,8.68,26.05,1.00,1.73,,"2 frame(s); median area 3.5 px; net motion dx=-75.1, dy=1.6; flags: none"
N1357327001,T0148,1357327001-0154,0.4247,2,5,co-iss-n1357327001,1357327001,2001-01-04T19:04:28.466,288.33,342.33,9.80,3,0.00,3,9.80,9.80,29.40,1.00,1.73,,"2 frame(s); median area 3.0 px; net motion dx=28.3, dy=-0.6; flags: none"
N1357327391,T0148,1357327391-0125,0.4247,2,6,co-iss-n1357327391,1357327391,2001-01-04T19:10:58.464,316.64,341.72,10.92,3,0.00,3,10.92,10.09,30.28,1.08,1.73,,"2 frame(s); median area 3.0 px; net motion dx=28.3, dy=-0.6; flags: none"
N1357340807,T0346,1357340807-0081,0.4225,2,15,co-iss-n1357340807,1357340807,2001-01-04T22:54:34.371,752.29,207.36,10.40,3,0.00,3,10.40,9.73,29.20,1.07,1.73,,"2 frame(s); median area 3.0 px; net motion dx=-26.3, dy=41.3; flags: none"
N1357341167,T0346,1357341167-0095,0.4225,2,16,co-iss-n1357341167,1357341167,2001-01-04T23:00:34.368,726.00,248.66,9.61,3,0.00,3,9.61,9.37,28.12,1.03,4.39,,"2 frame(s); median area 3.0 px; net motion dx=-26.3, dy=41.3; flags: none"
N1357313975,T0044,1357313975-0200,0.4190,2,1,co-iss-n1357313975,1357313975,2001-01-04T15:27:22.557,269.32,496.34,9.09,3,0.00,3,9.09,8.90,26.69,1.02,1.73,,"2 frame(s); median area 3.0 px; net motion dx=22.4, dy=-26.7; flags: none"
N1357314335,T0044,1357314335-0163,0.4190,2,2,co-iss-n1357314335,1357314335,2001-01-04T15:33:22.554,291.73,469.63,9.74,3,0.00,3,9.74,8.81,26.44,1.11,1.73,,"2 frame(s); median area 3.0 px; net motion dx=22.4, dy=-26.7; flags: none"
N1357331863,T0246,1357331863-0296,0.4128,2,9,co-iss-n1357331863,1357331863,2001-01-04T20:25:30.433,408.04,447.69,8.18,3,0.00,3,8.18,7.87,23.61,1.04,4.39,,"2 frame(s); median area 3.0 px; net motion dx=37.6, dy=-34.4; flags: none"
N1357332223,T0246,1357332223-0148,0.4128,2,10,co-iss-n1357332223,1357332223,2001-01-04T20:31:30.430,445.67,413.33,8.60,3,0.00,3,8.60,8.60,25.80,1.00,1.73,,"2 frame(s); median area 3.0 px; net motion dx=37.6, dy=-34.4; flags: none"
N1357314335,T0053,1357314335-0031,0.3911,1,2,co-iss-n1357314335,1357314335,2001-01-04T15:33:22.554,151.72,78.66,17.26,8,0.00,8,17.26,14.69,117.51,1.18,4.17,,1 frame(s); median area 8.0 px; flags: none
N1357331863,T0209,1357331863-0036,0.3905,1,9,co-iss-n1357331863,1357331863,2001-01-04T20:25:30.433,174.84,58.27,17.16,10,0.00,10,17.16,14.03,140.25,1.22,1.68,,1 frame(s); median area 10.0 px; flags: none
N1357331863,T0212,1357331863-0043,0.3875,1,9,co-iss-n1357331863,1357331863,2001-01-04T20:25:30.433,310.44,61.03,16.67,8,0.00,8,16.67,14.53,116.21,1.15,4.39,,1 frame(s); median area 8.0 px; flags: none
N1357340417,T0324,1357340417-0064,0.3745,1,14,co-iss-n1357340417,1357340417,2001-01-04T22:48:04.373,51.95,141.18,14.50,9,0.15,9,14.50,11.43,102.87,1.27,7.88,,1 frame(s); median area 9.0 px; flags: none
N1357313585,T0007,1357313585-0028,0.3731,1,0,co-iss-n1357313585,1357313585,2001-01-04T15:20:52.559,953.11,70.37,14.26,8,0.00,8,14.26,11.79,94.35,1.21,4.09,,1 frame(s); median area 8.0 px; flags: none
N1357314335,T0052,1357314335-0012,0.3711,1,2,co-iss-n1357314335,1357314335,2001-01-04T15:33:22.554,214.55,26.70,13.93,8,0.00,8,13.93,9.45,75.58,1.47,4.27,,1 frame(s); median area 8.0 px; flags: none
N1357314335,T0058,1357314335-0080,0.3698,1,2,co-iss-n1357314335,1357314335,2001-01-04T15:33:22.554,311.60,213.19,13.72,9,0.00,9,13.72,13.01,117.11,1.05,2.75,,1 frame(s); median area 9.0 px; flags: none
N1357314335,T0055,1357314335-0044,0.3672,1,2,co-iss-n1357314335,1357314335,2001-01-04T15:33:22.554,623.42,111.28,13.29,8,0.15,8,13.29,11.78,94.25,1.13,6.19,,1 frame(s); median area 8.0 px; flags: none
N1357314335,T0060,1357314335-0089,0.3651,1,2,co-iss-n1357314335,1357314335,2001-01-04T15:33:22.554,352.47,242.47,12.94,8,0.00,8,12.94,10.67,85.34,1.21,3.92,,1 frame(s); median area 8.0 px; flags: none
N1357318447,T0102,1357318447-0043,0.3623,1,4,co-iss-n1357318447,1357318447,2001-01-04T16:41:54.526,311.72,70.06,16.63,7,0.00,7,16.63,14.64,102.50,1.14,2.72,,1 frame(s); median area 7.0 px; flags: none
N1357318057,T0089,1357318057-0115,0.3613,1,3,co-iss-n1357318057,1357318057,2001-01-04T16:35:24.528,69.83,281.34,12.30,17,0.00,17,12.30,12.08,205.36,1.02,5.95,,1 frame(s); median area 17.0 px; flags: none
N1357313585,T0028,1357313585-0104,0.3610,1,0,co-iss-n1357313585,1357313585,2001-01-04T15:20:52.559,150.37,252.66,12.26,9,0.15,9,12.26,10.92,98.31,1.12,7.23,,1 frame(s); median area 9.0 px; flags: none
N1357318057,T0077,1357318057-0050,0.3609,1,3,co-iss-n1357318057,1357318057,2001-01-04T16:35:24.528,780.11,121.66,12.24,9,0.00,9,12.24,12.10,108.94,1.01,1.81,,1 frame(s); median area 9.0 px; flags: none
N1357327001,T0129,1357327001-0058,0.3600,1,5,co-iss-n1357327001,1357327001,2001-01-04T19:04:28.466,653.08,147.89,12.09,10,0.00,10,12.09,11.47,114.72,1.05,4.34,,1 frame(s); median area 10.0 px; flags: none
N1357327751,T0166,1357327751-0066,0.3578,1,7,co-iss-n1357327751,1357327751,2001-01-04T19:16:58.461,599.68,195.33,11.71,8,0.00,8,11.71,10.96,87.65,1.07,2.99,,1 frame(s); median area 8.0 px; flags: none
N1357327001,T0136,1357327001-0098,0.3551,1,5,co-iss-n1357327001,1357327001,2001-01-04T19:04:28.466,458.16,234.12,11.26,9,0.00,9,11.26,9.96,89.68,1.13,4.33,,1 frame(s); median area 9.0 px; flags: none
N1357318447,T0115,1357318447-0145,0.3549,1,4,co-iss-n1357318447,1357318447,2001-01-04T16:41:54.526,295.26,352.10,11.23,9,0.15,9,11.23,9.71,87.40,1.16,7.21,,1 frame(s); median area 9.0 px; flags: none
N1357341167,T0373,1357341167-0141,0.3540,1,16,co-iss-n1357341167,1357341167,2001-01-04T23:00:34.368,136.49,387.75,11.08,9,0.00,9,11.08,10.30,92.72,1.08,5.25,,1 frame(s); median area 9.0 px; flags: none
N1357331863,T0225,1357331863-0136,0.3521,1,9,co-iss-n1357331863,1357331863,2001-01-04T20:25:30.433,771.26,211.07,10.77,10,0.00,10,10.77,9.90,99.02,1.09,3.82,,1 frame(s); median area 10.0 px; flags: none
N1357313585,T0030,1357313585-0122,0.3505,1,0,co-iss-n1357313585,1357313585,2001-01-04T15:20:52.559,391.91,301.13,10.51,8,0.00,8,10.51,10.06,80.47,1.04,1.26,,1 frame(s); median area 8.0 px; flags: none
N1357331863,T0256,1357331863-0373,0.3505,1,9,co-iss-n1357331863,1357331863,2001-01-04T20:25:30.433,56.78,759.56,10.49,9,0.00,9,10.49,10.49,94.44,1.00,2.71,,1 frame(s); median area 9.0 px; flags: none
N1357327001,T0144,1357327001-0141,0.3490,1,5,co-iss-n1357327001,1357327001,2001-01-04T19:04:28.466,229.33,330.58,10.25,13,0.00,13,10.25,9.91,128.85,1.03,4.16,,1 frame(s); median area 13.0 px; flags: none
N1357313975,T0041,1357313975-0162,0.3446,1,1,co-iss-n1357313975,1357313975,2001-01-04T15:27:22.557,472.15,367.66,9.52,8,0.00,8,9.52,9.17,73.33,1.04,1.94,,1 frame(s); median area 8.0 px; flags: none
N1357327391,T0161,1357327391-0083,0.3427,1,6,co-iss-n1357327391,1357327391,2001-01-04T19:10:58.464,852.50,211.50,9.20,8,0.00,8,9.20,9.14,73.09,1.01,1.73,,1 frame(s); median area 8.0 px; flags: none
N1357340807,T0358,1357340807-0227,0.3422,1,15,co-iss-n1357340807,1357340807,2001-01-04T22:54:34.371,155.67,769.01,9.11,9,0.00,9,9.11,9.04,81.32,1.01,3.91,,1 frame(s); median area 9.0 px; flags: none
N1357331863,T0219,1357331863-0097,0.3419,1,9,co-iss-n1357331863,1357331863,2001-01-04T20:25:30.433,567.07,144.24,13.23,7,0.00,7,13.23,12.35,86.48,1.07,1.08,,1 frame(s); median area 7.0 px; flags: none
N1357314335,T0068,1357314335-0222,0.3413,1,2,co-iss-n1357314335,1357314335,2001-01-04T15:33:22.554,254.49,739.26,8.96,8,0.00,8,8.96,8.80,70.43,1.02,5.61,,1 frame(s); median area 8.0 px; flags: none
N1357331863,T0239,1357331863-0221,0.3412,1,9,co-iss-n1357331863,1357331863,2001-01-04T20:25:30.433,728.28,321.95,8.95,20,0.00,20,8.95,8.78,175.52,1.02,5.48,,1 frame(s); median area 20.0 px; flags: none
N1357336335,T0303,1357336335-0217,0.3411,1,12,co-iss-n1357336335,1357336335,2001-01-04T21:40:02.402,85.14,736.86,8.94,14,0.00,14,8.94,8.89,124.41,1.01,1.25,,1 frame(s); median area 14.0 px; flags: none
N1357327001,T0153,1357327001-0171,0.3410,1,5,co-iss-n1357327001,1357327001,2001-01-04T19:04:28.466,352.54,372.33,8.91,19,0.00,19,8.91,8.79,166.92,1.01,3.99,,1 frame(s); median area 19.0 px; flags: none
N1357341167,T0376,1357341167-0168,0.3404,1,16,co-iss-n1357341167,1357341167,2001-01-04T23:00:34.368,305.38,449.23,8.81,9,0.00,9,8.81,8.62,77.61,1.02,4.83,,1 frame(s); median area 9.0 px; flags: none
N1357318447,T0098,1357318447-0003,0.3401,1,4,co-iss-n1357318447,1357318447,2001-01-04T16:41:54.526,921.29,15.44,12.94,7,0.00,7,12.94,11.80,82.59,1.10,2.65,,1 frame(s); median area 7.0 px; flags: none
N1357331863,T0211,1357331863-0042,0.3396,1,9,co-iss-n1357331863,1357331863,2001-01-04T20:25:30.433,223.85,60.86,17.02,6,0.00,6,17.02,13.89,83.36,1.23,1.35,,1 frame(s); median area 6.0 px; flags: none
N1357313585,T0024,1357313585-0090,0.3369,1,0,co-iss-n1357313585,1357313585,2001-01-04T15:20:52.559,54.21,213.75,12.40,7,0.00,7,12.40,10.35,72.43,1.20,5.08,,1 frame(s); median area 7.0 px; flags: none
N1357314335,T0062,1357314335-0098,0.3366,1,2,co-iss-n1357314335,1357314335,2001-01-04T15:33:22.554,817.00,285.64,8.18,8,0.00,8,8.18,8.02,64.20,1.02,4.44,,1 frame(s); median area 8.0 px; flags: none
N1357331863,T0255,1357331863-0364,0.3366,1,9,co-iss-n1357331863,1357331863,2001-01-04T20:25:30.433,200.27,730.39,8.18,8,0.00,8,8.18,8.01,64.07,1.02,4.45,,1 frame(s); median area 8.0 px; flags: none
N1357327001,T0142,1357327001-0129,0.3362,1,5,co-iss-n1357327001,1357327001,2001-01-04T19:04:28.466,36.07,300.83,12.28,7,0.00,7,12.28,10.60,74.18,1.16,2.72,,1 frame(s); median area 7.0 px; flags: none
N1357340807,T0353,1357340807-0209,0.3357,1,15,co-iss-n1357340807,1357340807,2001-01-04T22:54:34.371,107.98,675.38,8.03,8,0.00,8,8.03,7.94,63.55,1.01,2.53,,1 frame(s); median area 8.0 px; flags: none
N1357336695,T0308,1357336695-0110,0.3338,1,13,co-iss-n1357336695,1357336695,2001-01-04T21:46:02.399,264.80,305.65,11.89,7,0.00,7,11.89,11.31,79.19,1.05,4.04,,1 frame(s); median area 7.0 px; flags: none
N1357314335,T0065,1357314335-0162,0.3337,1,2,co-iss-n1357314335,1357314335,2001-01-04T15:33:22.554,77.07,469.02,11.87,7,0.00,7,11.87,11.13,77.88,1.07,1.73,,1 frame(s); median area 7.0 px; flags: none
N1357335945,T0261,1357335945-0021,0.3313,1,11,co-iss-n1357335945,1357335945,2001-01-04T21:33:32.404,100.20,51.78,15.64,6,0.15,6,15.64,12.05,72.30,1.30,6.17,,1 frame(s); median area 6.0 px; flags: none
N1357327001,T0125,1357327001-0043,0.3260,1,5,co-iss-n1357327001,1357327001,2001-01-04T19:04:28.466,83.44,123.53,14.75,6,0.00,6,14.75,12.99,77.97,1.14,2.45,,1 frame(s); median area 6.0 px; flags: none
N1357336335,T0289,1357336335-0003,0.3245,1,12,co-iss-n1357336335,1357336335,2001-01-04T21:40:02.402,995.52,11.85,14.49,6,0.00,6,14.49,11.72,70.35,1.24,4.32,,1 frame(s); median area 6.0 px; flags: none
N1357341167,T0368,1357341167-0115,0.3226,1,16,co-iss-n1357341167,1357341167,2001-01-04T23:00:34.368,479.43,309.43,10.01,7,0.00,7,10.01,9.98,69.89,1.00,2.39,,1 frame(s); median area 7.0 px; flags: none
N1357327751,T0165,1357327751-0034,0.3218,1,7,co-iss-n1357327751,1357327751,2001-01-04T19:16:58.461,550.59,86.53,14.05,6,0.00,6,14.05,10.77,64.60,1.31,2.45,,1 frame(s); median area 6.0 px; flags: none
N1357331863,T0214,1357331863-0056,0.3194,1,9,co-iss-n1357331863,1357331863,2001-01-04T20:25:30.433,978.05,83.43,13.65,6,0.00,6,13.65,12.96,77.74,1.05,3.60,,1 frame(s); median area 6.0 px; flags: none
N1357336335,T0288,1357336335-0001,0.3180,1,12,co-iss-n1357336335,1357336335,2001-01-04T21:40:02.402,568.43,5.25,13.41,6,0.00,6,13.41,9.63,57.79,1.39,4.32,,1 frame(s); median area 6.0 px; flags: none
N1357318057,T0075,1357318057-0043,0.3163,1,3,co-iss-n1357318057,1357318057,2001-01-04T16:35:24.528,691.37,98.16,13.13,6,0.00,6,13.13,11.97,71.81,1.10,2.64,,1 frame(s); median area 6.0 px; flags: none
N1357314335,T0066,1357314335-0178,0.3154,1,2,co-iss-n1357314335,1357314335,2001-01-04T15:33:22.554,261.28,561.00,8.82,7,0.00,7,8.82,8.80,61.61,1.00,2.72,,1 frame(s); median area 7.0 px; flags: none
N1357341167,T0360,1357341167-0044,0.3132,1,16,co-iss-n1357341167,1357341167,2001-01-04T23:00:34.368,595.58,119.06,12.61,6,0.00,6,12.61,9.86,59.18,1.28,4.52,,1 frame(s); median area 6.0 px; flags: none
N1357313585,T0022,1357313585-0084,0.3122,1,0,co-iss-n1357313585,1357313585,2001-01-04T15:20:52.559,260.17,206.00,12.45,6,0.00,6,12.45,12.44,74.65,1.00,2.03,,1 frame(s); median area 6.0 px; flags: none
N1357318447,T0107,1357318447-0099,0.3121,1,4,co-iss-n1357318447,1357318447,2001-01-04T16:41:54.526,445.52,229.00,12.44,6,0.00,6,12.44,11.94,71.65,1.04,4.47,,1 frame(s); median area 6.0 px; flags: none
N1357314335,T0070,1357314335-0232,0.3108,1,2,co-iss-n1357314335,1357314335,2001-01-04T15:33:22.554,825.28,773.73,8.04,7,0.00,7,8.04,7.89,55.23,1.02,2.54,,1 frame(s); median area 7.0 px; flags: none
N1357335945,T0262,1357335945-0025,0.3060,1,11,co-iss-n1357335945,1357335945,2001-01-04T21:33:32.404,96.24,59.92,15.58,5,0.15,5,15.58,14.01,70.03,1.11,7.25,,1 frame(s); median area 5.0 px; flags: none
N1357336695,T0305,1357336695-0081,0.3039,1,13,co-iss-n1357336695,1357336695,2001-01-04T21:46:02.399,610.41,227.33,11.06,6,0.15,6,11.06,10.05,60.28,1.10,6.81,,1 frame(s); median area 6.0 px; flags: none
N1357331863,T0232,1357331863-0176,0.3026,1,9,co-iss-n1357331863,1357331863,2001-01-04T20:25:30.433,552.80,284.09,10.84,6,0.15,6,10.84,9.52,57.15,1.14,6.37,,1 frame(s); median area 6.0 px; flags: none
N1357318447,T0099,1357318447-0004,0.3025,1,4,co-iss-n1357318447,1357318447,2001-01-04T16:41:54.526,511.95,14.60,14.99,5,0.00,5,14.99,12.57,62.87,1.19,1.73,,1 frame(s); median area 5.0 px; flags: none
N1357318057,T0091,1357318057-0140,0.3006,1,3,co-iss-n1357318057,1357318057,2001-01-04T16:35:24.528,136.65,355.77,10.51,6,0.00,6,10.51,9.99,59.94,1.05,2.64,,1 frame(s); median area 6.0 px; flags: none
N1357313585,T0023,1357313585-0087,0.2990,1,0,co-iss-n1357313585,1357313585,2001-01-04T15:20:52.559,905.50,207.99,10.25,6,0.00,6,10.25,10.16,60.97,1.01,1.63,,1 frame(s); median area 6.0 px; flags: none
N1357331863,T0254,1357331863-0343,0.2988,1,9,co-iss-n1357331863,1357331863,2001-01-04T20:25:30.433,48.43,612.77,10.21,6,0.15,6,10.21,9.47,56.82,1.08,7.84,,1 frame(s); median area 6.0 px; flags: none
N1357331863,T0249,1357331863-0325,0.2979,1,9,co-iss-n1357331863,1357331863,2001-01-04T20:25:30.433,103.17,535.84,10.07,6,0.00,6,10.07,10.06,60.36,1.00,1.89,,1 frame(s); median area 6.0 px; flags: none
N1357327001,T0124,1357327001-0040,0.2961,1,5,co-iss-n1357327001,1357327001,2001-01-04T19:04:28.466,347.13,109.32,13.93,5,0.00,5,13.93,12.23,61.13,1.14,1.73,,1 frame(s); median area 5.0 px; flags: none
N1357327751,T0169,1357327751-0130,0.2938,1,7,co-iss-n1357327751,1357327751,2001-01-04T19:16:58.461,444.52,380.35,9.38,6,0.00,6,9.38,8.81,52.87,1.06,2.03,,1 frame(s); median area 6.0 px; flags: none
N1357313585,T0027,1357313585-0096,0.2930,1,0,co-iss-n1357313585,1357313585,2001-01-04T15:20:52.559,70.21,226.21,13.42,5,0.00,5,13.42,12.79,63.96,1.05,2.89,,1 frame(s); median area 5.0 px; flags: none
N1357336695,T0310,1357336695-0113,0.2924,1,13,co-iss-n1357336695,1357336695,2001-01-04T21:46:02.399,671.50,305.99,9.15,6,0.00,6,9.15,9.04,54.22,1.01,1.63,,1 frame(s); median area 6.0 px; flags: none
N1357331473,T0178,1357331473-0001,0.2920,1,8,co-iss-n1357331473,1357331473,2001-01-04T20:19:00.435,626.62,8.32,13.25,5,0.00,5,13.25,10.82,54.11,1.22,1.73,,1 frame(s); median area 5.0 px; flags: none
N1357318447,T0116,1357318447-0196,0.2917,1,4,co-iss-n1357318447,1357318447,2001-01-04T16:41:54.526,154.33,601.16,9.03,6,0.00,6,9.03,9.02,54.14,1.00,2.64,,1 frame(s); median area 6.0 px; flags: none
N1357340417,T0328,1357340417-0087,0.2915,1,14,co-iss-n1357340417,1357340417,2001-01-04T22:48:04.373,93.87,203.56,13.17,5,0.00,5,13.17,12.05,60.26,1.09,1.73,,1 frame(s); median area 5.0 px; flags: none
N1357340417,T0334,1357340417-0137,0.2907,1,14,co-iss-n1357340417,1357340417,2001-01-04T22:48:04.373,722.48,316.48,8.87,6,0.00,6,8.87,8.54,51.26,1.04,2.45,,1 frame(s); median area 6.0 px; flags: none
N1357313975,T0048,1357313975-0226,0.2877,1,1,co-iss-n1357313975,1357313975,2001-01-04T15:27:22.557,176.50,674.50,8.37,6,0.15,6,8.37,8.37,50.20,1.00,7.63,,1 frame(s); median area 6.0 px; flags: none
N1357318447,T0103,1357318447-0052,0.2865,1,4,co-iss-n1357318447,1357318447,2001-01-04T16:41:54.526,286.46,96.16,12.33,5,0.00,5,12.33,9.19,45.97,1.34,2.62,,1 frame(s); median area 5.0 px; flags: none
N1357327001,T0119,1357327001-0011,0.2858,1,5,co-iss-n1357327001,1357327001,2001-01-04T19:04:28.466,590.74,31.20,12.22,5,0.00,5,12.22,9.67,48.37,1.26,1.07,,1 frame(s); median area 5.0 px; flags: none
N1357318057,T0080,1357318057-0072,0.2844,1,3,co-iss-n1357318057,1357318057,2001-01-04T16:35:24.528,533.40,189.20,11.98,5,0.00,5,11.98,11.98,59.90,1.00,1.73,,1 frame(s); median area 5.0 px; flags: none
N1357331863,T0215,1357331863-0058,0.2835,1,9,co-iss-n1357331863,1357331863,2001-01-04T20:25:30.433,867.58,86.72,11.83,5,0.00,5,11.83,10.64,53.20,1.11,1.73,,1 frame(s); median area 5.0 px; flags: none
N1357331863,T0208,1357331863-0025,0.2816,1,9,co-iss-n1357331863,1357331863,2001-01-04T20:25:30.433,515.13,43.81,15.69,4,0.00,4,15.69,11.98,47.93,1.31,2.45,,1 frame(s); median area 4.0 px; flags: none
N1357331473,T0180,1357331473-0029,0.2808,1,8,co-iss-n1357331473,1357331473,2001-01-04T20:19:00.435,19.60,70.78,15.55,4,0.00,4,15.55,10.34,41.36,1.50,5.83,,1 frame(s); median area 4.0 px; flags: none
N1357341167,T0363,1357341167-0091,0.2790,1,16,co-iss-n1357341167,1357341167,2001-01-04T23:00:34.368,585.40,228.60,11.08,5,0.00,5,11.08,11.05,55.26,1.00,3.40,,1 frame(s); median area 5.0 px; flags: none
N1357318447,T0109,1357318447-0103,0.2761,1,4,co-iss-n1357318447,1357318447,2001-01-04T16:41:54.526,668.60,243.60,10.60,5,0.00,5,10.60,10.54,52.70,1.01,3.40,,1 frame(s); median area 5.0 px; flags: none
N1357318447,T0112,1357318447-0128,0.2761,1,4,co-iss-n1357318447,1357318447,2001-01-04T16:41:54.526,446.62,320.90,10.60,5,0.15,5,10.60,9.44,47.21,1.12,6.31,,1 frame(s); median area 5.0 px; flags: none
N1357341167,T0362,1357341167-0079,0.2759,1,16,co-iss-n1357341167,1357341167,2001-01-04T23:00:34.368,61.47,208.52,14.74,4,0.00,4,14.74,13.99,55.98,1.05,1.00,,1 frame(s); median area 4.0 px; flags: none
N1357331863,T0248,1357331863-0321,0.2755,1,9,co-iss-n1357331863,1357331863,2001-01-04T20:25:30.433,12.58,527.58,10.49,5,0.00,5,10.49,9.88,49.39,1.06,3.40,,1 frame(s); median area 5.0 px; flags: none
N1357340417,T0322,1357340417-0047,0.2753,1,14,co-iss-n1357340417,1357340417,2001-01-04T22:48:04.373,195.46,90.61,14.63,4,0.00,4,14.63,11.93,47.72,1.23,1.00,,1 frame(s); median area 4.0 px; flags: none
N1357341167,T0361,1357341167-0060,0.2751,1,16,co-iss-n1357341167,1357341167,2001-01-04T23:00:34.368,4.55,166.45,14.61,4,0.00,4,14.61,13.26,53.05,1.10,1.00,,1 frame(s); median area 4.0 px; flags: none
N1357313585,T0004,1357313585-0006,0.2750,1,0,co-iss-n1357313585,1357313585,2001-01-04T15:20:52.559,318.73,13.63,14.59,4,0.00,4,14.59,13.25,53.01,1.10,2.45,,1 frame(s); median area 4.0 px; flags: none
N1357336335,T0292,1357336335-0034,0.2745,1,12,co-iss-n1357336335,1357336335,2001-01-04T21:40:02.402,573.49,59.51,14.49,4,0.00,4,14.49,14.16,56.65,1.02,1.00,,1 frame(s); median area 4.0 px; flags: none
N1357331863,T0210,1357331863-0040,0.2736,1,9,co-iss-n1357331863,1357331863,2001-01-04T20:25:30.433,1017.76,59.52,14.36,4,0.00,4,14.36,10.37,41.47,1.38,4.47,,1 frame(s); median area 4.0 px; flags: none
N1357331863,T0213,1357331863-0052,0.2728,1,9,co-iss-n1357331863,1357331863,2001-01-04T20:25:30.433,996.36,77.73,14.21,4,0.00,4,14.21,13.00,51.98,1.09,2.45,,1 frame(s); median area 4.0 px; flags: none
N1357331863,T0222,1357331863-0106,0.2728,1,9,co-iss-n1357331863,1357331863,2001-01-04T20:25:30.433,340.54,165.00,14.21,4,0.00,4,14.21,10.43,41.72,1.36,2.62,,1 frame(s); median area 4.0 px; flags: none
N1357341167,T0370,1357341167-0118,0.2722,1,16,co-iss-n1357341167,1357341167,2001-01-04T23:00:34.368,467.83,319.45,9.95,5,0.00,5,9.95,9.55,47.75,1.04,4.39,,1 frame(s); median area 5.0 px; flags: none
N1357314335,T0054,1357314335-0043,0.2715,1,2,co-iss-n1357314335,1357314335,2001-01-04T15:33:22.554,561.05,107.48,14.00,4,0.00,4,14.00,11.83,47.31,1.18,2.62,,1 frame(s); median area 4.0 px; flags: none
N1357327001,T0118,1357327001-0003,0.2711,1,5,co-iss-n1357327001,1357327001,2001-01-04T19:04:28.466,386.00,11.75,13.93,4,0.00,4,13.93,13.91,55.65,1.00,1.63,,1 frame(s); median area 4.0 px; flags: none
N1357336335,T0296,1357336335-0105,0.2707,1,12,co-iss-n1357336335,1357336335,2001-01-04T21:40:02.402,135.48,232.00,13.87,4,0.00,4,13.87,13.34,53.35,1.04,2.62,,1 frame(s); median area 4.0 px; flags: none
N1357314335,T0061,1357314335-0094,0.2706,1,2,co-iss-n1357314335,1357314335,2001-01-04T15:33:22.554,155.50,270.50,13.86,4,0.00,4,13.86,13.86,55.43,1.00,1.00,,1 frame(s); median area 4.0 px; flags: none
N1357332223,T0257,1357332223-0099,0.2705,1,10,co-iss-n1357332223,1357332223,2001-01-04T20:31:30.430,11.30,272.57,13.84,4,0.00,4,13.84,12.14,48.57,1.14,5.83,,1 frame(s); median area 4.0 px; flags: none
N1357336695,T0307,1357336695-0092,0.2686,1,13,co-iss-n1357336695,1357336695,2001-01-04T21:46:02.399,752.80,262.20,9.35,5,0.00,5,9.35,9.35,46.76,1.00,2.89,,1 frame(s); median area 5.0 px; flags: none
N1357327001,T0143,1357327001-0132,0.2679,1,5,co-iss-n1357327001,1357327001,2001-01-04T19:04:28.466,1001.00,306.97,9.23,5,0.00,5,9.23,8.96,44.80,1.03,1.00,,1 frame(s); median area 5.0 px; flags: none
N1357336335,T0290,1357336335-0013,0.2658,1,12,co-iss-n1357336335,1357336335,2001-01-04T21:40:02.402,806.46,26.44,13.05,4,0.00,4,13.05,9.83,39.32,1.33,5.83,,1 frame(s); median area 4.0 px; flags: none
N1357327001,T0127,1357327001-0056,0.2657,1,5,co-iss-n1357327001,1357327001,2001-01-04T19:04:28.466,443.28,144.47,13.04,4,0.00,4,13.04,11.79,47.15,1.11,4.47,,1 frame(s); median area 4.0 px; flags: none
N1357318447,T0117,1357318447-0219,0.2654,1,4,co-iss-n1357318447,1357318447,2001-01-04T16:41:54.526,395.79,771.38,8.82,5,0.00,5,8.82,8.45,42.24,1.04,1.73,,1 frame(s); median area 5.0 px; flags: none
N1357335945,T0265,1357335945-0039,0.2653,1,11,co-iss-n1357335945,1357335945,2001-01-04T21:33:32.404,724.84,95.16,12.97,4,0.00,4,12.97,11.64,46.57,1.11,2.45,,1 frame(s); median area 4.0 px; flags: none
N1357318057,T0076,1357318057-0045,0.2651,1,3,co-iss-n1357318057,1357318057,2001-01-04T16:35:24.528,688.75,105.75,12.94,4,0.00,4,12.94,12.94,51.76,1.00,2.45,,1 frame(s); median area 4.0 px; flags: none
N1357318447,T0101,1357318447-0024,0.2651,1,4,co-iss-n1357318447,1357318447,2001-01-04T16:41:54.526,852.89,38.38,12.94,4,0.00,4,12.94,10.35,41.40,1.25,2.62,,1 frame(s); median area 4.0 px; flags: none
N1357340417,T0326,1357340417-0079,0.2650,1,14,co-iss-n1357340417,1357340417,2001-01-04T22:48:04.373,184.91,181.73,12.92,4,0.00,4,12.92,11.89,47.54,1.09,1.63,,1 frame(s); median area 4.0 px; flags: none
N1357331473,T0203,1357331473-0185,0.2648,1,8,co-iss-n1357331473,1357331473,2001-01-04T20:19:00.435,200.80,443.40,8.71,5,0.00,5,8.71,8.69,43.43,1.00,1.73,,1 frame(s); median area 5.0 px; flags: none
N1357335945,T0259,1357335945-0002,0.2646,1,11,co-iss-n1357335945,1357335945,2001-01-04T21:33:32.404,901.48,7.52,12.85,4,0.00,4,12.85,12.28,49.12,1.05,1.00,,1 frame(s); median area 4.0 px; flags: none
N1357313585,T0031,1357313585-0138,0.2643,1,0,co-iss-n1357313585,1357313585,2001-01-04T15:20:52.559,977.59,333.18,8.63,5,0.00,5,8.63,8.32,41.62,1.04,2.62,,1 frame(s); median area 5.0 px; flags: none
N1357327751,T0174,1357327751-0198,0.2638,1,7,co-iss-n1357327751,1357327751,2001-01-04T19:16:58.461,113.59,668.40,8.55,5,0.00,5,8.55,8.46,42.29,1.01,5.00,,1 frame(s); median area 5.0 px; flags: none
N1357335945,T0267,1357335945-0048,0.2634,1,11,co-iss-n1357335945,1357335945,2001-01-04T21:33:32.404,651.50,118.50,12.66,4,0.00,4,12.66,12.62,50.50,1.00,1.00,,1 frame(s); median area 4.0 px; flags: none
N1357331863,T0216,1357331863-0067,0.2621,1,9,co-iss-n1357331863,1357331863,2001-01-04T20:25:30.433,154.10,104.73,16.60,3,0.00,3,16.60,15.14,45.43,1.10,4.39,,1 frame(s); median area 3.0 px; flags: none
N1357331863,T0220,1357331863-0098,0.2614,1,9,co-iss-n1357331863,1357331863,2001-01-04T20:25:30.433,703.60,146.35,12.32,4,0.15,4,12.32,10.67,42.68,1.15,6.17,,1 frame(s); median area 4.0 px; flags: none
N1357341167,T0371,1357341167-0127,0.2610,1,16,co-iss-n1357341167,1357341167,2001-01-04T23:00:34.368,736.18,341.59,8.08,5,0.00,5,8.08,7.83,39.14,1.03,1.73,,1 frame(s); median area 5.0 px; flags: none
N1357340807,T0339,1357340807-0001,0.2609,1,15,co-iss-n1357340807,1357340807,2001-01-04T22:54:34.371,913.50,6.00,12.23,4,0.00,4,12.23,12.20,48.78,1.00,2.62,,1 frame(s); median area 4.0 px; flags: none
N1357313975,T0043,1357313975-0179,0.2605,1,1,co-iss-n1357313975,1357313975,2001-01-04T15:27:22.557,521.40,411.60,8.01,5,0.00,5,8.01,7.96,39.82,1.01,3.40,,1 frame(s); median area 5.0 px; flags: none
N1357341167,T0367,1357341167-0104,0.2592,1,16,co-iss-n1357341167,1357341167,2001-01-04T23:00:34.368,231.52,279.89,11.94,4,0.00,4,11.94,10.00,39.98,1.19,2.62,,1 frame(s); median area 4.0 px; flags: none
N1357313585,T0021,1357313585-0082,0.2591,1,0,co-iss-n1357313585,1357313585,2001-01-04T15:20:52.559,541.47,201.44,11.93,4,0.00,4,11.93,9.24,36.97,1.29,1.00,,1 frame(s); median area 4.0 px; flags: none
N1357336695,T0306,1357336695-0082,0.2568,1,13,co-iss-n1357336695,1357336695,2001-01-04T21:46:02.399,566.00,230.51,11.54,4,0.00,4,11.54,11.25,45.01,1.03,2.62,,1 frame(s); median area 4.0 px; flags: none
N1357314335,T0064,1357314335-0148,0.2566,1,2,co-iss-n1357314335,1357314335,2001-01-04T15:33:22.554,158.50,427.60,11.52,4,0.00,4,11.52,9.57,38.27,1.20,1.00,,1 frame(s); median area 4.0 px; flags: none
N1357335945,T0271,1357335945-0061,0.2566,1,11,co-iss-n1357335945,1357335945,2001-01-04T21:33:32.404,799.51,149.51,11.51,4,0.00,4,11.51,11.36,45.42,1.01,1.00,,1 frame(s); median area 4.0 px; flags: none
N1357327751,T0167,1357327751-0090,0.2561,1,7,co-iss-n1357327751,1357327751,2001-01-04T19:16:58.461,515.50,252.00,11.44,4,0.00,4,11.44,11.44,45.76,1.00,2.62,,1 frame(s); median area 4.0 px; flags: none
N1357318447,T0100,1357318447-0021,0.2561,1,4,co-iss-n1357318447,1357318447,2001-01-04T16:41:54.526,406.30,34.43,15.59,3,0.00,3,15.59,12.13,36.39,1.29,1.73,,1 frame(s); median area 3.0 px; flags: none
N1357318447,T0105,1357318447-0063,0.2559,1,4,co-iss-n1357318447,1357318447,2001-01-04T16:41:54.526,225.22,139.39,15.56,3,0.00,3,15.56,13.22,39.65,1.18,1.73,,1 frame(s); median area 3.0 px; flags: none
N1357313585,T0006,1357313585-0017,0.2555,1,0,co-iss-n1357313585,1357313585,2001-01-04T15:20:52.559,355.24,42.03,15.49,3,0.00,3,15.49,10.40,31.19,1.49,4.39,,1 frame(s); median area 3.0 px; flags: none
N1357327001,T0133,1357327001-0081,0.2551,1,5,co-iss-n1357327001,1357327001,2001-01-04T19:04:28.466,661.81,200.11,11.26,4,0.00,4,11.26,9.29,37.14,1.21,2.45,,1 frame(s); median area 4.0 px; flags: none
N1357313585,T0010,1357313585-0040,0.2547,1,0,co-iss-n1357313585,1357313585,2001-01-04T15:20:52.559,93.21,106.40,15.36,3,0.00,3,15.36,12.95,38.84,1.19,1.73,,1 frame(s); median area 3.0 px; flags: none
N1357340417,T0317,1357340417-0017,0.2541,1,14,co-iss-n1357340417,1357340417,2001-01-04T22:48:04.373,279.25,35.88,15.26,3,0.00,3,15.26,13.62,40.86,1.12,4.39,,1 frame(s); median area 3.0 px; flags: none
N1357341167,T0364,1357341167-0096,0.2540,1,16,co-iss-n1357341167,1357341167,2001-01-04T23:00:34.368,548.38,252.90,11.08,4,0.00,4,11.08,10.03,40.11,1.10,3.60,,1 frame(s); median area 4.0 px; flags: none
N1357340417,T0320,1357340417-0039,0.2529,1,14,co-iss-n1357340417,1357340417,2001-01-04T22:48:04.373,134.40,75.80,15.07,3,0.00,3,15.07,12.50,37.49,1.21,1.73,,1 frame(s); median area 3.0 px; flags: none
N1357313585,T0008,1357313585-0030,0.2527,1,0,co-iss-n1357313585,1357313585,2001-01-04T15:20:52.559,992.67,75.67,15.04,3,0.00,3,15.04,15.00,44.99,1.00,1.73,,1 frame(s); median area 3.0 px; flags: none
N1357336695,T0304,1357336695-0036,0.2527,1,13,co-iss-n1357336695,1357336695,2001-01-04T21:46:02.399,374.26,99.37,15.04,3,0.00,3,15.04,13.47,40.42,1.12,1.73,,1 frame(s); median area 3.0 px; flags: none
N1357318057,T0087,1357318057-0105,0.2525,1,3,co-iss-n1357318057,1357318057,2001-01-04T16:35:24.528,531.50,255.00,10.83,4,0.00,4,10.83,10.60,42.40,1.02,2.62,,1 frame(s); median area 4.0 px; flags: none
N1357341167,T0359,1357341167-0021,0.2509,1,16,co-iss-n1357341167,1357341167,2001-01-04T23:00:34.368,505.45,39.76,14.74,3,0.00,3,14.74,10.96,32.89,1.34,1.73,,1 frame(s); median area 3.0 px; flags: none
N1357318447,T0104,1357318447-0061,0.2508,1,4,co-iss-n1357318447,1357318447,2001-01-04T16:41:54.526,388.92,137.36,14.71,3,0.00,3,14.71,13.57,40.70,1.08,4.39,,1 frame(s); median area 3.0 px; flags: none
