image_id,track_id,candidate_id,confidence,track_length,frame_index,opus_id,image_number,time,x,y,brightness,blob_size,artifact_score,area_px,peak_snr,mean_snr,integrated_snr,sharpness,elongation,flags,reason
N1357781496,T0038,1357781496-0005,0.7406,3,3,co-iss-n1357781496,1357781496,2001-01-10T01:18:44.319,829.11,10.00,9.44,8,0.00,8,9.44,9.21,73.68,1.03,1.17,,"3 frame(s); median area 8.0 px; net motion dx=18.9, dy=24.3; flags: none"
N1357781886,T0038,1357781886-0039,0.7406,3,4,co-iss-n1357781886,1357781886,2001-01-10T01:25:14.316,815.41,62.05,11.13,9,0.00,9,11.13,10.23,92.07,1.09,4.20,,"3 frame(s); median area 8.0 px; net motion dx=18.9, dy=24.3; flags: none"
N1357782246,T0038,1357782246-0022,0.7406,3,5,co-iss-n1357782246,1357782246,2001-01-10T01:31:14.314,848.00,34.33,8.83,3,0.00,3,8.83,8.82,26.46,1.00,4.39,,"3 frame(s); median area 8.0 px; net motion dx=18.9, dy=24.3; flags: none"
N1357806108,T0270,1357806108-0083,0.7036,3,18,co-iss-n1357806108,1357806108,2001-01-10T08:08:56.148,478.00,123.39,9.18,8,0.00,8,9.18,8.91,71.27,1.03,2.53,,"3 frame(s); median area 5.0 px; net motion dx=-73.6, dy=-86.6; flags: none"
N1357806498,T0270,1357806498-0052,0.7036,3,19,co-iss-n1357806498,1357806498,2001-01-10T08:15:26.146,457.40,69.00,12.36,5,0.15,5,12.36,12.32,61.60,1.00,6.31,,"3 frame(s); median area 5.0 px; net motion dx=-73.6, dy=-86.6; flags: none"
N1357806858,T0270,1357806858-0037,0.7036,3,20,co-iss-n1357806858,1357806858,2001-01-10T08:21:26.143,404.35,36.83,16.32,5,0.00,5,16.32,13.00,65.01,1.25,3.52,,"3 frame(s); median area 5.0 px; net motion dx=-73.6, dy=-86.6; flags: none"
N1357806108,T0264,1357806108-0044,0.6962,3,18,co-iss-n1357806108,1357806108,2001-01-10T08:08:56.148,730.58,68.00,9.73,7,0.00,7,9.73,9.38,65.66,1.04,4.49,,"3 frame(s); median area 6.0 px; net motion dx=61.8, dy=-9.6; flags: none"
N1357806498,T0264,1357806498-0053,0.6962,3,19,co-iss-n1357806498,1357806498,2001-01-10T08:15:26.146,757.69,67.95,11.48,3,0.00,3,11.48,10.87,32.61,1.06,4.39,,"3 frame(s); median area 6.0 px; net motion dx=61.8, dy=-9.6; flags: none"
N1357806858,T0264,1357806858-0051,0.6962,3,20,co-iss-n1357806858,1357806858,2001-01-10T08:21:26.143,792.40,58.40,41.11,6,0.00,6,41.11,24.07,144.45,1.71,2.03,,"3 frame(s); median area 6.0 px; net motion dx=61.8, dy=-9.6; flags: none"
N1357810580,T0346,1357810580-0128,0.6726,3,21,co-iss-n1357810580,1357810580,2001-01-10T09:23:28.118,237.80,150.80,8.65,5,0.00,5,8.65,8.61,43.05,1.00,3.52,,"3 frame(s); median area 5.0 px; net motion dx=-56.3, dy=-69.4; flags: none"
N1357810970,T0346,1357810970-0073,0.6726,3,22,co-iss-n1357810970,1357810970,2001-01-10T09:29:58.115,230.33,109.67,12.06,3,0.00,3,12.06,12.04,36.13,1.00,1.73,,"3 frame(s); median area 5.0 px; net motion dx=-56.3, dy=-69.4; flags: none"
N1357811330,T0346,1357811330-0061,0.6726,3,23,co-iss-n1357811330,1357811330,2001-01-10T09:35:58.112,181.47,81.38,47.44,5,0.00,5,47.44,30.33,151.66,1.56,1.73,,"3 frame(s); median area 5.0 px; net motion dx=-56.3, dy=-69.4; flags: none"
N1357806108,T0268,1357806108-0079,0.6684,3,18,co-iss-n1357806108,1357806108,2001-01-10T08:08:56.148,824.00,120.33,8.63,3,0.00,3,8.63,8.63,25.90,1.00,4.39,,"3 frame(s); median area 4.0 px; net motion dx=66.0, dy=14.2; flags: none"
N1357806498,T0268,1357806498-0093,0.6684,3,19,co-iss-n1357806498,1357806498,2001-01-10T08:15:26.146,856.50,132.00,9.89,4,0.00,4,9.89,9.87,39.49,1.00,2.62,,"3 frame(s); median area 4.0 px; net motion dx=66.0, dy=14.2; flags: none"
N1357806858,T0268,1357806858-0122,0.6684,3,20,co-iss-n1357806858,1357806858,2001-01-10T08:21:26.143,890.01,134.52,29.66,4,0.00,4,29.66,23.64,94.55,1.25,2.62,,"3 frame(s); median area 4.0 px; net motion dx=66.0, dy=14.2; flags: none"
N1357806108,T0278,1357806108-0111,0.6671,3,18,co-iss-n1357806108,1357806108,2001-01-10T08:08:56.148,343.25,155.00,8.59,4,0.00,4,8.59,8.57,34.30,1.00,3.60,,"3 frame(s); median area 4.0 px; net motion dx=67.5, dy=-56.5; flags: none"
N1357806498,T0278,1357806498-0079,0.6671,3,19,co-iss-n1357806498,1357806498,2001-01-10T08:15:26.146,360.14,111.84,11.65,7,0.00,7,11.65,10.39,72.75,1.12,2.29,,"3 frame(s); median area 4.0 px; net motion dx=67.5, dy=-56.5; flags: none"
N1357806858,T0278,1357806858-0099,0.6671,3,20,co-iss-n1357806858,1357806858,2001-01-10T08:21:26.143,410.80,98.52,20.78,3,0.00,3,20.78,13.27,39.80,1.57,1.73,,"3 frame(s); median area 4.0 px; net motion dx=67.5, dy=-56.5; flags: none"
N1357790440,T0139,1357790440-0018,0.6661,3,9,co-iss-n1357790440,1357790440,2001-01-10T03:47:48.257,731.45,28.49,9.96,4,0.00,4,9.96,8.96,35.85,1.11,1.00,,"3 frame(s); median area 4.0 px; net motion dx=-158.9, dy=12.6; flags: none"
N1357790830,T0139,1357790830-0008,0.6661,3,10,co-iss-n1357790830,1357790830,2001-01-10T03:54:18.254,648.75,19.46,11.52,8,0.15,8,11.52,10.04,80.30,1.15,6.19,,"3 frame(s); median area 4.0 px; net motion dx=-158.9, dy=12.6; flags: none"
N1357791190,T0139,1357791190-0021,0.6661,3,11,co-iss-n1357791190,1357791190,2001-01-10T04:00:18.252,572.52,41.04,9.65,4,0.00,4,9.65,9.28,37.12,1.04,2.62,,"3 frame(s); median area 4.0 px; net motion dx=-158.9, dy=12.6; flags: none"
N1357790440,T0137,1357790440-0002,0.6629,3,9,co-iss-n1357790440,1357790440,2001-01-10T03:47:48.257,147.00,8.33,9.82,3,0.00,3,9.82,9.79,29.38,1.00,4.39,,"3 frame(s); median area 4.0 px; net motion dx=-58.8, dy=22.3; flags: none"
N1357790830,T0137,1357790830-0044,0.6629,3,10,co-iss-n1357790830,1357790830,2001-01-10T03:54:18.254,129.57,69.70,12.72,4,0.00,4,12.72,11.07,44.27,1.15,5.83,,"3 frame(s); median area 4.0 px; net motion dx=-58.8, dy=22.3; flags: none"
N1357791190,T0137,1357791190-0012,0.6629,3,11,co-iss-n1357791190,1357791190,2001-01-10T04:00:18.252,88.21,30.59,10.77,5,0.00,5,10.77,10.38,51.91,1.04,2.41,,"3 frame(s); median area 4.0 px; net motion dx=-58.8, dy=22.3; flags: none"
N1357790440,T0142,1357790440-0041,0.6620,3,9,co-iss-n1357790440,1357790440,2001-01-10T03:47:48.257,378.60,56.68,10.18,3,0.00,3,10.18,8.59,25.77,1.19,1.73,,"3 frame(s); median area 4.0 px; net motion dx=-56.1, dy=31.3; flags: none"
N1357790830,T0142,1357790830-0029,0.6620,3,10,co-iss-n1357790830,1357790830,2001-01-10T03:54:18.254,337.69,53.86,12.66,6,0.00,6,12.66,12.04,72.26,1.05,2.99,,"3 frame(s); median area 4.0 px; net motion dx=-56.1, dy=31.3; flags: none"
N1357791190,T0142,1357791190-0050,0.6620,3,11,co-iss-n1357791190,1357791190,2001-01-10T04:00:18.252,322.50,88.00,9.74,4,0.15,4,9.74,9.73,38.93,1.00,6.85,,"3 frame(s); median area 4.0 px; net motion dx=-56.1, dy=31.3; flags: none"
N1357781496,T0049,1357781496-0130,0.6585,3,3,co-iss-n1357781496,1357781496,2001-01-10T01:18:44.319,486.51,154.92,8.67,11,0.00,11,8.67,8.52,93.69,1.02,5.68,,"3 frame(s); median area 4.0 px; net motion dx=55.0, dy=-138.4; flags: none"
N1357781886,T0049,1357781886-0069,0.6585,3,4,co-iss-n1357781886,1357781886,2001-01-10T01:25:14.316,525.84,94.28,11.37,3,0.00,3,11.37,8.67,26.02,1.31,4.39,,"3 frame(s); median area 4.0 px; net motion dx=55.0, dy=-138.4; flags: none"
N1357782246,T0049,1357782246-0011,0.6585,3,5,co-iss-n1357782246,1357782246,2001-01-10T01:31:14.314,541.50,16.50,9.61,4,0.00,4,9.61,9.61,38.44,1.00,1.00,,"3 frame(s); median area 4.0 px; net motion dx=55.0, dy=-138.4; flags: none"
N1357806108,T0282,1357806108-0146,0.6538,3,18,co-iss-n1357806108,1357806108,2001-01-10T08:08:56.148,375.32,191.34,8.17,3,0.00,3,8.17,8.01,24.04,1.02,1.73,,"3 frame(s); median area 4.0 px; net motion dx=102.2, dy=-88.7; flags: none"
N1357806498,T0282,1357806498-0126,0.6538,3,19,co-iss-n1357806498,1357806498,2001-01-10T08:15:26.146,455.80,169.17,10.55,10,0.00,10,10.55,10.22,102.19,1.03,4.81,,"3 frame(s); median area 4.0 px; net motion dx=102.2, dy=-88.7; flags: none"
N1357806858,T0282,1357806858-0100,0.6538,3,20,co-iss-n1357806858,1357806858,2001-01-10T08:21:26.143,477.50,102.66,18.12,4,0.00,4,18.12,13.04,52.18,1.39,1.00,,"3 frame(s); median area 4.0 px; net motion dx=102.2, dy=-88.7; flags: none"
N1357810580,T0347,1357810580-0129,0.6403,3,21,co-iss-n1357810580,1357810580,2001-01-10T09:23:28.118,598.33,151.33,8.33,3,0.00,3,8.33,8.33,24.99,1.00,1.73,,"3 frame(s); median area 3.0 px; net motion dx=-48.8, dy=-23.6; flags: none"
N1357810970,T0347,1357810970-0072,0.6403,3,22,co-iss-n1357810970,1357810970,2001-01-10T09:29:58.115,593.33,108.67,11.01,3,0.00,3,11.01,11.01,33.04,1.00,1.73,,"3 frame(s); median area 3.0 px; net motion dx=-48.8, dy=-23.6; flags: none"
N1357811330,T0347,1357811330-0088,0.6403,3,23,co-iss-n1357811330,1357811330,2001-01-10T09:35:58.112,549.54,127.77,28.79,3,0.00,3,28.79,17.63,52.88,1.63,1.73,,"3 frame(s); median area 3.0 px; net motion dx=-48.8, dy=-23.6; flags: none"
N1357781496,T0046,1357781496-0101,0.6389,3,3,co-iss-n1357781496,1357781496,2001-01-10T01:18:44.319,767.55,114.22,8.80,9,0.00,9,8.80,8.63,77.71,1.02,2.71,,"3 frame(s); median area 3.0 px; net motion dx=-2.9, dy=-35.9; flags: none"
N1357781886,T0046,1357781886-0079,0.6389,3,4,co-iss-n1357781886,1357781886,2001-01-10T01:25:14.316,697.92,103.29,9.60,3,0.00,3,9.60,8.55,25.66,1.12,4.39,,"3 frame(s); median area 3.0 px; net motion dx=-2.9, dy=-35.9; flags: none"
N1357782246,T0046,1357782246-0048,0.6389,3,5,co-iss-n1357782246,1357782246,2001-01-10T01:31:14.314,764.67,78.33,8.38,3,0.00,3,8.38,8.38,25.14,1.00,1.73,,"3 frame(s); median area 3.0 px; net motion dx=-2.9, dy=-35.9; flags: none"
N1357806498,T0294,1357806498-0228,0.6375,2,19,co-iss-n1357806498,1357806498,2001-01-10T08:15:26.146,28.61,323.40,10.27,5,0.00,5,10.27,9.37,46.85,1.10,3.40,,"2 frame(s); median area 9.0 px; net motion dx=3.7, dy=-79.9; flags: none"
N1357806858,T0294,1357806858-0182,0.6375,2,20,co-iss-n1357806858,1357806858,2001-01-10T08:21:26.143,32.27,243.46,60.62,13,0.15,13,60.62,28.99,376.92,2.09,6.31,,"2 frame(s); median area 9.0 px; net motion dx=3.7, dy=-79.9; flags: none"
N1357777024,T0011,1357777024-0083,0.6351,3,0,co-iss-n1357777024,1357777024,2001-01-10T00:04:12.350,236.48,146.74,8.59,4,0.00,4,8.59,8.23,32.91,1.04,4.47,,"3 frame(s); median area 3.0 px; net motion dx=21.1, dy=-118.5; flags: none"
N1357777414,T0011,1357777414-0048,0.6351,3,1,co-iss-n1357777414,1357777414,2001-01-10T00:10:42.347,286.39,89.23,12.26,3,0.00,3,12.26,10.61,31.83,1.16,1.73,,"3 frame(s); median area 3.0 px; net motion dx=21.1, dy=-118.5; flags: none"
N1357777774,T0011,1357777774-0021,0.6351,3,2,co-iss-n1357777774,1357777774,2001-01-10T00:16:42.345,257.59,28.27,10.47,3,0.00,3,10.47,8.57,25.70,1.22,1.73,,"3 frame(s); median area 3.0 px; net motion dx=21.1, dy=-118.5; flags: none"
N1357806108,T0277,1357806108-0106,0.6296,3,18,co-iss-n1357806108,1357806108,2001-01-10T08:08:56.148,204.67,150.33,8.86,3,0.00,3,8.86,8.86,26.58,1.00,1.73,,"3 frame(s); median area 3.0 px; net motion dx=-18.4, dy=-75.6; flags: none"
N1357806498,T0277,1357806498-0082,0.6296,3,19,co-iss-n1357806498,1357806498,2001-01-10T08:15:26.146,161.45,113.11,12.20,4,0.00,4,12.20,11.00,43.98,1.11,2.62,,"3 frame(s); median area 3.0 px; net motion dx=-18.4, dy=-75.6; flags: none"
N1357806858,T0277,1357806858-0074,0.6296,3,20,co-iss-n1357806858,1357806858,2001-01-10T08:21:26.143,186.28,74.70,11.60,3,0.00,3,11.60,9.22,27.66,1.26,1.73,,"3 frame(s); median area 3.0 px; net motion dx=-18.4, dy=-75.6; flags: none"
N1357810580,T0329,1357810580-0046,0.6285,3,21,co-iss-n1357810580,1357810580,2001-01-10T09:23:28.118,916.00,47.72,10.01,7,0.00,7,10.01,9.95,69.62,1.01,1.08,,"3 frame(s); median area 3.0 px; net motion dx=31.4, dy=42.6; flags: none"
N1357810970,T0329,1357810970-0063,0.6285,3,22,co-iss-n1357810970,1357810970,2001-01-10T09:29:58.115,877.96,91.29,10.63,3,0.00,3,10.63,9.35,28.05,1.14,4.39,,"3 frame(s); median area 3.0 px; net motion dx=31.4, dy=42.6; flags: none"
N1357811330,T0329,1357811330-0070,0.6285,3,23,co-iss-n1357811330,1357811330,2001-01-10T09:35:58.112,947.41,90.28,11.27,3,0.00,3,11.27,9.05,27.16,1.24,1.73,,"3 frame(s); median area 3.0 px; net motion dx=31.4, dy=42.6; flags: none"
N1357781496,T0050,1357781496-0132,0.6263,3,3,co-iss-n1357781496,1357781496,2001-01-10T01:18:44.319,573.50,157.50,8.39,4,0.00,4,8.39,8.37,33.47,1.00,1.00,,"3 frame(s); median area 4.0 px; net motion dx=-74.0, dy=-61.0; flags: none"
N1357781886,T0050,1357781886-0093,0.6263,3,4,co-iss-n1357781886,1357781886,2001-01-10T01:25:14.316,549.51,124.51,10.75,4,0.00,4,10.75,9.20,36.80,1.17,5.83,,"3 frame(s); median area 4.0 px; net motion dx=-74.0, dy=-61.0; flags: none"
N1357782246,T0050,1357782246-0064,0.6263,3,5,co-iss-n1357782246,1357782246,2001-01-10T01:31:14.314,499.47,96.47,9.34,4,0.00,4,9.34,8.81,35.23,1.06,1.00,,"3 frame(s); median area 4.0 px; net motion dx=-74.0, dy=-61.0; flags: none"
N1357810580,T0341,1357810580-0098,0.6217,3,21,co-iss-n1357810580,1357810580,2001-01-10T09:23:28.118,325.97,117.66,9.28,3,0.00,3,9.28,8.98,26.94,1.03,4.39,,"3 frame(s); median area 4.0 px; net motion dx=-16.6, dy=24.7; flags: none"
N1357810970,T0341,1357810970-0101,0.6217,3,22,co-iss-n1357810970,1357810970,2001-01-10T09:29:58.115,268.14,154.49,11.07,5,0.00,5,11.07,10.27,51.35,1.08,4.39,,"3 frame(s); median area 4.0 px; net motion dx=-16.6, dy=24.7; flags: none"
N1357811330,T0341,1357811330-0101,0.6217,3,23,co-iss-n1357811330,1357811330,2001-01-10T09:35:58.112,309.40,142.34,21.76,4,0.00,4,21.76,12.02,48.06,1.81,1.00,,"3 frame(s); median area 4.0 px; net motion dx=-16.6, dy=24.7; flags: none"
N1357790440,T0149,1357790440-0094,0.6152,3,9,co-iss-n1357790440,1357790440,2001-01-10T03:47:48.257,884.99,127.99,8.20,7,0.00,7,8.20,7.95,55.64,1.03,1.73,,"3 frame(s); median area 3.0 px; net motion dx=89.7, dy=-44.3; flags: none"
N1357790830,T0149,1357790830-0050,0.6152,3,10,co-iss-n1357790830,1357790830,2001-01-10T03:54:18.254,909.32,80.34,11.04,3,0.00,3,11.04,10.82,32.46,1.02,1.73,,"3 frame(s); median area 3.0 px; net motion dx=89.7, dy=-44.3; flags: none"
N1357791190,T0149,1357791190-0049,0.6152,3,11,co-iss-n1357791190,1357791190,2001-01-10T04:00:18.252,974.67,83.67,8.80,3,0.00,3,8.80,8.77,26.32,1.00,1.73,,"3 frame(s); median area 3.0 px; net motion dx=89.7, dy=-44.3; flags: none"
N1357785968,T0087,1357785968-0023,0.6145,3,6,co-iss-n1357785968,1357785968,2001-01-10T02:33:16.288,426.50,43.00,10.39,4,0.00,4,10.39,10.38,41.53,1.00,2.62,,"3 frame(s); median area 4.0 px; net motion dx=16.8, dy=-18.6; flags: none"
N1357786358,T0087,1357786358-0002,0.6145,3,7,co-iss-n1357786358,1357786358,2001-01-10T02:39:46.285,476.51,6.51,11.66,4,0.00,4,11.66,11.35,45.42,1.03,1.00,,"3 frame(s); median area 4.0 px; net motion dx=16.8, dy=-18.6; flags: none"
N1357786718,T0087,1357786718-0012,0.6145,3,8,co-iss-n1357786718,1357786718,2001-01-10T02:45:46.283,443.27,24.37,10.44,3,0.00,3,10.44,9.51,28.52,1.10,1.73,,"3 frame(s); median area 4.0 px; net motion dx=16.8, dy=-18.6; flags: none"
N1357806498,T0293,1357806498-0227,0.6125,2,19,co-iss-n1357806498,1357806498,2001-01-10T08:15:26.146,243.00,320.00,8.62,7,0.00,7,8.62,8.62,60.33,1.00,1.73,,"2 frame(s); median area 7.0 px; net motion dx=30.1, dy=-33.9; flags: none"
N1357806858,T0293,1357806858-0199,0.6125,2,20,co-iss-n1357806858,1357806858,2001-01-10T08:21:26.143,273.09,286.09,95.14,7,0.15,7,95.14,28.12,196.86,3.38,2.72,,"2 frame(s); median area 7.0 px; net motion dx=30.1, dy=-33.9; flags: none"
N1357797164,T0174,1357797164-0036,0.6108,3,12,co-iss-n1357797164,1357797164,2001-01-10T05:39:52.210,382.64,71.36,8.63,8,0.00,8,8.63,8.51,68.10,1.01,2.48,,"3 frame(s); median area 4.0 px; net motion dx=79.8, dy=-29.8; flags: none"
N1357797554,T0174,1357797554-0060,0.6108,3,13,co-iss-n1357797554,1357797554,2001-01-10T05:46:22.208,419.66,84.34,8.31,3,0.00,3,8.31,8.05,24.14,1.03,1.73,,"3 frame(s); median area 4.0 px; net motion dx=79.8, dy=-29.8; flags: none"
N1357797914,T0174,1357797914-0025,0.6108,3,14,co-iss-n1357797914,1357797914,2001-01-10T05:52:22.205,462.46,41.52,10.35,4,0.00,4,10.35,9.59,38.36,1.08,1.00,,"3 frame(s); median area 4.0 px; net motion dx=79.8, dy=-29.8; flags: none"
N1357806108,T0261,1357806108-0014,0.6100,3,18,co-iss-n1357806108,1357806108,2001-01-10T08:08:56.148,136.93,32.05,10.69,8,0.15,8,10.69,10.05,80.39,1.06,6.97,,"3 frame(s); median area 4.0 px; net motion dx=-73.9, dy=18.2; flags: none"
N1357806498,T0261,1357806498-0012,0.6100,3,19,co-iss-n1357806498,1357806498,2001-01-10T08:15:26.146,82.50,27.50,13.24,4,0.00,4,13.24,13.24,52.98,1.00,1.00,,"3 frame(s); median area 4.0 px; net motion dx=-73.9, dy=18.2; flags: none"
N1357806858,T0261,1357806858-0046,0.6100,3,20,co-iss-n1357806858,1357806858,2001-01-10T08:21:26.143,63.00,50.28,11.71,3,0.00,3,11.71,8.97,26.90,1.31,4.39,,"3 frame(s); median area 4.0 px; net motion dx=-73.9, dy=18.2; flags: none"
N1357777024,T0002,1357777024-0022,0.6071,3,0,co-iss-n1357777024,1357777024,2001-01-10T00:04:12.350,422.52,40.48,10.30,4,0.00,4,10.30,9.96,39.82,1.03,1.00,,"3 frame(s); median area 4.0 px; net motion dx=-26.9, dy=-33.2; flags: none"
N1357777414,T0002,1357777414-0001,0.6071,3,1,co-iss-n1357777414,1357777414,2001-01-10T00:10:42.347,347.97,4.68,11.88,3,0.00,3,11.88,10.06,30.18,1.18,4.39,,"3 frame(s); median area 4.0 px; net motion dx=-26.9, dy=-33.2; flags: none"
N1357777774,T0002,1357777774-0001,0.6071,3,2,co-iss-n1357777774,1357777774,2001-01-10T00:16:42.345,395.58,7.25,9.57,5,0.00,5,9.57,9.14,45.70,1.05,1.73,,"3 frame(s); median area 4.0 px; net motion dx=-26.9, dy=-33.2; flags: none"
N1357806108,T0281,1357806108-0134,0.6068,3,18,co-iss-n1357806108,1357806108,2001-01-10T08:08:56.148,934.67,177.67,8.45,3,0.00,3,8.45,8.42,25.26,1.00,1.73,,"3 frame(s); median area 3.0 px; net motion dx=-70.4, dy=98.6; flags: none"
N1357806498,T0281,1357806498-0164,0.6068,3,19,co-iss-n1357806498,1357806498,2001-01-10T08:15:26.146,879.22,223.44,8.78,9,0.00,9,8.78,8.74,78.67,1.00,2.71,,"3 frame(s); median area 3.0 px; net motion dx=-70.4, dy=98.6; flags: none"
N1357806858,T0281,1357806858-0193,0.6068,3,20,co-iss-n1357806858,1357806858,2001-01-10T08:21:26.143,864.24,276.30,45.67,3,0.00,3,45.67,32.55,97.65,1.40,1.73,,"3 frame(s); median area 3.0 px; net motion dx=-70.4, dy=98.6; flags: none"
N1357797164,T0175,1357797164-0043,0.6048,3,12,co-iss-n1357797164,1357797164,2001-01-10T05:39:52.210,380.67,93.33,8.11,3,0.00,3,8.11,8.10,24.30,1.00,1.73,,"3 frame(s); median area 3.0 px; net motion dx=81.0, dy=-59.3; flags: none"
N1357797554,T0175,1357797554-0072,0.6048,3,13,co-iss-n1357797554,1357797554,2001-01-10T05:46:22.208,463.91,96.62,20.93,7,0.00,7,20.93,17.34,121.37,1.21,5.08,,"3 frame(s); median area 3.0 px; net motion dx=81.0, dy=-59.3; flags: none"
N1357797914,T0175,1357797914-0020,0.6048,3,14,co-iss-n1357797914,1357797914,2001-01-10T05:52:22.205,461.68,34.01,8.78,3,0.00,3,8.78,8.11,24.32,1.08,4.39,,"3 frame(s); median area 3.0 px; net motion dx=81.0, dy=-59.3; flags: none"
N1357806108,T0267,1357806108-0057,0.5980,3,18,co-iss-n1357806108,1357806108,2001-01-10T08:08:56.148,934.35,82.71,9.59,3,0.00,3,9.59,9.06,27.18,1.06,1.73,,"3 frame(s); median area 3.0 px; net motion dx=-50.5, dy=22.9; flags: none"
N1357806498,T0267,1357806498-0087,0.5980,3,19,co-iss-n1357806498,1357806498,2001-01-10T08:15:26.146,909.00,115.50,10.55,4,0.00,4,10.55,10.55,42.19,1.00,2.62,,"3 frame(s); median area 3.0 px; net motion dx=-50.5, dy=22.9; flags: none"
N1357806858,T0267,1357806858-0102,0.5980,3,20,co-iss-n1357806858,1357806858,2001-01-10T08:21:26.143,883.87,105.65,37.37,3,0.00,3,37.37,19.11,57.33,1.96,1.73,,"3 frame(s); median area 3.0 px; net motion dx=-50.5, dy=22.9; flags: none"
N1357810580,T0338,1357810580-0086,0.5939,3,21,co-iss-n1357810580,1357810580,2001-01-10T09:23:28.118,256.28,107.36,9.51,3,0.00,3,9.51,8.73,26.19,1.09,1.73,,"3 frame(s); median area 4.0 px; net motion dx=-13.6, dy=-65.6; flags: none"
N1357810970,T0338,1357810970-0068,0.5939,3,22,co-iss-n1357810970,1357810970,2001-01-10T09:29:58.115,228.50,101.50,12.23,4,0.00,4,12.23,12.20,48.80,1.00,1.00,,"3 frame(s); median area 4.0 px; net motion dx=-13.6, dy=-65.6; flags: none"
N1357811330,T0338,1357811330-0028,0.5939,3,23,co-iss-n1357811330,1357811330,2001-01-10T09:35:58.112,242.68,41.75,19.57,8,0.00,8,19.57,11.67,93.38,1.68,3.78,,"3 frame(s); median area 4.0 px; net motion dx=-13.6, dy=-65.6; flags: none"
N1357790440,T0143,1357790440-0049,0.5877,3,9,co-iss-n1357790440,1357790440,2001-01-10T03:47:48.257,538.37,65.27,9.82,3,0.00,3,9.82,8.95,26.86,1.10,1.73,,"3 frame(s); median area 3.0 px; net motion dx=32.3, dy=41.7; flags: none"
N1357790830,T0143,1357790830-0054,0.5877,3,10,co-iss-n1357790830,1357790830,2001-01-10T03:54:18.254,495.71,87.31,11.69,3,0.00,3,11.69,9.80,29.39,1.19,1.73,,"3 frame(s); median area 3.0 px; net motion dx=32.3, dy=41.7; flags: none"
N1357791190,T0143,1357791190-0062,0.5877,3,11,co-iss-n1357791190,1357791190,2001-01-10T04:00:18.252,570.67,107.00,8.58,3,0.00,3,8.58,8.55,25.64,1.00,4.39,,"3 frame(s); median area 3.0 px; net motion dx=32.3, dy=41.7; flags: none"
N1357806108,T0269,1357806108-0082,0.5824,3,18,co-iss-n1357806108,1357806108,2001-01-10T08:08:56.148,212.51,123.51,9.41,4,0.00,4,9.41,8.63,34.54,1.09,1.00,,"3 frame(s); median area 4.0 px; net motion dx=-31.4, dy=-96.9; flags: none"
N1357806498,T0269,1357806498-0074,0.5824,3,19,co-iss-n1357806498,1357806498,2001-01-10T08:15:26.146,192.89,99.94,12.31,8,0.00,8,12.31,11.13,89.01,1.11,3.54,,"3 frame(s); median area 4.0 px; net motion dx=-31.4, dy=-96.9; flags: none"
N1357806858,T0269,1357806858-0030,0.5824,3,20,co-iss-n1357806858,1357806858,2001-01-10T08:21:26.143,181.06,26.56,13.32,4,0.00,4,13.32,10.46,41.86,1.27,2.62,,"3 frame(s); median area 4.0 px; net motion dx=-31.4, dy=-96.9; flags: none"
N1357806108,T0271,1357806108-0084,0.5719,3,18,co-iss-n1357806108,1357806108,2001-01-10T08:08:56.148,572.98,124.49,8.91,6,0.00,6,8.91,8.72,52.29,1.02,3.60,,"3 frame(s); median area 3.0 px; net motion dx=71.4, dy=-50.3; flags: none"
N1357806498,T0271,1357806498-0044,0.5719,3,19,co-iss-n1357806498,1357806498,2001-01-10T08:15:26.146,610.88,57.63,11.81,3,0.00,3,11.81,10.51,31.52,1.12,4.39,,"3 frame(s); median area 3.0 px; net motion dx=71.4, dy=-50.3; flags: none"
N1357806858,T0271,1357806858-0075,0.5719,3,20,co-iss-n1357806858,1357806858,2001-01-10T08:21:26.143,644.36,74.17,74.56,3,0.00,3,74.56,52.92,158.77,1.41,1.73,,"3 frame(s); median area 3.0 px; net motion dx=71.4, dy=-50.3; flags: none"
N1357810580,T0331,1357810580-0050,0.5695,3,21,co-iss-n1357810580,1357810580,2001-01-10T09:23:28.118,182.15,53.64,10.46,5,0.00,5,10.46,9.82,49.11,1.06,1.73,,"3 frame(s); median area 6.0 px; net motion dx=-90.0, dy=-5.2; flags: none"
N1357810970,T0331,1357810970-0023,0.5695,3,22,co-iss-n1357810970,1357810970,2001-01-10T09:29:58.115,174.92,40.05,13.17,16,0.15,16,13.17,12.16,194.58,1.08,7.29,,"3 frame(s); median area 6.0 px; net motion dx=-90.0, dy=-5.2; flags: none"
N1357811330,T0331,1357811330-0034,0.5695,3,23,co-iss-n1357811330,1357811330,2001-01-10T09:35:58.112,92.12,48.44,47.55,6,0.00,6,47.55,24.35,146.12,1.95,2.03,,"3 frame(s); median area 6.0 px; net motion dx=-90.0, dy=-5.2; flags: none"
N1357806108,T0273,1357806108-0088,0.5661,3,18,co-iss-n1357806108,1357806108,2001-01-10T08:08:56.148,736.79,131.15,8.63,5,0.00,5,8.63,8.40,41.99,1.03,3.52,,"3 frame(s); median area 3.0 px; net motion dx=-18.9, dy=-74.8; flags: none"
N1357806498,T0273,1357806498-0061,0.5661,3,19,co-iss-n1357806498,1357806498,2001-01-10T08:15:26.146,689.09,75.30,11.48,3,0.00,3,11.48,9.62,28.87,1.19,4.39,,"3 frame(s); median area 3.0 px; net motion dx=-18.9, dy=-74.8; flags: none"
N1357806858,T0273,1357806858-0050,0.5661,3,20,co-iss-n1357806858,1357806858,2001-01-10T08:21:26.143,717.88,56.35,66.24,3,0.00,3,66.24,33.79,101.36,1.96,1.73,,"3 frame(s); median area 3.0 px; net motion dx=-18.9, dy=-74.8; flags: none"
N1357810580,T0333,1357810580-0067,0.5611,3,21,co-iss-n1357810580,1357810580,2001-01-10T09:23:28.118,411.00,72.67,10.05,3,0.00,3,10.05,10.02,30.06,1.00,4.39,,"3 frame(s); median area 4.0 px; net motion dx=-52.9, dy=-13.4; flags: none"
N1357810970,T0333,1357810970-0037,0.5611,3,22,co-iss-n1357810970,1357810970,2001-01-10T09:29:58.115,430.23,52.77,8.06,4,0.00,4,8.06,7.78,31.11,1.04,2.45,,"3 frame(s); median area 4.0 px; net motion dx=-52.9, dy=-13.4; flags: none"
N1357811330,T0333,1357811330-0044,0.5611,3,23,co-iss-n1357811330,1357811330,2001-01-10T09:35:58.112,358.14,59.22,60.23,7,0.00,7,60.23,25.17,176.22,2.39,2.39,,"3 frame(s); median area 4.0 px; net motion dx=-52.9, dy=-13.4; flags: none"
N1357781496,T0048,1357781496-0111,0.5542,2,3,co-iss-n1357781496,1357781496,2001-01-10T01:18:44.319,81.33,131.33,9.81,3,0.00,3,9.81,9.81,29.42,1.00,1.73,,"2 frame(s); median area 8.5 px; net motion dx=-47.8, dy=6.4; flags: none"
N1357781886,T0048,1357781886-0104,0.5542,2,4,co-iss-n1357781886,1357781886,2001-01-10T01:25:14.316,33.57,137.77,12.43,14,0.15,14,12.43,12.28,171.89,1.01,6.41,,"2 frame(s); median area 8.5 px; net motion dx=-47.8, dy=6.4; flags: none"
N1357806498,T0288,1357806498-0047,0.5500,2,19,co-iss-n1357806498,1357806498,2001-01-10T08:15:26.146,4.56,62.44,12.69,4,0.00,4,12.69,11.42,45.67,1.11,1.00,,"2 frame(s); median area 4.5 px; net motion dx=8.2, dy=-13.6; flags: none"
N1357806498,T0292,1357806498-0220,0.5500,2,19,co-iss-n1357806498,1357806498,2001-01-10T08:15:26.146,484.50,314.50,8.07,4,0.00,4,8.07,8.05,32.22,1.00,1.00,,"2 frame(s); median area 4.5 px; net motion dx=26.2, dy=-62.3; flags: none"
N1357806498,T0296,1357806498-0257,0.5500,2,19,co-iss-n1357806498,1357806498,2001-01-10T08:15:26.146,182.65,364.31,8.34,3,0.00,3,8.34,8.02,24.06,1.04,1.73,,"2 frame(s); median area 4.5 px; net motion dx=12.1, dy=15.6; flags: none"
N1357806858,T0288,1357806858-0044,0.5500,2,20,co-iss-n1357806858,1357806858,2001-01-10T08:21:26.143,12.76,48.83,51.75,5,0.00,5,51.75,20.86,104.31,2.48,1.07,,"2 frame(s); median area 4.5 px; net motion dx=8.2, dy=-13.6; flags: none"
N1357806858,T0292,1357806858-0187,0.5500,2,20,co-iss-n1357806858,1357806858,2001-01-10T08:21:26.143,510.69,252.22,72.44,5,0.00,5,72.44,26.75,133.77,2.71,1.73,,"2 frame(s); median area 4.5 px; net motion dx=26.2, dy=-62.3; flags: none"
N1357806858,T0296,1357806858-0250,0.5500,2,20,co-iss-n1357806858,1357806858,2001-01-10T08:21:26.143,194.73,379.88,363.33,6,0.15,6,363.33,112.44,674.63,3.23,1.63,,"2 frame(s); median area 4.5 px; net motion dx=12.1, dy=15.6; flags: none"
N1357810970,T0363,1357810970-0210,0.5500,2,22,co-iss-n1357810970,1357810970,2001-01-10T09:29:58.115,528.35,307.31,8.03,3,0.00,3,8.03,7.71,23.13,1.04,1.73,,"2 frame(s); median area 4.5 px; net motion dx=32.9, dy=-36.2; flags: none"
N1357811330,T0363,1357811330-0178,0.5500,2,23,co-iss-n1357811330,1357811330,2001-01-10T09:35:58.112,561.21,271.06,44.89,6,0.00,6,44.89,19.22,115.34,2.34,2.03,,"2 frame(s); median area 4.5 px; net motion dx=32.9, dy=-36.2; flags: none"
N1357781496,T0043,1357781496-0085,0.5445,2,3,co-iss-n1357781496,1357781496,2001-01-10T01:18:44.319,45.20,100.70,10.40,10,0.00,10,10.40,10.37,103.73,1.00,1.64,,"2 frame(s); median area 7.5 px; net motion dx=37.6, dy=-50.5; flags: none"
N1357781886,T0043,1357781886-0031,0.5445,2,4,co-iss-n1357781886,1357781886,2001-01-10T01:25:14.316,82.85,50.19,12.77,5,0.00,5,12.77,9.42,47.09,1.36,5.21,,"2 frame(s); median area 7.5 px; net motion dx=37.6, dy=-50.5; flags: none"
N1357781886,T0060,1357781886-0132,0.5443,2,4,co-iss-n1357781886,1357781886,2001-01-10T01:25:14.316,418.15,170.73,10.42,5,0.00,5,10.42,9.82,49.12,1.06,3.52,,"2 frame(s); median area 8.5 px; net motion dx=5.0, dy=-15.1; flags: none"
N1357782246,T0060,1357782246-0088,0.5443,2,5,co-iss-n1357782246,1357782246,2001-01-10T01:31:14.314,423.17,155.66,8.52,12,0.15,12,8.52,8.33,99.91,1.02,7.03,,"2 frame(s); median area 8.5 px; net motion dx=5.0, dy=-15.1; flags: none"
N1357786358,T0114,1357786358-0139,0.5434,2,7,co-iss-n1357786358,1357786358,2001-01-10T02:39:46.285,229.99,196.00,10.29,16,0.00,16,10.29,10.04,160.58,1.03,3.77,,"2 frame(s); median area 9.5 px; net motion dx=-55.3, dy=32.3; flags: none"
N1357786718,T0114,1357786718-0150,0.5434,2,8,co-iss-n1357786718,1357786718,2001-01-10T02:45:46.283,174.67,228.33,8.34,3,0.00,3,8.34,8.34,25.02,1.00,1.73,,"2 frame(s); median area 9.5 px; net motion dx=-55.3, dy=32.3; flags: none"
N1357790440,T0153,1357790440-0149,0.5432,2,9,co-iss-n1357790440,1357790440,2001-01-10T03:47:48.257,978.67,204.83,8.34,6,0.00,6,8.34,8.33,49.97,1.00,3.47,,"2 frame(s); median area 8.5 px; net motion dx=27.5, dy=36.2; flags: none"
N1357790830,T0153,1357790830-0149,0.5432,2,10,co-iss-n1357790830,1357790830,2001-01-10T03:54:18.254,1006.13,241.05,10.22,11,0.00,11,10.22,9.71,106.81,1.05,2.95,,"2 frame(s); median area 8.5 px; net motion dx=27.5, dy=36.2; flags: none"
N1357785968,T0094,1357785968-0076,0.5367,3,6,co-iss-n1357785968,1357785968,2001-01-10T02:33:16.288,821.68,116.34,8.50,3,0.00,3,8.50,8.28,24.83,1.03,1.73,,"3 frame(s); median area 3.0 px; net motion dx=0.3, dy=-47.3; flags: none"
N1357786358,T0094,1357786358-0026,0.5367,3,7,co-iss-n1357786358,1357786358,2001-01-10T02:39:46.285,811.33,37.67,11.60,3,0.00,3,11.60,11.60,34.81,1.00,1.73,,"3 frame(s); median area 3.0 px; net motion dx=0.3, dy=-47.3; flags: none"
N1357786718,T0094,1357786718-0039,0.5367,3,8,co-iss-n1357786718,1357786718,2001-01-10T02:45:46.283,822.00,69.00,8.67,5,0.00,5,8.67,8.63,43.14,1.00,2.62,,"3 frame(s); median area 3.0 px; net motion dx=0.3, dy=-47.3; flags: none"
N1357810580,T0334,1357810580-0068,0.5353,3,21,co-iss-n1357810580,1357810580,2001-01-10T09:23:28.118,998.75,73.24,10.14,4,0.00,4,10.14,9.96,39.85,1.02,2.45,,"3 frame(s); median area 4.0 px; net motion dx=-32.9, dy=61.0; flags: none"
N1357810970,T0334,1357810970-0054,0.5353,3,22,co-iss-n1357810970,1357810970,2001-01-10T09:29:58.115,1017.50,77.50,12.12,4,0.00,4,12.12,12.08,48.31,1.00,1.00,,"3 frame(s); median area 4.0 px; net motion dx=-32.9, dy=61.0; flags: none"
N1357811330,T0334,1357811330-0095,0.5353,3,23,co-iss-n1357811330,1357811330,2001-01-10T09:35:58.112,965.80,134.28,18.91,3,0.00,3,18.91,13.14,39.43,1.44,4.39,,"3 frame(s); median area 4.0 px; net motion dx=-32.9, dy=61.0; flags: none"
N1357810970,T0356,1357810970-0131,0.5274,2,22,co-iss-n1357810970,1357810970,2001-01-10T09:29:58.115,613.50,198.50,9.69,4,0.00,4,9.69,9.69,38.76,1.00,5.83,,"2 frame(s); median area 5.0 px; net motion dx=-2.6, dy=4.7; flags: none"
N1357811330,T0356,1357811330-0133,0.5274,2,23,co-iss-n1357811330,1357811330,2001-01-10T09:35:58.112,610.87,203.20,28.60,6,0.00,6,28.60,18.59,111.53,1.54,2.03,,"2 frame(s); median area 5.0 px; net motion dx=-2.6, dy=4.7; flags: none"
N1357781496,T0051,1357781496-0140,0.5273,3,3,co-iss-n1357781496,1357781496,2001-01-10T01:18:44.319,566.66,167.33,8.30,3,0.00,3,8.30,8.22,24.65,1.01,1.73,,"3 frame(s); median area 3.0 px; net motion dx=28.9, dy=-31.3; flags: none"
N1357781886,T0051,1357781886-0155,0.5273,3,4,co-iss-n1357781886,1357781886,2001-01-10T01:25:14.316,559.34,192.34,9.77,3,0.00,3,9.77,9.62,28.85,1.02,1.73,,"3 frame(s); median area 3.0 px; net motion dx=28.9, dy=-31.3; flags: none"
N1357782246,T0051,1357782246-0079,0.5273,3,5,co-iss-n1357782246,1357782246,2001-01-10T01:31:14.314,595.60,136.00,8.29,5,0.15,5,8.29,8.24,41.21,1.01,6.31,,"3 frame(s); median area 3.0 px; net motion dx=28.9, dy=-31.3; flags: none"
N1357806498,T0286,1357806498-0014,0.5250,2,19,co-iss-n1357806498,1357806498,2001-01-10T08:15:26.146,851.43,29.71,11.70,3,0.00,3,11.70,9.14,27.43,1.28,1.73,,"2 frame(s); median area 3.5 px; net motion dx=-49.4, dy=-11.6; flags: none"
N1357806498,T0289,1357806498-0120,0.5250,2,19,co-iss-n1357806498,1357806498,2001-01-10T08:15:26.146,232.64,165.54,10.93,4,0.00,4,10.93,10.06,40.24,1.09,1.82,,"2 frame(s); median area 3.5 px; net motion dx=-2.1, dy=22.6; flags: none"
N1357806498,T0298,1357806498-0266,0.5250,2,19,co-iss-n1357806498,1357806498,2001-01-10T08:15:26.146,216.25,388.25,8.07,4,0.00,4,8.07,8.07,32.27,1.00,2.45,,"2 frame(s); median area 3.5 px; net motion dx=-35.5, dy=0.2; flags: none"
N1357806858,T0286,1357806858-0017,0.5250,2,20,co-iss-n1357806858,1357806858,2001-01-10T08:21:26.143,802.07,18.16,52.07,4,0.00,4,52.07,33.35,133.39,1.56,2.45,,"2 frame(s); median area 3.5 px; net motion dx=-49.4, dy=-11.6; flags: none"
N1357806858,T0289,1357806858-0148,0.5250,2,20,co-iss-n1357806858,1357806858,2001-01-10T08:21:26.143,230.58,188.14,49.33,3,0.00,3,49.33,37.47,112.40,1.32,1.73,,"2 frame(s); median area 3.5 px; net motion dx=-2.1, dy=22.6; flags: none"
N1357806858,T0298,1357806858-0259,0.5250,2,20,co-iss-n1357806858,1357806858,2001-01-10T08:21:26.143,180.70,388.44,52.56,3,0.00,3,52.56,39.47,118.42,1.33,1.73,,"2 frame(s); median area 3.5 px; net motion dx=-35.5, dy=0.2; flags: none"
N1357781496,T0044,1357781496-0094,0.5233,2,3,co-iss-n1357781496,1357781496,2001-01-10T01:18:44.319,834.33,106.67,8.80,3,0.00,3,8.80,8.80,26.41,1.00,1.73,,"2 frame(s); median area 7.0 px; net motion dx=69.7, dy=-48.6; flags: none"
N1357781886,T0044,1357781886-0036,0.5233,2,4,co-iss-n1357781886,1357781886,2001-01-10T01:25:14.316,904.03,58.08,11.45,11,0.00,11,11.45,9.96,109.59,1.15,2.03,,"2 frame(s); median area 7.0 px; net motion dx=69.7, dy=-48.6; flags: none"
N1357810970,T0355,1357810970-0127,0.5226,2,22,co-iss-n1357810970,1357810970,2001-01-10T09:29:58.115,450.33,195.00,10.30,3,0.00,3,10.30,10.28,30.83,1.00,4.39,,"2 frame(s); median area 4.0 px; net motion dx=43.5, dy=-40.7; flags: none"
N1357811330,T0355,1357811330-0105,0.5226,2,23,co-iss-n1357811330,1357811330,2001-01-10T09:35:58.112,493.87,154.32,34.73,5,0.00,5,34.73,19.12,95.61,1.82,1.73,,"2 frame(s); median area 4.0 px; net motion dx=43.5, dy=-40.7; flags: none"
N1357806498,T0291,1357806498-0200,0.5200,2,19,co-iss-n1357806498,1357806498,2001-01-10T08:15:26.146,260.01,288.00,9.00,5,0.00,5,9.00,8.88,44.42,1.01,2.62,,"2 frame(s); median area 5.5 px; net motion dx=-35.9, dy=-35.9; flags: none"
N1357806858,T0291,1357806858-0185,0.5200,2,20,co-iss-n1357806858,1357806858,2001-01-10T08:21:26.143,224.12,252.11,22.65,6,0.00,6,22.65,12.20,73.22,1.86,5.29,,"2 frame(s); median area 5.5 px; net motion dx=-35.9, dy=-35.9; flags: none"
N1357777024,T0010,1357777024-0082,0.5155,2,0,co-iss-n1357777024,1357777024,2001-01-10T00:04:12.350,121.51,146.98,9.18,4,0.00,4,9.18,9.01,36.05,1.02,2.62,,"2 frame(s); median area 6.5 px; net motion dx=-72.1, dy=-24.0; flags: none"
N1357777414,T0010,1357777414-0065,0.5155,2,1,co-iss-n1357777414,1357777414,2001-01-10T00:10:42.347,49.43,123.01,12.65,9,0.00,9,12.65,10.35,93.17,1.22,5.20,,"2 frame(s); median area 6.5 px; net motion dx=-72.1, dy=-24.0; flags: none"
N1357806498,T0287,1357806498-0018,0.5125,2,19,co-iss-n1357806498,1357806498,2001-01-10T08:15:26.146,595.62,32.24,12.14,3,0.00,3,12.14,10.63,31.89,1.14,1.73,,"2 frame(s); median area 3.0 px; net motion dx=58.7, dy=54.6; flags: none"
N1357806858,T0287,1357806858-0086,0.5125,2,20,co-iss-n1357806858,1357806858,2001-01-10T08:21:26.143,654.37,86.89,56.15,3,0.00,3,56.15,35.96,107.88,1.56,1.73,,"2 frame(s); median area 3.0 px; net motion dx=58.7, dy=54.6; flags: none"
N1357810970,T0358,1357810970-0163,0.5125,2,22,co-iss-n1357810970,1357810970,2001-01-10T09:29:58.115,460.66,246.30,9.30,3,0.00,3,9.30,8.59,25.76,1.08,1.73,,"2 frame(s); median area 3.0 px; net motion dx=-2.8, dy=-68.1; flags: none"
N1357811330,T0358,1357811330-0119,0.5125,2,23,co-iss-n1357811330,1357811330,2001-01-10T09:35:58.112,457.89,178.22,50.66,3,0.00,3,50.66,21.76,65.27,2.33,1.73,,"2 frame(s); median area 3.0 px; net motion dx=-2.8, dy=-68.1; flags: none"
N1357790440,T0148,1357790440-0088,0.5061,3,9,co-iss-n1357790440,1357790440,2001-01-10T03:47:48.257,555.36,120.70,8.79,3,0.00,3,8.79,8.10,24.29,1.09,1.73,,"3 frame(s); median area 4.0 px; net motion dx=46.5, dy=-31.8; flags: none"
N1357790830,T0148,1357790830-0075,0.5061,3,10,co-iss-n1357790830,1357790830,2001-01-10T03:54:18.254,539.79,122.27,10.82,4,0.00,4,10.82,9.91,39.65,1.09,2.45,,"3 frame(s); median area 4.0 px; net motion dx=46.5, dy=-31.8; flags: none"
N1357791190,T0148,1357791190-0051,0.5061,3,11,co-iss-n1357791190,1357791190,2001-01-10T04:00:18.252,601.86,88.89,8.76,7,0.00,7,8.76,8.58,60.03,1.02,4.19,,"3 frame(s); median area 4.0 px; net motion dx=46.5, dy=-31.8; flags: none"
N1357862637,T0395,1357862637-0039,0.5054,2,24,co-iss-n1357862637,1357862637,2001-01-10T23:51:04.757,228.94,64.76,10.17,8,0.00,8,10.17,9.69,77.49,1.05,2.60,,"2 frame(s); median area 6.0 px; net motion dx=44.6, dy=-50.3; flags: none"
N1357863027,T0395,1357863027-0008,0.5054,2,25,co-iss-n1357863027,1357863027,2001-01-10T23:57:34.754,273.50,14.50,12.47,4,0.00,4,12.47,12.45,49.78,1.00,1.00,,"2 frame(s); median area 6.0 px; net motion dx=44.6, dy=-50.3; flags: none"
N1357777024,T0003,1357777024-0023,0.5025,2,0,co-iss-n1357777024,1357777024,2001-01-10T00:04:12.350,491.19,40.83,10.12,6,0.00,6,10.12,9.93,59.56,1.02,1.35,,"2 frame(s); median area 6.0 px; net motion dx=1.7, dy=60.8; flags: none"
N1357777414,T0003,1357777414-0054,0.5025,2,1,co-iss-n1357777414,1357777414,2001-01-10T00:10:42.347,492.86,101.66,11.55,6,0.00,6,11.55,11.34,68.02,1.02,2.64,,"2 frame(s); median area 6.0 px; net motion dx=1.7, dy=60.8; flags: none"
N1357797554,T0181,1357797554-0034,0.5009,2,13,co-iss-n1357797554,1357797554,2001-01-10T05:46:22.208,596.44,57.56,19.76,4,0.00,4,19.76,17.69,70.75,1.12,1.00,,"2 frame(s); median area 5.0 px; net motion dx=15.0, dy=-29.5; flags: none"
N1357797914,T0181,1357797914-0017,0.5009,2,14,co-iss-n1357797914,1357797914,2001-01-10T05:52:22.205,611.48,28.04,9.71,6,0.00,6,9.71,9.31,55.88,1.04,1.63,,"2 frame(s); median area 5.0 px; net motion dx=15.0, dy=-29.5; flags: none"
N1357806108,T0260,1357806108-0012,0.4978,3,18,co-iss-n1357806108,1357806108,2001-01-10T08:08:56.148,619.50,21.50,10.00,4,0.00,4,10.00,10.00,40.02,1.00,1.00,,"3 frame(s); median area 3.0 px; net motion dx=72.6, dy=-4.3; flags: none"
N1357806498,T0260,1357806498-0007,0.4978,3,19,co-iss-n1357806498,1357806498,2001-01-10T08:15:26.146,679.33,14.00,11.76,3,0.00,3,11.76,11.72,35.16,1.00,4.39,,"3 frame(s); median area 3.0 px; net motion dx=72.6, dy=-4.3; flags: none"
N1357806858,T0260,1357806858-0016,0.4978,3,20,co-iss-n1357806858,1357806858,2001-01-10T08:21:26.143,692.13,17.22,60.80,3,0.00,3,60.80,30.89,92.68,1.97,1.73,,"3 frame(s); median area 3.0 px; net motion dx=72.6, dy=-4.3; flags: none"
N1357797164,T0173,1357797164-0014,0.4967,2,12,co-iss-n1357797164,1357797164,2001-01-10T05:39:52.210,854.50,30.50,8.23,4,0.00,4,8.23,8.23,32.93,1.00,1.00,,"2 frame(s); median area 5.0 px; net motion dx=-21.8, dy=78.6; flags: none"
N1357797554,T0173,1357797554-0077,0.4967,2,13,co-iss-n1357797554,1357797554,2001-01-10T05:46:22.208,832.65,109.11,19.85,6,0.00,6,19.85,18.05,108.30,1.10,2.64,,"2 frame(s); median area 5.0 px; net motion dx=-21.8, dy=78.6; flags: none"
N1357797554,T0190,1357797554-0132,0.4958,2,13,co-iss-n1357797554,1357797554,2001-01-10T05:46:22.208,480.03,212.51,19.58,4,0.00,4,19.58,19.06,76.25,1.03,2.62,,"2 frame(s); median area 5.0 px; net motion dx=6.5, dy=-24.5; flags: none"
N1357797914,T0190,1357797914-0126,0.4958,2,14,co-iss-n1357797914,1357797914,2001-01-10T05:52:22.205,486.50,188.00,8.19,6,0.00,6,8.19,8.17,49.03,1.00,1.63,,"2 frame(s); median area 5.0 px; net motion dx=6.5, dy=-24.5; flags: none"
N1357797554,T0179,1357797554-0024,0.4952,2,13,co-iss-n1357797554,1357797554,2001-01-10T05:46:22.208,668.53,44.92,18.41,5,0.00,5,18.41,10.94,54.72,1.68,2.86,,"2 frame(s); median area 5.0 px; net motion dx=-39.0, dy=-37.7; flags: none"
N1357797914,T0179,1357797914-0004,0.4952,2,14,co-iss-n1357797914,1357797914,2001-01-10T05:52:22.205,629.58,7.22,9.16,5,0.00,5,9.16,8.99,44.94,1.02,5.83,,"2 frame(s); median area 5.0 px; net motion dx=-39.0, dy=-37.7; flags: none"
N1357777024,T0004,1357777024-0024,0.4932,2,0,co-iss-n1357777024,1357777024,2001-01-10T00:04:12.350,452.56,42.92,10.25,4,0.00,4,10.25,9.22,36.86,1.11,2.62,,"2 frame(s); median area 5.5 px; net motion dx=-11.5, dy=-18.2; flags: none"
N1357777414,T0004,1357777414-0012,0.4932,2,1,co-iss-n1357777414,1357777414,2001-01-10T00:10:42.347,441.03,24.70,12.48,7,0.00,7,12.48,11.78,82.47,1.06,2.82,,"2 frame(s); median area 5.5 px; net motion dx=-11.5, dy=-18.2; flags: none"
N1357786358,T0105,1357786358-0073,0.4872,2,7,co-iss-n1357786358,1357786358,2001-01-10T02:39:46.285,481.57,104.54,11.49,6,0.00,6,11.49,10.66,63.97,1.08,2.45,,"2 frame(s); median area 5.5 px; net motion dx=9.0, dy=20.3; flags: none"
N1357786718,T0105,1357786718-0066,0.4872,2,8,co-iss-n1357786718,1357786718,2001-01-10T02:45:46.283,490.60,124.80,9.23,5,0.00,5,9.23,9.23,46.13,1.00,4.39,,"2 frame(s); median area 5.5 px; net motion dx=9.0, dy=20.3; flags: none"
N1357777414,T0026,1357777414-0119,0.4863,2,1,co-iss-n1357777414,1357777414,2001-01-10T00:10:42.347,66.48,217.52,11.28,4,0.00,4,11.28,10.72,42.90,1.05,1.00,,"2 frame(s); median area 5.5 px; net motion dx=17.5, dy=-19.5; flags: none"
N1357777774,T0026,1357777774-0126,0.4863,2,2,co-iss-n1357777774,1357777774,2001-01-10T00:16:42.345,83.98,198.02,9.16,7,0.00,7,9.16,8.94,62.59,1.02,1.73,,"2 frame(s); median area 5.5 px; net motion dx=17.5, dy=-19.5; flags: none"
N1357786358,T0108,1357786358-0089,0.4862,2,7,co-iss-n1357786358,1357786358,2001-01-10T02:39:46.285,262.87,125.34,11.49,6,0.00,6,11.49,11.26,67.53,1.02,2.64,,"2 frame(s); median area 5.5 px; net motion dx=79.3, dy=28.7; flags: none"
N1357786718,T0108,1357786718-0087,0.4862,2,8,co-iss-n1357786718,1357786718,2001-01-10T02:45:46.283,342.20,154.00,8.90,5,0.00,5,8.90,8.86,44.31,1.00,3.84,,"2 frame(s); median area 5.5 px; net motion dx=79.3, dy=28.7; flags: none"
N1357806498,T0290,1357806498-0171,0.4833,2,19,co-iss-n1357806498,1357806498,2001-01-10T08:15:26.146,396.64,235.72,9.56,3,0.00,3,9.56,8.81,26.42,1.09,1.73,,"2 frame(s); median area 3.5 px; net motion dx=66.9, dy=24.7; flags: none"
N1357806858,T0290,1357806858-0190,0.4833,2,20,co-iss-n1357806858,1357806858,2001-01-10T08:21:26.143,463.51,260.41,26.55,4,0.00,4,26.55,19.51,78.05,1.36,1.00,,"2 frame(s); median area 3.5 px; net motion dx=66.9, dy=24.7; flags: none"
N1357810580,T0349,1357810580-0163,0.4823,2,21,co-iss-n1357810580,1357810580,2001-01-10T09:23:28.118,173.28,198.42,8.19,7,0.00,7,8.19,8.10,56.67,1.01,2.18,,"2 frame(s); median area 5.5 px; net motion dx=-33.8, dy=6.6; flags: none"
N1357810970,T0349,1357810970-0137,0.4823,2,22,co-iss-n1357810970,1357810970,2001-01-10T09:29:58.115,139.53,205.06,10.90,4,0.00,4,10.90,10.27,41.08,1.06,2.62,,"2 frame(s); median area 5.5 px; net motion dx=-33.8, dy=6.6; flags: none"
N1357862637,T0406,1357862637-0120,0.4817,2,24,co-iss-n1357862637,1357862637,2001-01-10T23:51:04.757,953.50,173.67,8.49,6,0.00,6,8.49,8.49,50.92,1.00,2.49,,"2 frame(s); median area 5.5 px; net motion dx=32.7, dy=74.1; flags: none"
N1357863027,T0406,1357863027-0159,0.4817,2,25,co-iss-n1357863027,1357863027,2001-01-10T23:57:34.754,986.17,247.73,10.39,5,0.00,5,10.39,9.82,49.08,1.06,3.52,,"2 frame(s); median area 5.5 px; net motion dx=32.7, dy=74.1; flags: none"
N1357797554,T0183,1357797554-0062,0.4813,2,13,co-iss-n1357797554,1357797554,2001-01-10T05:46:22.208,277.94,86.27,21.38,4,0.15,4,21.38,12.89,51.58,1.66,6.85,,"2 frame(s); median area 4.0 px; net motion dx=2.6, dy=14.2; flags: none"
N1357797914,T0183,1357797914-0063,0.4813,2,14,co-iss-n1357797914,1357797914,2001-01-10T05:52:22.205,280.50,100.50,9.89,4,0.00,4,9.89,9.87,39.47,1.00,5.83,,"2 frame(s); median area 4.0 px; net motion dx=2.6, dy=14.2; flags: none"
N1357777024,T0006,1357777024-0028,0.4793,2,0,co-iss-n1357777024,1357777024,2001-01-10T00:04:12.350,478.17,52.07,10.07,5,0.00,5,10.07,9.71,48.54,1.04,5.21,,"2 frame(s); median area 5.0 px; net motion dx=21.3, dy=12.1; flags: none"
N1357777414,T0006,1357777414-0035,0.4793,2,1,co-iss-n1357777414,1357777414,2001-01-10T00:10:42.347,499.43,64.14,12.21,5,0.00,5,12.21,11.36,56.78,1.08,1.73,,"2 frame(s); median area 5.0 px; net motion dx=21.3, dy=12.1; flags: none"
N1357785968,T0090,1357785968-0051,0.4750,2,6,co-iss-n1357785968,1357785968,2001-01-10T02:33:16.288,769.34,77.02,9.22,6,0.00,6,9.22,8.54,51.27,1.08,4.47,,"2 frame(s); median area 5.0 px; net motion dx=47.9, dy=-46.8; flags: none"
N1357786358,T0090,1357786358-0017,0.4750,2,7,co-iss-n1357786358,1357786358,2001-01-10T02:39:46.285,817.20,30.22,11.60,4,0.00,4,11.60,9.94,39.78,1.17,2.45,,"2 frame(s); median area 5.0 px; net motion dx=47.9, dy=-46.8; flags: none"
N1357786358,T0106,1357786358-0076,0.4748,2,7,co-iss-n1357786358,1357786358,2001-01-10T02:39:46.285,327.82,108.99,11.77,6,0.00,6,11.77,11.65,69.91,1.01,3.68,,"2 frame(s); median area 5.0 px; net motion dx=18.7, dy=39.0; flags: none"
N1357786718,T0106,1357786718-0079,0.4748,2,8,co-iss-n1357786718,1357786718,2001-01-10T02:45:46.283,346.48,147.95,8.99,4,0.00,4,8.99,8.58,34.31,1.05,2.62,,"2 frame(s); median area 5.0 px; net motion dx=18.7, dy=39.0; flags: none"
N1357801636,T0247,1357801636-0105,0.4711,2,15,co-iss-n1357801636,1357801636,2001-01-10T06:54:24.179,1004.99,140.28,8.63,7,0.00,7,8.63,8.55,59.85,1.01,2.04,,"2 frame(s); median area 5.0 px; net motion dx=-63.3, dy=47.1; flags: none"
N1357802026,T0247,1357802026-0058,0.4711,2,16,co-iss-n1357802026,1357802026,2001-01-10T07:00:54.177,941.72,187.35,10.91,3,0.00,3,10.91,9.72,29.17,1.12,1.73,,"2 frame(s); median area 5.0 px; net motion dx=-63.3, dy=47.1; flags: none"
N1357806108,T0283,1357806108-0147,0.4703,2,18,co-iss-n1357806108,1357806108,2001-01-10T08:08:56.148,953.40,192.40,8.49,5,0.00,5,8.49,8.42,42.08,1.01,3.40,,"2 frame(s); median area 5.0 px; net motion dx=14.7, dy=-1.0; flags: none"
N1357806498,T0283,1357806498-0143,0.4703,2,19,co-iss-n1357806498,1357806498,2001-01-10T08:15:26.146,968.12,191.43,10.77,5,0.15,5,10.77,10.13,50.63,1.06,6.31,,"2 frame(s); median area 5.0 px; net motion dx=14.7, dy=-1.0; flags: none"
N1357785968,T0095,1357785968-0089,0.4670,2,6,co-iss-n1357785968,1357785968,2001-01-10T02:33:16.288,807.50,145.33,8.10,6,0.00,6,8.10,8.08,48.49,1.00,2.03,,"2 frame(s); median area 5.0 px; net motion dx=14.3, dy=-26.8; flags: none"
N1357786358,T0095,1357786358-0085,0.4670,2,7,co-iss-n1357786358,1357786358,2001-01-10T02:39:46.285,821.79,118.53,10.07,4,0.00,4,10.07,8.87,35.47,1.14,4.47,,"2 frame(s); median area 5.0 px; net motion dx=14.3, dy=-26.8; flags: none"
N1357810580,T0342,1357810580-0108,0.4653,2,21,co-iss-n1357810580,1357810580,2001-01-10T09:23:28.118,68.84,131.21,9.69,5,0.00,5,9.69,9.20,46.00,1.05,2.89,,"2 frame(s); median area 4.5 px; net motion dx=25.1, dy=18.3; flags: none"
N1357810970,T0342,1357810970-0096,0.4653,2,22,co-iss-n1357810970,1357810970,2001-01-10T09:29:58.115,93.96,149.51,12.06,4,0.00,4,12.06,11.21,44.86,1.08,2.62,,"2 frame(s); median area 4.5 px; net motion dx=25.1, dy=18.3; flags: none"
N1357806108,T0272,1357806108-0087,0.4635,2,18,co-iss-n1357806108,1357806108,2001-01-10T08:08:56.148,999.01,129.45,9.14,6,0.00,6,9.14,8.26,49.55,1.11,1.63,,"2 frame(s); median area 4.5 px; net motion dx=5.4, dy=-38.7; flags: none"
N1357806498,T0272,1357806498-0070,0.4635,2,19,co-iss-n1357806498,1357806498,2001-01-10T08:15:26.146,1004.38,90.76,12.03,3,0.00,3,12.03,10.55,31.64,1.14,1.73,,"2 frame(s); median area 4.5 px; net motion dx=5.4, dy=-38.7; flags: none"
N1357786358,T0104,1357786358-0067,0.4615,2,7,co-iss-n1357786358,1357786358,2001-01-10T02:39:46.285,554.91,93.92,11.27,6,0.00,6,11.27,9.27,55.62,1.22,1.63,,"2 frame(s); median area 4.5 px; net motion dx=-22.3, dy=20.4; flags: none"
N1357786718,T0104,1357786718-0063,0.4615,2,8,co-iss-n1357786718,1357786718,2001-01-10T02:45:46.283,532.65,114.30,9.23,3,0.00,3,9.23,8.71,26.12,1.06,1.73,,"2 frame(s); median area 4.5 px; net motion dx=-22.3, dy=20.4; flags: none"
N1357785968,T0092,1357785968-0064,0.4612,2,6,co-iss-n1357785968,1357785968,2001-01-10T02:33:16.288,862.49,91.00,8.86,4,0.00,4,8.86,8.64,34.58,1.03,2.62,,"2 frame(s); median area 4.5 px; net motion dx=-40.1, dy=-60.9; flags: none"
N1357786358,T0092,1357786358-0018,0.4612,2,7,co-iss-n1357786358,1357786358,2001-01-10T02:39:46.285,822.43,30.13,11.55,5,0.00,5,11.55,10.64,53.20,1.09,4.39,,"2 frame(s); median area 4.5 px; net motion dx=-40.1, dy=-60.9; flags: none"
N1357810580,T0345,1357810580-0119,0.4603,2,21,co-iss-n1357810580,1357810580,2001-01-10T09:23:28.118,184.17,143.81,8.87,6,0.00,6,8.87,8.61,51.65,1.03,2.81,,"2 frame(s); median area 4.5 px; net motion dx=65.2, dy=4.9; flags: none"
N1357810970,T0345,1357810970-0094,0.4603,2,22,co-iss-n1357810970,1357810970,2001-01-10T09:29:58.115,249.38,148.76,11.23,3,0.00,3,11.23,9.83,29.49,1.14,1.73,,"2 frame(s); median area 4.5 px; net motion dx=65.2, dy=4.9; flags: none"
N1357862637,T0405,1357862637-0113,0.4601,2,24,co-iss-n1357862637,1357862637,2001-01-10T23:51:04.757,197.96,167.44,8.45,4,0.15,4,8.45,8.13,32.51,1.04,6.85,,"2 frame(s); median area 4.5 px; net motion dx=31.9, dy=-39.2; flags: none"
N1357863027,T0405,1357863027-0091,0.4601,2,25,co-iss-n1357863027,1357863027,2001-01-10T23:57:34.754,229.86,128.29,11.60,5,0.00,5,11.60,10.71,53.55,1.08,3.52,,"2 frame(s); median area 4.5 px; net motion dx=31.9, dy=-39.2; flags: none"
N1357790440,T0150,1357790440-0101,0.4574,2,9,co-iss-n1357790440,1357790440,2001-01-10T03:47:48.257,756.20,138.60,8.20,5,0.00,5,8.20,8.20,41.00,1.00,1.73,,"2 frame(s); median area 4.5 px; net motion dx=-50.0, dy=-47.3; flags: none"
N1357790830,T0150,1357790830-0057,0.4574,2,10,co-iss-n1357790830,1357790830,2001-01-10T03:54:18.254,706.22,91.26,10.93,4,0.00,4,10.93,10.00,39.99,1.09,2.45,,"2 frame(s); median area 4.5 px; net motion dx=-50.0, dy=-47.3; flags: none"
N1357790440,T0152,1357790440-0122,0.4571,2,9,co-iss-n1357790440,1357790440,2001-01-10T03:47:48.257,447.75,171.50,8.15,4,0.00,4,8.15,8.14,32.57,1.00,4.47,,"2 frame(s); median area 4.5 px; net motion dx=22.8, dy=-30.7; flags: none"
N1357790830,T0152,1357790830-0086,0.4571,2,10,co-iss-n1357790830,1357790830,2001-01-10T03:54:18.254,470.57,140.76,10.87,5,0.00,5,10.87,10.09,50.44,1.08,1.73,,"2 frame(s); median area 4.5 px; net motion dx=22.8, dy=-30.7; flags: none"
N1357786358,T0107,1357786358-0086,0.4550,2,7,co-iss-n1357786358,1357786358,2001-01-10T02:39:46.285,65.59,120.24,12.48,5,0.00,5,12.48,12.05,60.26,1.04,1.73,,"2 frame(s); median area 4.0 px; net motion dx=14.7, dy=35.1; flags: none"
N1357786718,T0107,1357786718-0088,0.4550,2,8,co-iss-n1357786718,1357786718,2001-01-10T02:45:46.283,80.32,155.34,10.02,3,0.00,3,10.02,9.79,29.36,1.02,1.73,,"2 frame(s); median area 4.0 px; net motion dx=14.7, dy=35.1; flags: none"
N1357786358,T0124,1357786358-0200,0.4548,2,7,co-iss-n1357786358,1357786358,2001-01-10T02:39:46.285,65.97,291.34,10.07,3,0.00,3,10.07,9.74,29.22,1.03,4.39,,"2 frame(s); median area 4.5 px; net motion dx=12.9, dy=-5.4; flags: none"
N1357786718,T0124,1357786718-0173,0.4548,2,8,co-iss-n1357786718,1357786718,2001-01-10T02:45:46.283,78.85,285.98,8.20,6,0.15,6,8.20,8.13,48.77,1.01,7.08,,"2 frame(s); median area 4.5 px; net motion dx=12.9, dy=-5.4; flags: none"
N1357785968,T0088,1357785968-0025,0.4540,2,6,co-iss-n1357785968,1357785968,2001-01-10T02:33:16.288,544.60,45.77,10.12,5,0.00,5,10.12,9.37,46.87,1.08,1.73,,"2 frame(s); median area 4.0 px; net motion dx=-17.0, dy=6.5; flags: none"
N1357786358,T0088,1357786358-0042,0.4540,2,7,co-iss-n1357786358,1357786358,2001-01-10T02:39:46.285,527.55,52.28,12.04,3,0.00,3,12.04,9.01,27.04,1.34,1.73,,"2 frame(s); median area 4.0 px; net motion dx=-17.0, dy=6.5; flags: none"
N1357786358,T0111,1357786358-0100,0.4533,2,7,co-iss-n1357786358,1357786358,2001-01-10T02:39:46.285,107.63,147.74,11.87,3,0.00,3,11.87,10.65,31.95,1.11,1.73,,"2 frame(s); median area 4.0 px; net motion dx=-26.2, dy=3.3; flags: none"
N1357786718,T0111,1357786718-0082,0.4533,2,8,co-iss-n1357786718,1357786718,2001-01-10T02:45:46.283,81.40,151.01,10.06,5,0.15,5,10.06,9.98,49.89,1.01,6.31,,"2 frame(s); median area 4.0 px; net motion dx=-26.2, dy=3.3; flags: none"
N1357810580,T0332,1357810580-0061,0.4526,2,21,co-iss-n1357810580,1357810580,2001-01-10T09:23:28.118,672.02,63.34,9.64,3,0.00,3,9.64,9.50,28.49,1.02,4.39,,"2 frame(s); median area 4.0 px; net motion dx=-29.6, dy=-28.3; flags: none"
N1357810970,T0332,1357810970-0021,0.4526,2,22,co-iss-n1357810970,1357810970,2001-01-10T09:29:58.115,642.39,35.03,12.06,5,0.00,5,12.06,11.36,56.80,1.06,3.95,,"2 frame(s); median area 4.0 px; net motion dx=-29.6, dy=-28.3; flags: none"
N1357790440,T0140,1357790440-0023,0.4508,2,9,co-iss-n1357790440,1357790440,2001-01-10T03:47:48.257,914.50,33.50,10.05,4,0.00,4,10.05,10.05,40.20,1.00,1.00,,"2 frame(s); median area 4.0 px; net motion dx=-58.0, dy=-21.5; flags: none"
N1357790830,T0140,1357790830-0006,0.4508,2,10,co-iss-n1357790830,1357790830,2001-01-10T03:54:18.254,856.52,12.04,11.04,4,0.00,4,11.04,10.18,40.71,1.08,2.62,,"2 frame(s); median area 4.0 px; net motion dx=-58.0, dy=-21.5; flags: none"
N1357786358,T0110,1357786358-0099,0.4501,2,7,co-iss-n1357786358,1357786358,2001-01-10T02:39:46.285,163.38,139.41,11.66,5,0.00,5,11.66,11.26,56.29,1.04,3.40,,"2 frame(s); median area 4.0 px; net motion dx=13.3, dy=27.3; flags: none"
N1357786718,T0110,1357786718-0098,0.4501,2,8,co-iss-n1357786718,1357786718,2001-01-10T02:45:46.283,176.67,166.67,9.23,3,0.00,3,9.23,9.23,27.68,1.00,1.73,,"2 frame(s); median area 4.0 px; net motion dx=13.3, dy=27.3; flags: none"
N1357797554,T0187,1357797554-0119,0.4501,2,13,co-iss-n1357797554,1357797554,2001-01-10T05:46:22.208,447.77,176.74,19.58,3,0.00,3,19.58,12.80,38.39,1.53,1.73,,"2 frame(s); median area 3.0 px; net motion dx=-11.1, dy=-82.0; flags: none"
N1357797914,T0187,1357797914-0058,0.4501,2,14,co-iss-n1357797914,1357797914,2001-01-10T05:52:22.205,436.65,94.69,9.62,3,0.00,3,9.62,9.24,27.72,1.04,1.73,,"2 frame(s); median area 3.0 px; net motion dx=-11.1, dy=-82.0; flags: none"
N1357785968,T0093,1357785968-0072,0.4495,2,6,co-iss-n1357785968,1357785968,2001-01-10T02:33:16.288,518.52,105.52,9.22,4,0.00,4,9.22,8.79,35.18,1.05,1.00,,"2 frame(s); median area 4.0 px; net motion dx=32.5, dy=-20.1; flags: none"
N1357786358,T0093,1357786358-0064,0.4495,2,7,co-iss-n1357786358,1357786358,2001-01-10T02:39:46.285,551.03,85.46,11.44,4,0.00,4,11.44,10.67,42.66,1.07,2.62,,"2 frame(s); median area 4.0 px; net motion dx=32.5, dy=-20.1; flags: none"
N1357801636,T0244,1357801636-0075,0.4493,2,15,co-iss-n1357801636,1357801636,2001-01-10T06:54:24.179,446.52,100.52,9.50,4,0.00,4,9.50,9.18,36.70,1.04,1.00,,"2 frame(s); median area 4.0 px; net motion dx=49.0, dy=68.0; flags: none"
N1357802026,T0244,1357802026-0048,0.4493,2,16,co-iss-n1357802026,1357802026,2001-01-10T07:00:54.177,495.56,168.49,11.11,4,0.00,4,11.11,9.21,36.83,1.21,5.83,,"2 frame(s); median area 4.0 px; net motion dx=49.0, dy=68.0; flags: none"
N1357781496,T0053,1357781496-0179,0.4493,2,3,co-iss-n1357781496,1357781496,2001-01-10T01:18:44.319,55.97,215.31,8.76,3,0.00,3,8.76,8.44,25.33,1.04,4.39,,"2 frame(s); median area 4.0 px; net motion dx=-0.4, dy=-53.2; flags: none"
N1357781886,T0053,1357781886-0121,0.4493,2,4,co-iss-n1357781886,1357781886,2001-01-10T01:25:14.316,55.57,162.15,11.83,5,0.00,5,11.83,11.08,55.39,1.07,1.73,,"2 frame(s); median area 4.0 px; net motion dx=-0.4, dy=-53.2; flags: none"
N1357786358,T0117,1357786358-0163,0.4484,2,7,co-iss-n1357786358,1357786358,2001-01-10T02:39:46.285,120.67,229.67,10.46,3,0.00,3,10.46,10.46,31.37,1.00,1.73,,"2 frame(s); median area 4.0 px; net motion dx=-34.0, dy=-64.1; flags: none"
N1357786718,T0117,1357786718-0096,0.4484,2,8,co-iss-n1357786718,1357786718,2001-01-10T02:45:46.283,86.64,165.52,9.83,5,0.00,5,9.83,8.48,42.38,1.16,3.40,,"2 frame(s); median area 4.0 px; net motion dx=-34.0, dy=-64.1; flags: none"
N1357781886,T0064,1357781886-0154,0.4483,2,4,co-iss-n1357781886,1357781886,2001-01-10T01:25:14.316,153.50,192.50,10.80,4,0.00,4,10.80,10.80,43.20,1.00,1.00,,"2 frame(s); median area 4.0 px; net motion dx=45.2, dy=-63.3; flags: none"
N1357782246,T0064,1357782246-0076,0.4483,2,5,co-iss-n1357782246,1357782246,2001-01-10T01:31:14.314,198.75,129.25,9.47,4,0.00,4,9.47,9.44,37.74,1.00,3.16,,"2 frame(s); median area 4.0 px; net motion dx=45.2, dy=-63.3; flags: none"
N1357862637,T0402,1357862637-0086,0.4476,2,24,co-iss-n1357862637,1357862637,2001-01-10T23:51:04.757,461.75,124.25,9.08,4,0.00,4,9.08,9.08,36.33,1.00,2.45,,"2 frame(s); median area 4.0 px; net motion dx=-50.2, dy=22.9; flags: none"
N1357863027,T0402,1357863027-0104,0.4476,2,25,co-iss-n1357863027,1357863027,2001-01-10T23:57:34.754,411.54,147.19,10.94,4,0.00,4,10.94,10.11,40.44,1.08,1.82,,"2 frame(s); median area 4.0 px; net motion dx=-50.2, dy=22.9; flags: none"
N1357781496,T0042,1357781496-0080,0.4450,2,3,co-iss-n1357781496,1357781496,2001-01-10T01:18:44.319,110.32,95.98,10.13,3,0.00,3,10.13,9.59,28.78,1.06,4.39,,"2 frame(s); median area 3.5 px; net motion dx=-17.9, dy=-48.4; flags: none"
N1357781886,T0042,1357781886-0027,0.4450,2,4,co-iss-n1357781886,1357781886,2001-01-10T01:25:14.316,92.38,47.55,13.19,4,0.00,4,13.19,11.05,44.22,1.19,5.83,,"2 frame(s); median area 3.5 px; net motion dx=-17.9, dy=-48.4; flags: none"
N1357785968,T0086,1357785968-0021,0.4410,2,6,co-iss-n1357785968,1357785968,2001-01-10T02:33:16.288,581.36,38.72,10.08,3,0.00,3,10.08,9.31,27.92,1.08,1.73,,"2 frame(s); median area 3.5 px; net motion dx=-46.9, dy=17.8; flags: none"
N1357786358,T0086,1357786358-0045,0.4410,2,7,co-iss-n1357786358,1357786358,2001-01-10T02:39:46.285,534.50,56.50,11.93,4,0.00,4,11.93,11.93,47.72,1.00,1.00,,"2 frame(s); median area 3.5 px; net motion dx=-46.9, dy=17.8; flags: none"
N1357777414,T0013,1357777414-0018,0.4407,2,1,co-iss-n1357777414,1357777414,2001-01-10T00:10:42.347,576.45,35.72,12.21,3,0.00,3,12.21,8.98,26.94,1.36,1.73,,"2 frame(s); median area 3.5 px; net motion dx=-21.3, dy=18.1; flags: none"
N1357777774,T0013,1357777774-0041,0.4407,2,2,co-iss-n1357777774,1357777774,2001-01-10T00:16:42.345,555.20,53.80,9.70,4,0.00,4,9.70,9.06,36.25,1.07,2.45,,"2 frame(s); median area 3.5 px; net motion dx=-21.3, dy=18.1; flags: none"
N1357785968,T0096,1357785968-0149,0.4406,2,6,co-iss-n1357785968,1357785968,2001-01-10T02:33:16.288,989.51,221.99,8.19,4,0.00,4,8.19,7.68,30.71,1.07,2.62,,"2 frame(s); median area 4.0 px; net motion dx=5.0, dy=82.5; flags: none"
N1357786358,T0096,1357786358-0222,0.4406,2,7,co-iss-n1357786358,1357786358,2001-01-10T02:39:46.285,994.49,304.49,9.53,4,0.00,4,9.53,9.39,37.57,1.01,1.00,,"2 frame(s); median area 4.0 px; net motion dx=5.0, dy=82.5; flags: none"
N1357781496,T0045,1357781496-0097,0.4404,2,3,co-iss-n1357781496,1357781496,2001-01-10T01:18:44.319,399.50,108.50,9.53,4,0.00,4,9.53,9.53,38.14,1.00,1.00,,"2 frame(s); median area 3.5 px; net motion dx=14.1, dy=-41.3; flags: none"
N1357781886,T0045,1357781886-0044,0.4404,2,4,co-iss-n1357781886,1357781886,2001-01-10T01:25:14.316,413.61,67.22,12.27,3,0.00,3,12.27,10.53,31.58,1.17,1.73,,"2 frame(s); median area 3.5 px; net motion dx=14.1, dy=-41.3; flags: none"
N1357781886,T0061,1357781886-0143,0.4400,2,4,co-iss-n1357781886,1357781886,2001-01-10T01:25:14.316,313.74,183.47,8.76,4,0.00,4,8.76,8.31,33.26,1.05,4.47,,"2 frame(s); median area 4.0 px; net motion dx=-30.2, dy=-30.0; flags: none"
N1357782246,T0061,1357782246-0089,0.4400,2,5,co-iss-n1357782246,1357782246,2001-01-10T01:31:14.314,283.50,153.50,8.74,4,0.00,4,8.74,8.63,34.51,1.01,5.83,,"2 frame(s); median area 4.0 px; net motion dx=-30.2, dy=-30.0; flags: none"
N1357862637,T0404,1357862637-0102,0.4395,2,24,co-iss-n1357862637,1357862637,2001-01-10T23:51:04.757,876.49,156.49,8.04,4,0.00,4,8.04,7.81,31.23,1.03,1.00,,"2 frame(s); median area 4.0 px; net motion dx=-8.2, dy=13.3; flags: none"
N1357863027,T0404,1357863027-0115,0.4395,2,25,co-iss-n1357863027,1357863027,2001-01-10T23:57:34.754,868.25,169.75,9.29,4,0.00,4,9.29,9.28,37.12,1.00,2.45,,"2 frame(s); median area 4.0 px; net motion dx=-8.2, dy=13.3; flags: none"
N1357781886,T0058,1357781886-0080,0.4391,2,4,co-iss-n1357781886,1357781886,2001-01-10T01:25:14.316,367.50,105.50,11.67,4,0.00,4,11.67,11.60,46.41,1.01,1.00,,"2 frame(s); median area 3.5 px; net motion dx=0.2, dy=-15.5; flags: none"
N1357782246,T0058,1357782246-0056,0.4391,2,5,co-iss-n1357782246,1357782246,2001-01-10T01:31:14.314,367.67,90.00,9.70,3,0.00,3,9.70,9.70,29.10,1.00,4.39,,"2 frame(s); median area 3.5 px; net motion dx=0.2, dy=-15.5; flags: none"
N1357786358,T0097,1357786358-0030,0.4388,2,7,co-iss-n1357786358,1357786358,2001-01-10T02:39:46.285,695.47,41.55,12.04,4,0.00,4,12.04,10.86,43.45,1.11,1.00,,"2 frame(s); median area 3.5 px; net motion dx=38.2, dy=-36.2; flags: none"
N1357786718,T0097,1357786718-0001,0.4388,2,8,co-iss-n1357786718,1357786718,2001-01-10T02:45:46.283,733.66,5.34,9.23,3,0.00,3,9.23,9.12,27.37,1.01,1.73,,"2 frame(s); median area 3.5 px; net motion dx=38.2, dy=-36.2; flags: none"
N1357811330,T0372,1357811330-0180,0.4375,1,23,co-iss-n1357811330,1357811330,2001-01-10T09:35:58.112,637.48,276.04,434.10,9,0.15,9,434.10,121.62,1094.54,3.57,1.62,,1 frame(s); median area 9.0 px; flags: none
N1357811330,T0384,1357811330-0300,0.4375,1,23,co-iss-n1357811330,1357811330,2001-01-10T09:35:58.112,107.55,460.91,82.54,11,0.00,11,82.54,27.79,305.64,2.97,3.02,,1 frame(s); median area 11.0 px; flags: none
N1357811330,T0394,1357811330-0399,0.4375,1,23,co-iss-n1357811330,1357811330,2001-01-10T09:35:58.112,807.98,614.96,428.93,34,0.00,34,428.93,273.00,9281.98,1.57,1.52,,1 frame(s); median area 34.0 px; flags: none
N1357777024,T0008,1357777024-0048,0.4374,2,0,co-iss-n1357777024,1357777024,2001-01-10T00:04:12.350,748.69,81.34,9.13,3,0.00,3,9.13,8.84,26.51,1.03,1.73,,"2 frame(s); median area 3.5 px; net motion dx=-7.2, dy=-65.8; flags: none"
N1357777414,T0008,1357777414-0008,0.4374,2,1,co-iss-n1357777414,1357777414,2001-01-10T00:10:42.347,741.50,15.50,11.66,4,0.00,4,11.66,11.60,46.40,1.01,1.00,,"2 frame(s); median area 3.5 px; net motion dx=-7.2, dy=-65.8; flags: none"
N1357777414,T0023,1357777414-0093,0.4371,2,1,co-iss-n1357777414,1357777414,2001-01-10T00:10:42.347,19.67,173.67,12.05,3,0.00,3,12.05,12.05,36.14,1.00,1.73,,"2 frame(s); median area 3.5 px; net motion dx=36.8, dy=66.4; flags: none"
N1357777774,T0023,1357777774-0151,0.4371,2,2,co-iss-n1357777774,1357777774,2001-01-10T00:16:42.345,56.52,240.03,8.67,4,0.00,4,8.67,8.36,33.44,1.04,2.62,,"2 frame(s); median area 3.5 px; net motion dx=36.8, dy=66.4; flags: none"
N1357790440,T0147,1357790440-0067,0.4359,2,9,co-iss-n1357790440,1357790440,2001-01-10T03:47:48.257,813.50,91.50,8.88,4,0.00,4,8.88,8.88,35.51,1.00,1.00,,"2 frame(s); median area 3.5 px; net motion dx=15.1, dy=-49.4; flags: none"
N1357790830,T0147,1357790830-0023,0.4359,2,10,co-iss-n1357790830,1357790830,2001-01-10T03:54:18.254,828.59,42.15,11.41,3,0.00,3,11.41,9.19,27.56,1.24,4.39,,"2 frame(s); median area 3.5 px; net motion dx=15.1, dy=-49.4; flags: none"
N1357781496,T0054,1357781496-0205,0.4350,2,3,co-iss-n1357781496,1357781496,2001-01-10T01:18:44.319,16.67,242.67,8.94,3,0.00,3,8.94,8.94,26.82,1.00,1.73,,"2 frame(s); median area 3.5 px; net motion dx=-12.0, dy=-12.0; flags: none"
N1357781886,T0054,1357781886-0194,0.4350,2,4,co-iss-n1357781886,1357781886,2001-01-10T01:25:14.316,4.68,230.67,11.07,4,0.00,4,11.07,8.46,33.82,1.31,2.45,,"2 frame(s); median area 3.5 px; net motion dx=-12.0, dy=-12.0; flags: none"
N1357786358,T0125,1357786358-0201,0.4343,2,7,co-iss-n1357786358,1357786358,2001-01-10T02:39:46.285,62.65,292.65,10.07,3,0.00,3,10.07,9.49,28.46,1.06,1.73,,"2 frame(s); median area 3.5 px; net motion dx=-43.1, dy=-61.1; flags: none"
N1357786718,T0125,1357786718-0154,0.4343,2,8,co-iss-n1357786718,1357786718,2001-01-10T02:45:46.283,19.50,231.50,9.69,4,0.00,4,9.69,9.46,37.84,1.02,1.00,,"2 frame(s); median area 3.5 px; net motion dx=-43.1, dy=-61.1; flags: none"
N1357786358,T0109,1357786358-0097,0.4331,2,7,co-iss-n1357786358,1357786358,2001-01-10T02:39:46.285,597.67,138.67,10.29,3,0.00,3,10.29,10.29,30.87,1.00,1.73,,"2 frame(s); median area 3.5 px; net motion dx=-1.4, dy=-38.2; flags: none"
N1357786718,T0109,1357786718-0054,0.4331,2,8,co-iss-n1357786718,1357786718,2001-01-10T02:45:46.283,596.26,100.45,9.09,4,0.00,4,9.09,8.64,34.58,1.05,4.47,,"2 frame(s); median area 3.5 px; net motion dx=-1.4, dy=-38.2; flags: none"
N1357781886,T0057,1357781886-0074,0.4323,2,4,co-iss-n1357781886,1357781886,2001-01-10T01:25:14.316,863.76,101.76,10.26,4,0.00,4,10.26,9.93,39.70,1.03,2.45,,"2 frame(s); median area 3.5 px; net motion dx=-42.4, dy=-59.1; flags: none"
N1357782246,T0057,1357782246-0028,0.4323,2,5,co-iss-n1357782246,1357782246,2001-01-10T01:31:14.314,821.32,42.66,8.83,3,0.00,3,8.83,8.67,26.01,1.02,1.73,,"2 frame(s); median area 3.5 px; net motion dx=-42.4, dy=-59.1; flags: none"
N1357806108,T0274,1357806108-0093,0.4320,2,18,co-iss-n1357806108,1357806108,2001-01-10T08:08:56.148,321.00,136.68,9.00,3,0.00,3,9.00,8.10,24.29,1.11,4.39,,"2 frame(s); median area 3.5 px; net motion dx=1.8, dy=77.1; flags: none"
N1357806498,T0274,1357806498-0160,0.4320,2,19,co-iss-n1357806498,1357806498,2001-01-10T08:15:26.146,322.76,213.76,10.00,4,0.00,4,10.00,9.77,39.10,1.02,2.45,,"2 frame(s); median area 3.5 px; net motion dx=1.8, dy=77.1; flags: none"
N1357786358,T0098,1357786358-0033,0.4302,2,7,co-iss-n1357786358,1357786358,2001-01-10T02:39:46.285,412.26,43.06,12.64,3,0.00,3,12.64,10.16,30.49,1.24,4.39,,"2 frame(s); median area 3.0 px; net motion dx=1.4, dy=-36.4; flags: none"
N1357786718,T0098,1357786718-0002,0.4302,2,8,co-iss-n1357786718,1357786718,2001-01-10T02:45:46.283,413.67,6.67,9.93,3,0.00,3,9.93,9.91,29.73,1.00,1.73,,"2 frame(s); median area 3.0 px; net motion dx=1.4, dy=-36.4; flags: none"
N1357785968,T0091,1357785968-0061,0.4290,2,6,co-iss-n1357785968,1357785968,2001-01-10T02:33:16.288,259.69,88.40,9.81,3,0.00,3,9.81,8.26,24.77,1.19,1.73,,"2 frame(s); median area 3.0 px; net motion dx=39.9, dy=-73.1; flags: none"
N1357786358,T0091,1357786358-0010,0.4290,2,7,co-iss-n1357786358,1357786358,2001-01-10T02:39:46.285,299.55,15.26,12.37,3,0.00,3,12.37,9.14,27.42,1.35,1.73,,"2 frame(s); median area 3.0 px; net motion dx=39.9, dy=-73.1; flags: none"
N1357810580,T0340,1357810580-0095,0.4267,2,21,co-iss-n1357810580,1357810580,2001-01-10T09:23:28.118,164.66,116.31,9.46,3,0.00,3,9.46,9.20,27.61,1.03,1.73,,"2 frame(s); median area 3.0 px; net motion dx=-44.2, dy=31.0; flags: none"
N1357810970,T0340,1357810970-0092,0.4267,2,22,co-iss-n1357810970,1357810970,2001-01-10T09:29:58.115,120.44,147.27,11.95,3,0.00,3,11.95,8.98,26.94,1.33,1.73,,"2 frame(s); median area 3.0 px; net motion dx=-44.2, dy=31.0; flags: none"
N1357806108,T0279,1357806108-0118,0.4264,2,18,co-iss-n1357806108,1357806108,2001-01-10T08:08:56.148,827.67,157.33,8.13,3,0.00,3,8.13,8.13,24.39,1.00,1.73,,"2 frame(s); median area 3.5 px; net motion dx=0.3, dy=50.2; flags: none"
N1357806498,T0279,1357806498-0154,0.4264,2,19,co-iss-n1357806498,1357806498,2001-01-10T08:15:26.146,828.00,207.50,9.00,4,0.00,4,9.00,9.00,36.02,1.00,2.62,,"2 frame(s); median area 3.5 px; net motion dx=0.3, dy=50.2; flags: none"
N1357862637,T0396,1357862637-0053,0.4257,2,24,co-iss-n1357862637,1357862637,2001-01-10T23:51:04.757,646.29,80.64,9.35,3,0.00,3,9.35,8.76,26.29,1.07,1.73,,"2 frame(s); median area 3.0 px; net motion dx=-21.0, dy=-18.3; flags: none"
N1357863027,T0396,1357863027-0054,0.4257,2,25,co-iss-n1357863027,1357863027,2001-01-10T23:57:34.754,625.33,62.33,11.71,3,0.00,3,11.71,11.71,35.12,1.00,1.73,,"2 frame(s); median area 3.0 px; net motion dx=-21.0, dy=-18.3; flags: none"
N1357810580,T0348,1357810580-0154,0.4253,2,21,co-iss-n1357810580,1357810580,2001-01-10T09:23:28.118,81.67,185.33,8.92,3,0.00,3,8.92,8.92,26.75,1.00,1.73,,"2 frame(s); median area 3.0 px; net motion dx=8.6, dy=-27.7; flags: none"
N1357810970,T0348,1357810970-0104,0.4253,2,22,co-iss-n1357810970,1357810970,2001-01-10T09:29:58.115,90.24,157.62,12.01,3,0.00,3,12.01,10.49,31.46,1.14,1.73,,"2 frame(s); median area 3.0 px; net motion dx=8.6, dy=-27.7; flags: none"
N1357801636,T0241,1357801636-0053,0.4253,2,15,co-iss-n1357801636,1357801636,2001-01-10T06:54:24.179,807.67,69.67,9.36,3,0.00,3,9.36,9.36,28.09,1.00,1.73,,"2 frame(s); median area 3.0 px; net motion dx=-69.9, dy=21.4; flags: none"
N1357802026,T0241,1357802026-0032,0.4253,2,16,co-iss-n1357802026,1357802026,2001-01-10T07:00:54.177,737.73,91.10,11.56,3,0.00,3,11.56,10.34,31.02,1.12,4.39,,"2 frame(s); median area 3.0 px; net motion dx=-69.9, dy=21.4; flags: none"
N1357801636,T0251,1357801636-0133,0.4205,2,15,co-iss-n1357801636,1357801636,2001-01-10T06:54:24.179,326.33,184.65,8.04,3,0.00,3,8.04,7.58,22.73,1.06,1.73,,"2 frame(s); median area 3.0 px; net motion dx=-32.3, dy=-18.0; flags: none"
N1357802026,T0251,1357802026-0047,0.4205,2,16,co-iss-n1357802026,1357802026,2001-01-10T07:00:54.177,294.03,166.66,11.30,3,0.00,3,11.30,10.92,32.77,1.03,4.39,,"2 frame(s); median area 3.0 px; net motion dx=-32.3, dy=-18.0; flags: none"
N1357786358,T0122,1357786358-0196,0.4205,2,7,co-iss-n1357786358,1357786358,2001-01-10T02:39:46.285,70.06,289.63,10.02,3,0.00,3,10.02,9.06,27.17,1.11,4.39,,"2 frame(s); median area 3.0 px; net motion dx=-12.4, dy=-67.3; flags: none"
N1357786718,T0122,1357786718-0140,0.4205,2,8,co-iss-n1357786718,1357786718,2001-01-10T02:45:46.283,57.67,222.33,9.32,3,0.00,3,9.32,9.30,27.91,1.00,1.73,,"2 frame(s); median area 3.0 px; net motion dx=-12.4, dy=-67.3; flags: none"
N1357777024,T0009,1357777024-0061,0.4197,2,0,co-iss-n1357777024,1357777024,2001-01-10T00:04:12.350,832.32,106.34,8.55,3,0.00,3,8.55,8.37,25.10,1.02,1.73,,"2 frame(s); median area 3.0 px; net motion dx=15.4, dy=-10.0; flags: none"
N1357777414,T0009,1357777414-0053,0.4197,2,1,co-iss-n1357777414,1357777414,2001-01-10T00:10:42.347,847.72,96.36,10.51,3,0.00,3,10.51,9.68,29.03,1.09,1.73,,"2 frame(s); median area 3.0 px; net motion dx=15.4, dy=-10.0; flags: none"
N1357781496,T0052,1357781496-0165,0.4191,2,3,co-iss-n1357781496,1357781496,2001-01-10T01:18:44.319,486.67,199.67,8.07,3,0.00,3,8.07,8.04,24.12,1.00,1.73,,"2 frame(s); median area 3.0 px; net motion dx=-47.8, dy=-55.3; flags: none"
N1357781886,T0052,1357781886-0112,0.4191,2,4,co-iss-n1357781886,1357781886,2001-01-10T01:25:14.316,438.87,144.38,10.80,3,0.00,3,10.80,9.52,28.56,1.13,4.39,,"2 frame(s); median area 3.0 px; net motion dx=-47.8, dy=-55.3; flags: none"
N1357786358,T0123,1357786358-0197,0.4185,2,7,co-iss-n1357786358,1357786358,2001-01-10T02:39:46.285,91.33,289.67,9.85,3,0.00,3,9.85,9.82,29.46,1.00,1.73,,"2 frame(s); median area 3.0 px; net motion dx=9.4, dy=-57.3; flags: none"
N1357786718,T0123,1357786718-0155,0.4185,2,8,co-iss-n1357786718,1357786718,2001-01-10T02:45:46.283,100.70,232.35,8.81,3,0.00,3,8.81,8.34,25.03,1.06,1.73,,"2 frame(s); median area 3.0 px; net motion dx=9.4, dy=-57.3; flags: none"
N1357786358,T0113,1357786358-0124,0.4174,2,7,co-iss-n1357786358,1357786358,2001-01-10T02:39:46.285,521.35,173.30,10.18,3,0.00,3,10.18,9.74,29.21,1.05,1.73,,"2 frame(s); median area 3.0 px; net motion dx=30.0, dy=25.0; flags: none"
N1357786718,T0113,1357786718-0119,0.4174,2,8,co-iss-n1357786718,1357786718,2001-01-10T02:45:46.283,551.33,198.33,8.11,3,0.00,3,8.11,8.09,24.27,1.00,1.73,,"2 frame(s); median area 3.0 px; net motion dx=30.0, dy=25.0; flags: none"
N1357786358,T0115,1357786358-0155,0.4172,2,7,co-iss-n1357786358,1357786358,2001-01-10T02:39:46.285,403.33,218.67,9.75,3,0.00,3,9.75,9.75,29.24,1.00,1.73,,"2 frame(s); median area 3.0 px; net motion dx=12.0, dy=-37.3; flags: none"
N1357786718,T0115,1357786718-0108,0.4172,2,8,co-iss-n1357786718,1357786718,2001-01-10T02:45:46.283,415.33,181.33,8.48,3,0.00,3,8.48,8.45,25.35,1.00,1.73,,"2 frame(s); median area 3.0 px; net motion dx=12.0, dy=-37.3; flags: none"
N1357801636,T0249,1357801636-0115,0.4164,2,15,co-iss-n1357801636,1357801636,2001-01-10T06:54:24.179,683.68,153.34,8.27,3,0.00,3,8.27,8.14,24.42,1.02,1.73,,"2 frame(s); median area 3.0 px; net motion dx=4.7, dy=83.0; flags: none"
N1357802026,T0249,1357802026-0079,0.4164,2,16,co-iss-n1357802026,1357802026,2001-01-10T07:00:54.177,688.33,236.33,9.68,3,0.00,3,9.68,9.68,29.05,1.00,1.73,,"2 frame(s); median area 3.0 px; net motion dx=4.7, dy=83.0; flags: none"
N1357777024,T0012,1357777024-0085,0.4148,2,0,co-iss-n1357777024,1357777024,2001-01-10T00:04:12.350,630.33,148.33,8.23,3,0.00,3,8.23,8.23,24.70,1.00,1.73,,"2 frame(s); median area 3.0 px; net motion dx=21.0, dy=71.3; flags: none"
N1357777414,T0012,1357777414-0120,0.4148,2,1,co-iss-n1357777414,1357777414,2001-01-10T00:10:42.347,651.33,219.67,9.19,3,0.00,3,9.19,9.19,27.58,1.00,1.73,,"2 frame(s); median area 3.0 px; net motion dx=21.0, dy=71.3; flags: none"
N1357806858,T0305,1357806858-0178,0.4125,1,20,co-iss-n1357806858,1357806858,2001-01-10T08:21:26.143,681.56,236.76,54.30,7,0.00,7,54.30,26.08,182.53,2.08,2.47,,1 frame(s); median area 7.0 px; flags: none
N1357806858,T0309,1357806858-0216,0.4125,1,20,co-iss-n1357806858,1357806858,2001-01-10T08:21:26.143,1015.93,314.95,38.49,7,0.00,7,38.49,18.99,132.95,2.03,1.73,,1 frame(s); median area 7.0 px; flags: none
N1357811330,T0388,1357811330-0339,0.4125,1,23,co-iss-n1357811330,1357811330,2001-01-10T09:35:58.112,356.60,530.08,39.93,7,0.00,7,39.93,16.22,113.52,2.46,4.81,,1 frame(s); median area 7.0 px; flags: none
N1357797554,T0184,1357797554-0070,0.4115,1,13,co-iss-n1357797554,1357797554,2001-01-10T05:46:22.208,540.93,97.12,20.66,9,0.15,9,20.66,18.73,168.60,1.10,6.02,,1 frame(s); median area 9.0 px; flags: none
N1357797554,T0185,1357797554-0098,0.4082,1,13,co-iss-n1357797554,1357797554,2001-01-10T05:46:22.208,1010.33,139.63,20.12,9,0.00,9,20.12,17.79,160.14,1.13,4.61,,1 frame(s); median area 9.0 px; flags: none
N1357797554,T0198,1357797554-0188,0.3947,1,13,co-iss-n1357797554,1357797554,2001-01-10T05:46:22.208,428.29,315.61,17.87,10,0.00,10,17.87,17.03,170.29,1.05,4.62,,1 frame(s); median area 10.0 px; flags: none
N1357797554,T0204,1357797554-0242,0.3883,1,13,co-iss-n1357797554,1357797554,2001-01-10T05:46:22.208,467.82,382.33,16.79,11,0.00,11,16.79,14.85,163.34,1.13,3.68,,1 frame(s); median area 11.0 px; flags: none
N1357806858,T0313,1357806858-0285,0.3875,1,20,co-iss-n1357806858,1357806858,2001-01-10T08:21:26.143,910.51,415.03,30.36,6,0.00,6,30.36,12.45,74.72,2.44,2.88,,1 frame(s); median area 6.0 px; flags: none
N1357806858,T0318,1357806858-0358,0.3875,1,20,co-iss-n1357806858,1357806858,2001-01-10T08:21:26.143,834.42,529.18,125.06,6,0.15,6,125.06,30.62,183.72,4.08,2.45,,1 frame(s); median area 6.0 px; flags: none
N1357811330,T0379,1357811330-0266,0.3875,1,23,co-iss-n1357811330,1357811330,2001-01-10T09:35:58.112,357.11,413.48,25.56,6,0.15,6,25.56,17.66,105.97,1.45,6.19,,1 frame(s); median area 6.0 px; flags: none
N1357811330,T0374,1357811330-0206,0.3865,1,23,co-iss-n1357811330,1357811330,2001-01-10T09:35:58.112,364.58,320.02,20.66,7,0.00,7,20.66,11.79,82.53,1.75,5.94,,1 frame(s); median area 7.0 px; flags: none
N1357797554,T0209,1357797554-0282,0.3829,1,13,co-iss-n1357797554,1357797554,2001-01-10T05:46:22.208,450.56,432.05,15.89,8,0.00,8,15.89,13.37,107.00,1.19,1.85,,1 frame(s); median area 8.0 px; flags: none
N1357797554,T0188,1357797554-0124,0.3827,1,13,co-iss-n1357797554,1357797554,2001-01-10T05:46:22.208,994.30,201.24,20.03,7,0.00,7,20.03,15.45,108.13,1.30,5.19,,1 frame(s); median area 7.0 px; flags: none
N1357797554,T0177,1357797554-0013,0.3649,1,13,co-iss-n1357797554,1357797554,2001-01-10T05:46:22.208,977.91,25.93,17.06,7,0.00,7,17.06,14.28,99.95,1.19,4.39,,1 frame(s); median area 7.0 px; flags: none
N1357777414,T0014,1357777414-0028,0.3634,1,1,co-iss-n1357777414,1357777414,2001-01-10T00:10:42.347,387.70,54.54,12.65,10,0.00,10,12.65,12.13,121.27,1.04,4.14,,1 frame(s); median area 10.0 px; flags: none
N1357806858,T0311,1357806858-0245,0.3625,1,20,co-iss-n1357806858,1357806858,2001-01-10T08:21:26.143,1001.27,369.05,52.59,5,0.00,5,52.59,21.12,105.58,2.49,1.73,,1 frame(s); median area 5.0 px; flags: none
N1357806858,T0316,1357806858-0347,0.3625,1,20,co-iss-n1357806858,1357806858,2001-01-10T08:21:26.143,413.21,519.11,50.27,5,0.00,5,50.27,23.22,116.10,2.17,5.21,,1 frame(s); median area 5.0 px; flags: none
N1357806858,T0319,1357806858-0370,0.3625,1,20,co-iss-n1357806858,1357806858,2001-01-10T08:21:26.143,327.42,544.22,58.78,5,0.00,5,58.78,25.69,128.47,2.29,3.40,,1 frame(s); median area 5.0 px; flags: none
N1357811330,T0376,1357811330-0238,0.3625,1,23,co-iss-n1357811330,1357811330,2001-01-10T09:35:58.112,524.06,380.55,97.96,5,0.00,5,97.96,37.09,185.46,2.64,2.62,,1 frame(s); median area 5.0 px; flags: none
N1357811330,T0381,1357811330-0277,0.3625,1,23,co-iss-n1357811330,1357811330,2001-01-10T09:35:58.112,737.14,422.81,87.66,5,0.00,5,87.66,37.98,189.89,2.31,1.73,,1 frame(s); median area 5.0 px; flags: none
N1357863027,T0408,1357863027-0003,0.3554,1,25,co-iss-n1357863027,1357863027,2001-01-10T23:57:34.754,851.73,9.42,11.32,8,0.00,8,11.32,10.78,86.25,1.05,2.31,,1 frame(s); median area 8.0 px; flags: none
N1357781886,T0059,1357781886-0107,0.3546,1,4,co-iss-n1357781886,1357781886,2001-01-10T01:25:14.316,966.87,137.37,11.18,8,0.15,8,11.18,11.13,89.07,1.00,6.65,,1 frame(s); median area 8.0 px; flags: none
N1357810580,T0326,1357810580-0026,0.3524,1,21,co-iss-n1357810580,1357810580,2001-01-10T09:23:28.118,64.23,34.81,10.82,12,0.15,12,10.82,9.90,118.78,1.09,7.36,,1 frame(s); median area 12.0 px; flags: none
N1357797554,T0194,1357797554-0157,0.3507,1,13,co-iss-n1357797554,1357797554,2001-01-10T05:46:22.208,537.53,250.93,18.86,6,0.00,6,18.86,17.70,106.23,1.07,1.63,,1 frame(s); median area 6.0 px; flags: none
N1357790830,T0157,1357790830-0117,0.3482,1,10,co-iss-n1357790830,1357790830,2001-01-10T03:54:18.254,437.14,190.24,10.11,8,0.15,8,10.11,9.44,75.48,1.07,6.15,,1 frame(s); median area 8.0 px; flags: none
N1357862637,T0401,1357862637-0085,0.3474,1,24,co-iss-n1357862637,1357862637,2001-01-10T23:51:04.757,39.75,125.74,9.99,8,0.00,8,9.99,9.83,78.60,1.02,3.78,,1 frame(s); median area 8.0 px; flags: none
N1357797554,T0197,1357797554-0176,0.3469,1,13,co-iss-n1357797554,1357797554,2001-01-10T05:46:22.208,401.87,294.83,18.23,6,0.00,6,18.23,14.82,88.89,1.23,4.69,,1 frame(s); median area 6.0 px; flags: none
N1357797554,T0205,1357797554-0245,0.3447,1,13,co-iss-n1357797554,1357797554,2001-01-10T05:46:22.208,131.48,387.95,17.87,6,0.00,6,17.87,15.19,91.11,1.18,3.60,,1 frame(s); median area 6.0 px; flags: none
N1357777414,T0027,1357777414-0129,0.3443,1,1,co-iss-n1357777414,1357777414,2001-01-10T00:10:42.347,463.61,234.11,9.47,18,0.00,18,9.47,9.40,169.24,1.01,3.51,,1 frame(s); median area 18.0 px; flags: none
N1357781886,T0071,1357781886-0207,0.3435,1,4,co-iss-n1357781886,1357781886,2001-01-10T01:25:14.316,219.50,254.12,9.33,8,0.00,8,9.33,9.31,74.49,1.00,1.35,,1 frame(s); median area 8.0 px; flags: none
N1357786358,T0119,1357786358-0166,0.3434,1,7,co-iss-n1357786358,1357786358,2001-01-10T02:39:46.285,527.87,234.00,9.31,8,0.00,8,9.31,9.24,73.90,1.01,2.23,,1 frame(s); median area 8.0 px; flags: none
N1357863027,T0418,1357863027-0152,0.3416,1,25,co-iss-n1357863027,1357863027,2001-01-10T23:57:34.754,717.47,237.02,9.02,18,0.00,18,9.02,8.71,156.71,1.04,2.14,,1 frame(s); median area 18.0 px; flags: none
N1357790830,T0171,1357790830-0215,0.3400,1,10,co-iss-n1357790830,1357790830,2001-01-10T03:54:18.254,153.25,327.74,8.76,8,0.00,8,8.76,8.73,69.85,1.00,5.60,,1 frame(s); median area 8.0 px; flags: none
N1357777774,T0037,1357777774-0152,0.3398,1,2,co-iss-n1357777774,1357777774,2001-01-10T00:16:42.345,51.87,241.96,8.71,25,0.00,25,8.71,8.65,216.32,1.01,1.75,,1 frame(s); median area 25.0 px; flags: none
N1357806498,T0295,1357806498-0237,0.3382,1,19,co-iss-n1357806498,1357806498,2001-01-10T08:15:26.146,220.25,334.42,8.45,12,0.00,12,8.45,8.39,100.73,1.01,2.18,,1 frame(s); median area 12.0 px; flags: none
N1357806858,T0299,1357806858-0012,0.3375,1,20,co-iss-n1357806858,1357806858,2001-01-10T08:21:26.143,171.73,16.35,49.64,4,0.00,4,49.64,26.73,106.92,1.86,1.00,,1 frame(s); median area 4.0 px; flags: none
N1357806858,T0303,1357806858-0116,0.3375,1,20,co-iss-n1357806858,1357806858,2001-01-10T08:21:26.143,99.43,129.21,34.77,4,0.00,4,34.77,19.03,76.14,1.83,1.00,,1 frame(s); median area 4.0 px; flags: none
N1357806858,T0310,1357806858-0233,0.3375,1,20,co-iss-n1357806858,1357806858,2001-01-10T08:21:26.143,9.91,346.94,43.70,4,0.00,4,43.70,21.34,85.38,2.05,2.45,,1 frame(s); median area 4.0 px; flags: none
N1357806858,T0312,1357806858-0251,0.3375,1,20,co-iss-n1357806858,1357806858,2001-01-10T08:21:26.143,833.24,379.25,75.07,4,0.00,4,75.07,31.27,125.07,2.40,1.00,,1 frame(s); median area 4.0 px; flags: none
N1357806858,T0321,1357806858-0395,0.3375,1,20,co-iss-n1357806858,1357806858,2001-01-10T08:21:26.143,200.99,589.36,32.37,4,0.00,4,32.37,17.53,70.12,1.85,2.62,,1 frame(s); median area 4.0 px; flags: none
N1357811330,T0368,1357811330-0126,0.3375,1,23,co-iss-n1357811330,1357811330,2001-01-10T09:35:58.112,862.46,193.22,59.90,4,0.00,4,59.90,31.57,126.27,1.90,1.00,,1 frame(s); median area 4.0 px; flags: none
N1357811330,T0371,1357811330-0164,0.3375,1,23,co-iss-n1357811330,1357811330,2001-01-10T09:35:58.112,689.66,250.70,123.87,4,0.00,4,123.87,55.92,223.68,2.22,1.00,,1 frame(s); median area 4.0 px; flags: none
N1357811330,T0383,1357811330-0298,0.3375,1,23,co-iss-n1357811330,1357811330,2001-01-10T09:35:58.112,407.82,459.21,65.54,4,0.00,4,65.54,23.37,93.48,2.80,1.00,,1 frame(s); median area 4.0 px; flags: none
N1357811330,T0385,1357811330-0310,0.3375,1,23,co-iss-n1357811330,1357811330,2001-01-10T09:35:58.112,907.35,481.34,55.70,4,0.00,4,55.70,27.82,111.29,2.00,1.00,,1 frame(s); median area 4.0 px; flags: none
N1357811330,T0393,1357811330-0388,0.3375,1,23,co-iss-n1357811330,1357811330,2001-01-10T09:35:58.112,858.32,588.94,31.70,4,0.00,4,31.70,20.73,82.93,1.53,3.60,,1 frame(s); median area 4.0 px; flags: none
N1357786358,T0130,1357786358-0273,0.3368,1,7,co-iss-n1357786358,1357786358,2001-01-10T02:39:46.285,10.42,470.74,8.22,12,0.00,12,8.22,8.15,97.79,1.01,2.44,,1 frame(s); median area 12.0 px; flags: none
N1357782246,T0080,1357782246-0052,0.3364,1,5,co-iss-n1357782246,1357782246,2001-01-10T01:31:14.314,785.14,82.92,8.15,27,0.00,27,8.15,8.08,218.07,1.01,1.75,,1 frame(s); median area 27.0 px; flags: none
N1357810970,T0364,1357810970-0228,0.3364,1,22,co-iss-n1357810970,1357810970,2001-01-10T09:29:58.115,951.80,333.08,8.14,15,0.00,15,8.14,7.95,119.25,1.02,1.52,,1 frame(s); median area 15.0 px; flags: none
N1357790830,T0169,1357790830-0201,0.3361,1,10,co-iss-n1357790830,1357790830,2001-01-10T03:54:18.254,436.13,306.62,8.11,8,0.00,8,8.11,8.11,64.86,1.00,2.39,,1 frame(s); median area 8.0 px; flags: none
N1357863027,T0428,1357863027-0277,0.3360,1,25,co-iss-n1357863027,1357863027,2001-01-10T23:57:34.754,39.99,481.08,8.09,11,0.00,11,8.09,8.00,87.98,1.01,4.27,,1 frame(s); median area 11.0 px; flags: none
N1357797554,T0211,1357797554-0293,0.3339,1,13,co-iss-n1357797554,1357797554,2001-01-10T05:46:22.208,908.08,456.43,16.07,6,0.00,6,16.07,15.38,92.27,1.05,4.32,,1 frame(s); median area 6.0 px; flags: none
N1357863027,T0417,1357863027-0103,0.3324,1,25,co-iss-n1357863027,1357863027,2001-01-10T23:57:34.754,153.76,147.00,11.65,7,0.00,7,11.65,9.12,63.85,1.28,1.08,,1 frame(s); median area 7.0 px; flags: none
N1357797554,T0223,1357797554-0366,0.3312,1,13,co-iss-n1357797554,1357797554,2001-01-10T05:46:22.208,152.70,575.42,15.62,6,0.00,6,15.62,12.28,73.69,1.27,2.03,,1 frame(s); median area 6.0 px; flags: none
N1357797554,T0191,1357797554-0135,0.3267,1,13,co-iss-n1357797554,1357797554,2001-01-10T05:46:22.208,702.68,219.43,19.04,5,0.00,5,19.04,16.40,81.99,1.16,3.40,,1 frame(s); median area 5.0 px; flags: none
N1357811330,T0389,1357811330-0345,0.3258,1,23,co-iss-n1357811330,1357811330,2001-01-10T09:35:58.112,874.97,531.17,23.05,4,0.15,4,23.05,17.66,70.66,1.31,6.17,,1 frame(s); median area 4.0 px; flags: none
N1357797554,T0195,1357797554-0164,0.3251,1,13,co-iss-n1357797554,1357797554,2001-01-10T05:46:22.208,312.01,263.78,18.77,5,0.00,5,18.77,16.81,84.04,1.12,3.52,,1 frame(s); median area 5.0 px; flags: none
N1357797554,T0219,1357797554-0344,0.3237,1,13,co-iss-n1357797554,1357797554,2001-01-10T05:46:22.208,712.14,547.88,14.36,6,0.00,6,14.36,12.37,74.22,1.16,2.03,,1 frame(s); median area 6.0 px; flags: none
N1357810580,T0337,1357810580-0084,0.3228,1,21,co-iss-n1357810580,1357810580,2001-01-10T09:23:28.118,59.70,104.88,10.05,7,0.00,7,10.05,9.35,65.44,1.08,5.96,,1 frame(s); median area 7.0 px; flags: none
N1357801636,T0242,1357801636-0056,0.3209,1,15,co-iss-n1357801636,1357801636,2001-01-10T06:54:24.179,552.71,75.00,9.73,7,0.00,7,9.73,9.69,67.81,1.00,1.08,,1 frame(s); median area 7.0 px; flags: none
N1357801636,T0243,1357801636-0074,0.3173,1,15,co-iss-n1357801636,1357801636,2001-01-10T06:54:24.179,578.57,99.71,9.13,7,0.00,7,9.13,9.11,63.76,1.00,3.44,,1 frame(s); median area 7.0 px; flags: none
N1357810580,T0344,1357810580-0115,0.3166,1,21,co-iss-n1357810580,1357810580,2001-01-10T09:23:28.118,179.72,137.29,9.01,7,0.15,7,9.01,8.87,62.09,1.02,7.52,,1 frame(s); median area 7.0 px; flags: none
N1357777414,T0028,1357777414-0130,0.3163,1,1,co-iss-n1357777414,1357777414,2001-01-10T00:10:42.347,704.72,236.42,8.97,7,0.00,7,8.97,8.94,62.59,1.00,3.63,,1 frame(s); median area 7.0 px; flags: none
N1357797554,T0215,1357797554-0324,0.3156,1,13,co-iss-n1357797554,1357797554,2001-01-10T05:46:22.208,541.18,509.61,13.02,6,0.00,6,13.02,12.08,72.48,1.08,2.29,,1 frame(s); median area 6.0 px; flags: none
N1357806858,T0302,1357806858-0112,0.3130,1,20,co-iss-n1357806858,1357806858,2001-01-10T08:21:26.143,504.93,120.33,12.59,6,0.00,6,12.59,10.15,60.91,1.24,4.39,,1 frame(s); median area 6.0 px; flags: none
N1357806858,T0300,1357806858-0079,0.3125,1,20,co-iss-n1357806858,1357806858,2001-01-10T08:21:26.143,740.57,80.89,31.04,3,0.00,3,31.04,22.30,66.91,1.39,1.73,,1 frame(s); median area 3.0 px; flags: none
N1357806858,T0306,1357806858-0179,0.3125,1,20,co-iss-n1357806858,1357806858,2001-01-10T08:21:26.143,103.26,236.15,60.42,3,0.00,3,60.42,33.96,101.88,1.78,1.73,,1 frame(s); median area 3.0 px; flags: none
N1357806858,T0307,1357806858-0181,0.3125,1,20,co-iss-n1357806858,1357806858,2001-01-10T08:21:26.143,156.70,239.35,41.79,3,0.00,3,41.79,39.66,118.98,1.05,1.73,,1 frame(s); median area 3.0 px; flags: none
N1357806858,T0315,1357806858-0316,0.3125,1,20,co-iss-n1357806858,1357806858,2001-01-10T08:21:26.143,98.69,465.55,62.50,3,0.00,3,62.50,37.63,112.89,1.66,1.73,,1 frame(s); median area 3.0 px; flags: none
N1357806858,T0320,1357806858-0388,0.3125,1,20,co-iss-n1357806858,1357806858,2001-01-10T08:21:26.143,377.10,584.39,59.24,3,0.00,3,59.24,32.28,96.85,1.84,1.73,,1 frame(s); median area 3.0 px; flags: none
N1357811330,T0370,1357811330-0154,0.3125,1,23,co-iss-n1357811330,1357811330,2001-01-10T09:35:58.112,618.25,228.45,40.91,3,0.00,3,40.91,29.99,89.98,1.36,1.73,,1 frame(s); median area 3.0 px; flags: none
N1357811330,T0375,1357811330-0208,0.3125,1,23,co-iss-n1357811330,1357811330,2001-01-10T09:35:58.112,406.41,322.79,31.62,3,0.00,3,31.62,17.97,53.90,1.76,1.73,,1 frame(s); median area 3.0 px; flags: none
N1357811330,T0377,1357811330-0247,0.3125,1,23,co-iss-n1357811330,1357811330,2001-01-10T09:35:58.112,562.87,393.74,43.93,3,0.00,3,43.93,23.88,71.65,1.84,1.73,,1 frame(s); median area 3.0 px; flags: none
N1357810970,T0366,1357810970-0259,0.3120,1,22,co-iss-n1357810970,1357810970,2001-01-10T09:29:58.115,981.29,415.71,8.25,7,0.00,7,8.25,8.21,57.50,1.00,3.85,,1 frame(s); median area 7.0 px; flags: none
N1357786358,T0131,1357786358-0276,0.3111,1,7,co-iss-n1357786358,1357786358,2001-01-10T02:39:46.285,28.00,482.57,8.11,7,0.00,7,8.11,8.05,56.37,1.01,2.63,,1 frame(s); median area 7.0 px; flags: none
N1357810970,T0351,1357810970-0022,0.3099,1,22,co-iss-n1357810970,1357810970,2001-01-10T09:29:58.115,769.73,37.20,12.06,6,0.00,6,12.06,10.06,60.38,1.20,5.10,,1 frame(s); median area 6.0 px; flags: none
N1357777414,T0017,1357777414-0059,0.3088,1,1,co-iss-n1357777414,1357777414,2001-01-10T00:10:42.347,317.78,108.08,11.88,6,0.00,6,11.88,10.58,63.46,1.12,2.03,,1 frame(s); median area 6.0 px; flags: none
N1357811330,T0378,1357811330-0252,0.3087,1,23,co-iss-n1357811330,1357811330,2001-01-10T09:35:58.112,301.40,398.20,24.37,3,0.00,3,24.37,13.44,40.33,1.81,4.39,,1 frame(s); median area 3.0 px; flags: none
N1357806858,T0308,1357806858-0212,0.3081,1,20,co-iss-n1357806858,1357806858,2001-01-10T08:21:26.143,42.17,300.73,24.27,3,0.00,3,24.27,18.39,55.17,1.32,4.39,,1 frame(s); median area 3.0 px; flags: none
N1357777414,T0016,1357777414-0055,0.3065,1,1,co-iss-n1357777414,1357777414,2001-01-10T00:10:42.347,502.49,101.82,11.50,6,0.00,6,11.50,10.36,62.19,1.11,4.69,,1 frame(s); median area 6.0 px; flags: none
N1357863027,T0416,1357863027-0102,0.3061,1,25,co-iss-n1357863027,1357863027,2001-01-10T23:57:34.754,195.11,142.87,11.43,6,0.00,6,11.43,10.55,63.28,1.08,1.35,,1 frame(s); median area 6.0 px; flags: none
N1357797554,T0180,1357797554-0032,0.3050,1,13,co-iss-n1357797554,1357797554,2001-01-10T05:46:22.208,583.57,55.55,19.58,4,0.00,4,19.58,17.15,68.62,1.14,1.00,,1 frame(s); median area 4.0 px; flags: none
N1357777414,T0019,1357777414-0078,0.3038,1,1,co-iss-n1357777414,1357777414,2001-01-10T00:10:42.347,990.49,146.09,11.06,6,0.00,6,11.06,10.13,60.78,1.09,1.63,,1 frame(s); median area 6.0 px; flags: none
N1357790440,T0136,1357790440-0001,0.3010,1,9,co-iss-n1357790440,1357790440,2001-01-10T03:47:48.257,4.66,8.79,10.59,6,0.00,6,10.59,10.19,61.16,1.04,2.99,,1 frame(s); median area 6.0 px; flags: none
N1357801636,T0238,1357801636-0034,0.3002,1,15,co-iss-n1357801636,1357801636,2001-01-10T06:54:24.179,221.65,50.12,10.45,6,0.00,6,10.45,9.96,59.73,1.05,4.26,,1 frame(s); median area 6.0 px; flags: none
N1357801636,T0236,1357801636-0027,0.2975,1,15,co-iss-n1357801636,1357801636,2001-01-10T06:54:24.179,637.15,36.33,10.00,6,0.00,6,10.00,9.75,58.51,1.03,1.15,,1 frame(s); median area 6.0 px; flags: none
N1357811330,T0390,1357811330-0351,0.2970,1,23,co-iss-n1357811330,1357811330,2001-01-10T09:35:58.112,363.44,538.61,18.25,4,0.15,4,18.25,10.12,40.49,1.80,6.17,,1 frame(s); median area 4.0 px; flags: none
N1357863027,T0422,1357863027-0193,0.2969,1,25,co-iss-n1357863027,1357863027,2001-01-10T23:57:34.754,989.49,292.66,9.90,6,0.00,6,9.90,9.46,56.73,1.05,2.49,,1 frame(s); median area 6.0 px; flags: none
N1357802026,T0254,1357802026-0069,0.2964,1,16,co-iss-n1357802026,1357802026,2001-01-10T07:00:54.177,780.00,218.17,9.81,6,0.00,6,9.81,9.76,58.54,1.01,2.03,,1 frame(s); median area 6.0 px; flags: none
N1357797554,T0206,1357797554-0251,0.2947,1,13,co-iss-n1357797554,1357797554,2001-01-10T05:46:22.208,129.46,392.69,17.87,4,0.00,4,17.87,13.46,53.85,1.33,5.83,,1 frame(s); median area 4.0 px; flags: none
N1357797914,T0227,1357797914-0064,0.2946,1,14,co-iss-n1357797914,1357797914,2001-01-10T05:52:22.205,422.17,101.17,9.52,6,0.00,6,9.52,9.51,57.05,1.00,1.35,,1 frame(s); median area 6.0 px; flags: none
N1357790830,T0164,1357790830-0156,0.2930,1,10,co-iss-n1357790830,1357790830,2001-01-10T03:54:18.254,376.88,243.86,9.25,6,0.00,6,9.25,8.95,53.73,1.03,4.84,,1 frame(s); median area 6.0 px; flags: none
N1357797914,T0228,1357797914-0077,0.2927,1,14,co-iss-n1357797914,1357797914,2001-01-10T05:52:22.205,317.01,132.34,9.20,6,0.00,6,9.20,9.05,54.32,1.02,1.63,,1 frame(s); median area 6.0 px; flags: none
N1357790830,T0166,1357790830-0160,0.2923,1,10,co-iss-n1357790830,1357790830,2001-01-10T03:54:18.254,385.55,247.36,9.14,6,0.15,6,9.14,8.75,52.53,1.04,6.67,,1 frame(s); median area 6.0 px; flags: none
N1357786358,T0128,1357786358-0254,0.2920,1,7,co-iss-n1357786358,1357786358,2001-01-10T02:39:46.285,48.49,385.56,9.09,6,0.15,6,9.09,8.54,51.22,1.06,7.63,,1 frame(s); median area 6.0 px; flags: none
N1357797554,T0200,1357797554-0192,0.2920,1,13,co-iss-n1357797554,1357797554,2001-01-10T05:46:22.208,756.42,318.42,17.42,4,0.00,4,17.42,14.94,59.74,1.17,1.00,,1 frame(s); median area 4.0 px; flags: none
N1357797554,T0199,1357797554-0189,0.2915,1,13,co-iss-n1357797554,1357797554,2001-01-10T05:46:22.208,791.09,315.40,17.33,4,0.00,4,17.33,13.96,55.85,1.24,3.60,,1 frame(s); median area 4.0 px; flags: none
N1357811330,T0380,1357811330-0272,0.2914,1,23,co-iss-n1357811330,1357811330,2001-01-10T09:35:58.112,445.72,419.70,21.49,3,0.00,3,21.49,17.05,51.14,1.26,1.73,,1 frame(s); median area 3.0 px; flags: none
N1357786358,T0116,1357786358-0161,0.2914,1,7,co-iss-n1357786358,1357786358,2001-01-10T02:39:46.285,730.70,228.34,8.98,6,0.00,6,8.98,8.74,52.43,1.03,2.67,,1 frame(s); median area 6.0 px; flags: none
N1357863027,T0421,1357863027-0191,0.2900,1,25,co-iss-n1357863027,1357863027,2001-01-10T23:57:34.754,332.67,292.16,8.75,6,0.00,6,8.75,8.71,52.25,1.00,2.64,,1 frame(s); median area 6.0 px; flags: none
N1357863027,T0424,1357863027-0226,0.2873,1,25,co-iss-n1357863027,1357863027,2001-01-10T23:57:34.754,277.45,330.66,8.31,6,0.15,6,8.31,8.06,48.39,1.03,6.81,,1 frame(s); median area 6.0 px; flags: none
N1357863027,T0411,1357863027-0018,0.2867,1,25,co-iss-n1357863027,1357863027,2001-01-10T23:57:34.754,484.93,25.07,12.36,5,0.00,5,12.36,11.55,57.73,1.07,2.62,,1 frame(s); median area 5.0 px; flags: none
N1357806498,T0297,1357806498-0261,0.2862,1,19,co-iss-n1357806498,1357806498,2001-01-10T08:15:26.146,241.67,379.17,8.12,6,0.00,6,8.12,8.12,48.74,1.00,2.91,,1 frame(s); median area 6.0 px; flags: none
N1357797554,T0212,1357797554-0303,0.2856,1,13,co-iss-n1357797554,1357797554,2001-01-10T05:46:22.208,222.18,474.83,16.34,4,0.00,4,16.34,12.47,49.89,1.31,1.63,,1 frame(s); median area 4.0 px; flags: none
N1357811330,T0369,1357811330-0146,0.2854,1,23,co-iss-n1357811330,1357811330,2001-01-10T09:35:58.112,708.32,218.32,20.49,3,0.00,3,20.49,19.02,57.07,1.08,1.73,,1 frame(s); median area 3.0 px; flags: none
N1357781886,T0056,1357781886-0060,0.2848,1,4,co-iss-n1357781886,1357781886,2001-01-10T01:25:14.316,973.51,84.22,12.05,5,0.00,5,12.05,11.13,55.67,1.08,2.62,,1 frame(s); median area 5.0 px; flags: none
N1357777414,T0015,1357777414-0047,0.2848,1,1,co-iss-n1357777414,1357777414,2001-01-10T00:10:42.347,387.40,89.20,12.05,5,0.00,5,12.05,12.05,60.23,1.00,1.73,,1 frame(s); median area 5.0 px; flags: none
N1357790830,T0154,1357790830-0088,0.2842,1,10,co-iss-n1357790830,1357790830,2001-01-10T03:54:18.254,99.19,141.44,11.96,5,0.00,5,11.96,10.80,54.01,1.11,1.73,,1 frame(s); median area 5.0 px; flags: none
N1357797554,T0182,1357797554-0045,0.2838,1,13,co-iss-n1357797554,1357797554,2001-01-10T05:46:22.208,609.82,65.52,20.21,3,0.00,3,20.21,12.99,38.97,1.56,1.73,,1 frame(s); median area 3.0 px; flags: none
N1357797554,T0210,1357797554-0287,0.2818,1,13,co-iss-n1357797554,1357797554,2001-01-10T05:46:22.208,723.49,444.51,15.71,4,0.00,4,15.71,15.44,61.74,1.02,1.00,,1 frame(s); median area 4.0 px; flags: none
N1357797554,T0213,1357797554-0309,0.2802,1,13,co-iss-n1357797554,1357797554,2001-01-10T05:46:22.208,302.57,486.14,15.44,4,0.00,4,15.44,13.55,54.21,1.14,2.62,,1 frame(s); median area 4.0 px; flags: none
N1357802026,T0253,1357802026-0054,0.2787,1,16,co-iss-n1357802026,1357802026,2001-01-10T07:00:54.177,482.73,175.22,11.04,5,0.00,5,11.04,10.11,50.54,1.09,2.62,,1 frame(s); median area 5.0 px; flags: none
N1357797554,T0217,1357797554-0336,0.2786,1,13,co-iss-n1357797554,1357797554,2001-01-10T05:46:22.208,292.41,520.19,11.02,5,0.00,5,11.02,9.99,49.93,1.10,5.83,,1 frame(s); median area 5.0 px; flags: none
N1357797554,T0222,1357797554-0358,0.2785,1,13,co-iss-n1357797554,1357797554,2001-01-10T05:46:22.208,931.41,566.59,15.17,4,0.00,4,15.17,10.54,42.15,1.44,5.83,,1 frame(s); median area 4.0 px; flags: none
N1357790830,T0158,1357790830-0121,0.2784,1,10,co-iss-n1357790830,1357790830,2001-01-10T03:54:18.254,112.07,196.84,10.98,5,0.00,5,10.98,9.09,45.45,1.21,5.83,,1 frame(s); median area 5.0 px; flags: none
N1357797554,T0193,1357797554-0153,0.2767,1,13,co-iss-n1357797554,1357797554,2001-01-10T05:46:22.208,444.84,245.42,19.04,3,0.00,3,19.04,15.16,45.49,1.26,1.73,,1 frame(s); median area 3.0 px; flags: none
N1357797554,T0218,1357797554-0338,0.2764,1,13,co-iss-n1357797554,1357797554,2001-01-10T05:46:22.208,305.46,529.46,14.81,4,0.00,4,14.81,13.63,54.50,1.09,1.00,,1 frame(s); median area 4.0 px; flags: none
N1357810580,T0323,1357810580-0008,0.2763,1,21,co-iss-n1357810580,1357810580,2001-01-10T09:23:28.118,15.71,12.86,10.64,5,0.00,5,10.64,9.91,49.57,1.07,2.89,,1 frame(s); median area 5.0 px; flags: none
N1357806858,T0301,1357806858-0104,0.2755,1,20,co-iss-n1357806858,1357806858,2001-01-10T08:21:26.143,383.11,111.70,14.67,4,0.00,4,14.67,11.06,44.26,1.33,3.60,,1 frame(s); median area 4.0 px; flags: none
N1357806108,T0262,1357806108-0042,0.2745,1,18,co-iss-n1357806108,1357806108,2001-01-10T08:08:56.148,224.22,65.41,10.33,5,0.00,5,10.33,10.17,50.83,1.02,1.73,,1 frame(s); median area 5.0 px; flags: none
N1357810580,T0328,1357810580-0041,0.2744,1,21,co-iss-n1357810580,1357810580,2001-01-10T09:23:28.118,1020.20,45.20,10.32,5,0.00,5,10.32,10.29,51.44,1.00,2.14,,1 frame(s); median area 5.0 px; flags: none
N1357797554,T0192,1357797554-0147,0.2740,1,13,co-iss-n1357797554,1357797554,2001-01-10T05:46:22.208,858.63,233.37,18.59,3,0.00,3,18.59,16.96,50.88,1.10,1.73,,1 frame(s); median area 3.0 px; flags: none
N1357781886,T0063,1357781886-0150,0.2737,1,4,co-iss-n1357781886,1357781886,2001-01-10T01:25:14.316,399.21,188.64,10.20,5,0.00,5,10.20,9.57,47.85,1.07,1.73,,1 frame(s); median area 5.0 px; flags: none
N1357777414,T0021,1357777414-0083,0.2736,1,1,co-iss-n1357777414,1357777414,2001-01-10T00:10:42.347,1014.18,152.43,10.18,5,0.00,5,10.18,9.34,46.72,1.09,1.73,,1 frame(s); median area 5.0 px; flags: none
N1357797554,T0186,1357797554-0104,0.2730,1,13,co-iss-n1357797554,1357797554,2001-01-10T05:46:22.208,646.24,152.48,18.42,3,0.00,3,18.42,12.90,38.70,1.43,1.73,,1 frame(s); median area 3.0 px; flags: none
N1357862637,T0400,1357862637-0083,0.2730,1,24,co-iss-n1357862637,1357862637,2001-01-10T23:51:04.757,39.40,119.00,10.08,5,0.15,5,10.08,10.04,50.21,1.00,6.31,,1 frame(s); median area 5.0 px; flags: none
N1357811330,T0382,1357811330-0287,0.2729,1,23,co-iss-n1357811330,1357811330,2001-01-10T09:35:58.112,340.71,445.42,14.24,4,0.15,4,14.24,12.39,49.54,1.15,6.17,,1 frame(s); median area 4.0 px; flags: none
N1357790440,T0138,1357790440-0012,0.2717,1,9,co-iss-n1357790440,1357790440,2001-01-10T03:47:48.257,517.40,18.60,9.87,5,0.00,5,9.87,9.81,49.03,1.01,3.40,,1 frame(s); median area 5.0 px; flags: none
N1357777024,T0007,1357777024-0029,0.2697,1,0,co-iss-n1357777024,1357777024,2001-01-10T00:04:12.350,867.60,50.80,9.53,5,0.00,5,9.53,9.53,47.63,1.00,1.73,,1 frame(s); median area 5.0 px; flags: none
N1357810970,T0357,1357810970-0158,0.2693,1,22,co-iss-n1357810970,1357810970,2001-01-10T09:29:58.115,519.18,232.44,9.47,5,0.00,5,9.47,9.18,45.89,1.03,4.39,,1 frame(s); median area 5.0 px; flags: none
N1357862637,T0397,1357862637-0057,0.2692,1,24,co-iss-n1357862637,1357862637,2001-01-10T23:51:04.757,933.03,83.97,9.44,5,0.00,5,9.44,8.82,44.10,1.07,1.00,,1 frame(s); median area 5.0 px; flags: none
N1357811330,T0386,1357811330-0322,0.2686,1,23,co-iss-n1357811330,1357811330,2001-01-10T09:35:58.112,707.58,509.64,13.51,4,0.00,4,13.51,9.40,37.58,1.44,1.82,,1 frame(s); median area 4.0 px; flags: none
N1357797554,T0178,1357797554-0020,0.2665,1,13,co-iss-n1357797554,1357797554,2001-01-10T05:46:22.208,706.68,35.34,17.33,3,0.00,3,17.33,16.89,50.66,1.03,1.73,,1 frame(s); median area 3.0 px; flags: none
N1357806108,T0276,1357806108-0101,0.2662,1,18,co-iss-n1357806108,1357806108,2001-01-10T08:08:56.148,948.20,146.60,8.95,5,0.00,5,8.95,8.92,44.58,1.00,1.73,,1 frame(s); median area 5.0 px; flags: none
N1357806108,T0285,1357806108-0167,0.2651,1,18,co-iss-n1357806108,1357806108,2001-01-10T08:08:56.148,65.20,211.40,8.77,5,0.00,5,8.77,8.77,43.85,1.00,4.39,,1 frame(s); median area 5.0 px; flags: none
N1357863027,T0414,1357863027-0041,0.2650,1,25,co-iss-n1357863027,1357863027,2001-01-10T23:57:34.754,203.50,52.50,12.91,4,0.00,4,12.91,12.91,51.65,1.00,1.00,,1 frame(s); median area 4.0 px; flags: none
N1357863027,T0419,1357863027-0158,0.2646,1,25,co-iss-n1357863027,1357863027,2001-01-10T23:57:34.754,903.21,246.82,8.69,5,0.00,5,8.69,8.20,41.00,1.06,2.89,,1 frame(s); median area 5.0 px; flags: none
N1357863027,T0410,1357863027-0017,0.2646,1,25,co-iss-n1357863027,1357863027,2001-01-10T23:57:34.754,219.18,25.45,12.86,4,0.00,4,12.86,10.56,42.22,1.22,4.47,,1 frame(s); median area 4.0 px; flags: none
N1357863027,T0423,1357863027-0224,0.2640,1,25,co-iss-n1357863027,1357863027,2001-01-10T23:57:34.754,941.39,320.79,8.58,5,0.00,5,8.58,8.36,41.81,1.03,1.73,,1 frame(s); median area 5.0 px; flags: none
N1357806858,T0304,1357806858-0164,0.2635,1,20,co-iss-n1357806858,1357806858,2001-01-10T08:21:26.143,109.23,214.24,16.84,3,0.00,3,16.84,10.54,31.63,1.60,1.73,,1 frame(s); median area 3.0 px; flags: none
N1357786358,T0099,1357786358-0039,0.2630,1,7,co-iss-n1357786358,1357786358,2001-01-10T02:39:46.285,408.42,49.05,12.58,4,0.00,4,12.58,10.74,42.96,1.17,2.62,,1 frame(s); median area 4.0 px; flags: none
N1357786358,T0101,1357786358-0062,0.2630,1,7,co-iss-n1357786358,1357786358,2001-01-10T02:39:46.285,136.74,84.40,12.58,4,0.00,4,12.58,10.98,43.93,1.15,4.47,,1 frame(s); median area 4.0 px; flags: none
N1357797554,T0201,1357797554-0220,0.2621,1,13,co-iss-n1357797554,1357797554,2001-01-10T05:46:22.208,287.74,351.59,16.60,3,0.00,3,16.60,13.64,40.93,1.22,1.73,,1 frame(s); median area 3.0 px; flags: none
N1357791190,T0172,1357791190-0071,0.2618,1,11,co-iss-n1357791190,1357791190,2001-01-10T04:00:18.252,604.20,123.80,8.22,5,0.00,5,8.22,8.21,41.06,1.00,2.89,,1 frame(s); median area 5.0 px; flags: none
N1357863027,T0412,1357863027-0024,0.2610,1,25,co-iss-n1357863027,1357863027,2001-01-10T23:57:34.754,571.08,31.55,12.25,4,0.00,4,12.25,11.24,44.96,1.09,2.62,,1 frame(s); median area 4.0 px; flags: none
N1357810970,T0354,1357810970-0034,0.2592,1,22,co-iss-n1357810970,1357810970,2001-01-10T09:29:58.115,622.94,48.24,11.95,4,0.00,4,11.95,9.76,39.02,1.23,3.60,,1 frame(s); median area 4.0 px; flags: none
N1357802026,T0252,1357802026-0021,0.2588,1,16,co-iss-n1357802026,1357802026,2001-01-10T07:00:54.177,333.77,59.12,11.88,4,0.00,4,11.88,9.98,39.91,1.19,1.63,,1 frame(s); median area 4.0 px; flags: none
N1357797554,T0216,1357797554-0333,0.2584,1,13,co-iss-n1357797554,1357797554,2001-01-10T05:46:22.208,149.64,518.28,15.98,3,0.00,3,15.98,14.72,44.17,1.09,1.73,,1 frame(s); median area 3.0 px; flags: none
N1357797554,T0207,1357797554-0266,0.2573,1,13,co-iss-n1357797554,1357797554,2001-01-10T05:46:22.208,616.46,410.29,15.80,3,0.00,3,15.80,11.54,34.62,1.37,1.73,,1 frame(s); median area 3.0 px; flags: none
N1357790830,T0155,1357790830-0101,0.2570,1,10,co-iss-n1357790830,1357790830,2001-01-10T03:54:18.254,112.00,160.17,11.58,4,0.00,4,11.58,10.45,41.80,1.11,3.60,,1 frame(s); median area 4.0 px; flags: none
N1357797554,T0221,1357797554-0354,0.2568,1,13,co-iss-n1357797554,1357797554,2001-01-10T05:46:22.208,957.79,560.59,15.71,3,0.00,3,15.71,12.72,38.16,1.24,1.73,,1 frame(s); median area 3.0 px; flags: none
N1357811330,T0373,1357811330-0184,0.2558,1,23,co-iss-n1357811330,1357811330,2001-01-10T09:35:58.112,634.82,279.22,11.38,4,0.00,4,11.38,9.62,38.48,1.18,2.45,,1 frame(s); median area 4.0 px; flags: none
N1357797554,T0214,1357797554-0315,0.2541,1,13,co-iss-n1357797554,1357797554,2001-01-10T05:46:22.208,656.75,492.51,11.10,4,0.15,4,11.10,10.06,40.24,1.10,6.17,,1 frame(s); median area 4.0 px; flags: none
N1357790830,T0159,1357790830-0131,0.2540,1,10,co-iss-n1357790830,1357790830,2001-01-10T03:54:18.254,62.50,214.50,11.09,4,0.00,4,11.09,11.09,44.36,1.00,1.00,,1 frame(s); median area 4.0 px; flags: none
N1357811330,T0392,1357811330-0383,0.2536,1,23,co-iss-n1357811330,1357811330,2001-01-10T09:35:58.112,853.31,582.92,15.18,3,0.00,3,15.18,12.88,38.65,1.18,4.39,,1 frame(s); median area 3.0 px; flags: none
N1357786358,T0100,1357786358-0052,0.2535,1,7,co-iss-n1357786358,1357786358,2001-01-10T02:39:46.285,863.48,64.48,11.00,4,0.00,4,11.00,10.49,41.96,1.05,1.00,,1 frame(s); median area 4.0 px; flags: none
N1357802026,T0255,1357802026-0121,0.2522,1,16,co-iss-n1357802026,1357802026,2001-01-10T07:00:54.177,906.47,404.53,10.78,4,0.00,4,10.78,10.16,40.64,1.06,5.83,,1 frame(s); median area 4.0 px; flags: none
N1357802026,T0259,1357802026-0150,0.2518,1,16,co-iss-n1357802026,1357802026,2001-01-10T07:00:54.177,220.25,569.25,10.72,4,0.00,4,10.72,10.72,42.87,1.00,2.45,,1 frame(s); median area 4.0 px; flags: none
N1357782246,T0078,1357782246-0026,0.2517,1,5,co-iss-n1357782246,1357782246,2001-01-10T01:31:14.314,220.09,38.55,10.70,4,0.00,4,10.70,9.81,39.25,1.09,2.62,,1 frame(s); median area 4.0 px; flags: none
N1357781886,T0068,1357781886-0170,0.2513,1,4,co-iss-n1357781886,1357781886,2001-01-10T01:25:14.316,989.49,206.49,10.64,4,0.00,4,10.64,10.35,41.40,1.03,1.00,,1 frame(s); median area 4.0 px; flags: none
N1357797914,T0225,1357797914-0048,0.2510,1,14,co-iss-n1357797914,1357797914,2001-01-10T05:52:22.205,125.49,78.48,10.58,4,0.00,4,10.58,10.10,40.41,1.05,1.00,,1 frame(s); median area 4.0 px; flags: none
N1357777414,T0022,1357777414-0091,0.2506,1,1,co-iss-n1357777414,1357777414,2001-01-10T00:10:42.347,465.49,172.49,10.51,4,0.00,4,10.51,10.36,41.45,1.01,1.00,,1 frame(s); median area 4.0 px; flags: none
N1357810580,T0327,1357810580-0029,0.2505,1,21,co-iss-n1357810580,1357810580,2001-01-10T09:23:28.118,1004.50,33.00,10.51,4,0.15,4,10.51,10.47,41.87,1.00,6.85,,1 frame(s); median area 4.0 px; flags: none
N1357810580,T0325,1357810580-0019,0.2500,1,21,co-iss-n1357810580,1357810580,2001-01-10T09:23:28.118,992.55,23.78,10.41,4,0.15,4,10.41,10.05,40.21,1.04,6.17,,1 frame(s); median area 4.0 px; flags: none
